{
  "type": "FeatureCollection",
  "name": "泛亚铁路中线",
  "features": [
    {
      "type": "Feature",
      "properties": {},
      "geometry": {
        "type": "MultiPolygon",
        "coordinates": [
          [
            [
              [100.447977681, 13.81882113, 0.0],
              [100.455054985, 13.821651486, 0.0],
              [100.462103513, 13.825282332, 0.0],
              [100.464692295, 13.826523162, 0.0],
              [100.474692295, 13.830967884, 0.0],
              [100.490842276, 13.835104588, 0.0],
              [100.495841998, 13.83552181, 0.0],
              [100.504184358, 13.836216452, 0.0],
              [100.508529528, 13.835996901, 0.0],
              [100.509876185, 13.83785658, 0.0],
              [100.514105138, 13.844099819, 0.0],
              [100.517493514, 13.850123745, 0.0],
              [100.521391287, 13.857918195, 0.0],
              [100.522872196, 13.860662213, 0.0],
              [100.526481446, 13.866878001, 0.0],
              [100.529529126, 13.873788119, 0.0],
              [100.532284485, 13.879138049, 0.0],
              [100.537263268, 13.887523368, 0.0],
              [100.541976428, 13.895902377, 0.0],
              [100.542318449, 13.89650073, 0.0],
              [100.546824386, 13.904259091, 0.0],
              [100.551362854, 13.912834191, 0.0],
              [100.554596676, 13.918122791, 0.0],
              [100.560430842, 13.926455291, 0.0],
              [100.563222882, 13.929997431, 0.0],
              [100.562657133, 13.933956542, 0.0],
              [100.560176184, 13.946111481, 0.0],
              [100.55953644, 13.950036645, 0.0],
              [100.557922941, 13.963219874, 0.0],
              [100.556744039, 13.971645512, 0.0],
              [100.55604884, 13.976605272, 0.0],
              [100.555343801, 13.981539722, 0.0],
              [100.554113659, 13.990152943, 0.0],
              [100.554074777, 13.990430753, 0.0],
              [100.553709168, 13.993097478, 0.0],
              [100.553679598, 13.993308041, 0.0],
              [100.552272564, 14.003557307, 0.0],
              [100.549957497, 14.016421136, 0.0],
              [100.549669126, 14.018208558, 0.0],
              [100.547725278, 14.031820221, 0.0],
              [100.545781995, 14.045426811, 0.0],
              [100.54383645, 14.059033684, 0.0],
              [100.541891525, 14.072654266, 0.0],
              [100.54176011, 14.073645285, 0.0],
              [100.54032329, 14.085379557, 0.0],
              [100.537915661, 14.097414331, 0.0],
              [100.537446551, 14.1001527, 0.0],
              [100.535502384, 14.113763811, 0.0],
              [100.535371779, 14.114747866, 0.0],
              [100.535197334, 14.116170366, 0.0],
              [100.533997441, 14.125971941, 0.0],
              [100.533765003, 14.127871506, 0.0],
              [100.531891576, 14.140983356, 0.0],
              [100.531835856, 14.141384955, 0.0],
              [100.529918238, 14.155630115, 0.0],
              [100.528303233, 14.166938613, 0.0],
              [100.526281122, 14.175700644, 0.0],
              [100.525158739, 14.190918252, 0.0],
              [100.528678331, 14.205765737, 0.0],
              [100.532290275, 14.214655181, 0.0],
              [100.533369484, 14.217119041, 0.0],
              [100.535796985, 14.222278789, 0.0],
              [100.537398334, 14.228526084, 0.0],
              [100.539070279, 14.233811244, 0.0],
              [100.54197894, 14.241495675, 0.0],
              [100.543705705, 14.248228884, 0.0],
              [100.545115838, 14.255457623, 0.0],
              [100.545750953, 14.263242426, 0.0],
              [100.54537004, 14.272598366, 0.0],
              [100.544417831, 14.283293962, 0.0],
              [100.543098109, 14.294911896, 0.0],
              [100.542823947, 14.29842654, 0.0],
              [100.542318739, 14.310282156, 0.0],
              [100.541316469, 14.32130662, 0.0],
              [100.541121562, 14.326855867, 0.0],
              [100.541399896, 14.340466701, 0.0],
              [100.542314739, 14.349019063, 0.0],
              [100.544536961, 14.360409063, 0.0],
              [100.548894665, 14.373203837, 0.0],
              [100.551172132, 14.377756554, 0.0],
              [100.55332988, 14.382074268, 0.0],
              [100.564032995, 14.396362189, 0.0],
              [100.566790773, 14.398923023, 0.0],
              [100.568345524, 14.40036674, 0.0],
              [100.57074044, 14.402590892, 0.0],
              [100.576121536, 14.408206183, 0.0],
              [100.58133369, 14.41293002, 0.0],
              [100.589112023, 14.419040575, 0.0],
              [100.597101622, 14.424170668, 0.0],
              [100.604620588, 14.428044192, 0.0],
              [100.611651484, 14.432352946, 0.0],
              [100.620262735, 14.437630576, 0.0],
              [100.625038715, 14.440211974, 0.0],
              [100.632244725, 14.443615002, 0.0],
              [100.636855703, 14.44653558, 0.0],
              [100.641385056, 14.449750299, 0.0],
              [100.644412277, 14.451896961, 0.0],
              [100.651514213, 14.456098359, 0.0],
              [100.660679768, 14.460543915, 0.0],
              [100.663268776, 14.461710045, 0.0],
              [100.673268498, 14.465876712, 0.0],
              [100.673937507, 14.466149817, 0.0],
              [100.681947287, 14.469352265, 0.0],
              [100.682132758, 14.47255589, 0.0],
              [100.687037787, 14.486112329, 0.0],
              [100.695606831, 14.497705768, 0.0],
              [100.707127507, 14.506372392, 0.0],
              [100.71241663, 14.508336776, 0.0],
              [100.713443695, 14.508986792, 0.0],
              [100.715900775, 14.510460941, 0.0],
              [100.71816692, 14.512079131, 0.0],
              [100.719409927, 14.512938663, 0.0],
              [100.719716594, 14.513143941, 0.0],
              [100.719795403, 14.513196586, 0.0],
              [100.723655126, 14.515769642, 0.0],
              [100.725659612, 14.517038286, 0.0],
              [100.728807516, 14.518927532, 0.0],
              [100.73198749, 14.521047515, 0.0],
              [100.736157997, 14.523827297, 0.0],
              [100.7403589, 14.526339413, 0.0],
              [100.742355982, 14.527404574, 0.0],
              [100.744489453, 14.528826508, 0.0],
              [100.748653517, 14.531602644, 0.0],
              [100.750664799, 14.532875454, 0.0],
              [100.753812809, 14.534764218, 0.0],
              [100.756989688, 14.536881572, 0.0],
              [100.761152877, 14.539657217, 0.0],
              [100.765347188, 14.542166498, 0.0],
              [100.765522993, 14.542260325, 0.0],
              [100.766798888, 14.543224517, 0.0],
              [100.769214917, 14.544940243, 0.0],
              [100.773382417, 14.547717743, 0.0],
              [100.777588056, 14.550232129, 0.0],
              [100.77958268, 14.551295592, 0.0],
              [100.781700196, 14.552707928, 0.0],
              [100.785885895, 14.555497098, 0.0],
              [100.787875807, 14.556756446, 0.0],
              [100.791029595, 14.558649854, 0.0],
              [100.794214555, 14.560772595, 0.0],
              [100.7983815, 14.563549817, 0.0],
              [100.811625126, 14.569799382, 0.0],
              [100.826111389, 14.571943889, 0.0],
              [100.830273056, 14.571943889, 0.0],
              [100.834434722, 14.571944721, 0.0],
              [100.838613612, 14.571944444, 0.0],
              [100.845223224, 14.571505205, 0.0],
              [100.846097338, 14.571388571, 0.0],
              [100.846663651, 14.571388611, 0.0],
              [100.850837222, 14.571388333, 0.0],
              [100.854154319, 14.571277959, 0.0],
              [100.856662881, 14.571111, 0.0],
              [100.859169999, 14.571110833, 0.0],
              [100.862485554, 14.571000562, 0.0],
              [100.866652776, 14.570723339, 0.0],
              [100.869164537, 14.570555667, 0.0],
              [100.871663334, 14.570555833, 0.0],
              [100.875841941, 14.570555277, 0.0],
              [100.879388765, 14.570428845, 0.0],
              [100.88316549, 14.570159754, 0.0],
              [100.885561689, 14.569999666, 0.0],
              [100.888056664, 14.569999168, 0.0],
              [100.892212498, 14.569999999, 0.0],
              [100.89554558, 14.569889449, 0.0],
              [100.898058649, 14.569722056, 0.0],
              [100.900556946, 14.56972139, 0.0],
              [100.904713615, 14.569722221, 0.0],
              [100.905102327, 14.569696461, 0.0],
              [100.908367502, 14.571874188, 0.0],
              [100.910738264, 14.573454697, 0.0],
              [100.913211716, 14.575433393, 0.0],
              [100.916709543, 14.577991106, 0.0],
              [100.920875099, 14.580768328, 0.0],
              [100.924109466, 14.582924572, 0.0],
              [100.9273703, 14.585316489, 0.0],
              [100.92921756, 14.586608486, 0.0],
              [100.93337849, 14.589381145, 0.0],
              [100.936606649, 14.591533969, 0.0],
              [100.93920996, 14.59344341, 0.0],
              [100.942453756, 14.595990684, 0.0],
              [100.945597877, 14.59826805, 0.0],
              [100.948832659, 14.600424716, 0.0],
              [100.952094009, 14.602816894, 0.0],
              [100.953927539, 14.604099677, 0.0],
              [100.958094206, 14.60687801, 0.0],
              [100.96133611, 14.609038418, 0.0],
              [100.964594172, 14.611428199, 0.0],
              [100.966431017, 14.612713199, 0.0],
              [100.970597961, 14.615491255, 0.0],
              [100.972267835, 14.616603765, 0.0],
              [100.972269814, 14.616605637, 0.0],
              [100.972960859, 14.617066232, 0.0],
              [100.975430566, 14.619042195, 0.0],
              [100.978929652, 14.621601085, 0.0],
              [100.983095763, 14.624378863, 0.0],
              [100.985731548, 14.626135294, 0.0],
              [100.987492416, 14.627576965, 0.0],
              [100.991430655, 14.630491106, 0.0],
              [100.995597043, 14.633268883, 0.0],
              [100.997614851, 14.634545651, 0.0],
              [100.998894267, 14.635313045, 0.0],
              [101.000431914, 14.636543163, 0.0],
              [101.002604207, 14.638186003, 0.0],
              [101.006493374, 14.640964059, 0.0],
              [101.007813143, 14.641875171, 0.0],
              [101.011055127, 14.644037358, 0.0],
              [101.014326766, 14.646435804, 0.0],
              [101.018497296, 14.649492748, 0.0],
              [101.02031114, 14.65076152, 0.0],
              [101.023551592, 14.652922974, 0.0],
              [101.026820983, 14.655320528, 0.0],
              [101.028649676, 14.656599805, 0.0],
              [101.032815788, 14.659377861, 0.0],
              [101.036057463, 14.661538044, 0.0],
              [101.039314368, 14.663927194, 0.0],
              [101.041161922, 14.66521945, 0.0],
              [101.044390737, 14.66737106, 0.0],
              [101.047648698, 14.669760999, 0.0],
              [101.051817236, 14.67281839, 0.0],
              [101.053662282, 14.674108763, 0.0],
              [101.057824492, 14.676882276, 0.0],
              [101.061053237, 14.679035203, 0.0],
              [101.06431868, 14.681430079, 0.0],
              [101.066156802, 14.682715759, 0.0],
              [101.070323746, 14.685493259, 0.0],
              [101.072683514, 14.687065914, 0.0],
              [101.075150089, 14.689039535, 0.0],
              [101.078652044, 14.691600551, 0.0],
              [101.082817219, 14.694377519, 0.0],
              [101.086979894, 14.697153653, 0.0],
              [101.087062083, 14.697030415, 0.0],
              [101.091215125, 14.700185068, 0.0],
              [101.103693667, 14.705169943, 0.0],
              [101.107025056, 14.706003832, 0.0],
              [101.110371791, 14.706840102, 0.0],
              [101.113697714, 14.707672206, 0.0],
              [101.118245329, 14.708588133, 0.0],
              [101.121858385, 14.709142855, 0.0],
              [101.122369597, 14.709218641, 0.0],
              [101.126257375, 14.709774474, 0.0],
              [101.129499357, 14.710130525, 0.0],
              [101.133110746, 14.710408302, 0.0],
              [101.136945278, 14.710555556, 0.0],
              [101.13944347, 14.710555556, 0.0],
              [101.141944541, 14.710722661, 0.0],
              [101.145273932, 14.710833889, 0.0],
              [101.148885321, 14.710834167, 0.0],
              [101.152476583, 14.710705305, 0.0],
              [101.154565476, 14.710555043, 0.0],
              [101.15692722, 14.710555831, 0.0],
              [101.164546748, 14.709974418, 0.0],
              [101.168157859, 14.709418863, 0.0],
              [101.172679879, 14.708507878, 0.0],
              [101.176013768, 14.707674545, 0.0],
              [101.179347657, 14.706841212, 0.0],
              [101.179287436, 14.706600288, 0.0],
              [101.192910591, 14.702779042, 0.0],
              [101.193114232, 14.702677252, 0.0],
              [101.193464722, 14.702549897, 0.0],
              [101.194968023, 14.701976105, 0.0],
              [101.197746911, 14.700863882, 0.0],
              [101.200943975, 14.699427331, 0.0],
              [101.201075215, 14.699383628, 0.0],
              [101.203514033, 14.698438026, 0.0],
              [101.206570274, 14.69767403, 0.0],
              [101.209907016, 14.696839705, 0.0],
              [101.2144114, 14.695347404, 0.0],
              [101.216479764, 14.694918857, 0.0],
              [101.216756431, 14.694850245, 0.0],
              [101.216851281, 14.694826625, 0.0],
              [101.217175906, 14.694745447, 0.0],
              [101.218550249, 14.694562268, 0.0],
              [101.220901703, 14.694191688, 0.0],
              [101.223957258, 14.693635299, 0.0],
              [101.22649629, 14.693087799, 0.0],
              [101.228274604, 14.69289515, 0.0],
              [101.231053863, 14.692524644, 0.0],
              [101.231370414, 14.692500345, 0.0],
              [101.233613333, 14.692499448, 0.0],
              [101.236745066, 14.692500492, 0.0],
              [101.237081871, 14.692605998, 0.0],
              [101.240255069, 14.693338838, 0.0],
              [101.243151552, 14.694062958, 0.0],
              [101.251133621, 14.695383751, 0.0],
              [101.252729185, 14.695516471, 0.0],
              [101.254309343, 14.695759637, 0.0],
              [101.255359651, 14.695934733, 0.0],
              [101.25675081, 14.696282841, 0.0],
              [101.261296338, 14.697198631, 0.0],
              [101.264907449, 14.697753353, 0.0],
              [101.268944155, 14.698206514, 0.0],
              [101.26934768, 14.698235278, 0.0],
              [101.274761081, 14.699114057, 0.0],
              [101.276183652, 14.699444369, 0.0],
              [101.277143206, 14.69965014, 0.0],
              [101.282832324, 14.701383741, 0.0],
              [101.284772378, 14.701800486, 0.0],
              [101.285638644, 14.702060236, 0.0],
              [101.287881223, 14.702676209, 0.0],
              [101.291214834, 14.703508986, 0.0],
              [101.29472159, 14.704238271, 0.0],
              [101.295419444, 14.704491944, 0.0],
              [101.300364821, 14.706005025, 0.0],
              [101.30369871, 14.706839191, 0.0],
              [101.304523595, 14.707045312, 0.0],
              [101.305135543, 14.707267823, 0.0],
              [101.309068022, 14.708516576, 0.0],
              [101.312124134, 14.709349909, 0.0],
              [101.31315385, 14.709618949, 0.0],
              [101.314927657, 14.71006229, 0.0],
              [101.31548409, 14.710317097, 0.0],
              [101.318815757, 14.711705986, 0.0],
              [101.324723557, 14.713451149, 0.0],
              [101.326639793, 14.714302667, 0.0],
              [101.334811402, 14.717116532, 0.0],
              [101.334855126, 14.717127468, 0.0],
              [101.337277438, 14.718095621, 0.0],
              [101.338741524, 14.718654341, 0.0],
              [101.341795968, 14.719765452, 0.0],
              [101.346756124, 14.721283476, 0.0],
              [101.350090013, 14.722117365, 0.0],
              [101.3522971, 14.722668269, 0.0],
              [101.353939181, 14.723161863, 0.0],
              [101.356219984, 14.723789022, 0.0],
              [101.356555122, 14.723872702, 0.0],
              [101.357020703, 14.724419477, 0.0],
              [101.357557198, 14.725224576, 0.0],
              [101.359223156, 14.727724901, 0.0],
              [101.360849585, 14.730022953, 0.0],
              [101.361669473, 14.731114862, 0.0],
              [101.362552221, 14.732440161, 0.0],
              [101.364164911, 14.734720623, 0.0],
              [101.364264766, 14.734853773, 0.0],
              [101.365170945, 14.736486493, 0.0],
              [101.367289219, 14.739961777, 0.0],
              [101.368189003, 14.741311153, 0.0],
              [101.371668189, 14.7475024, 0.0],
              [101.371788004, 14.747662134, 0.0],
              [101.372128381, 14.748229276, 0.0],
              [101.372858356, 14.749382568, 0.0],
              [101.374443796, 14.752912657, 0.0],
              [101.375832407, 14.755690435, 0.0],
              [101.378947352, 14.761059808, 0.0],
              [101.380613463, 14.763560086, 0.0],
              [101.382233068, 14.765848807, 0.0],
              [101.383066648, 14.766959367, 0.0],
              [101.38395344, 14.768288669, 0.0],
              [101.385610312, 14.77077591, 0.0],
              [101.387223978, 14.773057434, 0.0],
              [101.38805857, 14.77417013, 0.0],
              [101.388956718, 14.775517054, 0.0],
              [101.390541988, 14.777758567, 0.0],
              [101.391383956, 14.778882315, 0.0],
              [101.392289929, 14.780240897, 0.0],
              [101.400964325, 14.790129973, 0.0],
              [101.401802157, 14.79086305, 0.0],
              [101.402913824, 14.792113225, 0.0],
              [101.407723585, 14.796838147, 0.0],
              [101.409667752, 14.798505925, 0.0],
              [101.417936229, 14.804261684, 0.0],
              [101.418679459, 14.804674681, 0.0],
              [101.41949229, 14.805215996, 0.0],
              [101.421976268, 14.806872901, 0.0],
              [101.425437736, 14.808984218, 0.0],
              [101.427937458, 14.810373107, 0.0],
              [101.429855621, 14.811385065, 0.0],
              [101.432633677, 14.81277451, 0.0],
              [101.433801296, 14.813331531, 0.0],
              [101.434389877, 14.813743414, 0.0],
              [101.436702435, 14.815051109, 0.0],
              [101.438595331, 14.817475633, 0.0],
              [101.43951243, 14.818850899, 0.0],
              [101.445763624, 14.826473467, 0.0],
              [101.44770918, 14.828418189, 0.0],
              [101.450109737, 14.830664871, 0.0],
              [101.451098439, 14.831531006, 0.0],
              [101.451885397, 14.832317178, 0.0],
              [101.454301156, 14.834575916, 0.0],
              [101.456522823, 14.836519527, 0.0],
              [101.458742228, 14.838351138, 0.0],
              [101.46029985, 14.839562969, 0.0],
              [101.461337432, 14.840452875, 0.0],
              [101.466162133, 14.844108201, 0.0],
              [101.467134585, 14.844756215, 0.0],
              [101.468183407, 14.845572302, 0.0],
              [101.473187106, 14.848570803, 0.0],
              [101.473610033, 14.848888011, 0.0],
              [101.474938816, 14.849850977, 0.0],
              [101.477717149, 14.851795699, 0.0],
              [101.48606811, 14.856517627, 0.0],
              [101.486547909, 14.856731048, 0.0],
              [101.486820664, 14.856882501, 0.0],
              [101.487347602, 14.858032994, 0.0],
              [101.490002929, 14.865419257, 0.0],
              [101.490458651, 14.866330517, 0.0],
              [101.490794547, 14.867170762, 0.0],
              [101.493686001, 14.873000446, 0.0],
              [101.494406853, 14.875505418, 0.0],
              [101.495517409, 14.878283196, 0.0],
              [101.500340508, 14.887454544, 0.0],
              [101.50134708, 14.88896457, 0.0],
              [101.502400483, 14.890720651, 0.0],
              [101.503677397, 14.892738489, 0.0],
              [101.505343786, 14.895237655, 0.0],
              [101.506944767, 14.897500244, 0.0],
              [101.508611711, 14.899722744, 0.0],
              [101.520893167, 14.911335831, 0.0],
              [101.523383888, 14.912994837, 0.0],
              [101.525873502, 14.914654948, 0.0],
              [101.536504345, 14.920037206, 0.0],
              [101.539557123, 14.921148872, 0.0],
              [101.552832489, 14.924019804, 0.0],
              [101.556445267, 14.924297582, 0.0],
              [101.560278333, 14.924444722, 0.0],
              [101.564444722, 14.924444722, 0.0],
              [101.576571503, 14.922951847, 0.0],
              [101.579904837, 14.922118514, 0.0],
              [101.586353192, 14.920032982, 0.0],
              [101.589130692, 14.918921593, 0.0],
              [101.591251623, 14.918015632, 0.0],
              [101.593247162, 14.917108256, 0.0],
              [101.594217488, 14.916720553, 0.0],
              [101.596540515, 14.915875316, 0.0],
              [101.599593289, 14.914562023, 0.0],
              [101.599821547, 14.914619068, 0.0],
              [101.600599037, 14.914813392, 0.0],
              [101.602531938, 14.915586978, 0.0],
              [101.6077058, 14.917260958, 0.0],
              [101.611036912, 14.9186498, 0.0],
              [101.613191932, 14.919490323, 0.0],
              [101.616246932, 14.920601157, 0.0],
              [101.62121103, 14.922119425, 0.0],
              [101.621359078, 14.922156421, 0.0],
              [101.623631315, 14.92298877, 0.0],
              [101.626965204, 14.924100159, 0.0],
              [101.628403353, 14.924555593, 0.0],
              [101.631180575, 14.925389204, 0.0],
              [101.633428219, 14.926007125, 0.0],
              [101.636763774, 14.926841014, 0.0],
              [101.640112572, 14.92767696, 0.0],
              [101.643980955, 14.928481694, 0.0],
              [101.645363843, 14.92871279, 0.0],
              [101.646769442, 14.92906375, 0.0],
              [101.650097503, 14.929895696, 0.0],
              [101.656656809, 14.930941981, 0.0],
              [101.656964648, 14.931044603, 0.0],
              [101.661527681, 14.932328877, 0.0],
              [101.663568809, 14.932800197, 0.0],
              [101.664801308, 14.933169897, 0.0],
              [101.670538899, 14.93425724, 0.0],
              [101.672685257, 14.93490668, 0.0],
              [101.675739423, 14.93573918, 0.0],
              [101.681286894, 14.936917927, 0.0],
              [101.684587465, 14.937425629, 0.0],
              [101.687610607, 14.937929696, 0.0],
              [101.688759851, 14.938107606, 0.0],
              [101.692383825, 14.938625538, 0.0],
              [101.692919555, 14.938707971, 0.0],
              [101.693231905, 14.938793165, 0.0],
              [101.698779746, 14.939972896, 0.0],
              [101.702086041, 14.940481987, 0.0],
              [101.703591979, 14.940732955, 0.0],
              [101.705259574, 14.941117913, 0.0],
              [101.708154525, 14.94184141, 0.0],
              [101.714637689, 14.942875523, 0.0],
              [101.719862269, 14.944495014, 0.0],
              [101.722385807, 14.944856111, 0.0],
              [101.723812181, 14.945141186, 0.0],
              [101.729780669, 14.945963873, 0.0],
              [101.733392058, 14.946241373, 0.0],
              [101.733659666, 14.946261214, 0.0],
              [101.735517307, 14.946393931, 0.0],
              [101.73711707, 14.946640134, 0.0],
              [101.741159641, 14.947094843, 0.0],
              [101.744908738, 14.947362674, 0.0],
              [101.746993406, 14.947523305, 0.0],
              [101.749778693, 14.947894775, 0.0],
              [101.753069063, 14.948223295, 0.0],
              [101.756815389, 14.948472568, 0.0],
              [101.757692887, 14.948545814, 0.0],
              [101.759008939, 14.948764973, 0.0],
              [101.763382998, 14.949296552, 0.0],
              [101.766993553, 14.949574608, 0.0],
              [101.767507269, 14.94961151, 0.0],
              [101.769204772, 14.949724661, 0.0],
              [101.770096444, 14.949873583, 0.0],
              [101.774201743, 14.950385697, 0.0],
              [101.777535354, 14.950662086, 0.0],
              [101.77809824, 14.950705556, 0.0],
              [101.779833212, 14.950829695, 0.0],
              [101.788889167, 14.951944444, 0.0],
              [101.791270414, 14.951944444, 0.0],
              [101.793380648, 14.952095272, 0.0],
              [101.796941944, 14.9522225, 0.0],
              [101.801107777, 14.952222778, 0.0],
              [101.804672957, 14.952095749, 0.0],
              [101.808562402, 14.951817971, 0.0],
              [101.824243343, 14.948093837, 0.0],
              [101.824490766, 14.947990668, 0.0],
              [101.825212851, 14.947836129, 0.0],
              [101.825488862, 14.947776925, 0.0],
              [101.831127804, 14.946056862, 0.0],
              [101.832964979, 14.946515964, 0.0],
              [101.834732844, 14.947060122, 0.0],
              [101.836680152, 14.947709585, 0.0],
              [101.839356187, 14.948519685, 0.0],
              [101.842412854, 14.949352463, 0.0],
              [101.843419818, 14.949615579, 0.0],
              [101.844892114, 14.94998396, 0.0],
              [101.846405813, 14.950488695, 0.0],
              [101.854001995, 14.952375807, 0.0],
              [101.854276187, 14.952421506, 0.0],
              [101.856215112, 14.952954264, 0.0],
              [101.857677803, 14.953319663, 0.0],
              [101.858880353, 14.953720713, 0.0],
              [101.862253947, 14.955308281, 0.0],
              [101.864160288, 14.956071313, 0.0],
              [101.865803632, 14.956801689, 0.0],
              [101.869035062, 14.958105021, 0.0],
              [101.87100006, 14.958819013, 0.0],
              [101.873261311, 14.959761657, 0.0],
              [101.873942474, 14.960039747, 0.0],
              [101.876720252, 14.961150025, 0.0],
              [101.882111891, 14.962956847, 0.0],
              [101.882411967, 14.963038753, 0.0],
              [101.882536496, 14.963088579, 0.0],
              [101.885304188, 14.964102412, 0.0],
              [101.888637799, 14.965213246, 0.0],
              [101.891294881, 14.966017411, 0.0],
              [101.893003439, 14.966483141, 0.0],
              [101.895010993, 14.967152828, 0.0],
              [101.898709127, 14.96823006, 0.0],
              [101.902043294, 14.969063394, 0.0],
              [101.910006357, 14.970382127, 0.0],
              [101.911612638, 14.970516262, 0.0],
              [101.913510545, 14.970808147, 0.0],
              [101.917788194, 14.971278645, 0.0],
              [101.921833085, 14.971548035, 0.0],
              [101.925599961, 14.971817386, 0.0],
              [101.929169682, 14.971944722, 0.0],
              [101.931273619, 14.971944572, 0.0],
              [101.933381814, 14.972095157, 0.0],
              [101.936940321, 14.972222222, 0.0],
              [101.94055171, 14.9722225, 0.0],
              [101.944719167, 14.972222223, 0.0],
              [101.946973785, 14.972222673, 0.0],
              [101.947042063, 14.972227899, 0.0],
              [101.949299506, 14.972551244, 0.0],
              [101.952561689, 14.972909699, 0.0],
              [101.954660285, 14.973070806, 0.0],
              [101.955972686, 14.973440139, 0.0],
              [101.958147199, 14.973942284, 0.0],
              [101.959566701, 14.974484025, 0.0],
              [101.959928595, 14.974615751, 0.0],
              [101.960144687, 14.974723765, 0.0],
              [101.961811412, 14.975518755, 0.0],
              [101.964867245, 14.976907643, 0.0],
              [101.96973812, 14.978820667, 0.0],
              [101.970846333, 14.979190236, 0.0],
              [101.972261921, 14.979756527, 0.0],
              [101.980353502, 14.98222279, 0.0],
              [101.982274867, 14.982634638, 0.0],
              [101.983122937, 14.982889246, 0.0],
              [101.985375756, 14.983508593, 0.0],
              [101.985523115, 14.983545425, 0.0],
              [101.987809561, 14.984382721, 0.0],
              [101.991143727, 14.985493276, 0.0],
              [101.994822419, 14.986563869, 0.0],
              [101.998148896, 14.987395142, 0.0],
              [101.999620131, 14.987763257, 0.0],
              [102.001139894, 14.988269592, 0.0],
              [102.003785328, 14.989070437, 0.0],
              [102.006841162, 14.989904048, 0.0],
              [102.011779384, 14.990986252, 0.0],
              [102.012167483, 14.991050941, 0.0],
              [102.017321366, 14.99230581, 0.0],
              [102.017299993, 14.992391176, 0.0],
              [102.020633881, 14.993225899, 0.0],
              [102.021471831, 14.993435236, 0.0],
              [102.022085214, 14.993658208, 0.0],
              [102.027878262, 14.994908933, 0.0],
              [102.03545988, 14.997962385, 0.0],
              [102.037174761, 14.998429882, 0.0],
              [102.037804259, 14.998639697, 0.0],
              [102.038331703, 14.998850422, 0.0],
              [102.038924002, 14.999114017, 0.0],
              [102.040698731, 15.000001204, 0.0],
              [102.045962163, 15.002265356, 0.0],
              [102.048280858, 15.003108882, 0.0],
              [102.050331085, 15.003928358, 0.0],
              [102.051804544, 15.004490515, 0.0],
              [102.054861488, 15.005601904, 0.0],
              [102.059814969, 15.007117285, 0.0],
              [102.059964932, 15.007154788, 0.0],
              [102.062239703, 15.007988139, 0.0],
              [102.063906647, 15.008543973, 0.0],
              [102.064020546, 15.00820239, 0.0],
              [102.064259255, 15.008305074, 0.0],
              [102.064230097, 15.00837807, 0.0],
              [102.067008986, 15.00948807, 0.0],
              [102.067012412, 15.009489378, 0.0],
              [102.067303672, 15.009614667, 0.0],
              [102.067410888, 15.009641505, 0.0],
              [102.068441128, 15.01003482, 0.0],
              [102.070662239, 15.010843986, 0.0],
              [102.071538058, 15.011162195, 0.0],
              [102.072809489, 15.011604827, 0.0],
              [102.074747059, 15.012250253, 0.0],
              [102.076160201, 15.012815283, 0.0],
              [102.082588944, 15.014894111, 0.0],
              [102.085922277, 15.015728, 0.0],
              [102.086521653, 15.015877819, 0.0],
              [102.090074677, 15.018003068, 0.0],
              [102.092083735, 15.019074976, 0.0],
              [102.09421703, 15.020496651, 0.0],
              [102.096231142, 15.021770647, 0.0],
              [102.099363581, 15.023649024, 0.0],
              [102.102524932, 15.025758489, 0.0],
              [102.104607405, 15.027146071, 0.0],
              [102.104740543, 15.027395705, 0.0],
              [102.106392585, 15.030698846, 0.0],
              [102.107691218, 15.033125973, 0.0],
              [102.108893622, 15.035231759, 0.0],
              [102.109970103, 15.037537845, 0.0],
              [102.111863261, 15.041192887, 0.0],
              [102.114085483, 15.045082331, 0.0],
              [102.114590087, 15.045964456, 0.0],
              [102.114960146, 15.046890314, 0.0],
              [102.116665613, 15.050689902, 0.0],
              [102.11860978, 15.054579069, 0.0],
              [102.119921662, 15.057030505, 0.0],
              [102.121782059, 15.060285967, 0.0],
              [102.123352176, 15.063229568, 0.0],
              [102.125003335, 15.066531179, 0.0],
              [102.126301844, 15.068958249, 0.0],
              [102.128167518, 15.072225861, 0.0],
              [102.129742335, 15.075177168, 0.0],
              [102.130460207, 15.076612749, 0.0],
              [102.131353303, 15.078845711, 0.0],
              [102.134366956, 15.085087062, 0.0],
              [102.135899108, 15.087767992, 0.0],
              [102.13722089, 15.090412124, 0.0],
              [102.138531056, 15.092860555, 0.0],
              [102.14039332, 15.096119808, 0.0],
              [102.141960486, 15.099057485, 0.0],
              [102.143606587, 15.10235157, 0.0],
              [102.144219888, 15.10353892, 0.0],
              [102.146442388, 15.107704198, 0.0],
              [102.147142635, 15.108972, 0.0],
              [102.14794555, 15.110377201, 0.0],
              [102.148485217, 15.111636725, 0.0],
              [102.149138947, 15.11309743, 0.0],
              [102.151083947, 15.117263263, 0.0],
              [102.152970714, 15.120906482, 0.0],
              [102.155192103, 15.124796205, 0.0],
              [102.156734369, 15.127494837, 0.0],
              [102.158059252, 15.130143846, 0.0],
              [102.15866106, 15.131308689, 0.0],
              [102.160883282, 15.135475078, 0.0],
              [102.161586212, 15.136748052, 0.0],
              [102.162785232, 15.138846711, 0.0],
              [102.163858127, 15.141145596, 0.0],
              [102.173808802, 15.155352813, 0.0],
              [102.177045116, 15.15858959, 0.0],
              [102.180030066, 15.161803621, 0.0],
              [102.18130908, 15.163130869, 0.0],
              [102.18459066, 15.166412918, 0.0],
              [102.187849376, 15.169903652, 0.0],
              [102.191414669, 15.173743472, 0.0],
              [102.193933478, 15.176269231, 0.0],
              [102.196844442, 15.178987049, 0.0],
              [102.199514975, 15.181847531, 0.0],
              [102.203077521, 15.185685005, 0.0],
              [102.20436956, 15.187025793, 0.0],
              [102.208257388, 15.190912788, 0.0],
              [102.210882715, 15.193538115, 0.0],
              [102.213325299, 15.196356669, 0.0],
              [102.216995008, 15.200164233, 0.0],
              [102.220531972, 15.203465384, 0.0],
              [102.223812035, 15.206745213, 0.0],
              [102.226443276, 15.209376079, 0.0],
              [102.228888588, 15.212196724, 0.0],
              [102.231302614, 15.214789678, 0.0],
              [102.234551521, 15.218040442, 0.0],
              [102.237534826, 15.221251801, 0.0],
              [102.240044867, 15.22376812, 0.0],
              [102.24295205, 15.226482408, 0.0],
              [102.245666357, 15.229390982, 0.0],
              [102.246869838, 15.230636627, 0.0],
              [102.250103721, 15.233869817, 0.0],
              [102.253083759, 15.23707886, 0.0],
              [102.25316719, 15.237168482, 0.0],
              [102.255439207, 15.23960311, 0.0],
              [102.255830081, 15.241854334, 0.0],
              [102.256592654, 15.245416824, 0.0],
              [102.257088352, 15.247893828, 0.0],
              [102.257448025, 15.250409567, 0.0],
              [102.258051027, 15.253792814, 0.0],
              [102.258815633, 15.257366932, 0.0],
              [102.259286737, 15.259716579, 0.0],
              [102.259295249, 15.25976007, 0.0],
              [102.259309683, 15.259832968, 0.0],
              [102.259668419, 15.262345381, 0.0],
              [102.260137984, 15.265086727, 0.0],
              [102.260971595, 15.269253394, 0.0],
              [102.261110748, 15.269924953, 0.0],
              [102.261184903, 15.27027087, 0.0],
              [102.261221633, 15.270822361, 0.0],
              [102.263035302, 15.281237139, 0.0],
              [102.263683964, 15.283507212, 0.0],
              [102.264093079, 15.285417415, 0.0],
              [102.264588112, 15.287892085, 0.0],
              [102.264947672, 15.290407926, 0.0],
              [102.265553631, 15.293805811, 0.0],
              [102.26631544, 15.297362532, 0.0],
              [102.266809742, 15.29983338, 0.0],
              [102.267168419, 15.302345381, 0.0],
              [102.267635973, 15.30507667, 0.0],
              [102.268468751, 15.309243615, 0.0],
              [102.268612063, 15.309935247, 0.0],
              [102.269081584, 15.312123268, 0.0],
              [102.26939099, 15.314290042, 0.0],
              [102.269858975, 15.31702335, 0.0],
              [102.270691753, 15.321189183, 0.0],
              [102.270831495, 15.321863994, 0.0],
              [102.271253899, 15.32383526, 0.0],
              [102.271550207, 15.32605631, 0.0],
              [102.272222115, 15.329926145, 0.0],
              [102.273054597, 15.33380903, 0.0],
              [102.273814031, 15.337355843, 0.0],
              [102.274310242, 15.339838881, 0.0],
              [102.274672225, 15.342366446, 0.0],
              [102.275275671, 15.345747832, 0.0],
              [102.276037926, 15.349307396, 0.0],
              [102.276532279, 15.351778009, 0.0],
              [102.276890778, 15.354289114, 0.0],
              [102.277499484, 15.357702293, 0.0],
              [102.278260289, 15.361251535, 0.0],
              [102.278754401, 15.363723744, 0.0],
              [102.279115046, 15.366245377, 0.0],
              [102.27958047, 15.368962766, 0.0],
              [102.28041297, 15.373129433, 0.0],
              [102.280555507, 15.373817619, 0.0],
              [102.281024689, 15.376005367, 0.0],
              [102.281334031, 15.378173549, 0.0],
              [102.281804624, 15.380921596, 0.0],
              [102.282638235, 15.385087707, 0.0],
              [102.282777291, 15.385758725, 0.0],
              [102.283538672, 15.389310145, 0.0],
              [102.284031958, 15.391776414, 0.0],
              [102.284390707, 15.394289452, 0.0],
              [102.285000098, 15.39770599, 0.0],
              [102.285760576, 15.401252693, 0.0],
              [102.286254352, 15.403723221, 0.0],
              [102.286614975, 15.406244882, 0.0],
              [102.287081098, 15.40896591, 0.0],
              [102.287913876, 15.413132576, 0.0],
              [102.288054455, 15.413811418, 0.0],
              [102.288525657, 15.416009942, 0.0],
              [102.288836773, 15.418186356, 0.0],
              [102.289301186, 15.420899669, 0.0],
              [102.290133131, 15.425066891, 0.0],
              [102.29027876, 15.425770013, 0.0],
              [102.290697829, 15.427722648, 0.0],
              [102.290991205, 15.429927669, 0.0],
              [102.291667187, 15.433823142, 0.0],
              [102.292500557, 15.437707023, 0.0],
              [102.293260289, 15.441251257, 0.0],
              [102.293754303, 15.443722975, 0.0],
              [102.294114905, 15.446244664, 0.0],
              [102.294719991, 15.449637158, 0.0],
              [102.29548203, 15.453195461, 0.0],
              [102.295977435, 15.45567166, 0.0],
              [102.296337334, 15.458188613, 0.0],
              [102.301094666, 15.473436028, 0.0],
              [102.301372166, 15.473992139, 0.0],
              [102.304050122, 15.478701457, 0.0],
              [102.306549289, 15.48258979, 0.0],
              [102.309290838, 15.486441796, 0.0],
              [102.310889376, 15.488476814, 0.0],
              [102.312114967, 15.49038217, 0.0],
              [102.313846759, 15.492901705, 0.0],
              [102.31599421, 15.495829977, 0.0],
              [102.317663576, 15.498426768, 0.0],
              [102.320404147, 15.502276866, 0.0],
              [102.321519108, 15.503696137, 0.0],
              [102.322403131, 15.50516951, 0.0],
              [102.324590711, 15.508506082, 0.0],
              [102.327368211, 15.512394693, 0.0],
              [102.329679552, 15.51563057, 0.0],
              [102.331776425, 15.51877504, 0.0],
              [102.334045776, 15.522306824, 0.0],
              [102.336798439, 15.52617397, 0.0],
              [102.339332714, 15.529398593, 0.0],
              [102.339379779, 15.529462832, 0.0],
              [102.339473289, 15.529591634, 0.0],
              [102.3396179, 15.529789801, 0.0],
              [102.340994917, 15.531667096, 0.0],
              [102.342663667, 15.534262557, 0.0],
              [102.344041425, 15.536294022, 0.0],
              [102.346348005, 15.539521529, 0.0],
              [102.348674688, 15.543011785, 0.0],
              [102.349590007, 15.544338041, 0.0],
              [102.351659566, 15.547235713, 0.0],
              [102.353501565, 15.550100089, 0.0],
              [102.35623365, 15.553938227, 0.0],
              [102.357351268, 15.555361296, 0.0],
              [102.358238205, 15.556839262, 0.0],
              [102.361796281, 15.562003925, 0.0],
              [102.363391133, 15.564033553, 0.0],
              [102.364612137, 15.565932214, 0.0],
              [102.366340437, 15.568447527, 0.0],
              [102.368488998, 15.571378626, 0.0],
              [102.370158966, 15.573977035, 0.0],
              [102.371536205, 15.57600855, 0.0],
              [102.374314538, 15.579897717, 0.0],
              [102.374684663, 15.580408973, 0.0],
              [102.376829643, 15.583332811, 0.0],
              [102.378495167, 15.585923935, 0.0],
              [102.381237203, 15.58977631, 0.0],
              [102.38282877, 15.591802271, 0.0],
              [102.384046977, 15.59369789, 0.0],
              [102.385615669, 15.595642058, 0.0],
              [102.385557335, 15.595682443, 0.0],
              [102.387566965, 15.598585243, 0.0],
              [102.389600454, 15.60175018, 0.0],
              [102.390981991, 15.603788262, 0.0],
              [102.393289985, 15.607018853, 0.0],
              [102.395620283, 15.610514067, 0.0],
              [102.396533513, 15.611837226, 0.0],
              [102.397464346, 15.61314056, 0.0],
              [102.399315114, 15.61573119, 0.0],
              [102.401620476, 15.618958281, 0.0],
              [102.40372189, 15.622111874, 0.0],
              [102.406004134, 15.625659948, 0.0],
              [102.408736116, 15.629497074, 0.0],
              [102.411791116, 15.63338624, 0.0],
              [102.412909985, 15.6348101, 0.0],
              [102.413792298, 15.636280621, 0.0],
              [102.415974773, 15.639610044, 0.0],
              [102.418751439, 15.643498933, 0.0],
              [102.42106713, 15.646739701, 0.0],
              [102.423165287, 15.649887987, 0.0],
              [102.425444898, 15.653432867, 0.0],
              [102.42818439, 15.657280433, 0.0],
              [102.429299338, 15.658699403, 0.0],
              [102.4301827, 15.660171477, 0.0],
              [102.43373748, 15.665332144, 0.0],
              [102.435330893, 15.667360452, 0.0],
              [102.436551309, 15.669259013, 0.0],
              [102.439294609, 15.673112833, 0.0],
              [102.440405935, 15.674527302, 0.0],
              [102.441286849, 15.675995982, 0.0],
              [102.44485511, 15.681175893, 0.0],
              [102.447202721, 15.684162618, 0.0],
              [102.448153132, 15.685493193, 0.0],
              [102.44962611, 15.687947993, 0.0],
              [102.453186812, 15.693116494, 0.0],
              [102.454777655, 15.695140836, 0.0],
              [102.455995431, 15.697035424, 0.0],
              [102.457733981, 15.699565897, 0.0],
              [102.45967787, 15.702217008, 0.0],
              [102.459879403, 15.702491848, 0.0],
              [102.461546376, 15.705085968, 0.0],
              [102.464298162, 15.708951748, 0.0],
              [102.465408045, 15.710363969, 0.0],
              [102.466287126, 15.711829593, 0.0],
              [102.468484772, 15.715181266, 0.0],
              [102.471263939, 15.719070432, 0.0],
              [102.479463288, 15.72801286, 0.0],
              [102.489575095, 15.734717163, 0.0],
              [102.490130373, 15.73499494, 0.0],
              [102.500381779, 15.73878732, 0.0],
              [102.500812814, 15.738894998, 0.0],
              [102.504037919, 15.739938214, 0.0],
              [102.511689797, 15.743268171, 0.0],
              [102.514385042, 15.744166511, 0.0],
              [102.515117857, 15.74443288, 0.0],
              [102.516809286, 15.745278426, 0.0],
              [102.517594878, 15.745653138, 0.0],
              [102.518595431, 15.74634927, 0.0],
              [102.518798284, 15.746516628, 0.0],
              [102.520202148, 15.748135326, 0.0],
              [102.521061685, 15.748994755, 0.0],
              [102.521474065, 15.749476083, 0.0],
              [102.52150116, 15.749452869, 0.0],
              [102.523225262, 15.751418245, 0.0],
              [102.526111197, 15.755423408, 0.0],
              [102.52713055, 15.757121595, 0.0],
              [102.529514911, 15.760667682, 0.0],
              [102.53145233, 15.763845054, 0.0],
              [102.532357298, 15.765202582, 0.0],
              [102.532786217, 15.765965628, 0.0],
              [102.532778024, 15.765969724, 0.0],
              [102.534166466, 15.768746885, 0.0],
              [102.535554629, 15.771523769, 0.0],
              [102.536624356, 15.77347378, 0.0],
              [102.538056418, 15.777082902, 0.0],
              [102.538516383, 15.778002831, 0.0],
              [102.538855865, 15.778851282, 0.0],
              [102.540551948, 15.782628682, 0.0],
              [102.542218337, 15.785963126, 0.0],
              [102.544538594, 15.790102281, 0.0],
              [102.544674577, 15.790319959, 0.0],
              [102.545006847, 15.790984034, 0.0],
              [102.546843138, 15.794328686, 0.0],
              [102.547103202, 15.794762284, 0.0],
              [102.549538787, 15.799447553, 0.0],
              [102.549966613, 15.800516903, 0.0],
              [102.551666019, 15.804301269, 0.0],
              [102.553054908, 15.807079603, 0.0],
              [102.554902653, 15.810446027, 0.0],
              [102.555581513, 15.811577536, 0.0],
              [102.555831065, 15.81207664, 0.0],
              [102.557215713, 15.814847876, 0.0],
              [102.559065661, 15.818219466, 0.0],
              [102.560679107, 15.820909259, 0.0],
              [102.561077681, 15.821905546, 0.0],
              [102.562780091, 15.82569608, 0.0],
              [102.563234813, 15.826605434, 0.0],
              [102.563570169, 15.827444537, 0.0],
              [102.566814304, 15.833102089, 0.0],
              [102.570183859, 15.840175536, 0.0],
              [102.571851081, 15.842953314, 0.0],
              [102.571971645, 15.842880951, 0.0],
              [102.575562156, 15.849731299, 0.0],
              [102.577229378, 15.851953243, 0.0],
              [102.577679243, 15.852543608, 0.0],
              [102.577859798, 15.852776942, 0.0],
              [102.577937545, 15.852877152, 0.0],
              [102.579701156, 15.855144374, 0.0],
              [102.583814132, 15.859802865, 0.0],
              [102.58502892, 15.861017479, 0.0],
              [102.585780877, 15.861874917, 0.0],
              [102.586665511, 15.863054478, 0.0],
              [102.59132182, 15.868421662, 0.0],
              [102.592355158, 15.869454354, 0.0],
              [102.593032313, 15.870228854, 0.0],
              [102.594541105, 15.871988649, 0.0],
              [102.599509192, 15.877008106, 0.0],
              [102.599561664, 15.87706793, 0.0],
              [102.601092473, 15.87903555, 0.0],
              [102.602579603, 15.880856984, 0.0],
              [102.60318987, 15.881569556, 0.0],
              [102.6038833, 15.8824944, 0.0],
              [102.610533776, 15.888929964, 0.0],
              [102.61231512, 15.891150233, 0.0],
              [102.613981509, 15.8930944, 0.0],
              [102.616596014, 15.895917247, 0.0],
              [102.616604339, 15.895925568, 0.0],
              [102.616626809, 15.895954488, 0.0],
              [102.618147935, 15.897817962, 0.0],
              [102.619815158, 15.899762962, 0.0],
              [102.620153049, 15.900153057, 0.0],
              [102.622098049, 15.90237528, 0.0],
              [102.622656558, 15.903013326, 0.0],
              [102.62339863, 15.904126309, 0.0],
              [102.628212719, 15.909997872, 0.0],
              [102.629071892, 15.911562814, 0.0],
              [102.62928421, 15.911916595, 0.0],
              [102.631076676, 15.916761958, 0.0],
              [102.631093309, 15.91681745, 0.0],
              [102.631764036, 15.919275144, 0.0],
              [102.633845357, 15.925339968, 0.0],
              [102.634237948, 15.926282296, 0.0],
              [102.634327044, 15.926579511, 0.0],
              [102.636475641, 15.931996818, 0.0],
              [102.638288827, 15.937282795, 0.0],
              [102.638440472, 15.937646853, 0.0],
              [102.638776073, 15.938819147, 0.0],
              [102.639609684, 15.94159637, 0.0],
              [102.641080818, 15.945805882, 0.0],
              [102.642065073, 15.948264306, 0.0],
              [102.6427775, 15.950117328, 0.0],
              [102.6427775, 15.950555556, 0.0],
              [102.644889088, 15.964932619, 0.0],
              [102.645141729, 15.965774139, 0.0],
              [102.645311912, 15.966569141, 0.0],
              [102.645679026, 15.968772561, 0.0],
              [102.646762089, 15.97371523, 0.0],
              [102.6475957, 15.976770785, 0.0],
              [102.649682459, 15.982850067, 0.0],
              [102.650073101, 15.983787122, 0.0],
              [102.650160128, 15.984077473, 0.0],
              [102.652541353, 15.990422378, 0.0],
              [102.652551444, 15.990444564, 0.0],
              [102.652844126, 15.991369315, 0.0],
              [102.653955515, 15.994702926, 0.0],
              [102.65749167, 16.002827299, 0.0],
              [102.659157781, 16.005882577, 0.0],
              [102.659289534, 16.006121869, 0.0],
              [102.660302224, 16.008444875, 0.0],
              [102.66277864, 16.015138458, 0.0],
              [102.662838667, 16.015258512, 0.0],
              [102.664167641, 16.01912861, 0.0],
              [102.664862874, 16.022599224, 0.0],
              [102.666801869, 16.029595366, 0.0],
              [102.668190442, 16.033483315, 0.0],
              [102.668353163, 16.033938934, 0.0],
              [102.668471595, 16.034530894, 0.0],
              [102.670412144, 16.041536634, 0.0],
              [102.671256031, 16.043899857, 0.0],
              [102.671921284, 16.046229325, 0.0],
              [102.672566899, 16.048316246, 0.0],
              [102.673078439, 16.049850252, 0.0],
              [102.673329962, 16.051024895, 0.0],
              [102.674786869, 16.056365324, 0.0],
              [102.67617548, 16.060531713, 0.0],
              [102.676526379, 16.06154799, 0.0],
              [102.677368976, 16.063905848, 0.0],
              [102.677914804, 16.065815212, 0.0],
              [102.678911181, 16.069551125, 0.0],
              [102.679149932, 16.070415143, 0.0],
              [102.680262155, 16.074304032, 0.0],
              [102.681243746, 16.077361229, 0.0],
              [102.681404887, 16.077812752, 0.0],
              [102.68152227, 16.078400646, 0.0],
              [102.683469403, 16.085433127, 0.0],
              [102.684313651, 16.08779611, 0.0],
              [102.68497934, 16.090125852, 0.0],
              [102.685621429, 16.092201226, 0.0],
              [102.686664859, 16.095331308, 0.0],
              [102.687475268, 16.098170069, 0.0],
              [102.688589099, 16.10206876, 0.0],
              [102.689234871, 16.104155435, 0.0],
              [102.690278912, 16.107285263, 0.0],
              [102.690969177, 16.109701364, 0.0],
              [102.691967261, 16.113442744, 0.0],
              [102.692200026, 16.114285616, 0.0],
              [102.693311137, 16.118176171, 0.0],
              [102.694302174, 16.121263441, 0.0],
              [102.695512484, 16.124652066, 0.0],
              [102.695857759, 16.125687685, 0.0],
              [102.696111026, 16.12686912, 0.0],
              [102.697908162, 16.133191369, 0.0],
              [102.698607841, 16.135152318, 0.0],
              [102.699191954, 16.137340406, 0.0],
              [102.699423821, 16.138179594, 0.0],
              [102.700534932, 16.14206876, 0.0],
              [102.701646821, 16.145959815, 0.0],
              [102.702287703, 16.148031436, 0.0],
              [102.703676592, 16.152198658, 0.0],
              [102.704021173, 16.153197248, 0.0],
              [102.704300938, 16.153981049, 0.0],
              [102.704443906, 16.154647929, 0.0],
              [102.705900788, 16.159984025, 0.0],
              [102.706944551, 16.163114061, 0.0],
              [102.707755044, 16.165952206, 0.0],
              [102.708401737, 16.168042426, 0.0],
              [102.708912333, 16.169573294, 0.0],
              [102.709163165, 16.17074493, 0.0],
              [102.710968563, 16.177095663, 0.0],
              [102.7121782, 16.180482405, 0.0],
              [102.712523727, 16.181519056, 0.0],
              [102.712777415, 16.182702453, 0.0],
              [102.71359021, 16.185957094, 0.0],
              [102.714701321, 16.18984626, 0.0],
              [102.715343297, 16.191921551, 0.0],
              [102.716732186, 16.196088495, 0.0],
              [102.717078506, 16.197091892, 0.0],
              [102.717358064, 16.197874811, 0.0],
              [102.717500477, 16.198538965, 0.0],
              [102.718954053, 16.203864375, 0.0],
              [102.720000159, 16.207003322, 0.0],
              [102.720813876, 16.20985062, 0.0],
              [102.721454369, 16.21192088, 0.0],
              [102.72196672, 16.213458136, 0.0],
              [102.722219157, 16.21463688, 0.0],
              [102.724025895, 16.220990025, 0.0],
              [102.725235613, 16.224375688, 0.0],
              [102.726455318, 16.228034559, 0.0],
              [102.726800626, 16.229034994, 0.0],
              [102.727078385, 16.229812932, 0.0],
              [102.727219311, 16.230470929, 0.0],
              [102.727799611, 16.232885862, 0.0],
              [102.728910999, 16.237052528, 0.0],
              [102.730137665, 16.240991091, 0.0],
              [102.73097741, 16.243341136, 0.0],
              [102.731521816, 16.245249898, 0.0],
              [102.732524517, 16.24900627, 0.0],
              [102.73374634, 16.252928996, 0.0],
              [102.734590586, 16.255292715, 0.0],
              [102.735135082, 16.25719845, 0.0],
              [102.736131992, 16.260937362, 0.0],
              [102.737361642, 16.264885446, 0.0],
              [102.738047383, 16.266803877, 0.0],
              [102.738047843, 16.266806533, 0.0],
              [102.738052551, 16.266819725, 0.0],
              [102.738631992, 16.268992918, 0.0],
              [102.739857832, 16.27293034, 0.0],
              [102.740132252, 16.273698605, 0.0],
              [102.740271152, 16.274347933, 0.0],
              [102.74173653, 16.27971735, 0.0],
              [102.742780151, 16.282844462, 0.0],
              [102.743588979, 16.285675563, 0.0],
              [102.744578463, 16.289141357, 0.0],
              [102.745577602, 16.292886941, 0.0],
              [102.746807632, 16.296834714, 0.0],
              [102.748193046, 16.300709223, 0.0],
              [102.748352087, 16.301154861, 0.0],
              [102.748471621, 16.301752414, 0.0],
              [102.750413943, 16.308763673, 0.0],
              [102.751107224, 16.310704581, 0.0],
              [102.751685079, 16.31287331, 0.0],
              [102.752914784, 16.316823636, 0.0],
              [102.75318938, 16.317592153, 0.0],
              [102.753327874, 16.318239402, 0.0],
              [102.754789793, 16.323597426, 0.0],
              [102.756179515, 16.327764092, 0.0],
              [102.756526554, 16.328768869, 0.0],
              [102.757368524, 16.331125141, 0.0],
              [102.758031915, 16.333448753, 0.0],
              [102.758055556, 16.333516359, 0.0],
              [102.758055556, 16.337500278, 0.0],
              [102.758636487, 16.345099994, 0.0],
              [102.759151605, 16.348449678, 0.0],
              [102.759670319, 16.352077562, 0.0],
              [102.760657205, 16.357116873, 0.0],
              [102.760870823, 16.35797213, 0.0],
              [102.760978305, 16.359375117, 0.0],
              [102.761643956, 16.364528817, 0.0],
              [102.761917683, 16.36602934, 0.0],
              [102.76207491, 16.36689262, 0.0],
              [102.762525464, 16.369822232, 0.0],
              [102.763707671, 16.37538301, 0.0],
              [102.764279843, 16.377480087, 0.0],
              [102.764889443, 16.380123649, 0.0],
              [102.765527583, 16.382532611, 0.0],
              [102.76558228, 16.382887786, 0.0],
              [102.766493311, 16.387407134, 0.0],
              [102.767326922, 16.390740745, 0.0],
              [102.767592107, 16.391755847, 0.0],
              [102.768424607, 16.394811125, 0.0],
              [102.770502704, 16.400250829, 0.0],
              [102.772563802, 16.406157023, 0.0],
              [102.772961198, 16.407879165, 0.0],
              [102.773306728, 16.409778973, 0.0],
              [102.774607749, 16.415197143, 0.0],
              [102.775108501, 16.416866592, 0.0],
              [102.775661009, 16.419075704, 0.0],
              [102.775926528, 16.420091873, 0.0],
              [102.776620822, 16.422639319, 0.0],
              [102.776767044, 16.423224109, 0.0],
              [102.776972003, 16.424555008, 0.0],
              [102.778147915, 16.430088346, 0.0],
              [102.778843563, 16.432641607, 0.0],
              [102.779551087, 16.435469349, 0.0],
              [102.779813698, 16.436474455, 0.0],
              [102.780646198, 16.439530566, 0.0],
              [102.781456145, 16.442206485, 0.0],
              [102.782127818, 16.444220662, 0.0],
              [102.782381268, 16.445149838, 0.0],
              [102.782417874, 16.445303626, 0.0],
              [102.782457698, 16.44543004, 0.0],
              [102.782595648, 16.445935781, 0.0],
              [102.782615329, 16.445930413, 0.0],
              [102.78456452, 16.452117774, 0.0],
              [102.784708668, 16.452482171, 0.0],
              [102.78481289, 16.452864734, 0.0],
              [102.786637934, 16.458309363, 0.0],
              [102.787750156, 16.461086863, 0.0],
              [102.789445585, 16.464860402, 0.0],
              [102.790834474, 16.46763818, 0.0],
              [102.79315056, 16.471768872, 0.0],
              [102.79390408, 16.472975046, 0.0],
              [102.79499818, 16.475410591, 0.0],
              [102.796386791, 16.478188647, 0.0],
              [102.798241106, 16.481566317, 0.0],
              [102.799477104, 16.483625421, 0.0],
              [102.799629986, 16.483900608, 0.0],
              [102.799586865, 16.4842238, 0.0],
              [102.799164282, 16.486197168, 0.0],
              [102.79856001, 16.489584327, 0.0],
              [102.798086636, 16.492892434, 0.0],
              [102.79805412, 16.493118044, 0.0],
              [102.798033648, 16.493261562, 0.0],
              [102.797990592, 16.493566562, 0.0],
              [102.797939135, 16.49394131, 0.0],
              [102.797642096, 16.496167026, 0.0],
              [102.797219435, 16.49814062, 0.0],
              [102.797079915, 16.498814734, 0.0],
              [102.796315834, 16.50263896, 0.0],
              [102.795555141, 16.506187509, 0.0],
              [102.794555688, 16.51333432, 0.0],
              [102.794518153, 16.513896062, 0.0],
              [102.794441629, 16.514253439, 0.0],
              [102.794304677, 16.514914808, 0.0],
              [102.793471066, 16.51908203, 0.0],
              [102.793001965, 16.521820635, 0.0],
              [102.792691745, 16.523992793, 0.0],
              [102.792221428, 16.526186873, 0.0],
              [102.791548515, 16.530065406, 0.0],
              [102.791025318, 16.533993576, 0.0],
              [102.790698797, 16.536276779, 0.0],
              [102.790204805, 16.538748384, 0.0],
              [102.789444082, 16.542296991, 0.0],
              [102.789304928, 16.54296855, 0.0],
              [102.788471317, 16.547135217, 0.0],
              [102.78762753, 16.553371435, 0.0],
              [102.787573762, 16.554121989, 0.0],
              [102.787425128, 16.554865853, 0.0],
              [102.786664282, 16.558418835, 0.0],
              [102.786057793, 16.561821503, 0.0],
              [102.785699137, 16.564333532, 0.0],
              [102.785205674, 16.566800188, 0.0],
              [102.784443928, 16.570353818, 0.0],
              [102.783443899, 16.57751031, 0.0],
              [102.783407122, 16.578062406, 0.0],
              [102.78333251, 16.578410527, 0.0],
              [102.783196334, 16.579067369, 0.0],
              [102.782426706, 16.582909104, 0.0],
              [102.781663324, 16.586473675, 0.0],
              [102.781524181, 16.587145902, 0.0],
              [102.780691403, 16.591313124, 0.0],
              [102.779848793, 16.597552075, 0.0],
              [102.779821041, 16.597940936, 0.0],
              [102.779722589, 16.598399797, 0.0],
              [102.779048057, 16.602284814, 0.0],
              [102.778753584, 16.604494764, 0.0],
              [102.778333482, 16.606452209, 0.0],
              [102.778287464, 16.606674375, 0.0],
              [102.773407982, 16.613337135, 0.0],
              [102.768525693, 16.627769628, 0.0],
              [102.768216578, 16.643002423, 0.0],
              [102.768772689, 16.647169646, 0.0],
              [102.76883501, 16.64762096, 0.0],
              [102.769141705, 16.649769666, 0.0],
              [102.769294752, 16.651906065, 0.0],
              [102.772725838, 16.666859629, 0.0],
              [102.773280005, 16.668248796, 0.0],
              [102.782546741, 16.683159997, 0.0],
              [102.796396576, 16.693948805, 0.0],
              [102.802401421, 16.695864669, 0.0],
              [102.804089664, 16.699255065, 0.0],
              [102.804587191, 16.700125566, 0.0],
              [102.804962856, 16.701065009, 0.0],
              [102.805434756, 16.702204167, 0.0],
              [102.807101979, 16.7060925, 0.0],
              [102.80833128, 16.708742902, 0.0],
              [102.80934605, 16.710773167, 0.0],
              [102.810240783, 16.713010521, 0.0],
              [102.81070869, 16.714140291, 0.0],
              [102.812375079, 16.718028624, 0.0],
              [102.814217784, 16.721867961, 0.0],
              [102.815439158, 16.724157352, 0.0],
              [102.816264547, 16.726082754, 0.0],
              [102.817928644, 16.729967127, 0.0],
              [102.819167252, 16.73263818, 0.0],
              [102.820179573, 16.734662823, 0.0],
              [102.821071213, 16.73689326, 0.0],
              [102.821549281, 16.738047123, 0.0],
              [102.823217614, 16.741935734, 0.0],
              [102.825603373, 16.746724415, 0.0],
              [102.824540119, 16.749896439, 0.0],
              [102.823706507, 16.752952273, 0.0],
              [102.823434625, 16.75399289, 0.0],
              [102.822601847, 16.757326501, 0.0],
              [102.822392752, 16.758196546, 0.0],
              [102.821559141, 16.761807101, 0.0],
              [102.82085997, 16.780664992, 0.0],
              [102.821416081, 16.784276381, 0.0],
              [102.822114873, 16.7879132, 0.0],
              [102.822948484, 16.791524311, 0.0],
              [102.823425693, 16.793421402, 0.0],
              [102.82415012, 16.796080294, 0.0],
              [102.822802408, 16.801015972, 0.0],
              [102.822247408, 16.804627361, 0.0],
              [102.821778613, 16.80888656, 0.0],
              [102.821500002, 16.813053504, 0.0],
              [102.821971346, 16.824000597, 0.0],
              [102.822238472, 16.825734917, 0.0],
              [102.822370918, 16.827453283, 0.0],
              [102.822800391, 16.831187125, 0.0],
              [102.823354002, 16.834798514, 0.0],
              [102.826111792, 16.84517743, 0.0],
              [102.826821599, 16.847022189, 0.0],
              [102.826929262, 16.847380829, 0.0],
              [102.82759623, 16.849825783, 0.0],
              [102.830313728, 16.857353662, 0.0],
              [102.830392453, 16.857526892, 0.0],
              [102.832538325, 16.863469998, 0.0],
              [102.832649161, 16.863713812, 0.0],
              [102.833241852, 16.865374202, 0.0],
              [102.833703699, 16.867867426, 0.0],
              [102.834536477, 16.870923537, 0.0],
              [102.834670378, 16.871274265, 0.0],
              [102.828151456, 16.885176721, 0.0],
              [102.827317845, 16.88823311, 0.0],
              [102.825555833, 16.901389722, 0.0],
              [102.825555833, 16.905000278, 0.0],
              [102.827047044, 16.9171204, 0.0],
              [102.827879822, 16.920453456, 0.0],
              [102.828715811, 16.923796579, 0.0],
              [102.832501757, 16.934029413, 0.0],
              [102.833861782, 16.93674919, 0.0],
              [102.836111357, 16.942636946, 0.0],
              [102.836567897, 16.943550117, 0.0],
              [102.836904504, 16.944392182, 0.0],
              [102.838609352, 16.948190158, 0.0],
              [102.838891218, 16.948754004, 0.0],
              [102.841080818, 16.956361715, 0.0],
              [102.84219304, 16.95913977, 0.0],
              [102.84321304, 16.961508521, 0.0],
              [102.844879429, 16.965119076, 0.0],
              [102.84555793, 16.966530647, 0.0],
              [102.846946819, 16.969307869, 0.0],
              [102.847819735, 16.970962617, 0.0],
              [102.849443241, 16.974579046, 0.0],
              [102.850831852, 16.977356824, 0.0],
              [102.850936927, 16.977566874, 0.0],
              [102.851061712, 16.97791026, 0.0],
              [102.854347136, 16.985115202, 0.0],
              [102.854760408, 16.985859092, 0.0],
              [102.855230808, 16.986893539, 0.0],
              [102.85625582, 16.989199303, 0.0],
              [102.857221574, 16.991245714, 0.0],
              [102.858199011, 16.993200979, 0.0],
              [102.859117356, 16.995220602, 0.0],
              [102.859756595, 16.99665937, 0.0],
              [102.860515893, 16.998558848, 0.0],
              [102.861631763, 17.00134839, 0.0],
              [102.863340181, 17.005151256, 0.0],
              [102.863953342, 17.006376721, 0.0],
              [102.864674039, 17.008107634, 0.0],
              [102.866119245, 17.011264937, 0.0],
              [102.867224868, 17.013474251, 0.0],
              [102.868606888, 17.016239949, 0.0],
              [102.868670095, 17.016366338, 0.0],
              [102.871146648, 17.02346453, 0.0],
              [102.871484101, 17.024207061, 0.0],
              [102.874160375, 17.030957199, 0.0],
              [102.874413702, 17.031464258, 0.0],
              [102.874610004, 17.032149288, 0.0],
              [102.875107781, 17.03380799, 0.0],
              [102.875657362, 17.036007783, 0.0],
              [102.875925366, 17.037034093, 0.0],
              [102.876621792, 17.039589822, 0.0],
              [102.877330293, 17.042420053, 0.0],
              [102.878842194, 17.047360406, 0.0],
              [102.879952749, 17.050415406, 0.0],
              [102.880519052, 17.051899388, 0.0],
              [102.881085439, 17.053315639, 0.0],
              [102.881732619, 17.055257019, 0.0],
              [102.882744796, 17.058019581, 0.0],
              [102.882791182, 17.058135507, 0.0],
              [102.882870139, 17.058425206, 0.0],
              [102.883682714, 17.061107846, 0.0],
              [102.883961047, 17.061941734, 0.0],
              [102.884965695, 17.064682524, 0.0],
              [102.885491234, 17.06599624, 0.0],
              [102.88592486, 17.067587791, 0.0],
              [102.886733015, 17.070257926, 0.0],
              [102.887405745, 17.072275781, 0.0],
              [102.887530764, 17.072734032, 0.0],
              [102.889401089, 17.081259243, 0.0],
              [102.889466117, 17.081438009, 0.0],
              [102.889610945, 17.082066176, 0.0],
              [102.889823751, 17.082952227, 0.0],
              [102.890656529, 17.086285561, 0.0],
              [102.893109378, 17.093315503, 0.0],
              [102.893603852, 17.095295046, 0.0],
              [102.894336919, 17.098470121, 0.0],
              [102.896631763, 17.105792279, 0.0],
              [102.897740911, 17.108565008, 0.0],
              [102.898848948, 17.111336904, 0.0],
              [102.899127765, 17.112019743, 0.0],
              [102.900517487, 17.115352799, 0.0],
              [102.902072724, 17.118364238, 0.0],
              [102.903034927, 17.121339457, 0.0],
              [102.90330807, 17.122840521, 0.0],
              [102.904261074, 17.127041325, 0.0],
              [102.904449315, 17.127731752, 0.0],
              [102.905973994, 17.134878032, 0.0],
              [102.905978027, 17.134930672, 0.0],
              [102.90642456, 17.138786697, 0.0],
              [102.906527858, 17.139451648, 0.0],
              [102.906965412, 17.142303807, 0.0],
              [102.907525892, 17.145943342, 0.0],
              [102.90822706, 17.149590262, 0.0],
              [102.908513218, 17.150828629, 0.0],
              [102.909202224, 17.158082079, 0.0],
              [102.909181953, 17.15795046, 0.0],
              [102.909313582, 17.159663745, 0.0],
              [102.909747027, 17.163429614, 0.0],
              [102.910091585, 17.16567131, 0.0],
              [102.909571608, 17.166333159, 0.0],
              [102.907286801, 17.16948685, 0.0],
              [102.906188981, 17.171133525, 0.0],
              [102.90482487, 17.172723814, 0.0],
              [102.901160521, 17.177561419, 0.0],
              [102.899474081, 17.18009361, 0.0],
              [102.89763205, 17.182437419, 0.0],
              [102.896622635, 17.183766898, 0.0],
              [102.894057329, 17.187265361, 0.0],
              [102.891514172, 17.190502926, 0.0],
              [102.889239909, 17.193641359, 0.0],
              [102.887656613, 17.196014721, 0.0],
              [102.88567068, 17.198498502, 0.0],
              [102.884042897, 17.200650972, 0.0],
              [102.881440719, 17.204292148, 0.0],
              [102.879057334, 17.207543026, 0.0],
              [102.87651633, 17.210777326, 0.0],
              [102.875515925, 17.212094988, 0.0],
              [102.873582113, 17.214731525, 0.0],
              [102.871483547, 17.217179473, 0.0],
              [102.867840094, 17.221988855, 0.0],
              [102.865509301, 17.225485394, 0.0],
              [102.863994612, 17.227606322, 0.0],
              [102.861515115, 17.230704971, 0.0],
              [102.860234152, 17.232376799, 0.0],
              [102.857178319, 17.236544021, 0.0],
              [102.856814457, 17.23704673, 0.0],
              [102.854826125, 17.239829997, 0.0],
              [102.852341616, 17.242936359, 0.0],
              [102.850700563, 17.245106681, 0.0],
              [102.847923063, 17.24899557, 0.0],
              [102.847007316, 17.250322466, 0.0],
              [102.846461119, 17.251141844, 0.0],
              [102.845587489, 17.252082402, 0.0],
              [102.840616721, 17.258379748, 0.0],
              [102.838290863, 17.26186935, 0.0],
              [102.836770916, 17.263996303, 0.0],
              [102.834283567, 17.267106837, 0.0],
              [102.831734511, 17.270593202, 0.0],
              [102.830036273, 17.273139881, 0.0],
              [102.828318627, 17.275326202, 0.0],
              [102.825122925, 17.279320764, 0.0],
              [102.823480027, 17.281493099, 0.0],
              [102.821493081, 17.284274704, 0.0],
              [102.819009853, 17.287379256, 0.0],
              [102.817373283, 17.289543151, 0.0],
              [102.814773016, 17.293182434, 0.0],
              [102.812388173, 17.296435084, 0.0],
              [102.809844261, 17.299674431, 0.0],
              [102.808854878, 17.30097763, 0.0],
              [102.805797933, 17.305144019, 0.0],
              [102.804507892, 17.306987853, 0.0],
              [102.80340543, 17.308641601, 0.0],
              [102.802037083, 17.310237986, 0.0],
              [102.798394221, 17.315047248, 0.0],
              [102.796700625, 17.317588235, 0.0],
              [102.794986067, 17.31977013, 0.0],
              [102.7917871, 17.323769572, 0.0],
              [102.790148231, 17.325936724, 0.0],
              [102.787370731, 17.32982478, 0.0],
              [102.786450759, 17.331157719, 0.0],
              [102.785354545, 17.332802368, 0.0],
              [102.783994185, 17.334388133, 0.0],
              [102.78033427, 17.339218565, 0.0],
              [102.778183535, 17.34244639, 0.0],
              [102.776912036, 17.344179695, 0.0],
              [102.774816849, 17.346624925, 0.0],
              [102.773155972, 17.348561554, 0.0],
              [102.765723018, 17.360134691, 0.0],
              [102.761724702, 17.373295228, 0.0],
              [102.761463595, 17.38704725, 0.0],
              [102.761780736, 17.38825407, 0.0],
              [102.761536137, 17.391446634, 0.0],
              [102.761258673, 17.395046733, 0.0],
              [102.761110833, 17.398888889, 0.0],
              [102.761110833, 17.400859305, 0.0],
              [102.761087247, 17.401166209, 0.0],
              [102.760716285, 17.403949628, 0.0],
              [102.76048451, 17.406015972, 0.0],
              [102.760205898, 17.409072361, 0.0],
              [102.760163121, 17.40958093, 0.0],
              [102.75967905, 17.411514956, 0.0],
              [102.759297028, 17.41291511, 0.0],
              [102.756481831, 17.419907014, 0.0],
              [102.755815971, 17.422349909, 0.0],
              [102.755578548, 17.423141213, 0.0],
              [102.754959056, 17.424843228, 0.0],
              [102.753840142, 17.427922042, 0.0],
              [102.752938578, 17.430643432, 0.0],
              [102.752931328, 17.430667617, 0.0],
              [102.752780708, 17.430968798, 0.0],
              [102.750510607, 17.436245902, 0.0],
              [102.750381998, 17.436599576, 0.0],
              [102.750268296, 17.436827245, 0.0],
              [102.748576443, 17.440597133, 0.0],
              [102.748238468, 17.44144207, 0.0],
              [102.747780708, 17.442357409, 0.0],
              [102.743181026, 17.456499052, 0.0],
              [102.742879045, 17.458310334, 0.0],
              [102.742612362, 17.45946528, 0.0],
              [102.742036829, 17.461577486, 0.0],
              [102.740425564, 17.470884372, 0.0],
              [102.74039862, 17.471234372, 0.0],
              [102.740147504, 17.474499436, 0.0],
              [102.740042667, 17.477229676, 0.0],
              [102.739314529, 17.481712828, 0.0],
              [102.739142936, 17.483939096, 0.0],
              [102.738771112, 17.486729537, 0.0],
              [102.738653843, 17.492292666, 0.0],
              [102.738633068, 17.492428269, 0.0],
              [102.738202515, 17.496180433, 0.0],
              [102.738191681, 17.496321822, 0.0],
              [102.738173542, 17.49656644, 0.0],
              [102.73792444, 17.500041242, 0.0],
              [102.737671363, 17.503102662, 0.0],
              [102.73751724, 17.506824889, 0.0],
              [102.73738643, 17.507393044, 0.0],
              [102.736919889, 17.509657671, 0.0],
              [102.736363778, 17.512712949, 0.0],
              [102.736233307, 17.513462049, 0.0],
              [102.735678862, 17.516795104, 0.0],
              [102.735148497, 17.521163463, 0.0],
              [102.734924995, 17.524067905, 0.0],
              [102.734889654, 17.524515803, 0.0],
              [102.734051253, 17.52866251, 0.0],
              [102.733495142, 17.532828621, 0.0],
              [102.733262196, 17.534903092, 0.0],
              [102.732983585, 17.537958092, 0.0],
              [102.732949227, 17.538352046, 0.0],
              [102.732671727, 17.541686213, 0.0],
              [102.73264645, 17.542002028, 0.0],
              [102.732518449, 17.543667578, 0.0],
              [102.732112043, 17.54542971, 0.0],
              [102.731021904, 17.552561626, 0.0],
              [102.731003016, 17.552643455, 0.0],
              [102.730984172, 17.55280848, 0.0],
              [102.730980016, 17.552835669, 0.0],
              [102.730977853, 17.552863816, 0.0],
              [102.729721952, 17.563862244, 0.0],
              [102.729720954, 17.565715717, 0.0],
              [102.729591593, 17.567539409, 0.0],
              [102.729482641, 17.568844105, 0.0],
              [102.729189704, 17.570753851, 0.0],
              [102.728760867, 17.574474959, 0.0],
              [102.728481423, 17.578084126, 0.0],
              [102.728477408, 17.578136334, 0.0],
              [102.728370874, 17.57953125, 0.0],
              [102.728180971, 17.58067105, 0.0],
              [102.727675459, 17.584716478, 0.0],
              [102.727401958, 17.587982978, 0.0],
              [102.725728296, 17.595292105, 0.0],
              [102.725450519, 17.59862516, 0.0],
              [102.72540385, 17.599229351, 0.0],
              [102.725294969, 17.600759695, 0.0],
              [102.725127584, 17.601761672, 0.0],
              [102.724570997, 17.606441217, 0.0],
              [102.724314096, 17.610041169, 0.0],
              [102.724206623, 17.611335921, 0.0],
              [102.723917331, 17.61321163, 0.0],
              [102.723479993, 17.617002629, 0.0],
              [102.723202628, 17.620612536, 0.0],
              [102.722924986, 17.624222721, 0.0],
              [102.72277778, 17.628070955, 0.0],
              [102.722778891, 17.631959011, 0.0],
              [102.722923886, 17.635735168, 0.0],
              [102.722903756, 17.642725753, 0.0],
              [102.723054993, 17.64484518, 0.0],
              [102.723055556, 17.646674082, 0.0],
              [102.723055556, 17.662222222, 0.0],
              [102.723166033, 17.6655442, 0.0],
              [102.723333412, 17.668057901, 0.0],
              [102.723333442, 17.668195659, 0.0],
              [102.722946677, 17.6698725, 0.0],
              [102.72181437, 17.677280452, 0.0],
              [102.72153687, 17.680892952, 0.0],
              [102.72139, 17.6847225, 0.0],
              [102.72139, 17.688883809, 0.0],
              [102.721389168, 17.692767063, 0.0],
              [102.721456594, 17.694664859, 0.0],
              [102.721285852, 17.696104264, 0.0],
              [102.721006686, 17.699437319, 0.0],
              [102.720978193, 17.699792732, 0.0],
              [102.720847467, 17.701499783, 0.0],
              [102.720582355, 17.703220759, 0.0],
              [102.719999449, 17.710854756, 0.0],
              [102.719999855, 17.711801515, 0.0],
              [102.719036488, 17.718109311, 0.0],
              [102.718990757, 17.71870371, 0.0],
              [102.7187503, 17.719904474, 0.0],
              [102.717983436, 17.725182785, 0.0],
              [102.717704825, 17.728238896, 0.0],
              [102.717498341, 17.732805263, 0.0],
              [102.71749924, 17.734476072, 0.0],
              [102.717476001, 17.734777286, 0.0],
              [102.717103771, 17.737576564, 0.0],
              [102.716918754, 17.739160997, 0.0],
              [102.71663931, 17.741937941, 0.0],
              [102.716535625, 17.743105529, 0.0],
              [102.716426226, 17.744526289, 0.0],
              [102.716061439, 17.747070474, 0.0],
              [102.715702215, 17.750336518, 0.0],
              [102.715424715, 17.753948184, 0.0],
              [102.715319584, 17.756688801, 0.0],
              [102.714650361, 17.761297158, 0.0],
              [102.714372027, 17.764352436, 0.0],
              [102.714311916, 17.765069328, 0.0],
              [102.714181079, 17.76677717, 0.0],
              [102.713915526, 17.768501675, 0.0],
              [102.713480376, 17.772275977, 0.0],
              [102.713433783, 17.772881601, 0.0],
              [102.713191734, 17.774093139, 0.0],
              [102.712472349, 17.77889942, 0.0],
              [102.712324849, 17.780370149, 0.0],
              [102.712075458, 17.781992815, 0.0],
              [102.711643466, 17.784361234, 0.0],
              [102.711508699, 17.785134432, 0.0],
              [102.711209478, 17.786934554, 0.0],
              [102.710725618, 17.789030423, 0.0],
              [102.710246598, 17.791355939, 0.0],
              [102.709987015, 17.792787354, 0.0],
              [102.709678442, 17.794019384, 0.0],
              [102.708981248, 17.796578321, 0.0],
              [102.708717317, 17.797588506, 0.0],
              [102.707883429, 17.800922117, 0.0],
              [102.707669961, 17.801809843, 0.0],
              [102.70683635, 17.805421232, 0.0],
              [102.705727561, 17.812519824, 0.0],
              [102.705641052, 17.813559229, 0.0],
              [102.704567027, 17.818454715, 0.0],
              [102.704526707, 17.818696878, 0.0],
              [102.704262593, 17.819619497, 0.0],
              [102.703428982, 17.822675608, 0.0],
              [102.70346516, 17.822685476, 0.0],
              [102.702670421, 17.82513124, 0.0],
              [102.701391807, 17.827911745, 0.0],
              [102.699786018, 17.830321633, 0.0],
              [102.699047156, 17.831429435, 0.0],
              [102.698466822, 17.832093314, 0.0],
              [102.697121486, 17.833850834, 0.0],
              [102.696872212, 17.834084055, 0.0],
              [102.696102178, 17.834853869, 0.0],
              [102.695129714, 17.83570479, 0.0],
              [102.69042382, 17.840411101, 0.0],
              [102.689772246, 17.841155877, 0.0],
              [102.689036802, 17.841798736, 0.0],
              [102.68287768, 17.848236853, 0.0],
              [102.681682958, 17.849732408, 0.0],
              [102.674257291, 17.862539098, 0.0],
              [102.670907063, 17.876958801, 0.0],
              [102.661039105, 18.000505953, 0.0],
              [102.660897607, 18.002180405, 0.0],
              [102.654449419, 18.00332732, 0.0],
              [102.648119204, 18.004117402, 0.0],
              [102.647914143, 18.004143427, 0.0],
              [102.638107359, 18.00540862, 0.0],
              [102.631221597, 18.006251024, 0.0],
              [102.625823501, 18.006702473, 0.0],
              [102.625450943, 18.006735034, 0.0],
              [102.619010378, 18.007322206, 0.0],
              [102.613823608, 18.008070841, 0.0],
              [102.609029946, 18.009021496, 0.0],
              [102.604807723, 18.010051383, 0.0],
              [102.602690277, 18.01066651, 0.0],
              [102.600481724, 18.011363963, 0.0],
              [102.59630565, 18.012789931, 0.0],
              [102.589816462, 18.015530045, 0.0],
              [102.588017501, 18.016443956, 0.0],
              [102.585158814, 18.017579037, 0.0],
              [102.580336993, 18.019796678, 0.0],
              [102.576190328, 18.021977499, 0.0],
              [102.574799745, 18.022737207, 0.0],
              [102.571447122, 18.024638414, 0.0],
              [102.568157032, 18.026676344, 0.0],
              [102.56562786, 18.028381821, 0.0],
              [102.561637947, 18.031372167, 0.0],
              [102.559079366, 18.033497, 0.0],
              [102.558139879, 18.034297012, 0.0],
              [102.555257799, 18.036813228, 0.0],
              [102.553799379, 18.038138045, 0.0],
              [102.548829263, 18.042834886, 0.0],
              [102.548722093, 18.042936463, 0.0],
              [102.546339966, 18.045200967, 0.0],
              [102.546204939, 18.045329806, 0.0],
              [102.542543409, 18.04883665, 0.0],
              [102.535444317, 18.055449922, 0.0],
              [102.535265668, 18.055617165, 0.0],
              [102.518090827, 18.071774388, 0.0],
              [102.517660728, 18.072183845, 0.0],
              [102.513595037, 18.076100697, 0.0],
              [102.504091733, 18.084997651, 0.0],
              [102.494445291, 18.093970914, 0.0],
              [102.48805864, 18.099917972, 0.0],
              [102.485573357, 18.102007887, 0.0],
              [102.483166814, 18.103898984, 0.0],
              [102.479406475, 18.107169812, 0.0],
              [102.477430115, 18.109069992, 0.0],
              [102.476673914, 18.10975592, 0.0],
              [102.473265022, 18.113161502, 0.0],
              [102.472147481, 18.114391131, 0.0],
              [102.469605174, 18.117421023, 0.0],
              [102.467399501, 18.120271494, 0.0],
              [102.465506211, 18.122888769, 0.0],
              [102.46324172, 18.126242205, 0.0],
              [102.46200822, 18.128161909, 0.0],
              [102.460096636, 18.131291725, 0.0],
              [102.459788609, 18.131802888, 0.0],
              [102.457612345, 18.135463583, 0.0],
              [102.456729721, 18.137010306, 0.0],
              [102.454818138, 18.140503265, 0.0],
              [102.452596496, 18.145107085, 0.0],
              [102.451949499, 18.146643965, 0.0],
              [102.450851633, 18.149491948, 0.0],
              [102.449851728, 18.152342125, 0.0],
              [102.449065886, 18.154780369, 0.0],
              [102.448301252, 18.15737902, 0.0],
              [102.447290059, 18.161434494, 0.0],
              [102.446819515, 18.163725745, 0.0],
              [102.44613976, 18.167942653, 0.0],
              [102.445580989, 18.172692712, 0.0],
              [102.445340895, 18.17533732, 0.0],
              [102.445144744, 18.178398935, 0.0],
              [102.444948191, 18.181199991, 0.0],
              [102.444238148, 18.183234126, 0.0],
              [102.444130862, 18.183544757, 0.0],
              [102.442330267, 18.188814174, 0.0],
              [102.440118134, 18.195228866, 0.0],
              [102.44007304, 18.195360221, 0.0],
              [102.435808954, 18.207837458, 0.0],
              [102.431520474, 18.219812733, 0.0],
              [102.431156216, 18.220866786, 0.0],
              [102.427231586, 18.232647466, 0.0],
              [102.422958179, 18.244931413, 0.0],
              [102.422858731, 18.245220112, 0.0],
              [102.417983403, 18.259515005, 0.0],
              [102.417421006, 18.261066688, 0.0],
              [102.412989076, 18.266565669, 0.0],
              [102.412945046, 18.266620379, 0.0],
              [102.406086403, 18.275154843, 0.0],
              [102.397757531, 18.285447957, 0.0],
              [102.397536178, 18.285723498, 0.0],
              [102.388993748, 18.29643449, 0.0],
              [102.38249585, 18.304502634, 0.0],
              [102.37721712, 18.311044285, 0.0],
              [102.369255687, 18.320923976, 0.0],
              [102.369190677, 18.321004822, 0.0],
              [102.362426613, 18.329434399, 0.0],
              [102.361380782, 18.330784339, 0.0],
              [102.358792793, 18.334245371, 0.0],
              [102.355528366, 18.339198692, 0.0],
              [102.35282274, 18.343887721, 0.0],
              [102.350733789, 18.34792078, 0.0],
              [102.349380976, 18.350851359, 0.0],
              [102.347102873, 18.35673661, 0.0],
              [102.345867696, 18.360643971, 0.0],
              [102.345075783, 18.363426851, 0.0],
              [102.344134696, 18.367138762, 0.0],
              [102.34282408, 18.374711648, 0.0],
              [102.342353536, 18.379679343, 0.0],
              [102.342176547, 18.38225438, 0.0],
              [102.342029502, 18.385687029, 0.0],
              [102.342023064, 18.385843003, 0.0],
              [102.341658755, 18.395017314, 0.0],
              [102.340949768, 18.407260937, 0.0],
              [102.340898964, 18.408340231, 0.0],
              [102.340537399, 18.418315051, 0.0],
              [102.340130128, 18.425192878, 0.0],
              [102.340052546, 18.427156092, 0.0],
              [102.339758456, 18.441970834, 0.0],
              [102.339748739, 18.442848362, 0.0],
              [102.339720189, 18.455279378, 0.0],
              [102.33943255, 18.471949381, 0.0],
              [102.339474275, 18.472245843, 0.0],
              [102.339427156, 18.472526859, 0.0],
              [102.339309897, 18.485483161, 0.0],
              [102.339163299, 18.4991636, 0.0],
              [102.339332236, 18.503840782, 0.0],
              [102.33980278, 18.509502211, 0.0],
              [102.340032652, 18.511685881, 0.0],
              [102.34004962, 18.511818935, 0.0],
              [102.33958891, 18.512303873, 0.0],
              [102.336864145, 18.515420769, 0.0],
              [102.336666475, 18.515666736, 0.0],
              [102.335346904, 18.517070653, 0.0],
              [102.332131131, 18.520851712, 0.0],
              [102.330396002, 18.523110046, 0.0],
              [102.329915646, 18.523745665, 0.0],
              [102.325004347, 18.530353213, 0.0],
              [102.324966571, 18.530425401, 0.0],
              [102.32174241, 18.534580229, 0.0],
              [102.321183317, 18.535314602, 0.0],
              [102.318625834, 18.538738998, 0.0],
              [102.318216384, 18.539148925, 0.0],
              [102.31448789, 18.542022511, 0.0],
              [102.311676202, 18.544358193, 0.0],
              [102.307500128, 18.548093523, 0.0],
              [102.307555223, 18.548155119, 0.0],
              [102.302243648, 18.552997244, 0.0],
              [102.300420291, 18.555032116, 0.0],
              [102.298743972, 18.557003222, 0.0],
              [102.296067756, 18.560320291, 0.0],
              [102.292546198, 18.565273324, 0.0],
              [102.289958208, 18.569426537, 0.0],
              [102.286925395, 18.575069671, 0.0],
              [102.285102039, 18.579055545, 0.0],
              [102.283799486, 18.582178112, 0.0],
              [102.283093671, 18.584045587, 0.0],
              [102.281953431, 18.587421643, 0.0],
              [102.280688845, 18.591658227, 0.0],
              [102.280436718, 18.592531802, 0.0],
              [102.278253972, 18.600361114, 0.0],
              [102.276699339, 18.605517608, 0.0],
              [102.275718196, 18.609301205, 0.0],
              [102.274424201, 18.615237332, 0.0],
              [102.273529434, 18.620868408, 0.0],
              [102.273147117, 18.624658503, 0.0],
              [102.27289466, 18.629676666, 0.0],
              [102.27289466, 18.633689615, 0.0],
              [102.273084274, 18.638039944, 0.0],
              [102.273437181, 18.642080665, 0.0],
              [102.274479081, 18.648759146, 0.0],
              [102.274802465, 18.650189125, 0.0],
              [102.276008818, 18.655659485, 0.0],
              [102.276940126, 18.659245274, 0.0],
              [102.277616532, 18.661502368, 0.0],
              [102.279897991, 18.667627227, 0.0],
              [102.281574302, 18.671361118, 0.0],
              [102.283178188, 18.674612724, 0.0],
              [102.28456041, 18.677176244, 0.0],
              [102.2859933, 18.679660443, 0.0],
              [102.288051928, 18.683004106, 0.0],
              [102.289583983, 18.685343356, 0.0],
              [102.291114085, 18.687542873, 0.0],
              [102.291195688, 18.68771262, 0.0],
              [102.291279089, 18.6879458, 0.0],
              [102.293381077, 18.694398668, 0.0],
              [102.295960822, 18.70078607, 0.0],
              [102.297519497, 18.703989934, 0.0],
              [102.298028516, 18.705006672, 0.0],
              [102.299793055, 18.708433346, 0.0],
              [102.302563345, 18.713157942, 0.0],
              [102.304801263, 18.716535861, 0.0],
              [102.30636373, 18.719065075, 0.0],
              [102.306886843, 18.719963605, 0.0],
              [102.308202154, 18.722911168, 0.0],
              [102.30846205, 18.723483879, 0.0],
              [102.31019718, 18.727244406, 0.0],
              [102.311533641, 18.72992656, 0.0],
              [102.313415815, 18.73343631, 0.0],
              [102.316747343, 18.738804177, 0.0],
              [102.320217602, 18.743678708, 0.0],
              [102.323177026, 18.747440655, 0.0],
              [102.324529838, 18.749000476, 0.0],
              [102.327672875, 18.752306836, 0.0],
              [102.331937176, 18.756401296, 0.0],
              [102.333547519, 18.757881189, 0.0],
              [102.337943576, 18.761747241, 0.0],
              [102.342369873, 18.765695817, 0.0],
              [102.342818052, 18.766090842, 0.0],
              [102.347524648, 18.770189535, 0.0],
              [102.351621537, 18.773917201, 0.0],
              [102.352332141, 18.774551497, 0.0],
              [102.356061857, 18.777817401, 0.0],
              [102.358032061, 18.779649815, 0.0],
              [102.361945775, 18.783611502, 0.0],
              [102.365759118, 18.787679243, 0.0],
              [102.368632891, 18.790976925, 0.0],
              [102.368740219, 18.79109968, 0.0],
              [102.373210383, 18.796195586, 0.0],
              [102.373686308, 18.796591304, 0.0],
              [102.374122321, 18.797253307, 0.0],
              [102.392002976, 18.816855754, 0.0],
              [102.39369342, 18.818620369, 0.0],
              [102.398398856, 18.823297889, 0.0],
              [102.398823772, 18.823715282, 0.0],
              [102.406024288, 18.830704529, 0.0],
              [102.407226989, 18.83218042, 0.0],
              [102.410203562, 18.839813338, 0.0],
              [102.414043065, 18.852090396, 0.0],
              [102.414419781, 18.853245515, 0.0],
              [102.415764397, 18.857204636, 0.0],
              [102.420403792, 18.876899306, 0.0],
              [102.419847054, 18.881400834, 0.0],
              [102.419495398, 18.885912805, 0.0],
              [102.419436581, 18.887721451, 0.0],
              [102.419410871, 18.889080382, 0.0],
              [102.419359397, 18.898747301, 0.0],
              [102.419234365, 18.900811976, 0.0],
              [102.418863884, 18.903507115, 0.0],
              [102.417477329, 18.908479645, 0.0],
              [102.413857806, 18.920870516, 0.0],
              [102.413809324, 18.921037565, 0.0],
              [102.410255812, 18.933361593, 0.0],
              [102.406645516, 18.945462768, 0.0],
              [102.406548494, 18.945792092, 0.0],
              [102.40437223, 18.953273742, 0.0],
              [102.403504705, 18.956704513, 0.0],
              [102.402563618, 18.961070972, 0.0],
              [102.402263604, 18.962863286, 0.0],
              [102.398242397, 18.973759852, 0.0],
              [102.397830672, 18.975595255, 0.0],
              [102.397424251, 18.977597759, 0.0],
              [102.397100752, 18.979377524, 0.0],
              [102.396662857, 18.994375588, 0.0],
              [102.39683931, 18.995821633, 0.0],
              [102.39904603, 19.005603758, 0.0],
              [102.399181679, 19.006009931, 0.0],
              [102.394683222, 19.032829709, 0.0],
              [102.391833645, 19.041702297, 0.0],
              [102.390461205, 19.042501613, 0.0],
              [102.382717829, 19.048063224, 0.0],
              [102.379188752, 19.051148149, 0.0],
              [102.376704595, 19.053473442, 0.0],
              [102.373293154, 19.056891806, 0.0],
              [102.367605543, 19.063706294, 0.0],
              [102.366429184, 19.065401553, 0.0],
              [102.365581747, 19.066663323, 0.0],
              [102.364905308, 19.067704335, 0.0],
              [102.364598462, 19.067883819, 0.0],
              [102.356516457, 19.07234384, 0.0],
              [102.355216366, 19.072935286, 0.0],
              [102.354901362, 19.073076659, 0.0],
              [102.351704211, 19.073804736, 0.0],
              [102.348828299, 19.074550184, 0.0],
              [102.344152272, 19.075911701, 0.0],
              [102.337831201, 19.078890749, 0.0],
              [102.333024789, 19.080737958, 0.0],
              [102.320908292, 19.087739866, 0.0],
              [102.311446815, 19.094820444, 0.0],
              [102.296507057, 19.109045628, 0.0],
              [102.295681226, 19.109850318, 0.0],
              [102.284772621, 19.120727666, 0.0],
              [102.272899531, 19.130380035, 0.0],
              [102.27150909, 19.131450909, 0.0],
              [102.271270242, 19.131636015, 0.0],
              [102.265535492, 19.136108216, 0.0],
              [102.264165459, 19.13721599, 0.0],
              [102.257636667, 19.142688021, 0.0],
              [102.25595167, 19.144165822, 0.0],
              [102.252863728, 19.146998984, 0.0],
              [102.251912728, 19.147894682, 0.0],
              [102.246942611, 19.152699836, 0.0],
              [102.243778192, 19.156055098, 0.0],
              [102.241748973, 19.158415961, 0.0],
              [102.23997367, 19.16060315, 0.0],
              [102.236973955, 19.16451933, 0.0],
              [102.236071963, 19.165734561, 0.0],
              [102.218700947, 19.189893673, 0.0],
              [102.216591194, 19.192447221, 0.0],
              [102.215676742, 19.193546165, 0.0],
              [102.21211609, 19.198390246, 0.0],
              [102.209998644, 19.201666935, 0.0],
              [102.20824281, 19.204599267, 0.0],
              [102.207213496, 19.206459731, 0.0],
              [102.205912705, 19.208976698, 0.0],
              [102.204148167, 19.212642028, 0.0],
              [102.203923675, 19.213114658, 0.0],
              [102.201938805, 19.217350517, 0.0],
              [102.200220257, 19.220876857, 0.0],
              [102.200038173, 19.221224333, 0.0],
              [102.198754351, 19.223286406, 0.0],
              [102.198444057, 19.223791448, 0.0],
              [102.193347771, 19.232197584, 0.0],
              [102.189097414, 19.239042304, 0.0],
              [102.187193259, 19.242053291, 0.0],
              [102.186634253, 19.242753271, 0.0],
              [102.182875457, 19.246997006, 0.0],
              [102.179992901, 19.250240052, 0.0],
              [102.179633619, 19.250648723, 0.0],
              [102.177075038, 19.253591153, 0.0],
              [102.173036518, 19.258916264, 0.0],
              [102.171301388, 19.261553302, 0.0],
              [102.169806359, 19.264857613, 0.0],
              [102.167534323, 19.268275313, 0.0],
              [102.164611233, 19.274655374, 0.0],
              [102.162176823, 19.281111933, 0.0],
              [102.158338584, 19.29390385, 0.0],
              [102.155841719, 19.301982805, 0.0],
              [102.155333671, 19.303739977, 0.0],
              [102.153506739, 19.31052123, 0.0],
              [102.153473808, 19.310644087, 0.0],
              [102.152316751, 19.314982791, 0.0],
              [102.152264513, 19.315180293, 0.0],
              [102.151503292, 19.318082277, 0.0],
              [102.150322284, 19.32403716, 0.0],
              [102.149865551, 19.327398799, 0.0],
              [102.149572116, 19.330111549, 0.0],
              [102.149358974, 19.332754841, 0.0],
              [102.149619762, 19.343260187, 0.0],
              [102.14992425, 19.345587397, 0.0],
              [102.150572416, 19.349392752, 0.0],
              [102.151364086, 19.353156442, 0.0],
              [102.152328728, 19.35698511, 0.0],
              [102.152937705, 19.359053665, 0.0],
              [102.153456389, 19.360708968, 0.0],
              [102.155315736, 19.366300925, 0.0],
              [102.156241732, 19.369194965, 0.0],
              [102.15672677, 19.372045624, 0.0],
              [102.165883343, 19.39916554, 0.0],
              [102.170362022, 19.42670759, 0.0],
              [102.168858025, 19.446878432, 0.0],
              [102.157861174, 19.499038719, 0.0],
              [102.156856393, 19.503774077, 0.0],
              [102.15656374, 19.504659654, 0.0],
              [102.154040581, 19.519901119, 0.0],
              [102.152913974, 19.645810734, 0.0],
              [102.15491717, 19.657795379, 0.0],
              [102.155421486, 19.66349997, 0.0],
              [102.162207174, 19.69734439, 0.0],
              [102.163413677, 19.728011417, 0.0],
              [102.162604108, 19.74121928, 0.0],
              [102.160843306, 19.744729217, 0.0],
              [102.150079635, 19.773052652, 0.0],
              [102.147712075, 19.781403514, 0.0],
              [102.147544607, 19.782277348, 0.0],
              [102.14679686, 19.795505817, 0.0],
              [102.147044989, 19.798746358, 0.0],
              [102.147063224, 19.80133713, 0.0],
              [102.147064622, 19.801498637, 0.0],
              [102.147071822, 19.80219978, 0.0],
              [102.146465181, 19.808796496, 0.0],
              [102.146255091, 19.813375232, 0.0],
              [102.146255091, 19.815838798, 0.0],
              [102.14661321, 19.821812373, 0.0],
              [102.146795903, 19.823330598, 0.0],
              [102.146824221, 19.823561401, 0.0],
              [102.147189607, 19.826483228, 0.0],
              [102.147767624, 19.830052036, 0.0],
              [102.148224357, 19.832343627, 0.0],
              [102.150673459, 19.84072817, 0.0],
              [102.151678271, 19.84330617, 0.0],
              [102.152627452, 19.845574897, 0.0],
              [102.153601815, 19.847751842, 0.0],
              [102.155671351, 19.85185808, 0.0],
              [102.158276797, 19.856485103, 0.0],
              [102.159096837, 19.859330378, 0.0],
              [102.159736263, 19.861306583, 0.0],
              [102.163678752, 19.870012889, 0.0],
              [102.164013114, 19.876229463, 0.0],
              [102.164282562, 19.881607094, 0.0],
              [102.164353834, 19.882761986, 0.0],
              [102.16450701, 19.884850651, 0.0],
              [102.16431741, 19.885611495, 0.0],
              [102.16379978, 19.888531904, 0.0],
              [102.163790417, 19.888584894, 0.0],
              [102.158730959, 19.9173096, 0.0],
              [102.155616276, 19.92792376, 0.0],
              [102.154132967, 19.934675829, 0.0],
              [102.151682855, 19.951216035, 0.0],
              [102.151370047, 19.952686098, 0.0],
              [102.148846727, 19.959992074, 0.0],
              [102.14353173, 19.973987281, 0.0],
              [102.143510626, 19.974029777, 0.0],
              [102.142993957, 19.974867606, 0.0],
              [102.141838393, 19.976841105, 0.0],
              [102.141290313, 19.977828228, 0.0],
              [102.141025512, 19.978554173, 0.0],
              [102.098450643, 20.039420878, 0.0],
              [102.097564178, 20.0407319, 0.0],
              [102.084482662, 20.060754328, 0.0],
              [102.077022326, 20.072042077, 0.0],
              [102.052846253, 20.099776474, 0.0],
              [102.051933872, 20.101232138, 0.0],
              [102.033538338, 20.12298818, 0.0],
              [102.029866048, 20.127916341, 0.0],
              [102.023692524, 20.137361772, 0.0],
              [102.020854709, 20.138294006, 0.0],
              [102.006939371, 20.145441089, 0.0],
              [102.006424261, 20.145959547, 0.0],
              [101.978410169, 20.166064931, 0.0],
              [101.969140647, 20.174691093, 0.0],
              [101.948679016, 20.199263491, 0.0],
              [101.944038322, 20.20585127, 0.0],
              [101.936487006, 20.218650237, 0.0],
              [101.931638696, 20.229758839, 0.0],
              [101.931212412, 20.23118723, 0.0],
              [101.929907734, 20.23666941, 0.0],
              [101.929408613, 20.239455673, 0.0],
              [101.929381471, 20.239588089, 0.0],
              [101.928410324, 20.247454919, 0.0],
              [101.928288529, 20.250254453, 0.0],
              [101.928241277, 20.252427678, 0.0],
              [101.928241277, 20.256027003, 0.0],
              [101.928971902, 20.264543382, 0.0],
              [101.929155583, 20.265606018, 0.0],
              [101.930236833, 20.273974291, 0.0],
              [101.930270524, 20.27422985, 0.0],
              [101.931123092, 20.280570844, 0.0],
              [101.931183399, 20.281004965, 0.0],
              [101.931883723, 20.285889068, 0.0],
              [101.931921709, 20.286149124, 0.0],
              [101.932469789, 20.28983352, 0.0],
              [101.933324501, 20.294221172, 0.0],
              [101.933842132, 20.296363223, 0.0],
              [101.935041933, 20.300528364, 0.0],
              [101.937630086, 20.308239502, 0.0],
              [101.938192682, 20.309826592, 0.0],
              [101.939654227, 20.313739133, 0.0],
              [101.939885083, 20.314345116, 0.0],
              [101.941255365, 20.31787308, 0.0],
              [101.941331596, 20.318232185, 0.0],
              [101.955024513, 20.353931703, 0.0],
              [101.963221579, 20.388494037, 0.0],
              [101.96503061, 20.394445161, 0.0],
              [101.967961141, 20.402293913, 0.0],
              [101.97368675, 20.420640744, 0.0],
              [101.97379268, 20.42278661, 0.0],
              [101.973885464, 20.424152711, 0.0],
              [101.972258294, 20.445017498, 0.0],
              [101.967992811, 20.461079397, 0.0],
              [101.963319739, 20.472151908, 0.0],
              [101.961425732, 20.47475182, 0.0],
              [101.959588266, 20.477276009, 0.0],
              [101.951503617, 20.494581359, 0.0],
              [101.945261602, 20.519562272, 0.0],
              [101.943890353, 20.528218868, 0.0],
              [101.943646762, 20.531726136, 0.0],
              [101.943527436, 20.535479059, 0.0],
              [101.943555526, 20.540345433, 0.0],
              [101.943525145, 20.543218761, 0.0],
              [101.931915253, 20.583193655, 0.0],
              [101.931114257, 20.586326542, 0.0],
              [101.926973212, 20.60502302, 0.0],
              [101.925870603, 20.612999989, 0.0],
              [101.925063709, 20.627206068, 0.0],
              [101.925768163, 20.638866154, 0.0],
              [101.926514159, 20.64302656, 0.0],
              [101.927565527, 20.647627816, 0.0],
              [101.928536554, 20.651111241, 0.0],
              [101.927364743, 20.653093538, 0.0],
              [101.922839122, 20.660536329, 0.0],
              [101.905633638, 20.684094034, 0.0],
              [101.901583924, 20.69064446, 0.0],
              [101.901270614, 20.691251251, 0.0],
              [101.823116554, 20.785148639, 0.0],
              [101.781508557, 20.817974573, 0.0],
              [101.777868832, 20.821142656, 0.0],
              [101.776133247, 20.82280718, 0.0],
              [101.774485268, 20.824463318, 0.0],
              [101.759976387, 20.839741934, 0.0],
              [101.75733241, 20.843586105, 0.0],
              [101.754673621, 20.846453029, 0.0],
              [101.753105201, 20.848792118, 0.0],
              [101.751092218, 20.851193722, 0.0],
              [101.748802615, 20.853893978, 0.0],
              [101.748480964, 20.854194485, 0.0],
              [101.746925362, 20.855712481, 0.0],
              [101.74498437, 20.857690718, 0.0],
              [101.744074498, 20.858642813, 0.0],
              [101.742898139, 20.859906673, 0.0],
              [101.735867856, 20.869550338, 0.0],
              [101.732515233, 20.875539789, 0.0],
              [101.731246814, 20.877980434, 0.0],
              [101.72833049, 20.879599791, 0.0],
              [101.726238716, 20.880828618, 0.0],
              [101.724091861, 20.882160894, 0.0],
              [101.723501235, 20.882533156, 0.0],
              [101.720604451, 20.884387334, 0.0],
              [101.719347059, 20.885219155, 0.0],
              [101.716935523, 20.886867294, 0.0],
              [101.713017348, 20.889837971, 0.0],
              [101.710135268, 20.892255209, 0.0],
              [101.709987515, 20.892425102, 0.0],
              [101.709719598, 20.89258822, 0.0],
              [101.709557849, 20.892725562, 0.0],
              [101.707105103, 20.894952154, 0.0],
              [101.705774347, 20.89624316, 0.0],
              [101.705612685, 20.896400703, 0.0],
              [101.703473182, 20.898495132, 0.0],
              [101.700986655, 20.901111597, 0.0],
              [101.699560319, 20.902725317, 0.0],
              [101.697867858, 20.904744969, 0.0],
              [101.696559159, 20.906393006, 0.0],
              [101.694009914, 20.909906233, 0.0],
              [101.69277482, 20.91177386, 0.0],
              [101.691396938, 20.913857375, 0.0],
              [101.689857235, 20.916181327, 0.0],
              [101.689604561, 20.916566543, 0.0],
              [101.68822234, 20.918695141, 0.0],
              [101.688055249, 20.918954203, 0.0],
              [101.687267153, 20.920184396, 0.0],
              [101.686522515, 20.92130222, 0.0],
              [101.68637633, 20.921522931, 0.0],
              [101.686290822, 20.921652777, 0.0],
              [101.684796863, 20.922849889, 0.0],
              [101.677335598, 20.930242264, 0.0],
              [101.614810284, 21.006805667, 0.0],
              [101.61419367, 21.007863556, 0.0],
              [101.613334823, 21.008707148, 0.0],
              [101.613151936, 21.008954185, 0.0],
              [101.612304657, 21.01013412, 0.0],
              [101.610598936, 21.01258388, 0.0],
              [101.608790206, 21.01537519, 0.0],
              [101.607349166, 21.017770014, 0.0],
              [101.606832697, 21.01864846, 0.0],
              [101.606340097, 21.019506196, 0.0],
              [101.605985632, 21.020133838, 0.0],
              [101.604941613, 21.022013977, 0.0],
              [101.604899206, 21.022092036, 0.0],
              [101.604728356, 21.022370767, 0.0],
              [101.604132825, 21.023358848, 0.0],
              [101.603452423, 21.024809163, 0.0],
              [101.603235794, 21.025165324, 0.0],
              [101.602441752, 21.026489601, 0.0],
              [101.602448269, 21.026493509, 0.0],
              [101.60139843, 21.028182787, 0.0],
              [101.600692614, 21.029431571, 0.0],
              [101.598452083, 21.033904289, 0.0],
              [101.598289586, 21.034273761, 0.0],
              [101.598005439, 21.034879874, 0.0],
              [101.594886928, 21.041406052, 0.0],
              [101.594377213, 21.042472744, 0.0],
              [101.593810744, 21.043657849, 0.0],
              [101.593759545, 21.04376529, 0.0],
              [101.593487045, 21.04433889, 0.0],
              [101.593284266, 21.044771041, 0.0],
              [101.593081566, 21.045208441, 0.0],
              [101.592806488, 21.045812502, 0.0],
              [101.592656388, 21.046148002, 0.0],
              [101.592198827, 21.047203119, 0.0],
              [101.592051427, 21.047554019, 0.0],
              [101.591699742, 21.048413506, 0.0],
              [101.591424542, 21.049104306, 0.0],
              [101.590853491, 21.050607621, 0.0],
              [101.590627691, 21.051232121, 0.0],
              [101.590126455, 21.052688134, 0.0],
              [101.589866855, 21.053481734, 0.0],
              [101.589343959, 21.055182013, 0.0],
              [101.589129159, 21.055927413, 0.0],
              [101.588718071, 21.057443033, 0.0],
              [101.588534871, 21.058163033, 0.0],
              [101.588152786, 21.059776123, 0.0],
              [101.587981986, 21.060554523, 0.0],
              [101.587639492, 21.062255935, 0.0],
              [101.587496792, 21.063034435, 0.0],
              [101.587218983, 21.06471002, 0.0],
              [101.587104483, 21.06548162, 0.0],
              [101.58688479, 21.067156505, 0.0],
              [101.58679339, 21.067958105, 0.0],
              [101.586622508, 21.06973946, 0.0],
              [101.586560308, 21.07053796, 0.0],
              [101.586458087, 21.072212752, 0.0],
              [101.586423587, 21.072993152, 0.0],
              [101.586378401, 21.074601299, 0.0],
              [101.586370101, 21.075292799, 0.0],
              [101.58637522, 21.076826645, 0.0],
              [101.58638822, 21.077522645, 0.0],
              [101.586434637, 21.078936377, 0.0],
              [101.586465437, 21.079591677, 0.0],
              [101.586510777, 21.080412424, 0.0],
              [101.586521577, 21.080582524, 0.0],
              [101.586578161, 21.081374279, 0.0],
              [101.586608161, 21.081751879, 0.0],
              [101.586668913, 21.082453861, 0.0],
              [101.586705913, 21.082848961, 0.0],
              [101.58679211, 21.083692318, 0.0],
              [101.58683671, 21.084094918, 0.0],
              [101.586960447, 21.085115831, 0.0],
              [101.587023047, 21.085591331, 0.0],
              [101.587161427, 21.086567915, 0.0],
              [101.587223427, 21.086976415, 0.0],
              [101.587352679, 21.087783495, 0.0],
              [101.587426079, 21.088218995, 0.0],
              [101.58760156, 21.089200362, 0.0],
              [101.58767456, 21.089586362, 0.0],
              [101.587868334, 21.09055814, 0.0],
              [101.587985634, 21.09111744, 0.0],
              [101.588280599, 21.092435049, 0.0],
              [101.588418999, 21.093016349, 0.0],
              [101.588710436, 21.094178449, 0.0],
              [101.588863036, 21.094757449, 0.0],
              [101.589215645, 21.096027192, 0.0],
              [101.589392245, 21.096632092, 0.0],
              [101.589801756, 21.097965357, 0.0],
              [101.590016656, 21.098631757, 0.0],
              [101.590480834, 21.100002887, 0.0],
              [101.590680134, 21.100564687, 0.0],
              [101.591133971, 21.101792727, 0.0],
              [101.591372871, 21.102414027, 0.0],
              [101.591884324, 21.103691395, 0.0],
              [101.592142024, 21.104310195, 0.0],
              [101.592732231, 21.10567025, 0.0],
              [101.592988431, 21.10623745, 0.0],
              [101.593484959, 21.107303133, 0.0],
              [101.593730159, 21.107813633, 0.0],
              [101.594229029, 21.108822988, 0.0],
              [101.594494329, 21.109344888, 0.0],
              [101.595080394, 21.110462648, 0.0],
              [101.595363194, 21.110985848, 0.0],
              [101.596019139, 21.112161287, 0.0],
              [101.596331239, 21.112703287, 0.0],
              [101.596918377, 21.113696258, 0.0],
              [101.597247477, 21.114238458, 0.0],
              [101.597995149, 21.115432034, 0.0],
              [101.598340349, 21.115966234, 0.0],
              [101.599019853, 21.116989956, 0.0],
              [101.599384853, 21.117525456, 0.0],
              [101.600124865, 21.118581617, 0.0],
              [101.600427365, 21.119001717, 0.0],
              [101.60104337, 21.119838717, 0.0],
              [101.601352049, 21.120249133, 0.0],
              [101.613754734, 21.136847907, 0.0],
              [101.613761443, 21.137092029, 0.0],
              [101.613779243, 21.137558629, 0.0],
              [101.613827686, 21.138563166, 0.0],
              [101.613857086, 21.139067366, 0.0],
              [101.6139384, 21.140228947, 0.0],
              [101.6139792, 21.140728247, 0.0],
              [101.614079341, 21.141809078, 0.0],
              [101.614134141, 21.142337978, 0.0],
              [101.614264231, 21.143467998, 0.0],
              [101.614282101, 21.143609076, 0.0],
              [101.614209512, 21.146858426, 0.0],
              [101.616359976, 21.154017098, 0.0],
              [101.616369667, 21.154052528, 0.0],
              [101.616632604, 21.15497864, 0.0],
              [101.616768504, 21.15544034, 0.0],
              [101.61708273, 21.156467049, 0.0],
              [101.61723243, 21.156938049, 0.0],
              [101.617287701, 21.1571054, 0.0],
              [101.618710118, 21.161840481, 0.0],
              [101.620778278, 21.166133916, 0.0],
              [101.621950286, 21.170730909, 0.0],
              [101.623404123, 21.173030393, 0.0],
              [101.623873764, 21.173889528, 0.0],
              [101.624062679, 21.174263708, 0.0],
              [101.624127328, 21.174353384, 0.0],
              [101.62435364, 21.174767388, 0.0],
              [101.625235131, 21.176672109, 0.0],
              [101.62686773, 21.179826646, 0.0],
              [101.627352073, 21.180814934, 0.0],
              [101.627503073, 21.181099434, 0.0],
              [101.628482413, 21.182401076, 0.0],
              [101.628889141, 21.18304849, 0.0],
              [101.629212687, 21.183774714, 0.0],
              [101.630386235, 21.185431507, 0.0],
              [101.631729713, 21.187570003, 0.0],
              [101.631963613, 21.187885403, 0.0],
              [101.632019062, 21.187953022, 0.0],
              [101.634388031, 21.192390173, 0.0],
              [101.634768171, 21.193088756, 0.0],
              [101.635080971, 21.193652856, 0.0],
              [101.635578137, 21.194528531, 0.0],
              [101.635885737, 21.195057831, 0.0],
              [101.636421049, 21.195957165, 0.0],
              [101.636792049, 21.196565865, 0.0],
              [101.637353946, 21.197466131, 0.0],
              [101.637665646, 21.197953931, 0.0],
              [101.638192584, 21.198761308, 0.0],
              [101.638568884, 21.199325908, 0.0],
              [101.63916485, 21.200199917, 0.0],
              [101.63952015, 21.200709317, 0.0],
              [101.64010906, 21.201535649, 0.0],
              [101.64051286, 21.202090249, 0.0],
              [101.641176076, 21.202980215, 0.0],
              [101.641595976, 21.203530815, 0.0],
              [101.642210485, 21.204320098, 0.0],
              [101.642589585, 21.204797098, 0.0],
              [101.64319439, 21.205543263, 0.0],
              [101.64361339, 21.206050163, 0.0],
              [101.644269729, 21.206827936, 0.0],
              [101.644670129, 21.207292736, 0.0],
              [101.645310956, 21.208022188, 0.0],
              [101.645719556, 21.208478288, 0.0],
              [101.646348053, 21.209166823, 0.0],
              [101.646786753, 21.209638523, 0.0],
              [101.647427765, 21.210315001, 0.0],
              [101.647835365, 21.210737201, 0.0],
              [101.648489921, 21.211402658, 0.0],
              [101.648908621, 21.211820458, 0.0],
              [101.648988157, 21.211899646, 0.0],
              [101.652266457, 21.215156246, 0.0],
              [101.669572493, 21.232344684, 0.0],
              [101.66953142, 21.233180391, 0.0],
              [101.669287053, 21.237244204, 0.0],
              [101.669235764, 21.238274377, 0.0],
              [101.669230024, 21.238419884, 0.0],
              [101.669157038, 21.239755062, 0.0],
              [101.669154028, 21.239810679, 0.0],
              [101.669084612, 21.241107046, 0.0],
              [101.669061212, 21.241537513, 0.0],
              [101.669048747, 21.241768986, 0.0],
              [101.669015006, 21.242399052, 0.0],
              [101.668873062, 21.24257826, 0.0],
              [101.668687962, 21.24281996, 0.0],
              [101.667516402, 21.244414133, 0.0],
              [101.667325102, 21.244685533, 0.0],
              [101.666245036, 21.246282345, 0.0],
              [101.666060236, 21.246567245, 0.0],
              [101.665321269, 21.247741874, 0.0],
              [101.665158669, 21.248008474, 0.0],
              [101.664066193, 21.249890662, 0.0],
              [101.663896493, 21.250198262, 0.0],
              [101.663045474, 21.251809569, 0.0],
              [101.662895974, 21.252105569, 0.0],
              [101.662039928, 21.25388714, 0.0],
              [101.661914328, 21.25416234, 0.0],
              [101.661250291, 21.255683663, 0.0],
              [101.661127191, 21.255978963, 0.0],
              [101.660916909, 21.256491375, 0.0],
              [101.658864709, 21.261572075, 0.0],
              [101.658490958, 21.262498474, 0.0],
              [101.657457841, 21.265059749, 0.0],
              [101.657088385, 21.265975596, 0.0],
              [101.65549019, 21.269937431, 0.0],
              [101.654459967, 21.272491385, 0.0],
              [101.653663022, 21.274467065, 0.0],
              [101.652623727, 21.27502283, 0.0],
              [101.651844727, 21.27545583, 0.0],
              [101.650436027, 21.276269114, 0.0],
              [101.649686727, 21.276718114, 0.0],
              [101.648326932, 21.277562813, 0.0],
              [101.647621532, 21.278016813, 0.0],
              [101.646288422, 21.278905334, 0.0],
              [101.645606722, 21.279375634, 0.0],
              [101.644359668, 21.280264459, 0.0],
              [101.643687468, 21.280759259, 0.0],
              [101.642349864, 21.281778984, 0.0],
              [101.641636064, 21.282342384, 0.0],
              [101.640354578, 21.283388726, 0.0],
              [101.639704578, 21.283937626, 0.0],
              [101.638404323, 21.285074692, 0.0],
              [101.637760223, 21.285657892, 0.0],
              [101.636569673, 21.286771733, 0.0],
              [101.635934573, 21.287385633, 0.0],
              [101.634771134, 21.288547847, 0.0],
              [101.634245734, 21.289090247, 0.0],
              [101.633164114, 21.290242771, 0.0],
              [101.632632514, 21.290827471, 0.0],
              [101.631732275, 21.291845072, 0.0],
              [101.631321275, 21.292322572, 0.0],
              [101.630583845, 21.293199441, 0.0],
              [101.630219545, 21.293642841, 0.0],
              [101.629482372, 21.294561943, 0.0],
              [101.629205193, 21.294915995, 0.0],
              [101.629023424, 21.295146148, 0.0],
              [101.625971148, 21.299053521, 0.0],
              [101.61330282, 21.315269316, 0.0],
              [101.601400983, 21.329145287, 0.0],
              [101.600797497, 21.329862364, 0.0],
              [101.600326597, 21.330432664, 0.0],
              [101.599459423, 21.331513028, 0.0],
              [101.599029723, 21.332063828, 0.0],
              [101.598087556, 21.33331125, 0.0],
              [101.597625256, 21.33394365, 0.0],
              [101.596807223, 21.335096534, 0.0],
              [101.596432123, 21.335641334, 0.0],
              [101.595663879, 21.336790849, 0.0],
              [101.595287879, 21.337370649, 0.0],
              [101.594519817, 21.338593334, 0.0],
              [101.594154217, 21.339194434, 0.0],
              [101.593368197, 21.340533143, 0.0],
              [101.592979097, 21.341220043, 0.0],
              [101.592208256, 21.34263344, 0.0],
              [101.591846756, 21.34332244, 0.0],
              [101.591124177, 21.34475505, 0.0],
              [101.590791677, 21.34544145, 0.0],
              [101.590104445, 21.346921205, 0.0],
              [101.589780945, 21.347648605, 0.0],
              [101.589148634, 21.349134553, 0.0],
              [101.588876834, 21.349803053, 0.0],
              [101.588332009, 21.35120298, 0.0],
              [101.588082409, 21.35187398, 0.0],
              [101.587573303, 21.35330912, 0.0],
              [101.587361403, 21.35393662, 0.0],
              [101.586950692, 21.35520871, 0.0],
              [101.586754792, 21.35584441, 0.0],
              [101.586355413, 21.357209056, 0.0],
              [101.586189013, 21.357809156, 0.0],
              [101.585875482, 21.358996284, 0.0],
              [101.585745682, 21.359513384, 0.0],
              [101.585588438, 21.360157893, 0.0],
              [101.585305938, 21.361350093, 0.0],
              [101.584398643, 21.365180024, 0.0],
              [101.583965217, 21.366067024, 0.0],
              [101.583939946, 21.366118816, 0.0],
              [101.583697946, 21.366615516, 0.0],
              [101.583404795, 21.367227721, 0.0],
              [101.583134195, 21.367802821, 0.0],
              [101.582700556, 21.36874991, 0.0],
              [101.582413856, 21.36939371, 0.0],
              [101.581957127, 21.370451975, 0.0],
              [101.581709727, 21.371043875, 0.0],
              [101.581347162, 21.37193532, 0.0],
              [101.581139462, 21.37246042, 0.0],
              [101.581117824, 21.372515219, 0.0],
              [101.579435008, 21.376784358, 0.0],
              [101.578076637, 21.37890973, 0.0],
              [101.568258045, 21.381900212, 0.0],
              [101.568019923, 21.381973387, 0.0],
              [101.567525062, 21.382126807, 0.0],
              [101.566920435, 21.382314178, 0.0],
              [101.566849061, 21.382336022, 0.0],
              [101.566354097, 21.382487819, 0.0],
              [101.560677106, 21.384175106, 0.0],
              [101.560314778, 21.38428429, 0.0],
              [101.559757278, 21.38445459, 0.0],
              [101.549136771, 21.387701759, 0.0],
              [101.548865584, 21.387785516, 0.0],
              [101.548143384, 21.388010816, 0.0],
              [101.546874613, 21.388425288, 0.0],
              [101.546149013, 21.388673088, 0.0],
              [101.544880129, 21.389125603, 0.0],
              [101.544202229, 21.389377703, 0.0],
              [101.542947525, 21.389863622, 0.0],
              [101.542227625, 21.390153622, 0.0],
              [101.540923405, 21.390700569, 0.0],
              [101.540245805, 21.390996069, 0.0],
              [101.539053331, 21.391534784, 0.0],
              [101.538377131, 21.391850984, 0.0],
              [101.537105017, 21.392467908, 0.0],
              [101.536417317, 21.392813508, 0.0],
              [101.535224607, 21.393433115, 0.0],
              [101.534588107, 21.393774715, 0.0],
              [101.533397591, 21.394434676, 0.0],
              [101.532777091, 21.394789776, 0.0],
              [101.531596912, 21.395486815, 0.0],
              [101.530975012, 21.395865715, 0.0],
              [101.529855109, 21.396568499, 0.0],
              [101.529232009, 21.396971099, 0.0],
              [101.527966768, 21.397816164, 0.0],
              [101.527289368, 21.398283664, 0.0],
              [101.526105801, 21.399126133, 0.0],
              [101.525497701, 21.399572433, 0.0],
              [101.524293932, 21.400484196, 0.0],
              [101.523655132, 21.400983396, 0.0],
              [101.522468449, 21.401940239, 0.0],
              [101.521864449, 21.402442639, 0.0],
              [101.520735987, 21.403410017, 0.0],
              [101.520177787, 21.403903117, 0.0],
              [101.519142326, 21.404843933, 0.0],
              [101.518602126, 21.405348733, 0.0],
              [101.517639221, 21.406272918, 0.0],
              [101.517210721, 21.406695318, 0.0],
              [101.516393646, 21.407519678, 0.0],
              [101.515998146, 21.407928078, 0.0],
              [101.515203872, 21.408767455, 0.0],
              [101.514778372, 21.409227655, 0.0],
              [101.514342235, 21.409705526, 0.0],
              [101.514045035, 21.410035426, 0.0],
              [101.51204525, 21.412259374, 0.0],
              [101.511979607, 21.412332521, 0.0],
              [101.509648607, 21.414935121, 0.0],
              [101.509507835, 21.415092965, 0.0],
              [101.509038235, 21.415621765, 0.0],
              [101.508375615, 21.416383264, 0.0],
              [101.507944215, 21.416889264, 0.0],
              [101.507314645, 21.417642558, 0.0],
              [101.506911345, 21.418134858, 0.0],
              [101.506261604, 21.418945002, 0.0],
              [101.505906904, 21.419396802, 0.0],
              [101.505401774, 21.420051281, 0.0],
              [101.505052774, 21.420511281, 0.0],
              [101.504276186, 21.421563147, 0.0],
              [101.503662986, 21.422416847, 0.0],
              [101.502701261, 21.423804632, 0.0],
              [101.502109361, 21.424690332, 0.0],
              [101.501410425, 21.425765807, 0.0],
              [101.501145325, 21.426185407, 0.0],
              [101.500768261, 21.426791769, 0.0],
              [101.500539561, 21.427165469, 0.0],
              [101.500178958, 21.427764056, 0.0],
              [101.499925358, 21.428191756, 0.0],
              [101.499490771, 21.428939355, 0.0],
              [101.499256071, 21.429351255, 0.0],
              [101.498884083, 21.430015813, 0.0],
              [101.498617983, 21.430499813, 0.0],
              [101.498113336, 21.431441384, 0.0],
              [101.497786436, 21.432067284, 0.0],
              [101.497270686, 21.433082788, 0.0],
              [101.496949086, 21.433734288, 0.0],
              [101.496685097, 21.434277316, 0.0],
              [101.495590875, 21.436563136, 0.0],
              [101.493627148, 21.440659617, 0.0],
              [101.493478057, 21.440969463, 0.0],
              [101.48944829, 21.446390482, 0.0],
              [101.487292717, 21.449252352, 0.0],
              [101.486008119, 21.451038307, 0.0],
              [101.482575319, 21.456039407, 0.0],
              [101.482101602, 21.456759343, 0.0],
              [101.407004604, 21.54176413, 0.0],
              [101.406883955, 21.5419012, 0.0],
              [101.406618952, 21.542203382, 0.0],
              [101.406503834, 21.542332382, 0.0],
              [101.406428772, 21.542415144, 0.0],
              [101.406247973, 21.542610825, 0.0],
              [101.406090118, 21.542778009, 0.0],
              [101.405913488, 21.542960987, 0.0],
              [101.405760998, 21.54311557, 0.0],
              [101.405632436, 21.543243331, 0.0],
              [101.405454745, 21.54341644, 0.0],
              [101.405282771, 21.543580506, 0.0],
              [101.405154614, 21.543700355, 0.0],
              [101.404971549, 21.543868275, 0.0],
              [101.404795078, 21.544026879, 0.0],
              [101.404644901, 21.544159148, 0.0],
              [101.404487036, 21.5442956, 0.0],
              [101.404298391, 21.54445547, 0.0],
              [101.404142011, 21.544585436, 0.0],
              [101.403985352, 21.544713182, 0.0],
              [101.40358845, 21.5450305, 0.0],
              [101.403443991, 21.545146433, 0.0],
              [101.402827291, 21.545643233, 0.0],
              [101.402559915, 21.545860148, 0.0],
              [101.402099815, 21.546236048, 0.0],
              [101.401458171, 21.546769256, 0.0],
              [101.401003371, 21.547153656, 0.0],
              [101.400284842, 21.547772739, 0.0],
              [101.399859342, 21.548146439, 0.0],
              [101.399247793, 21.548692485, 0.0],
              [101.398832693, 21.549069285, 0.0],
              [101.397874002, 21.549962714, 0.0],
              [101.397023802, 21.550776114, 0.0],
              [101.396083715, 21.551699542, 0.0],
              [101.395672615, 21.552114142, 0.0],
              [101.395350371, 21.552442133, 0.0],
              [101.394964871, 21.552838133, 0.0],
              [101.394477755, 21.55334561, 0.0],
              [101.354347055, 21.59574681, 0.0],
              [101.354044874, 21.596068925, 0.0],
              [101.353549174, 21.596602025, 0.0],
              [101.352772905, 21.597456432, 0.0],
              [101.352262305, 21.598031632, 0.0],
              [101.351496354, 21.598915084, 0.0],
              [101.351036754, 21.599457884, 0.0],
              [101.350328079, 21.600313962, 0.0],
              [101.349866479, 21.600884362, 0.0],
              [101.349180103, 21.601751973, 0.0],
              [101.348765703, 21.602287873, 0.0],
              [101.348460773, 21.602686323, 0.0],
              [101.339348673, 21.614717623, 0.0],
              [101.339066993, 21.615093193, 0.0],
              [101.338724707, 21.615554063, 0.0],
              [101.334896277, 21.620579957, 0.0],
              [101.334354504, 21.621304699, 0.0],
              [101.334020019, 21.621760693, 0.0],
              [101.332827872, 21.623325918, 0.0],
              [101.332177327, 21.624177804, 0.0],
              [101.331415276, 21.625202577, 0.0],
              [101.331017376, 21.625752177, 0.0],
              [101.330266847, 21.626817817, 0.0],
              [101.329946347, 21.627285717, 0.0],
              [101.329308543, 21.62824017, 0.0],
              [101.329034543, 21.62866057, 0.0],
              [101.32847437, 21.629539957, 0.0],
              [101.32816707, 21.630033657, 0.0],
              [101.327611051, 21.630948636, 0.0],
              [101.327343851, 21.631399136, 0.0],
              [101.326738838, 21.632447926, 0.0],
              [101.326434638, 21.632990326, 0.0],
              [101.325772869, 21.634209631, 0.0],
              [101.325492669, 21.634743431, 0.0],
              [101.324981854, 21.635743709, 0.0],
              [101.324690454, 21.636330509, 0.0],
              [101.324034713, 21.637703014, 0.0],
              [101.323756013, 21.638309914, 0.0],
              [101.32323968, 21.639473097, 0.0],
              [101.32299628, 21.640040797, 0.0],
              [101.322455153, 21.641354107, 0.0],
              [101.322206653, 21.641982407, 0.0],
              [101.321674866, 21.643388401, 0.0],
              [101.321445866, 21.644022501, 0.0],
              [101.320982522, 21.645364868, 0.0],
              [101.320767422, 21.646017968, 0.0],
              [101.32047638, 21.646931004, 0.0],
              [101.32038508, 21.647227204, 0.0],
              [101.320296146, 21.647518885, 0.0],
              [101.317514347, 21.656743214, 0.0],
              [101.298164542, 21.668769104, 0.0],
              [101.297844475, 21.668969705, 0.0],
              [101.297143075, 21.669413005, 0.0],
              [101.296145707, 21.670060085, 0.0],
              [101.295482307, 21.670501785, 0.0],
              [101.294457003, 21.671202981, 0.0],
              [101.293772803, 21.671683481, 0.0],
              [101.292769373, 21.672406868, 0.0],
              [101.292047773, 21.672940768, 0.0],
              [101.290996553, 21.673740246, 0.0],
              [101.290339553, 21.674253746, 0.0],
              [101.289382865, 21.675020556, 0.0],
              [101.288760865, 21.675531756, 0.0],
              [101.287872108, 21.676279659, 0.0],
              [101.287282708, 21.676787459, 0.0],
              [101.286373162, 21.677590514, 0.0],
              [101.285781062, 21.678126214, 0.0],
              [101.284906167, 21.678936958, 0.0],
              [101.284308967, 21.679503758, 0.0],
              [101.28336476, 21.680423864, 0.0],
              [101.28278226, 21.681006664, 0.0],
              [101.281949433, 21.681860033, 0.0],
              [101.281421233, 21.682414333, 0.0],
              [101.28067281, 21.683217202, 0.0],
              [101.28022681, 21.683706302, 0.0],
              [101.279553058, 21.684460339, 0.0],
              [101.279140258, 21.684931839, 0.0],
              [101.278574793, 21.685589124, 0.0],
              [101.278229393, 21.685997724, 0.0],
              [101.27790612, 21.68638408, 0.0],
              [101.272126537, 21.693362601, 0.0],
              [101.270648209, 21.694357172, 0.0],
              [101.269723231, 21.694979496, 0.0],
              [101.269311722, 21.695256356, 0.0],
              [101.268628414, 21.695704872, 0.0],
              [101.267849198, 21.696226863, 0.0],
              [101.266611447, 21.697072949, 0.0],
              [101.265261164, 21.697981368, 0.0],
              [101.263961369, 21.69885585, 0.0],
              [101.262955731, 21.699487853, 0.0],
              [101.261878997, 21.700136351, 0.0],
              [101.260626759, 21.700851495, 0.0],
              [101.185795643, 21.742668408, 0.0],
              [101.185299148, 21.742949588, 0.0],
              [101.184857948, 21.743202788, 0.0],
              [101.184236012, 21.743565688, 0.0],
              [101.183768712, 21.743842888, 0.0],
              [101.183079549, 21.744259234, 0.0],
              [101.182635449, 21.744532434, 0.0],
              [101.18201802, 21.744918488, 0.0],
              [101.18156762, 21.745204688, 0.0],
              [101.180802177, 21.745700936, 0.0],
              [101.180344477, 21.746003636, 0.0],
              [101.179800927, 21.746368249, 0.0],
              [101.179354527, 21.746671949, 0.0],
              [101.178678713, 21.7471399, 0.0],
              [101.178266313, 21.7474305, 0.0],
              [101.177670655, 21.747856797, 0.0],
              [101.177238355, 21.748170997, 0.0],
              [101.176538016, 21.748689396, 0.0],
              [101.176095716, 21.749022796, 0.0],
              [101.175465264, 21.749505923, 0.0],
              [101.175011864, 21.749859123, 0.0],
              [101.17441849, 21.75032862, 0.0],
              [101.17401979, 21.75064902, 0.0],
              [101.173307067, 21.75123266, 0.0],
              [101.172866867, 21.75159996, 0.0],
              [101.172148542, 21.752210906, 0.0],
              [101.171605342, 21.752681806, 0.0],
              [101.17081404, 21.753382572, 0.0],
              [101.17029504, 21.753852072, 0.0],
              [101.16956715, 21.754523768, 0.0],
              [101.16911565, 21.754948768, 0.0],
              [101.168408173, 21.755627929, 0.0],
              [101.167941473, 21.756084829, 0.0],
              [101.167225323, 21.756800281, 0.0],
              [101.166747423, 21.757287481, 0.0],
              [101.166006619, 21.75805904, 0.0],
              [101.165547719, 21.75854734, 0.0],
              [101.164882424, 21.759269333, 0.0],
              [101.164443424, 21.759755233, 0.0],
              [101.163709752, 21.7605856, 0.0],
              [101.163247852, 21.7611202, 0.0],
              [101.162590094, 21.76189734, 0.0],
              [101.162179794, 21.76239224, 0.0],
              [101.161556098, 21.763159864, 0.0],
              [101.161186098, 21.763624564, 0.0],
              [101.160653698, 21.764305218, 0.0],
              [101.160330298, 21.764726118, 0.0],
              [101.159843354, 21.765370576, 0.0],
              [101.159571054, 21.765737076, 0.0],
              [101.159177153, 21.766274693, 0.0],
              [101.158905353, 21.766650893, 0.0],
              [101.158470437, 21.767262479, 0.0],
              [101.158221837, 21.767617679, 0.0],
              [101.157786684, 21.768249695, 0.0],
              [101.157533184, 21.768623995, 0.0],
              [101.157286712, 21.768991409, 0.0],
              [101.155290864, 21.771995242, 0.0],
              [101.154948112, 21.772500222, 0.0],
              [101.154802579, 21.772704964, 0.0],
              [101.154622935, 21.772946058, 0.0],
              [101.154434215, 21.773188293, 0.0],
              [101.154251927, 21.773412048, 0.0],
              [101.153669192, 21.774049725, 0.0],
              [101.153295218, 21.77445329, 0.0],
              [101.153253918, 21.774496551, 0.0],
              [101.153160598, 21.774589021, 0.0],
              [101.152955523, 21.77478445, 0.0],
              [101.152707704, 21.775011478, 0.0],
              [101.152474519, 21.775216797, 0.0],
              [101.152197721, 21.775451174, 0.0],
              [101.152036746, 21.775582403, 0.0],
              [101.15164609, 21.775888082, 0.0],
              [101.151476218, 21.776015766, 0.0],
              [101.151230667, 21.776193935, 0.0],
              [101.150903456, 21.776421854, 0.0],
              [101.150570441, 21.77664377, 0.0],
              [101.150289942, 21.776822785, 0.0],
              [101.150005232, 21.776997164, 0.0],
              [101.14970225, 21.777175169, 0.0],
              [101.149343113, 21.777376847, 0.0],
              [101.148959156, 21.777582502, 0.0],
              [101.148695556, 21.777717393, 0.0],
              [101.148373057, 21.777875594, 0.0],
              [101.148018852, 21.77804213, 0.0],
              [101.147946544, 21.778075001, 0.0],
              [101.147635471, 21.77821209, 0.0],
              [101.147464034, 21.778285249, 0.0],
              [101.147361674, 21.778327643, 0.0],
              [101.146779825, 21.7785575, 0.0],
              [101.146448213, 21.778680757, 0.0],
              [101.146070424, 21.778813347, 0.0],
              [101.145679836, 21.778942032, 0.0],
              [101.145226165, 21.779081253, 0.0],
              [101.14476151, 21.779212932, 0.0],
              [101.1442309, 21.779350194, 0.0],
              [101.143701886, 21.779473501, 0.0],
              [101.143199477, 21.779579229, 0.0],
              [101.142664981, 21.779678315, 0.0],
              [101.142188739, 21.779755811, 0.0],
              [101.14163584, 21.779832332, 0.0],
              [101.141080359, 21.779896438, 0.0],
              [101.140575909, 21.779942481, 0.0],
              [101.139930485, 21.779985244, 0.0],
              [101.139303798, 21.780010399, 0.0],
              [101.13861824, 21.780018806, 0.0],
              [101.138054299, 21.780011276, 0.0],
              [101.137542185, 21.779991512, 0.0],
              [101.136980996, 21.779956596, 0.0],
              [101.136370782, 21.779904442, 0.0],
              [101.135832675, 21.779845946, 0.0],
              [101.135257588, 21.779767267, 0.0],
              [101.134685497, 21.779675921, 0.0],
              [101.134169991, 21.779581725, 0.0],
              [101.13358087, 21.779459167, 0.0],
              [101.119970489, 21.776357256, 0.0],
              [101.119201458, 21.776188346, 0.0],
              [101.118394458, 21.776017746, 0.0],
              [101.117358295, 21.775810115, 0.0],
              [101.116640295, 21.775674115, 0.0],
              [101.115642128, 21.775495513, 0.0],
              [101.114908528, 21.775371913, 0.0],
              [101.113877627, 21.775209268, 0.0],
              [101.113131827, 21.775099568, 0.0],
              [101.112109371, 21.774959938, 0.0],
              [101.111323271, 21.774860838, 0.0],
              [101.110301931, 21.774742737, 0.0],
              [101.109586331, 21.774667437, 0.0],
              [101.108576816, 21.774571549, 0.0],
              [101.107806416, 21.774506249, 0.0],
              [101.10680802, 21.774431684, 0.0],
              [101.10606682, 21.774383784, 0.0],
              [101.105051692, 21.774328538, 0.0],
              [101.104364392, 21.774298138, 0.0],
              [101.103370525, 21.774264077, 0.0],
              [101.102597425, 21.774245277, 0.0],
              [101.101603859, 21.774230993, 0.0],
              [101.100837959, 21.774227593, 0.0],
              [101.099813164, 21.774233546, 0.0],
              [101.099078364, 21.774245346, 0.0],
              [101.098008413, 21.774273986, 0.0],
              [101.097242713, 21.774302686, 0.0],
              [101.096178007, 21.774353963, 0.0],
              [101.095336907, 21.774403463, 0.0],
              [101.094253587, 21.774479032, 0.0],
              [101.093456587, 21.774543332, 0.0],
              [101.09234315, 21.774645704, 0.0],
              [101.09155075, 21.774727504, 0.0],
              [101.09052756, 21.774843789, 0.0],
              [101.08976926, 21.774937889, 0.0],
              [101.088748415, 21.775075261, 0.0],
              [101.088018415, 21.775181161, 0.0],
              [101.087000797, 21.775339502, 0.0],
              [101.086268997, 21.775461102, 0.0],
              [101.085291752, 21.775633469, 0.0],
              [101.084587152, 21.775764969, 0.0],
              [101.083662627, 21.775946544, 0.0],
              [101.082982227, 21.776086844, 0.0],
              [101.082002638, 21.776299095, 0.0],
              [101.081280338, 21.776463195, 0.0],
              [101.08033787, 21.776686938, 0.0],
              [101.07968697, 21.776848138, 0.0],
              [101.078801362, 21.77707608, 0.0],
              [101.078246262, 21.77722438, 0.0],
              [101.077513599, 21.777426095, 0.0],
              [101.076891399, 21.777602495, 0.0],
              [101.076008525, 21.777861598, 0.0],
              [101.075373925, 21.778054198, 0.0],
              [101.074456064, 21.77834244, 0.0],
              [101.073758364, 21.77856894, 0.0],
              [101.072833388, 21.77887923, 0.0],
              [101.072218688, 21.77909213, 0.0],
              [101.071417417, 21.779377304, 0.0],
              [101.070879817, 21.779573804, 0.0],
              [101.070573552, 21.779686882, 0.0],
              [101.058013618, 21.784370897, 0.0],
              [101.057075783, 21.784720611, 0.0],
              [101.056414827, 21.784967119, 0.0],
              [101.034424738, 21.793166406, 0.0],
              [101.034062722, 21.793302986, 0.0],
              [101.033510722, 21.793513686, 0.0],
              [101.032497961, 21.793912945, 0.0],
              [101.031935361, 21.794141845, 0.0],
              [101.030871224, 21.794589187, 0.0],
              [101.030287624, 21.794842487, 0.0],
              [101.029307858, 21.795280289, 0.0],
              [101.028743458, 21.795539789, 0.0],
              [101.027707396, 21.796030616, 0.0],
              [101.027200896, 21.796277716, 0.0],
              [101.026221177, 21.796769045, 0.0],
              [101.025688277, 21.797043645, 0.0],
              [101.024790793, 21.797517702, 0.0],
              [101.024279393, 21.797794502, 0.0],
              [101.023390628, 21.798287298, 0.0],
              [101.022905628, 21.798562698, 0.0],
              [101.022122757, 21.799016657, 0.0],
              [101.021207757, 21.799558357, 0.0],
              [101.017359715, 21.801840135, 0.0],
              [101.014061938, 21.803795852, 0.0],
              [101.013991145, 21.803810767, 0.0],
              [101.013413745, 21.803938267, 0.0],
              [101.01231968, 21.804192777, 0.0],
              [101.01172418, 21.804338377, 0.0],
              [101.010746277, 21.804587961, 0.0],
              [101.010215077, 21.804729261, 0.0],
              [101.009236513, 21.805000229, 0.0],
              [101.008692513, 21.805156829, 0.0],
              [101.00774085, 21.805441047, 0.0],
              [101.00724425, 21.805594747, 0.0],
              [101.006212335, 21.805926427, 0.0],
              [101.005478135, 21.806171227, 0.0],
              [101.004266333, 21.806592623, 0.0],
              [101.003694533, 21.806799723, 0.0],
              [101.002640155, 21.807195094, 0.0],
              [101.002034555, 21.807429994, 0.0],
              [101.000981925, 21.807852083, 0.0],
              [101.000445725, 21.808074183, 0.0],
              [100.999504533, 21.808475366, 0.0],
              [100.998986733, 21.808702366, 0.0],
              [100.998125089, 21.809089851, 0.0],
              [100.997675089, 21.809297351, 0.0],
              [100.996709858, 21.809754995, 0.0],
              [100.996151658, 21.810026995, 0.0],
              [100.995168491, 21.810519524, 0.0],
              [100.994641291, 21.810790924, 0.0],
              [100.993713032, 21.811281182, 0.0],
              [100.993232832, 21.811541282, 0.0],
              [100.992376866, 21.812015809, 0.0],
              [100.991871966, 21.812302209, 0.0],
              [100.990916937, 21.812857978, 0.0],
              [100.990463037, 21.813128878, 0.0],
              [100.989933392, 21.813449449, 0.0],
              [100.985912798, 21.815917072, 0.0],
              [100.978267497, 21.819555848, 0.0],
              [100.978006863, 21.819680822, 0.0],
              [100.977513963, 21.819918922, 0.0],
              [100.976852668, 21.8202444, 0.0],
              [100.976378968, 21.8204819, 0.0],
              [100.975615147, 21.820873097, 0.0],
              [100.975170247, 21.821105797, 0.0],
              [100.974659521, 21.821376699, 0.0],
              [100.974215721, 21.821615399, 0.0],
              [100.973492112, 21.82201233, 0.0],
              [100.973032812, 21.82226923, 0.0],
              [100.972421561, 21.822616786, 0.0],
              [100.971982761, 21.822870386, 0.0],
              [100.971400975, 21.823211879, 0.0],
              [100.970977375, 21.823464379, 0.0],
              [100.970293397, 21.823879538, 0.0],
              [100.969887397, 21.824130438, 0.0],
              [100.969322984, 21.824484452, 0.0],
              [100.968928984, 21.824735252, 0.0],
              [100.968329702, 21.825122762, 0.0],
              [100.967924702, 21.825388762, 0.0],
              [100.967394804, 21.825741643, 0.0],
              [100.966998904, 21.826008943, 0.0],
              [100.966716284, 21.826201169, 0.0],
              [100.966541196, 21.826321134, 0.0],
              [100.96589325, 21.826444823, 0.0],
              [100.96261063, 21.825738477, 0.0],
              [100.961508767, 21.825494258, 0.0],
              [100.950666376, 21.82308566, 0.0],
              [100.947474482, 21.822357728, 0.0],
              [100.94686526, 21.822224063, 0.0],
              [100.946325057, 21.822085092, 0.0],
              [100.944494057, 21.82165062, 0.0],
              [100.943941857, 21.82153052, 0.0],
              [100.940788339, 21.820949872, 0.0],
              [100.94021008, 21.820862467, 0.0],
              [100.940073811, 21.820839423, 0.0],
              [100.939558594, 21.820755062, 0.0],
              [100.939093894, 21.820681462, 0.0],
              [100.938833197, 21.820640878, 0.0],
              [100.938178197, 21.820540678, 0.0],
              [100.937043632, 21.820380397, 0.0],
              [100.936318332, 21.820286397, 0.0],
              [100.935072464, 21.820140796, 0.0],
              [100.934432164, 21.820074096, 0.0],
              [100.933908192, 21.820022301, 0.0],
              [100.933264592, 21.819962101, 0.0],
              [100.933012789, 21.819939191, 0.0],
              [100.932402189, 21.819885191, 0.0],
              [100.932088095, 21.819858411, 0.0],
              [100.931486295, 21.819809011, 0.0],
              [100.930139246, 21.819716727, 0.0],
              [100.929123846, 21.819660927, 0.0],
              [100.928467625, 21.819629188, 0.0],
              [100.920259431, 21.819286226, 0.0],
              [100.91291953, 21.818969415, 0.0],
              [100.899203026, 21.818377319, 0.0],
              [100.898525252, 21.818352666, 0.0],
              [100.897876252, 21.818333466, 0.0],
              [100.89712612, 21.818316906, 0.0],
              [100.89648782, 21.818307606, 0.0],
              [100.895681869, 21.81830236, 0.0],
              [100.895036969, 21.81830336, 0.0],
              [100.894106866, 21.818313454, 0.0],
              [100.893392466, 21.818327854, 0.0],
              [100.89238465, 21.818358337, 0.0],
              [100.89167075, 21.818387137, 0.0],
              [100.890768105, 21.818431725, 0.0],
              [100.890150605, 21.818467825, 0.0],
              [100.889232835, 21.818529956, 0.0],
              [100.888499835, 21.818586356, 0.0],
              [100.887532283, 21.818670263, 0.0],
              [100.886823583, 21.818738663, 0.0],
              [100.885805933, 21.818847404, 0.0],
              [100.885174633, 21.818921404, 0.0],
              [100.884386618, 21.819020124, 0.0],
              [100.883662218, 21.819116724, 0.0],
              [100.882620628, 21.819266795, 0.0],
              [100.881952828, 21.819370195, 0.0],
              [100.881139162, 21.819503058, 0.0],
              [100.880537762, 21.819606358, 0.0],
              [100.879634077, 21.819770139, 0.0],
              [100.878979777, 21.819894939, 0.0],
              [100.878112053, 21.820068418, 0.0],
              [100.877464653, 21.820203818, 0.0],
              [100.87655679, 21.820402516, 0.0],
              [100.87588669, 21.820555716, 0.0],
              [100.874953109, 21.820778604, 0.0],
              [100.874285409, 21.820944804, 0.0],
              [100.873373159, 21.821181027, 0.0],
              [100.872754259, 21.821347527, 0.0],
              [100.871901652, 21.821585013, 0.0],
              [100.871261252, 21.821769513, 0.0],
              [100.870328986, 21.822047951, 0.0],
              [100.869677186, 21.822249551, 0.0],
              [100.86882807, 21.822520495, 0.0],
              [100.86818327, 21.822732595, 0.0],
              [100.867276001, 21.823040696, 0.0],
              [100.866638001, 21.823264196, 0.0],
              [100.865773855, 21.82357586, 0.0],
              [100.865213055, 21.82378396, 0.0],
              [100.864483764, 21.824061075, 0.0],
              [100.863990364, 21.824252975, 0.0],
              [100.86340438, 21.824485147, 0.0],
              [100.848698737, 21.830419157, 0.0],
              [100.847424196, 21.83093297, 0.0],
              [100.847359195, 21.830959227, 0.0],
              [100.846792695, 21.831188527, 0.0],
              [100.845831745, 21.831589181, 0.0],
              [100.845227845, 21.831848381, 0.0],
              [100.844212927, 21.832297397, 0.0],
              [100.843701027, 21.832530697, 0.0],
              [100.842692888, 21.833003789, 0.0],
              [100.842118688, 21.833281089, 0.0],
              [100.841104358, 21.833785189, 0.0],
              [100.840558958, 21.834063989, 0.0],
              [100.839554594, 21.834591863, 0.0],
              [100.838989194, 21.834897263, 0.0],
              [100.83795122, 21.835473948, 0.0],
              [100.83744512, 21.835763048, 0.0],
              [100.836475039, 21.836331751, 0.0],
              [100.835938339, 21.836654551, 0.0],
              [100.834949359, 21.83726514, 0.0],
              [100.834384459, 21.83762304, 0.0],
              [100.833416999, 21.838251747, 0.0],
              [100.832937399, 21.838571347, 0.0],
              [100.831924299, 21.839264575, 0.0],
              [100.831490808, 21.839569076, 0.0],
              [100.83055584, 21.840217427, 0.0],
              [100.830175506, 21.840483793, 0.0],
              [100.829753514, 21.840782264, 0.0],
              [100.811120745, 21.850666147, 0.0],
              [100.809530229, 21.851509784, 0.0],
              [100.808693611, 21.851963797, 0.0],
              [100.808129711, 21.852276797, 0.0],
              [100.807588453, 21.852581643, 0.0],
              [100.807067653, 21.852879243, 0.0],
              [100.806268905, 21.853345523, 0.0],
              [100.805701005, 21.853684123, 0.0],
              [100.804890663, 21.854177756, 0.0],
              [100.804385563, 21.854492056, 0.0],
              [100.803691014, 21.854932205, 0.0],
              [100.803194814, 21.855252405, 0.0],
              [100.802424642, 21.855759521, 0.0],
              [100.801860142, 21.856138721, 0.0],
              [100.801026483, 21.856711045, 0.0],
              [100.800501183, 21.857079545, 0.0],
              [100.799710573, 21.857645712, 0.0],
              [100.799156073, 21.858051012, 0.0],
              [100.798352919, 21.858650502, 0.0],
              [100.797815619, 21.859060002, 0.0],
              [100.797011945, 21.859685558, 0.0],
              [100.796486945, 21.860102858, 0.0],
              [100.79570885, 21.860734158, 0.0],
              [100.79518415, 21.861168658, 0.0],
              [100.794431762, 21.861804299, 0.0],
              [100.793931562, 21.862235399, 0.0],
              [100.793131134, 21.86294027, 0.0],
              [100.792605534, 21.86341317, 0.0],
              [100.791829559, 21.864126281, 0.0],
              [100.791337559, 21.864588081, 0.0],
              [100.790585224, 21.865309129, 0.0],
              [100.790080324, 21.865803229, 0.0],
              [100.789314367, 21.866569221, 0.0],
              [100.788817767, 21.867076721, 0.0],
              [100.78808485, 21.867841775, 0.0],
              [100.78760625, 21.868352075, 0.0],
              [100.7868071, 21.869224621, 0.0],
              [100.7862619, 21.869834221, 0.0],
              [100.785444356, 21.87077154, 0.0],
              [100.784948656, 21.87135434, 0.0],
              [100.784167124, 21.872296319, 0.0],
              [100.783698024, 21.872876019, 0.0],
              [100.783011968, 21.873743264, 0.0],
              [100.782575468, 21.874307764, 0.0],
              [100.781911162, 21.875186717, 0.0],
              [100.781498862, 21.875744917, 0.0],
              [100.780797192, 21.876719147, 0.0],
              [100.780343392, 21.877365447, 0.0],
              [100.779692131, 21.878316078, 0.0],
              [100.779306331, 21.878893378, 0.0],
              [100.778741435, 21.879757865, 0.0],
              [100.778413535, 21.880271165, 0.0],
              [100.777891434, 21.881106496, 0.0],
              [100.777593434, 21.881593896, 0.0],
              [100.777361163, 21.881977648, 0.0],
              [100.748607744, 21.929968063, 0.0],
              [100.747366131, 21.931069701, 0.0],
              [100.746048982, 21.932238038, 0.0],
              [100.744624907, 21.933551386, 0.0],
              [100.744001807, 21.934148786, 0.0],
              [100.742795763, 21.935345062, 0.0],
              [100.742616263, 21.935529262, 0.0],
              [100.7407046, 21.937605085, 0.0],
              [100.7403805, 21.937977585, 0.0],
              [100.739231858, 21.939346407, 0.0],
              [100.738960958, 21.939681207, 0.0],
              [100.737559427, 21.941496974, 0.0],
              [100.737229527, 21.941945274, 0.0],
              [100.736384157, 21.943129774, 0.0],
              [100.736279257, 21.943281374, 0.0],
              [100.735836768, 21.943931727, 0.0],
              [100.735600968, 21.944284227, 0.0],
              [100.733509456, 21.947699284, 0.0],
              [100.733294656, 21.948083784, 0.0],
              [100.732264037, 21.950027907, 0.0],
              [100.732052037, 21.950450007, 0.0],
              [100.731689613, 21.951186624, 0.0],
              [100.731527613, 21.951522824, 0.0],
              [100.73027065, 21.95435223, 0.0],
              [100.729721536, 21.955699203, 0.0],
              [100.729507236, 21.956193816, 0.0],
              [100.729264007, 21.956777917, 0.0],
              [100.729021785, 21.957344889, 0.0],
              [100.728571737, 21.958418375, 0.0],
              [100.727730927, 21.960315687, 0.0],
              [100.727548113, 21.960733344, 0.0],
              [100.726502613, 21.963151844, 0.0],
              [100.726199674, 21.963852753, 0.0],
              [100.723073394, 21.970931124, 0.0],
              [100.722916411, 21.971290359, 0.0],
              [100.722702711, 21.971784659, 0.0],
              [100.721895156, 21.973768156, 0.0],
              [100.721678624, 21.974334428, 0.0],
              [100.721012618, 21.975880524, 0.0],
              [100.720619332, 21.976819722, 0.0],
              [100.720452532, 21.977229722, 0.0],
              [100.719470551, 21.979851453, 0.0],
              [100.719301751, 21.980343653, 0.0],
              [100.718142392, 21.9842316, 0.0],
              [100.718011092, 21.9847475, 0.0],
              [100.717213837, 21.988466625, 0.0],
              [100.717104837, 21.989089925, 0.0],
              [100.716471882, 21.994321415, 0.0],
              [100.716436382, 21.994845115, 0.0],
              [100.716327803, 21.997458396, 0.0],
              [100.716317903, 21.998102596, 0.0],
              [100.71639674, 22.001780676, 0.0],
              [100.71709264, 22.013718376, 0.0],
              [100.717108043, 22.01397156, 0.0],
              [100.717168843, 22.01493076, 0.0],
              [100.717235107, 22.015843711, 0.0],
              [100.717275307, 22.016335211, 0.0],
              [100.717348243, 22.017145707, 0.0],
              [100.717380943, 22.017478707, 0.0],
              [100.717476459, 22.018369307, 0.0],
              [100.717543959, 22.018949607, 0.0],
              [100.717710336, 22.020234639, 0.0],
              [100.717797936, 22.020848639, 0.0],
              [100.717954108, 22.021867975, 0.0],
              [100.718046808, 22.022433975, 0.0],
              [100.718266141, 22.02367491, 0.0],
              [100.718381941, 22.02428511, 0.0],
              [100.718620857, 22.02546618, 0.0],
              [100.718746057, 22.02604888, 0.0],
              [100.719029761, 22.027291899, 0.0],
              [100.719194861, 22.027974999, 0.0],
              [100.719516926, 22.029235493, 0.0],
              [100.719675826, 22.029825293, 0.0],
              [100.719968939, 22.030868151, 0.0],
              [100.720106639, 22.031338451, 0.0],
              [100.720435887, 22.032417657, 0.0],
              [100.720631887, 22.033035057, 0.0],
              [100.72094541, 22.033989313, 0.0],
              [100.72105181, 22.034302513, 0.0],
              [100.721250704, 22.034876505, 0.0],
              [100.721374404, 22.035226605, 0.0],
              [100.721747931, 22.036248254, 0.0],
              [100.721989431, 22.036887154, 0.0],
              [100.722474136, 22.038119845, 0.0],
              [100.722741636, 22.038774545, 0.0],
              [100.723247287, 22.039967715, 0.0],
              [100.723523387, 22.040596415, 0.0],
              [100.724110152, 22.041882805, 0.0],
              [100.724423352, 22.042544505, 0.0],
              [100.724975454, 22.04367399, 0.0],
              [100.725234354, 22.04418719, 0.0],
              [100.725769173, 22.045217411, 0.0],
              [100.726071873, 22.045784311, 0.0],
              [100.726620274, 22.046783771, 0.0],
              [100.726886474, 22.047256071, 0.0],
              [100.727328651, 22.048024585, 0.0],
              [100.727496951, 22.048311185, 0.0],
              [100.727972404, 22.049103962, 0.0],
              [100.728313004, 22.049660162, 0.0],
              [100.728872541, 22.050552639, 0.0],
              [100.729227541, 22.051105839, 0.0],
              [100.730062573, 22.05236482, 0.0],
              [100.730480773, 22.05297512, 0.0],
              [100.731164845, 22.053948384, 0.0],
              [100.731589245, 22.054537184, 0.0],
              [100.732504258, 22.055766482, 0.0],
              [100.732969158, 22.056371482, 0.0],
              [100.733792402, 22.05741386, 0.0],
              [100.734246802, 22.05797376, 0.0],
              [100.73492532, 22.058791885, 0.0],
              [100.73532032, 22.059257985, 0.0],
              [100.73616417, 22.060228155, 0.0],
              [100.73655827, 22.060669655, 0.0],
              [100.737172826, 22.061345594, 0.0],
              [100.737550826, 22.061753794, 0.0],
              [100.738300964, 22.062546337, 0.0],
              [100.738639264, 22.062896037, 0.0],
              [100.739139899, 22.063406195, 0.0],
              [100.739447199, 22.063714895, 0.0],
              [100.739944952, 22.064207957, 0.0],
              [100.740237952, 22.064494157, 0.0],
              [100.741029681, 22.065250747, 0.0],
              [100.741425881, 22.065621147, 0.0],
              [100.742262308, 22.066385532, 0.0],
              [100.743027908, 22.067069432, 0.0],
              [100.743556116, 22.067534629, 0.0],
              [100.748964916, 22.072231029, 0.0],
              [100.751564392, 22.074483991, 0.0],
              [100.803126171, 22.119174004, 0.0],
              [100.804113252, 22.122156955, 0.0],
              [100.804546374, 22.123494481, 0.0],
              [100.80571148, 22.127092042, 0.0],
              [100.805795608, 22.127349432, 0.0],
              [100.807366308, 22.132111232, 0.0],
              [100.807441433, 22.132337172, 0.0],
              [100.808175911, 22.13452871, 0.0],
              [100.809924101, 22.139745447, 0.0],
              [100.810573218, 22.141764902, 0.0],
              [100.811158945, 22.143479828, 0.0],
              [100.811925945, 22.145599128, 0.0],
              [100.812102972, 22.146080539, 0.0],
              [100.850092414, 22.247776805, 0.0],
              [100.845152596, 22.258492562, 0.0],
              [100.845083839, 22.258642363, 0.0],
              [100.844880339, 22.259087663, 0.0],
              [100.844442623, 22.260073467, 0.0],
              [100.844203023, 22.260629167, 0.0],
              [100.843772761, 22.2616585, 0.0],
              [100.843542261, 22.2622277, 0.0],
              [100.843160521, 22.263199415, 0.0],
              [100.842948121, 22.263757115, 0.0],
              [100.842558026, 22.264817241, 0.0],
              [100.842369026, 22.265349341, 0.0],
              [100.842024218, 22.266353789, 0.0],
              [100.841871518, 22.266814489, 0.0],
              [100.841584739, 22.26770768, 0.0],
              [100.841464539, 22.26809448, 0.0],
              [100.841276952, 22.268712174, 0.0],
              [100.841141352, 22.269169274, 0.0],
              [100.8408506, 22.270188912, 0.0],
              [100.8406879, 22.270783312, 0.0],
              [100.840360488, 22.272043693, 0.0],
              [100.840202388, 22.272686593, 0.0],
              [100.839955909, 22.273737684, 0.0],
              [100.839831109, 22.274296984, 0.0],
              [100.839578555, 22.275497985, 0.0],
              [100.839455155, 22.276122785, 0.0],
              [100.839227444, 22.277357028, 0.0],
              [100.839130744, 22.277920728, 0.0],
              [100.838967846, 22.278932432, 0.0],
              [100.838869046, 22.279588832, 0.0],
              [100.838681923, 22.280960851, 0.0],
              [100.838605323, 22.281587151, 0.0],
              [100.838489688, 22.28262191, 0.0],
              [100.838433288, 22.28317911, 0.0],
              [100.838327921, 22.284359542, 0.0],
              [100.838286721, 22.284892342, 0.0],
              [100.838229711, 22.285718556, 0.0],
              [100.838201511, 22.286183256, 0.0],
              [100.838144226, 22.287354111, 0.0],
              [100.838117526, 22.288072211, 0.0],
              [100.838084257, 22.289575494, 0.0],
              [100.838078957, 22.290322994, 0.0],
              [100.838089702, 22.291772977, 0.0],
              [100.838105702, 22.292503077, 0.0],
              [100.838150351, 22.29378708, 0.0],
              [100.838187351, 22.29456368, 0.0],
              [100.838266959, 22.295873017, 0.0],
              [100.838289759, 22.296181217, 0.0],
              [100.838344887, 22.296921951, 0.0],
              [100.838560842, 22.299824149, 0.0],
              [100.838911132, 22.304532008, 0.0],
              [100.840569731, 22.326823497, 0.0],
              [100.840621783, 22.327466913, 0.0],
              [100.840858183, 22.330171713, 0.0],
              [100.840990003, 22.33148106, 0.0],
              [100.841104003, 22.33248116, 0.0],
              [100.841113618, 22.332564879, 0.0],
              [100.841220718, 22.333490579, 0.0],
              [100.841544719, 22.335812708, 0.0],
              [100.841696919, 22.336743508, 0.0],
              [100.841815787, 22.337439566, 0.0],
              [100.841998787, 22.338467366, 0.0],
              [100.842388805, 22.340429543, 0.0],
              [100.842585305, 22.341324143, 0.0],
              [100.842727551, 22.3419524, 0.0],
              [100.843014451, 22.3431827, 0.0],
              [100.843375111, 22.344631186, 0.0],
              [100.843622611, 22.345565486, 0.0],
              [100.844050943, 22.347085079, 0.0],
              [100.844383843, 22.348198479, 0.0],
              [100.844506143, 22.348601327, 0.0],
              [100.844929843, 22.349976127, 0.0],
              [100.845787011, 22.352513819, 0.0],
              [100.846162011, 22.353533119, 0.0],
              [100.84657228, 22.354609833, 0.0],
              [100.848861375, 22.360415413, 0.0],
              [100.849640125, 22.362405533, 0.0],
              [100.849966388, 22.363247631, 0.0],
              [100.850136403, 22.363680462, 0.0],
              [100.851474329, 22.367040599, 0.0],
              [100.852044171, 22.368504877, 0.0],
              [100.853084149, 22.370978668, 0.0],
              [100.853197849, 22.371230022, 0.0],
              [100.853297629, 22.371459568, 0.0],
              [100.854639508, 22.374299163, 0.0],
              [100.854906808, 22.374821663, 0.0],
              [100.855503536, 22.375952224, 0.0],
              [100.855868036, 22.376621924, 0.0],
              [100.856421517, 22.377611931, 0.0],
              [100.856793617, 22.378260131, 0.0],
              [100.857114227, 22.378810485, 0.0],
              [100.857390787, 22.379278349, 0.0],
              [100.857972659, 22.383346796, 0.0],
              [100.858001416, 22.383545031, 0.0],
              [100.858366474, 22.386026544, 0.0],
              [100.858464178, 22.386930769, 0.0],
              [100.858483426, 22.387144962, 0.0],
              [100.858489835, 22.387301917, 0.0],
              [100.858594277, 22.391142588, 0.0],
              [100.858616267, 22.391794644, 0.0],
              [100.858650667, 22.392649144, 0.0],
              [100.858690249, 22.393466067, 0.0],
              [100.858730649, 22.394179167, 0.0],
              [100.85878136, 22.394964713, 0.0],
              [100.85882986, 22.395634013, 0.0],
              [100.858889405, 22.396378542, 0.0],
              [100.858940705, 22.396964842, 0.0],
              [100.858998227, 22.397578645, 0.0],
              [100.859060927, 22.398206045, 0.0],
              [100.859138509, 22.398929176, 0.0],
              [100.859210509, 22.399557176, 0.0],
              [100.859282512, 22.400153521, 0.0],
              [100.859355812, 22.400731421, 0.0],
              [100.859438186, 22.40134992, 0.0],
              [100.859510286, 22.40186662, 0.0],
              [100.859611517, 22.40255687, 0.0],
              [100.859721817, 22.40327407, 0.0],
              [100.859839896, 22.40400572, 0.0],
              [100.859952096, 22.40466962, 0.0],
              [100.860073989, 22.405361274, 0.0],
              [100.860159089, 22.405825074, 0.0],
              [100.86023896, 22.406250018, 0.0],
              [100.86032446, 22.406694318, 0.0],
              [100.860436628, 22.407259619, 0.0],
              [100.860556928, 22.407848119, 0.0],
              [100.860705385, 22.408548751, 0.0],
              [100.860840285, 22.409163651, 0.0],
              [100.861009571, 22.409908091, 0.0],
              [100.861203271, 22.410730791, 0.0],
              [100.861402855, 22.411547629, 0.0],
              [100.861579255, 22.412244129, 0.0],
              [100.86178282, 22.413021579, 0.0],
              [100.86197002, 22.413713779, 0.0],
              [100.862195042, 22.414519055, 0.0],
              [100.862428242, 22.415327455, 0.0],
              [100.862682128, 22.416179072, 0.0],
              [100.862914628, 22.416934372, 0.0],
              [100.863154152, 22.417691076, 0.0],
              [100.863364452, 22.418337576, 0.0],
              [100.863577884, 22.418978935, 0.0],
              [100.863784484, 22.419586035, 0.0],
              [100.864039099, 22.42031569, 0.0],
              [100.864257799, 22.42092719, 0.0],
              [100.864456607, 22.42147305, 0.0],
              [100.864677607, 22.42206905, 0.0],
              [100.864939523, 22.422759699, 0.0],
              [100.865153923, 22.423312699, 0.0],
              [100.865445759, 22.424048112, 0.0],
              [100.865804559, 22.424931812, 0.0],
              [100.866114516, 22.425677867, 0.0],
              [100.866343616, 22.426216967, 0.0],
              [100.866608254, 22.426828344, 0.0],
              [100.866858754, 22.427396644, 0.0],
              [100.867125357, 22.427990957, 0.0],
              [100.867338057, 22.428456957, 0.0],
              [100.867385976, 22.428561622, 0.0],
              [100.868722176, 22.431471322, 0.0],
              [100.868773506, 22.431581592, 0.0],
              [100.869128445, 22.433416444, 0.0],
              [100.86934065, 22.43457978, 0.0],
              [100.8694231, 22.435035171, 0.0],
              [100.869538729, 22.435651726, 0.0],
              [100.870233029, 22.439229826, 0.0],
              [100.870536319, 22.440677928, 0.0],
              [100.871154819, 22.443427628, 0.0],
              [100.871620432, 22.445323897, 0.0],
              [100.872413832, 22.448302697, 0.0],
              [100.872747592, 22.449496123, 0.0],
              [100.888964834, 22.504831086, 0.0],
              [100.888998621, 22.50577766, 0.0],
              [100.889459264, 22.518614036, 0.0],
              [100.889506094, 22.519917081, 0.0],
              [100.889608829, 22.522781463, 0.0],
              [100.889878233, 22.530287208, 0.0],
              [100.889667338, 22.588189958, 0.0],
              [100.889662445, 22.589506926, 0.0],
              [100.88966221, 22.589588037, 0.0],
              [100.88962041, 22.609556837, 0.0],
              [100.889620377, 22.609749464, 0.0],
              [100.889621043, 22.610127695, 0.0],
              [100.889572002, 22.614845142, 0.0],
              [100.889582535, 22.616515251, 0.0],
              [100.889599735, 22.617262651, 0.0],
              [100.889639462, 22.618413043, 0.0],
              [100.889672462, 22.619129443, 0.0],
              [100.889745355, 22.620374067, 0.0],
              [100.889789855, 22.621000067, 0.0],
              [100.889893025, 22.622234871, 0.0],
              [100.889951525, 22.622843971, 0.0],
              [100.890016293, 22.623476096, 0.0],
              [100.890084793, 22.624105196, 0.0],
              [100.890235508, 22.625345209, 0.0],
              [100.890314508, 22.625933709, 0.0],
              [100.890447557, 22.626859137, 0.0],
              [100.890515557, 22.627302637, 0.0],
              [100.890635035, 22.628044615, 0.0],
              [100.890699935, 22.628429215, 0.0],
              [100.890793734, 22.62896715, 0.0],
              [100.890885534, 22.62947715, 0.0],
              [100.891083537, 22.630514241, 0.0],
              [100.891192637, 22.631054641, 0.0],
              [100.891266635, 22.631414357, 0.0],
              [100.899376235, 22.670115657, 0.0],
              [100.901890654, 22.682110986, 0.0],
              [100.902214003, 22.683653374, 0.0],
              [100.902300025, 22.684055461, 0.0],
              [100.90244487, 22.684719153, 0.0],
              [100.902471315, 22.684840345, 0.0],
              [100.902503664, 22.684988443, 0.0],
              [100.902914361, 22.686720206, 0.0],
              [100.903465835, 22.68887409, 0.0],
              [100.90358571, 22.689342574, 0.0],
              [100.903821472, 22.690263477, 0.0],
              [100.904071857, 22.691241409, 0.0],
              [100.905431903, 22.696554009, 0.0],
              [100.902345125, 22.709022447, 0.0],
              [100.901947434, 22.710625521, 0.0],
              [100.901553715, 22.71221585, 0.0],
              [100.898286081, 22.718221459, 0.0],
              [100.898258577, 22.718272077, 0.0],
              [100.898000677, 22.718747377, 0.0],
              [100.897749444, 22.719216325, 0.0],
              [100.897519844, 22.719650425, 0.0],
              [100.897071637, 22.720518245, 0.0],
              [100.896829437, 22.720998645, 0.0],
              [100.896553331, 22.721554862, 0.0],
              [100.896326631, 22.722018762, 0.0],
              [100.895926866, 22.72285643, 0.0],
              [100.895702866, 22.72333723, 0.0],
              [100.895367759, 22.724071955, 0.0],
              [100.895031859, 22.724824455, 0.0],
              [100.894577916, 22.725873453, 0.0],
              [100.894295016, 22.726548253, 0.0],
              [100.893921174, 22.727465344, 0.0],
              [100.893699774, 22.728024244, 0.0],
              [100.893325451, 22.728998772, 0.0],
              [100.893122951, 22.729542872, 0.0],
              [100.892872401, 22.730231473, 0.0],
              [100.892627301, 22.730920773, 0.0],
              [100.892290239, 22.731900755, 0.0],
              [100.892117579, 22.732420194, 0.0],
              [100.891948733, 22.732922038, 0.0],
              [100.891004415, 22.736066853, 0.0],
              [100.890895202, 22.736479266, 0.0],
              [100.890795436, 22.736845788, 0.0],
              [100.890589123, 22.737628698, 0.0],
              [100.890427223, 22.738263898, 0.0],
              [100.890194095, 22.73921758, 0.0],
              [100.890052295, 22.73982338, 0.0],
              [100.889838574, 22.740778469, 0.0],
              [100.889703974, 22.741408869, 0.0],
              [100.889514172, 22.742341158, 0.0],
              [100.889417672, 22.742839358, 0.0],
              [100.889328704, 22.743310775, 0.0],
              [100.889247004, 22.743755375, 0.0],
              [100.889080677, 22.744712745, 0.0],
              [100.889005177, 22.745173845, 0.0],
              [100.888936, 22.745608309, 0.0],
              [100.8888622, 22.746085309, 0.0],
              [100.88872527, 22.747029927, 0.0],
              [100.88863997, 22.747660727, 0.0],
              [100.888517957, 22.748634962, 0.0],
              [100.888450657, 22.749218762, 0.0],
              [100.888360762, 22.750061254, 0.0],
              [100.888301662, 22.750663454, 0.0],
              [100.888209165, 22.751721426, 0.0],
              [100.888158565, 22.752380826, 0.0],
              [100.88809954, 22.753248987, 0.0],
              [100.88805724, 22.753962887, 0.0],
              [100.888006507, 22.755002139, 0.0],
              [100.887979107, 22.755715839, 0.0],
              [100.887948621, 22.756838979, 0.0],
              [100.887938321, 22.757486679, 0.0],
              [100.887932176, 22.758414304, 0.0],
              [100.887933776, 22.759017604, 0.0],
              [100.88794374, 22.759891926, 0.0],
              [100.88795504, 22.760452926, 0.0],
              [100.887981021, 22.76134621, 0.0],
              [100.888005521, 22.76199041, 0.0],
              [100.888050715, 22.762940621, 0.0],
              [100.888082115, 22.763490521, 0.0],
              [100.888135438, 22.764306938, 0.0],
              [100.888175838, 22.764856338, 0.0],
              [100.888251977, 22.765775703, 0.0],
              [100.888320177, 22.766516103, 0.0],
              [100.888435104, 22.767627644, 0.0],
              [100.888514604, 22.768320744, 0.0],
              [100.888611835, 22.769112576, 0.0],
              [100.889325257, 22.774562758, 0.0],
              [100.890053508, 22.780182445, 0.0],
              [100.89108774, 22.788163522, 0.0],
              [100.890787444, 22.789159745, 0.0],
              [100.890630244, 22.789702645, 0.0],
              [100.890428653, 22.790418749, 0.0],
              [100.890286653, 22.790937949, 0.0],
              [100.889945347, 22.792256165, 0.0],
              [100.889826747, 22.792741365, 0.0],
              [100.889714812, 22.793209038, 0.0],
              [100.889616912, 22.793626938, 0.0],
              [100.889305073, 22.795051276, 0.0],
              [100.889225873, 22.795440076, 0.0],
              [100.88911237, 22.796014442, 0.0],
              [100.88903497, 22.796418542, 0.0],
              [100.888858332, 22.79739288, 0.0],
              [100.888785332, 22.79781958, 0.0],
              [100.888587861, 22.799068677, 0.0],
              [100.888524661, 22.799504077, 0.0],
              [100.888468352, 22.799903323, 0.0],
              [100.888412252, 22.800313023, 0.0],
              [100.888225209, 22.801857383, 0.0],
              [100.888183509, 22.802253183, 0.0],
              [100.888154538, 22.802535871, 0.0],
              [100.888113338, 22.802949471, 0.0],
              [100.887985418, 22.804467903, 0.0],
              [100.887956018, 22.804894503, 0.0],
              [100.88792902, 22.805311666, 0.0],
              [100.88790092, 22.805775966, 0.0],
              [100.887833159, 22.807261774, 0.0],
              [100.887818259, 22.807746974, 0.0],
              [100.887802827, 22.808380233, 0.0],
              [100.887751607, 22.811220681, 0.0],
              [100.887737559, 22.811900933, 0.0],
              [100.887737693, 22.811900936, 0.0],
              [100.887733597, 22.81210859, 0.0],
              [100.887662863, 22.816306313, 0.0],
              [100.887641339, 22.817537536, 0.0],
              [100.887451065, 22.828547322, 0.0],
              [100.887447297, 22.830019316, 0.0],
              [100.887454297, 22.830594916, 0.0],
              [100.887481407, 22.831741825, 0.0],
              [100.887504207, 22.832391025, 0.0],
              [100.887542118, 22.833256607, 0.0],
              [100.887568018, 22.833750107, 0.0],
              [100.88766261, 22.835167463, 0.0],
              [100.88770701, 22.835715463, 0.0],
              [100.887814965, 22.836878845, 0.0],
              [100.887866665, 22.837373145, 0.0],
              [100.888024653, 22.838709562, 0.0],
              [100.888091453, 22.839216062, 0.0],
              [100.888195, 22.839958243, 0.0],
              [100.8882765, 22.840512043, 0.0],
              [100.888510954, 22.841957834, 0.0],
              [100.888602654, 22.842475234, 0.0],
              [100.888792794, 22.843487301, 0.0],
              [100.888886294, 22.843958201, 0.0],
              [100.889112749, 22.845036388, 0.0],
              [100.889209949, 22.845475088, 0.0],
              [100.889392957, 22.84627029, 0.0],
              [100.889492157, 22.84668579, 0.0],
              [100.889835365, 22.848039351, 0.0],
              [100.889950165, 22.848466951, 0.0],
              [100.890071681, 22.848911379, 0.0],
              [100.890182281, 22.849308679, 0.0],
              [100.8904912, 22.850372617, 0.0],
              [100.8906131, 22.850775717, 0.0],
              [100.890906238, 22.851711826, 0.0],
              [100.891048938, 22.852152326, 0.0],
              [100.891159728, 22.852490223, 0.0],
              [100.891284528, 22.852866323, 0.0],
              [100.89179877, 22.85433881, 0.0],
              [100.89194807, 22.85474581, 0.0],
              [100.892152787, 22.855293938, 0.0],
              [100.892299987, 22.855681138, 0.0],
              [100.89265396, 22.856585691, 0.0],
              [100.89281696, 22.856990591, 0.0],
              [100.893293132, 22.858132441, 0.0],
              [100.893469232, 22.858540441, 0.0],
              [100.893632018, 22.858913416, 0.0],
              [100.893800818, 22.859295916, 0.0],
              [100.894433383, 22.86067246, 0.0],
              [100.894607283, 22.86103626, 0.0],
              [100.894727412, 22.861285793, 0.0],
              [100.894911212, 22.861664893, 0.0],
              [100.895571931, 22.862978133, 0.0],
              [100.895772831, 22.863363233, 0.0],
              [100.895964984, 22.863727892, 0.0],
              [100.896187184, 22.864145392, 0.0],
              [100.896878955, 22.865401422, 0.0],
              [100.897123655, 22.865831022, 0.0],
              [100.897468669, 22.866427151, 0.0],
              [100.897680169, 22.866786851, 0.0],
              [100.898417583, 22.868001157, 0.0],
              [100.898907183, 22.868782157, 0.0],
              [100.899946233, 22.870371732, 0.0],
              [100.900219633, 22.870773132, 0.0],
              [100.900459498, 22.871122111, 0.0],
              [100.900693098, 22.871458911, 0.0],
              [100.901114476, 22.872057052, 0.0],
              [100.901370476, 22.872414852, 0.0],
              [100.902244751, 22.873599532, 0.0],
              [100.902518551, 22.873959332, 0.0],
              [100.902675298, 22.874164215, 0.0],
              [100.902998498, 22.874584415, 0.0],
              [100.90406507, 22.875923041, 0.0],
              [100.90442087, 22.876354241, 0.0],
              [100.905107448, 22.877168492, 0.0],
              [100.905486548, 22.877608492, 0.0],
              [100.906017557, 22.878214852, 0.0],
              [100.906392457, 22.878636052, 0.0],
              [100.907454106, 22.879791771, 0.0],
              [100.907829406, 22.880187671, 0.0],
              [100.908247115, 22.880623017, 0.0],
              [100.908509615, 22.880893317, 0.0],
              [100.909009956, 22.881401229, 0.0],
              [100.909273556, 22.881665029, 0.0],
              [100.909633939, 22.882022045, 0.0],
              [100.910967639, 22.883329945, 0.0],
              [100.911029842, 22.883390838, 0.0],
              [100.91152223, 22.883872023, 0.0],
              [100.912886235, 22.885207591, 0.0],
              [100.912923124, 22.885243673, 0.0],
              [100.913952573, 22.886249581, 0.0],
              [100.914289873, 22.886736554, 0.0],
              [100.968921032, 22.971361049, 0.0],
              [100.970038222, 22.978146786, 0.0],
              [100.970611676, 22.981635522, 0.0],
              [100.970939554, 22.983621499, 0.0],
              [100.971124727, 22.98467307, 0.0],
              [100.971245327, 22.98531757, 0.0],
              [100.971559303, 22.986860674, 0.0],
              [100.971705003, 22.987523174, 0.0],
              [100.972016811, 22.988853985, 0.0],
              [100.972167911, 22.989461385, 0.0],
              [100.97250513, 22.990744091, 0.0],
              [100.97268263, 22.991384591, 0.0],
              [100.972958843, 22.992343971, 0.0],
              [100.973147743, 22.992976271, 0.0],
              [100.973800158, 22.995001875, 0.0],
              [100.974009158, 22.995606375, 0.0],
              [100.974370877, 22.996617308, 0.0],
              [100.974594077, 22.997220608, 0.0],
              [100.975034338, 22.998367145, 0.0],
              [100.975262838, 22.998941045, 0.0],
              [100.97587696, 23.000414577, 0.0],
              [100.97611756, 23.000966877, 0.0],
              [100.976514857, 23.001855169, 0.0],
              [100.976765557, 23.002401369, 0.0],
              [100.977364361, 23.003659445, 0.0],
              [100.977631661, 23.004201445, 0.0],
              [100.978319748, 23.005545144, 0.0],
              [100.978609248, 23.006090044, 0.0],
              [100.979008052, 23.006825751, 0.0],
              [100.979267052, 23.007294151, 0.0],
              [100.9799822, 23.008544609, 0.0],
              [100.9802827, 23.009052909, 0.0],
              [100.980913449, 23.010090842, 0.0],
              [100.981212749, 23.010570142, 0.0],
              [100.98170222, 23.011338319, 0.0],
              [100.98198942, 23.011780119, 0.0],
              [100.98281456, 23.013009222, 0.0],
              [100.98311776, 23.013446722, 0.0],
              [100.983603948, 23.014135778, 0.0],
              [100.983913748, 23.014567078, 0.0],
              [100.984662082, 23.015581656, 0.0],
              [100.984968382, 23.015986156, 0.0],
              [100.985419016, 23.016572211, 0.0],
              [100.985747716, 23.016993211, 0.0],
              [100.986541236, 23.01798339, 0.0],
              [100.986911336, 23.01843339, 0.0],
              [100.987648634, 23.019309228, 0.0],
              [100.988056934, 23.019783128, 0.0],
              [100.988864084, 23.020697177, 0.0],
              [100.989245084, 23.021118177, 0.0],
              [100.990018934, 23.021953937, 0.0],
              [100.990418034, 23.022375237, 0.0],
              [100.991386736, 23.023369796, 0.0],
              [100.991806836, 23.023789296, 0.0],
              [100.992524237, 23.024491432, 0.0],
              [100.992934137, 23.024884632, 0.0],
              [100.993537835, 23.02545419, 0.0],
              [100.993941335, 23.02582859, 0.0],
              [100.995127853, 23.026894823, 0.0],
              [100.995590853, 23.027297723, 0.0],
              [100.996386635, 23.02797572, 0.0],
              [100.996862835, 23.02837292, 0.0],
              [100.997717173, 23.029069699, 0.0],
              [100.998190973, 23.029447499, 0.0],
              [100.99908675, 23.030145286, 0.0],
              [100.99956435, 23.030508686, 0.0],
              [101.000426604, 23.03115025, 0.0],
              [101.000847504, 23.03145645, 0.0],
              [101.001538692, 23.031950357, 0.0],
              [101.001961592, 23.032247157, 0.0],
              [101.002986366, 23.032947542, 0.0],
              [101.003457966, 23.033261342, 0.0],
              [101.004282016, 23.033798044, 0.0],
              [101.004836316, 23.034151344, 0.0],
              [101.008479551, 23.036470529, 0.0],
              [101.009310391, 23.038203854, 0.0],
              [101.009996691, 23.039563354, 0.0],
              [101.010156204, 23.039876592, 0.0],
              [101.010841904, 23.041211492, 0.0],
              [101.01262965, 23.044399447, 0.0],
              [101.013359905, 23.045596852, 0.0],
              [101.01357848, 23.045968094, 0.0],
              [101.013539484, 23.047167988, 0.0],
              [101.013527753, 23.0475817, 0.0],
              [101.013368253, 23.0541685, 0.0],
              [101.013365726, 23.054277785, 0.0],
              [101.013341826, 23.055362785, 0.0],
              [101.013330604, 23.055877015, 0.0],
              [101.013303511, 23.057107787, 0.0],
              [101.013262588, 23.058968526, 0.0],
              [101.013224583, 23.060696956, 0.0],
              [101.013217978, 23.061055974, 0.0],
              [101.013206678, 23.061819274, 0.0],
              [101.013211651, 23.063581639, 0.0],
              [101.013236151, 23.064779739, 0.0],
              [101.013361259, 23.067436837, 0.0],
              [101.013435459, 23.068442437, 0.0],
              [101.013450107, 23.068635846, 0.0],
              [101.013482907, 23.069058046, 0.0],
              [101.01376085, 23.071714595, 0.0],
              [101.01384055, 23.072319695, 0.0],
              [101.013928668, 23.072957009, 0.0],
              [101.014067268, 23.073914009, 0.0],
              [101.014349464, 23.075647337, 0.0],
              [101.014428964, 23.076086837, 0.0],
              [101.014573114, 23.076849863, 0.0],
              [101.014674614, 23.077365163, 0.0],
              [101.015170961, 23.079611251, 0.0],
              [101.015422061, 23.080635151, 0.0],
              [101.015921831, 23.082514298, 0.0],
              [101.016009131, 23.082818598, 0.0],
              [101.016036606, 23.08291401, 0.0],
              [101.016298706, 23.08382081, 0.0],
              [101.016775504, 23.08537521, 0.0],
              [101.017032604, 23.08616721, 0.0],
              [101.017774746, 23.08828965, 0.0],
              [101.018089646, 23.08912915, 0.0],
              [101.018523879, 23.090245904, 0.0],
              [101.018777979, 23.090876904, 0.0],
              [101.019219988, 23.0919391, 0.0],
              [101.021046088, 23.0961889, 0.0],
              [101.022142411, 23.098566668, 0.0],
              [101.022429811, 23.099149368, 0.0],
              [101.022697425, 23.099683874, 0.0],
              [101.023000319, 23.100279919, 0.0],
              [101.023196993, 23.100671872, 0.0],
              [101.023516784, 23.10129816, 0.0],
              [101.023980084, 23.10218996, 0.0],
              [101.024928195, 23.103910325, 0.0],
              [101.025433588, 23.104848397, 0.0],
              [101.026644488, 23.106970146, 0.0],
              [101.027125588, 23.107767246, 0.0],
              [101.028539218, 23.109976279, 0.0],
              [101.02907416, 23.110765813, 0.0],
              [101.029205202, 23.110959247, 0.0],
              [101.030016224, 23.112120635, 0.0],
              [101.030355023, 23.112591446, 0.0],
              [101.030696096, 23.113083815, 0.0],
              [101.032734686, 23.115822044, 0.0],
              [101.032935868, 23.116073847, 0.0],
              [101.033217959, 23.116447739, 0.0],
              [101.034609054, 23.118207962, 0.0],
              [101.035484454, 23.119265962, 0.0],
              [101.037122368, 23.121147889, 0.0],
              [101.038445068, 23.122593189, 0.0],
              [101.039118888, 23.123315021, 0.0],
              [101.040288588, 23.124543521, 0.0],
              [101.04195649, 23.126214436, 0.0],
              [101.042071286, 23.126324134, 0.0],
              [101.042203081, 23.12645767, 0.0],
              [101.043490682, 23.12989739, 0.0],
              [101.043633867, 23.13027524, 0.0],
              [101.043985567, 23.13119214, 0.0],
              [101.044884558, 23.133379672, 0.0],
              [101.045316158, 23.134363072, 0.0],
              [101.045600879, 23.134999706, 0.0],
              [101.046015679, 23.135910106, 0.0],
              [101.046882541, 23.137715914, 0.0],
              [101.047317641, 23.138577614, 0.0],
              [101.047798026, 23.139504806, 0.0],
              [101.048299426, 23.140448306, 0.0],
              [101.049063783, 23.141833296, 0.0],
              [101.049587983, 23.142748596, 0.0],
              [101.05049277, 23.144265653, 0.0],
              [101.05106597, 23.145189253, 0.0],
              [101.051785176, 23.1463143, 0.0],
              [101.052381476, 23.1472202, 0.0],
              [101.053239367, 23.148481204, 0.0],
              [101.053846367, 23.149344804, 0.0],
              [101.055001332, 23.150921578, 0.0],
              [101.055628332, 23.151743378, 0.0],
              [101.055955068, 23.15216691, 0.0],
              [101.056633768, 23.15303701, 0.0],
              [101.058425527, 23.155205415, 0.0],
              [101.059131625, 23.156012584, 0.0],
              [101.059828723, 23.156809552, 0.0],
              [101.061735671, 23.158869985, 0.0],
              [101.062511171, 23.159662085, 0.0],
              [101.062803106, 23.1599578, 0.0],
              [101.063525706, 23.1606837, 0.0],
              [101.065042347, 23.16214442, 0.0],
              [101.065783247, 23.16282852, 0.0],
              [101.066572153, 23.163541554, 0.0],
              [101.067352653, 23.164232054, 0.0],
              [101.068412931, 23.165143958, 0.0],
              [101.069213631, 23.165813358, 0.0],
              [101.070403421, 23.166777478, 0.0],
              [101.071264021, 23.167453278, 0.0],
              [101.072041123, 23.168051284, 0.0],
              [101.072858323, 23.168667484, 0.0],
              [101.074470942, 23.169833853, 0.0],
              [101.075347942, 23.170441953, 0.0],
              [101.07595349, 23.17085529, 0.0],
              [101.07688519, 23.17148129, 0.0],
              [101.078738447, 23.172668127, 0.0],
              [101.079685647, 23.173245727, 0.0],
              [101.080538642, 23.173754329, 0.0],
              [101.081548642, 23.174343029, 0.0],
              [101.083134881, 23.175229385, 0.0],
              [101.084256581, 23.175829685, 0.0],
              [101.085268801, 23.176356625, 0.0],
              [101.086389201, 23.176923725, 0.0],
              [101.087876461, 23.177645878, 0.0],
              [101.088959661, 23.178149878, 0.0],
              [101.090724617, 23.17893002, 0.0],
              [101.091845717, 23.17939992, 0.0],
              [101.092471264, 23.179657153, 0.0],
              [101.093607564, 23.180115453, 0.0],
              [101.095910032, 23.180978897, 0.0],
              [101.097048832, 23.181374297, 0.0],
              [101.097975166, 23.181685817, 0.0],
              [101.099209766, 23.182087617, 0.0],
              [101.100733771, 23.182556863, 0.0],
              [101.101971171, 23.182916363, 0.0],
              [101.103756804, 23.183399506, 0.0],
              [101.104983204, 23.183707106, 0.0],
              [101.106267091, 23.184011177, 0.0],
              [101.107713191, 23.184333577, 0.0],
              [101.109370524, 23.184673743, 0.0],
              [101.110756424, 23.184933843, 0.0],
              [101.112659774, 23.185253159, 0.0],
              [101.114047774, 23.185458559, 0.0],
              [101.116041138, 23.185712721, 0.0],
              [101.117517838, 23.185870921, 0.0],
              [101.11789242, 23.185909624, 0.0],
              [101.11886912, 23.186006824, 0.0],
              [101.119479221, 23.186063768, 0.0],
              [101.159956397, 23.189591626, 0.0],
              [101.166363672, 23.190150484, 0.0],
              [101.169729406, 23.190443977, 0.0],
              [101.171296152, 23.190615198, 0.0],
              [101.172474793, 23.190755731, 0.0],
              [101.173686447, 23.190926427, 0.0],
              [101.175004548, 23.1911267, 0.0],
              [101.250876406, 23.203865869, 0.0],
              [101.251655031, 23.203990298, 0.0],
              [101.253316531, 23.204242398, 0.0],
              [101.254330639, 23.20438566, 0.0],
              [101.255660539, 23.20455966, 0.0],
              [101.25609606, 23.204614699, 0.0],
              [101.25772996, 23.204813899, 0.0],
              [101.259202482, 23.20497133, 0.0],
              [101.260911982, 23.20512853, 0.0],
              [101.261536893, 23.205182045, 0.0],
              [101.262996793, 23.205297845, 0.0],
              [101.265061007, 23.205418689, 0.0],
              [101.266684707, 23.205480089, 0.0],
              [101.268282879, 23.205514952, 0.0],
              [101.269879579, 23.205524252, 0.0],
              [101.271995622, 23.205491789, 0.0],
              [101.273430422, 23.205439389, 0.0],
              [101.274915841, 23.205363003, 0.0],
              [101.276349141, 23.205267903, 0.0],
              [101.278589937, 23.205068504, 0.0],
              [101.280033837, 23.204907204, 0.0],
              [101.281342979, 23.204743444, 0.0],
              [101.282763779, 23.204546644, 0.0],
              [101.284465084, 23.204281057, 0.0],
              [101.286031284, 23.204008857, 0.0],
              [101.286547174, 23.203916409, 0.0],
              [101.287457174, 23.203748409, 0.0],
              [101.288424828, 23.203559882, 0.0],
              [101.289530728, 23.203333082, 0.0],
              [101.290483865, 23.203127907, 0.0],
              [101.291389465, 23.202923707, 0.0],
              [101.293135603, 23.202496855, 0.0],
              [101.294165603, 23.202225355, 0.0],
              [101.29555385, 23.201837941, 0.0],
              [101.29637885, 23.201594841, 0.0],
              [101.297819874, 23.201146475, 0.0],
              [101.298725674, 23.200849575, 0.0],
              [101.299019859, 23.200752137, 0.0],
              [101.317682533, 23.194506588, 0.0],
              [101.318493914, 23.19423915, 0.0],
              [101.319092069, 23.194050531, 0.0],
              [101.31931349, 23.19398452, 0.0],
              [101.319868149, 23.193833551, 0.0],
              [101.320910611, 23.193551653, 0.0],
              [101.321360502, 23.193434449, 0.0],
              [101.321781986, 23.193337233, 0.0],
              [101.321970888, 23.193296437, 0.0],
              [101.322495559, 23.193229749, 0.0],
              [101.323488036, 23.193107537, 0.0],
              [101.323664026, 23.193089619, 0.0],
              [101.327805491, 23.19266839, 0.0],
              [101.337238361, 23.19172752, 0.0],
              [101.337416693, 23.19170941, 0.0],
              [101.341389379, 23.191298771, 0.0],
              [101.349975551, 23.190438122, 0.0],
              [101.441303521, 23.197441401, 0.0],
              [101.513286639, 23.264109419, 0.0],
              [101.5138691, 23.264640405, 0.0],
              [101.5146013, 23.265297405, 0.0],
              [101.515600746, 23.266170541, 0.0],
              [101.516373246, 23.266827541, 0.0],
              [101.516866451, 23.26724156, 0.0],
              [101.517626351, 23.26787116, 0.0],
              [101.518589214, 23.268649024, 0.0],
              [101.519433414, 23.269313924, 0.0],
              [101.520925919, 23.270444801, 0.0],
              [101.521913519, 23.271164401, 0.0],
              [101.522954775, 23.271902933, 0.0],
              [101.524044375, 23.272655033, 0.0],
              [101.525901191, 23.273876679, 0.0],
              [101.527070491, 23.274609279, 0.0],
              [101.52794894, 23.275147132, 0.0],
              [101.52902834, 23.275792832, 0.0],
              [101.530764705, 23.276784928, 0.0],
              [101.531836005, 23.277368928, 0.0],
              [101.53354791, 23.278259727, 0.0],
              [101.53478241, 23.278872127, 0.0],
              [101.535156754, 23.279055888, 0.0],
              [101.536417354, 23.279668188, 0.0],
              [101.537322559, 23.280096714, 0.0],
              [101.538709159, 23.280736214, 0.0],
              [101.539613461, 23.281142455, 0.0],
              [101.541006561, 23.281751755, 0.0],
              [101.541735461, 23.282063693, 0.0],
              [101.543091861, 23.282631493, 0.0],
              [101.544307077, 23.283121579, 0.0],
              [101.545834377, 23.283714379, 0.0],
              [101.545990744, 23.283774769, 0.0],
              [101.548013988, 23.284552269, 0.0],
              [101.553342495, 23.286708069, 0.0],
              [101.617327071, 23.313157438, 0.0],
              [101.633261286, 23.345067456, 0.0],
              [101.633540291, 23.345625079, 0.0],
              [101.633811617, 23.346167532, 0.0],
              [101.633840769, 23.34622572, 0.0],
              [101.636217936, 23.35096289, 0.0],
              [101.636526793, 23.351619054, 0.0],
              [101.636806379, 23.352240431, 0.0],
              [101.672715353, 23.437752107, 0.0],
              [101.673177704, 23.438818245, 0.0],
              [101.673782204, 23.440168945, 0.0],
              [101.675345144, 23.443353183, 0.0],
              [101.676114944, 23.444790283, 0.0],
              [101.67729606, 23.446873771, 0.0],
              [101.67825216, 23.448469971, 0.0],
              [101.679859054, 23.450979825, 0.0],
              [101.680922554, 23.452536725, 0.0],
              [101.683201009, 23.455612489, 0.0],
              [101.684319409, 23.457007289, 0.0],
              [101.686088907, 23.459094412, 0.0],
              [101.687197507, 23.460331712, 0.0],
              [101.689759728, 23.462987325, 0.0],
              [101.690906528, 23.464091325, 0.0],
              [101.693028584, 23.466020042, 0.0],
              [101.694225084, 23.467046442, 0.0],
              [101.697485315, 23.46961614, 0.0],
              [101.698641515, 23.47045204, 0.0],
              [101.700825393, 23.471944582, 0.0],
              [101.701992593, 23.472697782, 0.0],
              [101.704440011, 23.47417969, 0.0],
              [101.708470746, 23.47646531, 0.0],
              [101.708802695, 23.476654007, 0.0],
              [101.709671441, 23.477147596, 0.0],
              [101.711512025, 23.478193566, 0.0],
              [101.71210628, 23.478549077, 0.0],
              [101.712412318, 23.478738628, 0.0],
              [101.712579857, 23.478856826, 0.0],
              [101.713335347, 23.479421282, 0.0],
              [101.714370286, 23.480228159, 0.0],
              [101.715364147, 23.481032004, 0.0],
              [101.715654839, 23.481265331, 0.0],
              [101.716530739, 23.481963031, 0.0],
              [101.718209073, 23.483242956, 0.0],
              [101.719161173, 23.483937756, 0.0],
              [101.719206578, 23.483970852, 0.0],
              [101.720411878, 23.484848352, 0.0],
              [101.722020588, 23.485971921, 0.0],
              [101.722967388, 23.486605921, 0.0],
              [101.724715053, 23.487724386, 0.0],
              [101.725836953, 23.488409986, 0.0],
              [101.727858576, 23.489581432, 0.0],
              [101.729161576, 23.490296332, 0.0],
              [101.73061784, 23.491064404, 0.0],
              [101.73184494, 23.491686004, 0.0],
              [101.733038962, 23.492271029, 0.0],
              [101.734240662, 23.492840129, 0.0],
              [101.735666522, 23.493488244, 0.0],
              [101.736971322, 23.494056844, 0.0],
              [101.738954968, 23.494871113, 0.0],
              [101.740257968, 23.495373613, 0.0],
              [101.741269446, 23.495751195, 0.0],
              [101.742521646, 23.496203295, 0.0],
              [101.742841026, 23.496317382, 0.0],
              [101.744211726, 23.496801782, 0.0],
              [101.745326027, 23.497180879, 0.0],
              [101.851402629, 23.531881586, 0.0],
              [101.851197004, 23.532224362, 0.0],
              [101.850265073, 23.533845884, 0.0],
              [101.849747973, 23.534785884, 0.0],
              [101.849262117, 23.535690982, 0.0],
              [101.848809117, 23.536556082, 0.0],
              [101.847545307, 23.539148954, 0.0],
              [101.847212307, 23.539885354, 0.0],
              [101.846454444, 23.541650892, 0.0],
              [101.846145244, 23.542411192, 0.0],
              [101.844890839, 23.54585166, 0.0],
              [101.844637239, 23.54663526, 0.0],
              [101.844361267, 23.547515629, 0.0],
              [101.844110867, 23.548341029, 0.0],
              [101.843831091, 23.549297471, 0.0],
              [101.843578491, 23.550194071, 0.0],
              [101.842880817, 23.552973228, 0.0],
              [101.842677917, 23.553892228, 0.0],
              [101.842287731, 23.555843105, 0.0],
              [101.842122331, 23.556765105, 0.0],
              [101.84169164, 23.559646701, 0.0],
              [101.84160164, 23.560398001, 0.0],
              [101.841349415, 23.563141831, 0.0],
              [101.841292915, 23.564021931, 0.0],
              [101.841221318, 23.565461454, 0.0],
              [101.841191418, 23.566308554, 0.0],
              [101.841160438, 23.567954943, 0.0],
              [101.841158438, 23.568807043, 0.0],
              [101.841338336, 23.573163639, 0.0],
              [101.841409736, 23.574002739, 0.0],
              [101.841428346, 23.57421604, 0.0],
              [101.841515946, 23.57519584, 0.0],
              [101.841767291, 23.577436329, 0.0],
              [101.841909891, 23.578492029, 0.0],
              [101.84255924, 23.582226148, 0.0],
              [101.84279034, 23.583309948, 0.0],
              [101.843293545, 23.585440121, 0.0],
              [101.843577345, 23.586533921, 0.0],
              [101.843762991, 23.587228824, 0.0],
              [101.844065491, 23.588329324, 0.0],
              [101.844332485, 23.589264936, 0.0],
              [101.844673385, 23.590416936, 0.0],
              [101.845201423, 23.592092557, 0.0],
              [101.845630923, 23.593376357, 0.0],
              [101.845771147, 23.593789496, 0.0],
              [101.846123247, 23.594812196, 0.0],
              [101.8467322, 23.596483722, 0.0],
              [101.8471661, 23.597611922, 0.0],
              [101.848478138, 23.600708347, 0.0],
              [101.848943938, 23.601712247, 0.0],
              [101.850111169, 23.604064097, 0.0],
              [101.850645669, 23.605073597, 0.0],
              [101.851770637, 23.607084813, 0.0],
              [101.852325537, 23.608025313, 0.0],
              [101.852996347, 23.609129423, 0.0],
              [101.853583147, 23.610067723, 0.0],
              [101.854001631, 23.610725422, 0.0],
              [101.854527231, 23.611537422, 0.0],
              [101.855563631, 23.613075268, 0.0],
              [101.856155831, 23.613919768, 0.0],
              [101.857388948, 23.615602442, 0.0],
              [101.858016348, 23.616422142, 0.0],
              [101.859012217, 23.617680863, 0.0],
              [101.859755017, 23.618589363, 0.0],
              [101.861021105, 23.620077569, 0.0],
              [101.861598305, 23.620729769, 0.0],
              [101.863306468, 23.622565037, 0.0],
              [101.864017568, 23.623291637, 0.0],
              [101.865615373, 23.624852919, 0.0],
              [101.866494873, 23.625674719, 0.0],
              [101.867638873, 23.626711056, 0.0],
              [101.868565573, 23.627524856, 0.0],
              [101.869784429, 23.628561155, 0.0],
              [101.870578329, 23.629214555, 0.0],
              [101.87090201, 23.629478692, 0.0],
              [101.87176741, 23.630178892, 0.0],
              [101.873085413, 23.631209293, 0.0],
              [101.873988113, 23.631890993, 0.0],
              [101.875309165, 23.632855107, 0.0],
              [101.889583476, 23.64291899, 0.0],
              [101.890831657, 23.645145644, 0.0],
              [101.891735247, 23.646838873, 0.0],
              [101.891939506, 23.647217696, 0.0],
              [101.892865383, 23.648917303, 0.0],
              [101.893207161, 23.64954481, 0.0],
              [101.89363165, 23.650308223, 0.0],
              [101.89783105, 23.657707623, 0.0],
              [101.898152234, 23.658265166, 0.0],
              [101.901444934, 23.663896866, 0.0],
              [101.901666301, 23.664271729, 0.0],
              [101.905929601, 23.671419929, 0.0],
              [101.905970408, 23.671488225, 0.0],
              [101.907020608, 23.673242725, 0.0],
              [101.90722941, 23.673588382, 0.0],
              [101.90752281, 23.674069682, 0.0],
              [101.908226847, 23.675190924, 0.0],
              [101.908525347, 23.675652624, 0.0],
              [101.90900478, 23.676380196, 0.0],
              [101.90932308, 23.676854196, 0.0],
              [101.910286744, 23.678238229, 0.0],
              [101.910583544, 23.678649529, 0.0],
              [101.910781014, 23.678921251, 0.0],
              [101.911079914, 23.679329651, 0.0],
              [101.912097353, 23.680671794, 0.0],
              [101.912400653, 23.681058194, 0.0],
              [101.9125562, 23.681255337, 0.0],
              [101.9128866, 23.681671937, 0.0],
              [101.913893773, 23.682901233, 0.0],
              [101.914179373, 23.683238733, 0.0],
              [101.914534463, 23.683653733, 0.0],
              [101.914810963, 23.683973333, 0.0],
              [101.915430614, 23.684676155, 0.0],
              [101.915686314, 23.684960755, 0.0],
              [101.91632141, 23.685654397, 0.0],
              [101.91661401, 23.685967997, 0.0],
              [101.917025144, 23.686403382, 0.0],
              [101.917381044, 23.686775782, 0.0],
              [101.918405854, 23.687817206, 0.0],
              [101.918758154, 23.688164906, 0.0],
              [101.919302792, 23.688694326, 0.0],
              [101.919675992, 23.689051626, 0.0],
              [101.920335449, 23.689671645, 0.0],
              [101.920813849, 23.690113345, 0.0],
              [101.922117685, 23.691275634, 0.0],
              [101.922505685, 23.691609534, 0.0],
              [101.922648219, 23.691731729, 0.0],
              [101.922976419, 23.692012029, 0.0],
              [101.924372291, 23.693161187, 0.0],
              [101.924694591, 23.693416887, 0.0],
              [101.925161852, 23.693787505, 0.0],
              [101.926477147, 23.694795703, 0.0],
              [101.926910347, 23.695116503, 0.0],
              [101.927349113, 23.695437745, 0.0],
              [101.927784713, 23.695753045, 0.0],
              [101.928945048, 23.696568108, 0.0],
              [101.929424748, 23.696895008, 0.0],
              [101.929978249, 23.697266821, 0.0],
              [101.930476049, 23.697596421, 0.0],
              [101.931778658, 23.698430208, 0.0],
              [101.932255458, 23.698725108, 0.0],
              [101.932927577, 23.699133539, 0.0],
              [101.933433977, 23.699435839, 0.0],
              [101.934553208, 23.700084485, 0.0],
              [101.935074908, 23.700377885, 0.0],
              [101.935869668, 23.700815409, 0.0],
              [101.936327768, 23.701062209, 0.0],
              [101.937123139, 23.701481529, 0.0],
              [101.937548139, 23.701700729, 0.0],
              [101.938377344, 23.702118702, 0.0],
              [101.938815744, 23.702334602, 0.0],
              [101.939434886, 23.702634238, 0.0],
              [101.939906186, 23.702858338, 0.0],
              [101.941244311, 23.70347063, 0.0],
              [101.941737611, 23.70368763, 0.0],
              [101.942280371, 23.703922566, 0.0],
              [101.942789471, 23.704139366, 0.0],
              [101.943783789, 23.704550215, 0.0],
              [101.944270989, 23.704745415, 0.0],
              [101.945339438, 23.705159353, 0.0],
              [101.945838238, 23.705346053, 0.0],
              [101.946316947, 23.705522453, 0.0],
              [101.946807147, 23.705700253, 0.0],
              [101.948163221, 23.706170203, 0.0],
              [101.948630921, 23.706324803, 0.0],
              [101.949020672, 23.706451867, 0.0],
              [101.949541072, 23.706619167, 0.0],
              [101.950694942, 23.706973747, 0.0],
              [101.945485484, 23.720590538, 0.0],
              [101.94543681, 23.720718288, 0.0],
              [101.94526181, 23.721179488, 0.0],
              [101.944785359, 23.722489948, 0.0],
              [101.944600259, 23.723022048, 0.0],
              [101.944153839, 23.724366431, 0.0],
              [101.943994939, 23.724868631, 0.0],
              [101.943822753, 23.725424028, 0.0],
              [101.943651853, 23.725986828, 0.0],
              [101.943177589, 23.7276518, 0.0],
              [101.943022489, 23.7282344, 0.0],
              [101.942700965, 23.729509339, 0.0],
              [101.942574765, 23.730039039, 0.0],
              [101.94227762, 23.731366035, 0.0],
              [101.94217932, 23.731834835, 0.0],
              [101.94205813, 23.732430822, 0.0],
              [101.94196433, 23.732906922, 0.0],
              [101.941723728, 23.734220388, 0.0],
              [101.941640428, 23.734712088, 0.0],
              [101.941465468, 23.735820182, 0.0],
              [101.941392568, 23.736318082, 0.0],
              [101.941276374, 23.73716174, 0.0],
              [101.941213574, 23.73764834, 0.0],
              [101.941033375, 23.739246729, 0.0],
              [101.940980275, 23.739797129, 0.0],
              [101.940886894, 23.740890442, 0.0],
              [101.940846594, 23.741432342, 0.0],
              [101.940769991, 23.742669589, 0.0],
              [101.940743891, 23.743197089, 0.0],
              [101.940707128, 23.744108433, 0.0],
              [101.940691428, 23.744611533, 0.0],
              [101.940668717, 23.745769026, 0.0],
              [101.940665017, 23.746229126, 0.0],
              [101.940665003, 23.747031516, 0.0],
              [101.940668903, 23.747518616, 0.0],
              [101.940707933, 23.749133646, 0.0],
              [101.940726933, 23.749604646, 0.0],
              [101.940775178, 23.750569215, 0.0],
              [101.940805478, 23.751076715, 0.0],
              [101.940863276, 23.751923821, 0.0],
              [101.940900776, 23.752412321, 0.0],
              [101.941031764, 23.753847358, 0.0],
              [101.941082964, 23.754331158, 0.0],
              [101.941191065, 23.755268107, 0.0],
              [101.941246965, 23.755715507, 0.0],
              [101.94136275, 23.756580738, 0.0],
              [101.94143515, 23.757088038, 0.0],
              [101.941678888, 23.758624575, 0.0],
              [101.941770388, 23.759148575, 0.0],
              [101.94190307, 23.759876584, 0.0],
              [101.94200057, 23.760389984, 0.0],
              [101.942374574, 23.762180102, 0.0],
              [101.942500274, 23.762731202, 0.0],
              [101.942596118, 23.763143355, 0.0],
              [101.942726118, 23.763691855, 0.0],
              [101.943229714, 23.765640922, 0.0],
              [101.943375214, 23.766160622, 0.0],
              [101.943475865, 23.766515091, 0.0],
              [101.943620465, 23.767017291, 0.0],
              [101.944198874, 23.768887606, 0.0],
              [101.944367074, 23.769396006, 0.0],
              [101.944552605, 23.769946062, 0.0],
              [101.944739205, 23.770488862, 0.0],
              [101.945239059, 23.771876014, 0.0],
              [101.945436959, 23.772400814, 0.0],
              [101.945988168, 23.773798552, 0.0],
              [101.946190868, 23.774290752, 0.0],
              [101.946375929, 23.77473406, 0.0],
              [101.946594929, 23.77525166, 0.0],
              [101.947415248, 23.777086767, 0.0],
              [101.947646448, 23.777577267, 0.0],
              [101.947927043, 23.778162678, 0.0],
              [101.948171143, 23.778663578, 0.0],
              [101.948693411, 23.779704333, 0.0],
              [101.948964511, 23.780229233, 0.0],
              [101.949783367, 23.7817497, 0.0],
              [101.950053567, 23.7822313, 0.0],
              [101.950513887, 23.783034259, 0.0],
              [101.950818187, 23.783553859, 0.0],
              [101.951363724, 23.784463128, 0.0],
              [101.951669124, 23.784960128, 0.0],
              [101.9525534, 23.786347476, 0.0],
              [101.9528933, 23.786861876, 0.0],
              [101.953578488, 23.787871813, 0.0],
              [101.953953788, 23.788410713, 0.0],
              [101.954431135, 23.78908422, 0.0],
              [101.954796435, 23.78959072, 0.0],
              [101.955923837, 23.791093559, 0.0],
              [101.956292137, 23.791565759, 0.0],
              [101.956931505, 23.792368376, 0.0],
              [101.957286605, 23.792804876, 0.0],
              [101.957709737, 23.793317995, 0.0],
              [101.958023437, 23.793693295, 0.0],
              [101.959262702, 23.795120214, 0.0],
              [101.959590202, 23.795483214, 0.0],
              [101.959925385, 23.79585469, 0.0],
              [101.961004278, 23.797013, 0.0],
              [101.961403278, 23.797428, 0.0],
              [101.962245611, 23.798283319, 0.0],
              [101.962660611, 23.798694719, 0.0],
              [101.963283477, 23.799301533, 0.0],
              [101.963727377, 23.799726533, 0.0],
              [101.964792603, 23.800717111, 0.0],
              [101.965258303, 23.801137711, 0.0],
              [101.966246932, 23.80200724, 0.0],
              [101.966717132, 23.80240994, 0.0],
              [101.967360801, 23.802951885, 0.0],
              [101.967823901, 23.803335185, 0.0],
              [101.968752374, 23.804085174, 0.0],
              [101.969217974, 23.804452174, 0.0],
              [101.970259691, 23.805251337, 0.0],
              [101.970725191, 23.805598837, 0.0],
              [101.97157369, 23.806218474, 0.0],
              [101.97202729, 23.806542474, 0.0],
              [101.972873883, 23.807134074, 0.0],
              [101.973367783, 23.807471674, 0.0],
              [101.974206225, 23.808032457, 0.0],
              [101.974573925, 23.808273057, 0.0],
              [101.975265699, 23.80871763, 0.0],
              [102.020841219, 23.837480235, 0.0],
              [102.029500199, 23.859169936, 0.0],
              [102.030027469, 23.860439702, 0.0],
              [102.030276769, 23.861017502, 0.0],
              [102.03037036, 23.861233023, 0.0],
              [102.03060086, 23.861760423, 0.0],
              [102.031107143, 23.862881073, 0.0],
              [102.031310843, 23.863317573, 0.0],
              [102.031927689, 23.864591982, 0.0],
              [102.032344989, 23.865423882, 0.0],
              [102.032578391, 23.865889074, 0.0],
              [102.033390194, 23.867438816, 0.0],
              [102.033643694, 23.867902816, 0.0],
              [102.034028164, 23.868593506, 0.0],
              [102.034292464, 23.869059606, 0.0],
              [102.034722788, 23.86980352, 0.0],
              [102.034990288, 23.87025692, 0.0],
              [102.035477327, 23.871064914, 0.0],
              [102.035765727, 23.871533314, 0.0],
              [102.036293865, 23.872372333, 0.0],
              [102.036573165, 23.872806433, 0.0],
              [102.036912798, 23.873327161, 0.0],
              [102.037195098, 23.873754161, 0.0],
              [102.037780116, 23.874619269, 0.0],
              [102.038088416, 23.875065069, 0.0],
              [102.038537626, 23.875703901, 0.0],
              [102.038848826, 23.876139201, 0.0],
              [102.039371559, 23.876856836, 0.0],
              [102.039744459, 23.877359336, 0.0],
              [102.040343642, 23.878150241, 0.0],
              [102.040706642, 23.878619641, 0.0],
              [102.041314654, 23.879390122, 0.0],
              [102.041737054, 23.879914722, 0.0],
              [102.042493111, 23.880831201, 0.0],
              [102.042998411, 23.881429101, 0.0],
              [102.043799296, 23.882353576, 0.0],
              [102.044316796, 23.882936376, 0.0],
              [102.045204867, 23.883910342, 0.0],
              [102.045828967, 23.884576942, 0.0],
              [102.046759222, 23.885544195, 0.0],
              [102.047331822, 23.886123795, 0.0],
              [102.048197097, 23.886978598, 0.0],
              [102.048766097, 23.887527198, 0.0],
              [102.049624495, 23.888335509, 0.0],
              [102.050169595, 23.888836809, 0.0],
              [102.051028122, 23.889608253, 0.0],
              [102.051623622, 23.890131053, 0.0],
              [102.05254932, 23.89092397, 0.0],
              [102.05317602, 23.89144767, 0.0],
              [102.054174788, 23.892260674, 0.0],
              [102.054845688, 23.892792574, 0.0],
              [102.055811871, 23.893539546, 0.0],
              [102.056439371, 23.894012546, 0.0],
              [102.057324569, 23.894664657, 0.0],
              [102.057970669, 23.895129757, 0.0],
              [102.058913576, 23.895792154, 0.0],
              [102.059593876, 23.896258454, 0.0],
              [102.060762471, 23.89703557, 0.0],
              [102.061463771, 23.89748787, 0.0],
              [102.062346403, 23.898044166, 0.0],
              [102.062996303, 23.898444366, 0.0],
              [102.063861489, 23.898965161, 0.0],
              [102.064543489, 23.899366361, 0.0],
              [102.065533594, 23.899933702, 0.0],
              [102.066197094, 23.900303902, 0.0],
              [102.06715555, 23.900825043, 0.0],
              [102.06775365, 23.901141843, 0.0],
              [102.06873733, 23.901649016, 0.0],
              [102.06952233, 23.902042816, 0.0],
              [102.070116048, 23.902335754, 0.0],
              [102.072955548, 23.903713454, 0.0],
              [102.081412872, 23.907816675, 0.0],
              [102.082234365, 23.908229855, 0.0],
              [102.082894001, 23.908584682, 0.0],
              [102.083304874, 23.908821029, 0.0],
              [102.083326482, 23.908834593, 0.0],
              [102.083363586, 23.908868236, 0.0],
              [102.083745164, 23.909238961, 0.0],
              [102.08472516, 23.910215576, 0.0],
              [102.10416502, 23.92993617, 0.0],
              [102.105265279, 23.931408549, 0.0],
              [102.105593466, 23.931776671, 0.0],
              [102.105827749, 23.932048619, 0.0],
              [102.105953553, 23.932196393, 0.0],
              [102.106098432, 23.932417641, 0.0],
              [102.106382085, 23.932862549, 0.0],
              [102.159973304, 24.018762743, 0.0],
              [102.160425715, 24.021713288, 0.0],
              [102.160477338, 24.022050782, 0.0],
              [102.161170717, 24.026578641, 0.0],
              [102.161440535, 24.028340707, 0.0],
              [102.161681892, 24.029917022, 0.0],
              [102.162091596, 24.032228672, 0.0],
              [102.162187396, 24.032703972, 0.0],
              [102.162442083, 24.03389276, 0.0],
              [102.162558983, 24.03440776, 0.0],
              [102.16278157, 24.035346328, 0.0],
              [102.16290847, 24.035859328, 0.0],
              [102.163146958, 24.036785351, 0.0],
              [102.163283758, 24.037296251, 0.0],
              [102.163544073, 24.038231963, 0.0],
              [102.163690873, 24.038740463, 0.0],
              [102.163963473, 24.03965208, 0.0],
              [102.164120073, 24.04015818, 0.0],
              [102.164413957, 24.041076503, 0.0],
              [102.164580457, 24.041580003, 0.0],
              [102.1648874, 24.042479439, 0.0],
              [102.1650636, 24.042980139, 0.0],
              [102.165389162, 24.043877807, 0.0],
              [102.165575062, 24.044375507, 0.0],
              [102.165918208, 24.04526806, 0.0],
              [102.166113808, 24.04576266, 0.0],
              [102.166471068, 24.046641565, 0.0],
              [102.166676268, 24.047132965, 0.0],
              [102.167048657, 24.048001559, 0.0],
              [102.167263357, 24.048489559, 0.0],
              [102.167654339, 24.049355807, 0.0],
              [102.167878539, 24.049840207, 0.0],
              [102.1682829, 24.050692665, 0.0],
              [102.1685165, 24.051173365, 0.0],
              [102.168931917, 24.052008309, 0.0],
              [102.169174717, 24.052485109, 0.0],
              [102.169614303, 24.053328418, 0.0],
              [102.169866503, 24.053801218, 0.0],
              [102.170306862, 24.054608782, 0.0],
              [102.170568062, 24.055077482, 0.0],
              [102.171036977, 24.055900479, 0.0],
              [102.171307377, 24.056364779, 0.0],
              [102.171777916, 24.057155899, 0.0],
              [102.172057216, 24.057615799, 0.0],
              [102.172552826, 24.058414846, 0.0],
              [102.172841126, 24.058870046, 0.0],
              [102.173341535, 24.059644265, 0.0],
              [102.173638635, 24.060094765, 0.0],
              [102.174148747, 24.060853088, 0.0],
              [102.174454447, 24.061298688, 0.0],
              [102.174988567, 24.062061902, 0.0],
              [102.175303067, 24.062502502, 0.0],
              [102.175838077, 24.063237794, 0.0],
              [102.176160977, 24.063673194, 0.0],
              [102.176711009, 24.064400891, 0.0],
              [102.177042309, 24.064830991, 0.0],
              [102.177610757, 24.065555074, 0.0],
              [102.177950457, 24.065979674, 0.0],
              [102.178521059, 24.066679826, 0.0],
              [102.178868959, 24.067098926, 0.0],
              [102.179457118, 24.067794466, 0.0],
              [102.179813118, 24.068207766, 0.0],
              [102.180402778, 24.06888008, 0.0],
              [102.180766678, 24.06928758, 0.0],
              [102.181379177, 24.069961024, 0.0],
              [102.181751077, 24.070362524, 0.0],
              [102.182355132, 24.071003246, 0.0],
              [102.182734632, 24.071398746, 0.0],
              [102.183370457, 24.072049423, 0.0],
              [102.183757757, 24.072438623, 0.0],
              [102.184389368, 24.073062165, 0.0],
              [102.184784068, 24.073444965, 0.0],
              [102.185424633, 24.074055312, 0.0],
              [102.185826733, 24.074431712, 0.0],
              [102.186481021, 24.07503336, 0.0],
              [102.186890421, 24.07540316, 0.0],
              [102.187549072, 24.075987651, 0.0],
              [102.187965572, 24.076350751, 0.0],
              [102.188632943, 24.076922315, 0.0],
              [102.189056443, 24.077278615, 0.0],
              [102.189737807, 24.077841652, 0.0],
              [102.190168207, 24.078190952, 0.0],
              [102.190848304, 24.078733156, 0.0],
              [102.191285404, 24.079075456, 0.0],
              [102.191973835, 24.079604996, 0.0],
              [102.192417535, 24.079940196, 0.0],
              [102.193120031, 24.080461319, 0.0],
              [102.193570231, 24.080789219, 0.0],
              [102.194276856, 24.081294548, 0.0],
              [102.194733356, 24.081615048, 0.0],
              [102.195556214, 24.08218058, 0.0],
              [102.195769103, 24.082323785, 0.0],
              [102.21114915, 24.092944324, 0.0],
              [102.217200714, 24.09712323, 0.0],
              [102.218623714, 24.098105829, 0.0],
              [102.228871274, 24.105182657, 0.0],
              [102.294683009, 24.163699103, 0.0],
              [102.298470208, 24.168965402, 0.0],
              [102.298768643, 24.169375979, 0.0],
              [102.299031943, 24.169734379, 0.0],
              [102.29947763, 24.17033166, 0.0],
              [102.29976933, 24.17071656, 0.0],
              [102.300249766, 24.171340237, 0.0],
              [102.300559266, 24.171735537, 0.0],
              [102.301038423, 24.172337917, 0.0],
              [102.301362223, 24.172738617, 0.0],
              [102.301863113, 24.173348553, 0.0],
              [102.302156613, 24.173700253, 0.0],
              [102.302514232, 24.174123988, 0.0],
              [102.302789232, 24.174446188, 0.0],
              [102.303253314, 24.174982182, 0.0],
              [102.303570914, 24.175343782, 0.0],
              [102.304144033, 24.17598509, 0.0],
              [102.304483733, 24.17635869, 0.0],
              [102.305016051, 24.176934981, 0.0],
              [102.305364551, 24.177306381, 0.0],
              [102.305893808, 24.177861813, 0.0],
              [102.306201608, 24.178179913, 0.0],
              [102.30671679, 24.17870456, 0.0],
              [102.30711639, 24.17910556, 0.0],
              [102.307740687, 24.179721154, 0.0],
              [102.308100987, 24.180070254, 0.0],
              [102.308647349, 24.18059169, 0.0],
              [102.309054349, 24.18097429, 0.0],
              [102.309901477, 24.181752471, 0.0],
              [102.310300977, 24.182111071, 0.0],
              [102.310459702, 24.182252938, 0.0],
              [102.310811402, 24.182565938, 0.0],
              [102.31149444, 24.183162802, 0.0],
              [102.31154654, 24.183207502, 0.0],
              [102.311880451, 24.183493818, 0.0],
              [102.312536535, 24.184046682, 0.0],
              [102.312947835, 24.184387282, 0.0],
              [102.313666726, 24.184971459, 0.0],
              [102.314080726, 24.185301559, 0.0],
              [102.31449343, 24.185627092, 0.0],
              [102.31492263, 24.185961992, 0.0],
              [102.315655321, 24.186522903, 0.0],
              [102.316073821, 24.186837203, 0.0],
              [102.316710009, 24.187307166, 0.0],
              [102.317119609, 24.187604766, 0.0],
              [102.317669289, 24.187998492, 0.0],
              [102.318100389, 24.188302892, 0.0],
              [102.318840938, 24.188815859, 0.0],
              [102.319245538, 24.189090759, 0.0],
              [102.320150861, 24.189691595, 0.0],
              [102.335432111, 24.199595834, 0.0],
              [102.340827644, 24.209778409, 0.0],
              [102.341371424, 24.21077703, 0.0],
              [102.342155824, 24.21217933, 0.0],
              [102.342213217, 24.212281054, 0.0],
              [102.342501207, 24.212820181, 0.0],
              [102.342767965, 24.2133044, 0.0],
              [102.343059703, 24.213845103, 0.0],
              [102.343388925, 24.214445408, 0.0],
              [102.343690125, 24.214985808, 0.0],
              [102.344377785, 24.216180546, 0.0],
              [102.344636609, 24.216616223, 0.0],
              [102.344844127, 24.216969048, 0.0],
              [102.344860611, 24.21699758, 0.0],
              [102.346034236, 24.218927023, 0.0],
              [102.346202336, 24.219189823, 0.0],
              [102.347262457, 24.220779419, 0.0],
              [102.347391357, 24.220964919, 0.0],
              [102.347947415, 24.221748951, 0.0],
              [102.348188215, 24.222081651, 0.0],
              [102.348522547, 24.222538119, 0.0],
              [102.348739147, 24.222830362, 0.0],
              [102.3489424, 24.223110881, 0.0],
              [102.349447995, 24.223796315, 0.0],
              [102.349783082, 24.224242582, 0.0],
              [102.349829602, 24.22430502, 0.0],
              [102.350155224, 24.224756069, 0.0],
              [102.350877024, 24.225734569, 0.0],
              [102.351488729, 24.226546414, 0.0],
              [102.351557771, 24.226636133, 0.0],
              [102.35168808, 24.22681115, 0.0],
              [102.351892309, 24.227087214, 0.0],
              [102.352095367, 24.227359754, 0.0],
              [102.352721307, 24.228193943, 0.0],
              [102.353180093, 24.228814653, 0.0],
              [102.353318624, 24.229001169, 0.0],
              [102.355149024, 24.231453669, 0.0],
              [102.355433584, 24.231831206, 0.0],
              [102.355649984, 24.232115506, 0.0],
              [102.355991683, 24.232559241, 0.0],
              [102.356209183, 24.232838441, 0.0],
              [102.356491465, 24.233197407, 0.0],
              [102.356757465, 24.233532507, 0.0],
              [102.35730951, 24.234215554, 0.0],
              [102.35765041, 24.234629854, 0.0],
              [102.358127369, 24.235200797, 0.0],
              [102.358466269, 24.235600397, 0.0],
              [102.359048232, 24.236274337, 0.0],
              [102.359386632, 24.236659237, 0.0],
              [102.359907519, 24.237242439, 0.0],
              [102.360272619, 24.237644839, 0.0],
              [102.360804675, 24.23822208, 0.0],
              [102.361140075, 24.23858028, 0.0],
              [102.361707159, 24.239176016, 0.0],
              [102.362060759, 24.239541416, 0.0],
              [102.362554251, 24.240044239, 0.0],
              [102.362876851, 24.240368339, 0.0],
              [102.363379581, 24.240866309, 0.0],
              [102.363708781, 24.241187809, 0.0],
              [102.364179039, 24.241641104, 0.0],
              [102.364516539, 24.241962204, 0.0],
              [102.365092965, 24.242502012, 0.0],
              [102.365443165, 24.242824812, 0.0],
              [102.36594523, 24.243281332, 0.0],
              [102.36630433, 24.243603432, 0.0],
              [102.366864346, 24.244098245, 0.0],
              [102.367202946, 24.244392945, 0.0],
              [102.367688712, 24.244810293, 0.0],
              [102.368059312, 24.245124593, 0.0],
              [102.368732546, 24.245685485, 0.0],
              [102.369252346, 24.246110885, 0.0],
              [102.370041432, 24.246743449, 0.0],
              [102.370572532, 24.247160449, 0.0],
              [102.371257129, 24.247688466, 0.0],
              [102.371669229, 24.248000666, 0.0],
              [102.372246515, 24.248431499, 0.0],
              [102.372616915, 24.248703799, 0.0],
              [102.373197724, 24.249124398, 0.0],
              [102.373598124, 24.249409998, 0.0],
              [102.374163588, 24.249807468, 0.0],
              [102.374566688, 24.250086668, 0.0],
              [102.375125006, 24.250467818, 0.0],
              [102.375521106, 24.250734318, 0.0],
              [102.376197059, 24.251181192, 0.0],
              [102.376644159, 24.251471592, 0.0],
              [102.377168301, 24.251807412, 0.0],
              [102.377529401, 24.252035612, 0.0],
              [102.378128339, 24.252408229, 0.0],
              [102.378567439, 24.252677129, 0.0],
              [102.37920421, 24.253060602, 0.0],
              [102.37962861, 24.253311902, 0.0],
              [102.380197002, 24.253643432, 0.0],
              [102.380644702, 24.253900632, 0.0],
              [102.381285189, 24.254262346, 0.0],
              [102.381736289, 24.254512746, 0.0],
              [102.382408375, 24.254879112, 0.0],
              [102.382819975, 24.255099412, 0.0],
              [102.383283231, 24.255344246, 0.0],
              [102.433992298, 24.281805325, 0.0],
              [102.434611725, 24.282780499, 0.0],
              [102.435255951, 24.283794462, 0.0],
              [102.435322378, 24.283898729, 0.0],
              [102.435414178, 24.284042429, 0.0],
              [102.435562357, 24.284272986, 0.0],
              [102.435720057, 24.284516886, 0.0],
              [102.436001484, 24.284947273, 0.0],
              [102.436205284, 24.285255473, 0.0],
              [102.436588042, 24.285825753, 0.0],
              [102.436827342, 24.286177053, 0.0],
              [102.437181987, 24.286690762, 0.0],
              [102.437402787, 24.287006362, 0.0],
              [102.43778474, 24.287544704, 0.0],
              [102.43806044, 24.287927904, 0.0],
              [102.438466909, 24.288484725, 0.0],
              [102.438707309, 24.288809325, 0.0],
              [102.439133303, 24.289376077, 0.0],
              [102.439394103, 24.289717977, 0.0],
              [102.4399221, 24.290397943, 0.0],
              [102.4403452, 24.290933243, 0.0],
              [102.440986563, 24.29172787, 0.0],
              [102.441382063, 24.29220777, 0.0],
              [102.441986237, 24.292927002, 0.0],
              [102.442378537, 24.293385202, 0.0],
              [102.443025946, 24.294126472, 0.0],
              [102.443453746, 24.294606672, 0.0],
              [102.444109042, 24.295327956, 0.0],
              [102.444513442, 24.295764456, 0.0],
              [102.445171915, 24.296461664, 0.0],
              [102.445324175, 24.296619814, 0.0],
              [102.446287725, 24.301561048, 0.0],
              [102.446424787, 24.30226395, 0.0],
              [102.447007441, 24.305251929, 0.0],
              [102.447204598, 24.306212729, 0.0],
              [102.447267098, 24.306502829, 0.0],
              [102.447501117, 24.307535789, 0.0],
              [102.447563517, 24.307798289, 0.0],
              [102.447821872, 24.308835699, 0.0],
              [102.447898072, 24.309128299, 0.0],
              [102.448197173, 24.310225497, 0.0],
              [102.448282973, 24.310526697, 0.0],
              [102.44862019, 24.311659501, 0.0],
              [102.44871399, 24.311961501, 0.0],
              [102.449083244, 24.313101916, 0.0],
              [102.449188044, 24.313412816, 0.0],
              [102.449582974, 24.314539774, 0.0],
              [102.449694074, 24.314845074, 0.0],
              [102.450132555, 24.316005039, 0.0],
              [102.450253055, 24.316312239, 0.0],
              [102.450692427, 24.317394973, 0.0],
              [102.450818227, 24.317694873, 0.0],
              [102.451294358, 24.318792912, 0.0],
              [102.451426358, 24.319087612, 0.0],
              [102.45189814, 24.320109891, 0.0],
              [102.45202764, 24.320382391, 0.0],
              [102.452538975, 24.32142686, 0.0],
              [102.452681575, 24.32170976, 0.0],
              [102.45318942, 24.322690173, 0.0],
              [102.45334452, 24.322981673, 0.0],
              [102.453915474, 24.324024646, 0.0],
              [102.454060274, 24.324281846, 0.0],
              [102.454467782, 24.324992014, 0.0],
              [102.454577482, 24.325179614, 0.0],
              [102.455074763, 24.326011417, 0.0],
              [102.455227163, 24.326260817, 0.0],
              [102.455764845, 24.327120991, 0.0],
              [102.455922045, 24.327366891, 0.0],
              [102.456511098, 24.328266837, 0.0],
              [102.456684498, 24.328525637, 0.0],
              [102.457308938, 24.329435731, 0.0],
              [102.457492638, 24.329697231, 0.0],
              [102.458188697, 24.330663414, 0.0],
              [102.458403797, 24.330954614, 0.0],
              [102.459121734, 24.331902743, 0.0],
              [102.459326934, 24.332167143, 0.0],
              [102.460056143, 24.333084334, 0.0],
              [102.460270643, 24.333347734, 0.0],
              [102.460636287, 24.333786486, 0.0],
              [102.460061319, 24.344237745, 0.0],
              [102.460044825, 24.344537054, 0.0],
              [102.459163883, 24.345559411, 0.0],
              [102.45880178, 24.345984417, 0.0],
              [102.45849068, 24.346353717, 0.0],
              [102.457875516, 24.347098446, 0.0],
              [102.457517216, 24.347540846, 0.0],
              [102.456907125, 24.348309438, 0.0],
              [102.456567725, 24.348745738, 0.0],
              [102.455985347, 24.349509409, 0.0],
              [102.455660847, 24.349943509, 0.0],
              [102.454971516, 24.350888514, 0.0],
              [102.454624716, 24.351375814, 0.0],
              [102.454014812, 24.35225248, 0.0],
              [102.453675912, 24.35275088, 0.0],
              [102.453086285, 24.353638193, 0.0],
              [102.452780485, 24.354109193, 0.0],
              [102.452195146, 24.3550327, 0.0],
              [102.451878546, 24.3555445, 0.0],
              [102.451278898, 24.356539516, 0.0],
              [102.450965598, 24.357073316, 0.0],
              [102.450386039, 24.358087733, 0.0],
              [102.450103739, 24.358595533, 0.0],
              [102.449597525, 24.359529328, 0.0],
              [102.449342025, 24.360012828, 0.0],
              [102.448866476, 24.360935815, 0.0],
              [102.448633776, 24.361399215, 0.0],
              [102.448246193, 24.362188271, 0.0],
              [102.448072793, 24.362549271, 0.0],
              [102.447726023, 24.36328654, 0.0],
              [102.447559623, 24.36364794, 0.0],
              [102.447292206, 24.364238795, 0.0],
              [102.447154406, 24.364548595, 0.0],
              [102.44680023, 24.365364307, 0.0],
              [102.44661403, 24.365803807, 0.0],
              [102.446356301, 24.366423694, 0.0],
              [102.446225401, 24.366744594, 0.0],
              [102.445889243, 24.367590626, 0.0],
              [102.445714743, 24.368041726, 0.0],
              [102.445375197, 24.36894531, 0.0],
              [102.445209797, 24.36939871, 0.0],
              [102.444947118, 24.37013668, 0.0],
              [102.444831518, 24.37046968, 0.0],
              [102.4446084, 24.371127095, 0.0],
              [102.4444893, 24.371486195, 0.0],
              [102.444250626, 24.372224972, 0.0],
              [102.444144226, 24.372563272, 0.0],
              [102.443919515, 24.373297389, 0.0],
              [102.443803315, 24.373687689, 0.0],
              [102.443580018, 24.374460387, 0.0],
              [102.443471518, 24.374847487, 0.0],
              [102.443278488, 24.375556156, 0.0],
              [102.443179588, 24.375930056, 0.0],
              [102.4429702, 24.376749647, 0.0],
              [102.442872, 24.377148047, 0.0],
              [102.442680984, 24.377951503, 0.0],
              [102.442590584, 24.378346203, 0.0],
              [102.442431387, 24.379065599, 0.0],
              [102.442351787, 24.379438299, 0.0],
              [102.442178892, 24.38028345, 0.0],
              [102.442096192, 24.38070625, 0.0],
              [102.441930692, 24.381594927, 0.0],
              [102.441847092, 24.382067527, 0.0],
              [102.441694552, 24.382978871, 0.0],
              [102.441626752, 24.383408271, 0.0],
              [102.441492131, 24.384314711, 0.0],
              [102.441427031, 24.384782511, 0.0],
              [102.441303135, 24.385740515, 0.0],
              [102.441250535, 24.386180615, 0.0],
              [102.44115381, 24.387055131, 0.0],
              [102.44110431, 24.387541831, 0.0],
              [102.441007639, 24.388604964, 0.0],
              [102.440971439, 24.389056464, 0.0],
              [102.440907823, 24.389950405, 0.0],
              [102.440874523, 24.390486105, 0.0],
              [102.440817918, 24.391595649, 0.0],
              [102.440797518, 24.392107149, 0.0],
              [102.440767564, 24.393111599, 0.0],
              [102.440757264, 24.393632699, 0.0],
              [102.440747565, 24.394701121, 0.0],
              [102.440748365, 24.395199121, 0.0],
              [102.440761281, 24.396258055, 0.0],
              [102.440774281, 24.396828455, 0.0],
              [102.440817509, 24.398059386, 0.0],
              [102.440846809, 24.398676786, 0.0],
              [102.440914214, 24.399820298, 0.0],
              [102.440949114, 24.400315698, 0.0],
              [102.441030611, 24.401326274, 0.0],
              [102.441079311, 24.401862274, 0.0],
              [102.441197537, 24.403015073, 0.0],
              [102.441260037, 24.403561973, 0.0],
              [102.441399265, 24.404670362, 0.0],
              [102.441475465, 24.405226662, 0.0],
              [102.441647069, 24.40637938, 0.0],
              [102.441737569, 24.40694218, 0.0],
              [102.441920804, 24.408008012, 0.0],
              [102.442032204, 24.408616512, 0.0],
              [102.442285503, 24.409904432, 0.0],
              [102.442400203, 24.410449732, 0.0],
              [102.442617289, 24.411432574, 0.0],
              [102.442738989, 24.411958374, 0.0],
              [102.443023636, 24.4131243, 0.0],
              [102.443158736, 24.4136502, 0.0],
              [102.443427988, 24.414654833, 0.0],
              [102.443600388, 24.415272333, 0.0],
              [102.443926021, 24.416388416, 0.0],
              [102.444065021, 24.416845016, 0.0],
              [102.444391467, 24.417877117, 0.0],
              [102.444571967, 24.418427017, 0.0],
              [102.444937538, 24.419499573, 0.0],
              [102.445121838, 24.420020873, 0.0],
              [102.445511883, 24.42108556, 0.0],
              [102.445730983, 24.42166326, 0.0],
              [102.446138493, 24.422702594, 0.0],
              [102.446336793, 24.423192194, 0.0],
              [102.446727899, 24.424130312, 0.0],
              [102.446922099, 24.424583112, 0.0],
              [102.447309918, 24.42546386, 0.0],
              [102.447527718, 24.42594586, 0.0],
              [102.447949072, 24.426853994, 0.0],
              [102.448150172, 24.427276294, 0.0],
              [102.448547149, 24.42809083, 0.0],
              [102.448765549, 24.42852883, 0.0],
              [102.449199151, 24.429378042, 0.0],
              [102.449420451, 24.429801442, 0.0],
              [102.449872587, 24.430646651, 0.0],
              [102.450126987, 24.431111451, 0.0],
              [102.450621715, 24.43199402, 0.0],
              [102.450884115, 24.43245122, 0.0],
              [102.451396774, 24.433323887, 0.0],
              [102.451666574, 24.433772687, 0.0],
              [102.452197862, 24.434636499, 0.0],
              [102.452488262, 24.435098099, 0.0],
              [102.45304205, 24.435958694, 0.0],
              [102.45335305, 24.436431294, 0.0],
              [102.453932476, 24.437292209, 0.0],
              [102.454248576, 24.437751509, 0.0],
              [102.454841001, 24.438593615, 0.0],
              [102.455128101, 24.438992915, 0.0],
              [102.455675268, 24.439739248, 0.0],
              [102.455985168, 24.440153848, 0.0],
              [102.456557297, 24.440904394, 0.0],
              [102.456891697, 24.441334594, 0.0],
              [102.457509104, 24.442112799, 0.0],
              [102.457835004, 24.442515299, 0.0],
              [102.458431263, 24.443237759, 0.0],
              [102.458759663, 24.443628159, 0.0],
              [102.459381586, 24.444353321, 0.0],
              [102.459719086, 24.444739321, 0.0],
              [102.460325832, 24.445420613, 0.0],
              [102.460718232, 24.445853213, 0.0],
              [102.461447175, 24.446639718, 0.0],
              [102.461804175, 24.447016718, 0.0],
              [102.462489301, 24.447726082, 0.0],
              [102.462905201, 24.448148282, 0.0],
              [102.463617231, 24.448856721, 0.0],
              [102.463991731, 24.449221921, 0.0],
              [102.464608979, 24.449813629, 0.0],
              [102.465046079, 24.450225529, 0.0],
              [102.465827642, 24.450946497, 0.0],
              [102.466166742, 24.451252697, 0.0],
              [102.466744128, 24.451766022, 0.0],
              [102.467105028, 24.452081922, 0.0],
              [102.467711068, 24.452603894, 0.0],
              [102.468008668, 24.452856094, 0.0],
              [102.468502463, 24.453269126, 0.0],
              [102.468800563, 24.453515226, 0.0],
              [102.469336281, 24.453951307, 0.0],
              [102.469660481, 24.454211507, 0.0],
              [102.470193696, 24.454633532, 0.0],
              [102.470466096, 24.454846132, 0.0],
              [102.470964857, 24.45523035, 0.0],
              [102.470966662, 24.455236521, 0.0],
              [102.47156327, 24.45727658, 0.0],
              [102.472133207, 24.459223319, 0.0],
              [102.472366392, 24.459996591, 0.0],
              [102.472535492, 24.460541391, 0.0],
              [102.472798743, 24.461364339, 0.0],
              [102.472984843, 24.461929239, 0.0],
              [102.473300672, 24.462857217, 0.0],
              [102.473488872, 24.463392917, 0.0],
              [102.473804552, 24.464265503, 0.0],
              [102.474004852, 24.464803503, 0.0],
              [102.474344152, 24.465689077, 0.0],
              [102.474536452, 24.466177077, 0.0],
              [102.474901154, 24.467076869, 0.0],
              [102.475117654, 24.467596469, 0.0],
              [102.475420707, 24.468308238, 0.0],
              [102.475619607, 24.468765538, 0.0],
              [102.475995536, 24.469608494, 0.0],
              [102.476212236, 24.470082594, 0.0],
              [102.476523758, 24.470751063, 0.0],
              [102.476757758, 24.471243663, 0.0],
              [102.477186527, 24.472123934, 0.0],
              [102.477423027, 24.472597634, 0.0],
              [102.477819559, 24.473374828, 0.0],
              [102.478077059, 24.473868828, 0.0],
              [102.478453195, 24.474576529, 0.0],
              [102.478715595, 24.475060829, 0.0],
              [102.479192984, 24.475921587, 0.0],
              [102.479452584, 24.476378987, 0.0],
              [102.479849729, 24.477065977, 0.0],
              [102.480115129, 24.477516777, 0.0],
              [102.480568183, 24.47827106, 0.0],
              [102.480841683, 24.47871746, 0.0],
              [102.481275706, 24.479412996, 0.0],
              [102.481551306, 24.479846696, 0.0],
              [102.481959322, 24.480478233, 0.0],
              [102.482231622, 24.480892833, 0.0],
              [102.482719991, 24.481622376, 0.0],
              [102.483047791, 24.482102876, 0.0],
              [102.483540495, 24.482811872, 0.0],
              [102.483887395, 24.483301972, 0.0],
              [102.484428347, 24.48405144, 0.0],
              [102.484739647, 24.48447444, 0.0],
              [102.485284606, 24.485201023, 0.0],
              [102.485622206, 24.485642723, 0.0],
              [102.486151601, 24.48632312, 0.0],
              [102.486516001, 24.48678322, 0.0],
              [102.487114663, 24.487524481, 0.0],
              [102.487493963, 24.487985081, 0.0],
              [102.487937475, 24.488516127, 0.0],
              [102.488275675, 24.488915427, 0.0],
              [102.48887783, 24.489613224, 0.0],
              [102.48921973, 24.490002124, 0.0],
              [102.489735561, 24.490579782, 0.0],
              [102.490100261, 24.490981882, 0.0],
              [102.49065583, 24.491584426, 0.0],
              [102.49101023, 24.491962526, 0.0],
              [102.491545785, 24.492525074, 0.0],
              [102.491943485, 24.492936374, 0.0],
              [102.492594409, 24.49359718, 0.0],
              [102.492996909, 24.49399828, 0.0],
              [102.493553729, 24.494544573, 0.0],
              [102.493984829, 24.494960973, 0.0],
              [102.494682216, 24.495621748, 0.0],
              [102.495138516, 24.496045848, 0.0],
              [102.495879616, 24.49672093, 0.0],
              [102.496372816, 24.49716123, 0.0],
              [102.4970821, 24.497782519, 0.0],
              [102.4975736, 24.498204919, 0.0],
              [102.498208931, 24.498741806, 0.0],
              [102.498686731, 24.499138806, 0.0],
              [102.499210054, 24.499567678, 0.0],
              [102.499486041, 24.49979075, 0.0],
              [102.499456347, 24.50032527, 0.0],
              [102.499435247, 24.50077497, 0.0],
              [102.499402891, 24.501615554, 0.0],
              [102.499388391, 24.502097754, 0.0],
              [102.499370801, 24.502893457, 0.0],
              [102.499363801, 24.503388357, 0.0],
              [102.499359077, 24.504261819, 0.0],
              [102.499360677, 24.504742819, 0.0],
              [102.499370207, 24.505566743, 0.0],
              [102.499378907, 24.506005943, 0.0],
              [102.499398995, 24.506744451, 0.0],
              [102.499415895, 24.507232951, 0.0],
              [102.499453732, 24.508105859, 0.0],
              [102.499477632, 24.508564559, 0.0],
              [102.499527369, 24.509388265, 0.0],
              [102.499560069, 24.509864465, 0.0],
              [102.499622958, 24.510682122, 0.0],
              [102.499664358, 24.511168222, 0.0],
              [102.499741593, 24.511994016, 0.0],
              [102.499789293, 24.512462116, 0.0],
              [102.499885371, 24.513329795, 0.0],
              [102.499947371, 24.513848295, 0.0],
              [102.500065956, 24.514767645, 0.0],
              [102.500134656, 24.515263945, 0.0],
              [102.500258422, 24.516105305, 0.0],
              [102.500338722, 24.516620705, 0.0],
              [102.500486262, 24.517514387, 0.0],
              [102.500571462, 24.518002887, 0.0],
              [102.500717304, 24.51880079, 0.0],
              [102.500807004, 24.51926999, 0.0],
              [102.500965485, 24.520064052, 0.0],
              [102.501055785, 24.520498152, 0.0],
              [102.501222601, 24.521269506, 0.0],
              [102.501324901, 24.521725106, 0.0],
              [102.501503137, 24.522490687, 0.0],
              [102.501612337, 24.522943587, 0.0],
              [102.501813819, 24.523749761, 0.0],
              [102.501935519, 24.524220061, 0.0],
              [102.502141374, 24.524990205, 0.0],
              [102.502264874, 24.525437905, 0.0],
              [102.502486072, 24.52621521, 0.0],
              [102.502614872, 24.52665431, 0.0],
              [102.502835944, 24.527387163, 0.0],
              [102.502968544, 24.527814863, 0.0],
              [102.503204232, 24.528554712, 0.0],
              [102.503339732, 24.528968912, 0.0],
              [102.503572861, 24.529664249, 0.0],
              [102.503717661, 24.530085849, 0.0],
              [102.503974594, 24.530815513, 0.0],
              [102.504128494, 24.531242013, 0.0],
              [102.504375782, 24.531912279, 0.0],
              [102.504525482, 24.532309279, 0.0],
              [102.504784572, 24.532981663, 0.0],
              [102.504946472, 24.533392963, 0.0],
              [102.505216446, 24.534064516, 0.0],
              [102.505372046, 24.534443616, 0.0],
              [102.505652967, 24.535114125, 0.0],
              [102.505812567, 24.535487425, 0.0],
              [102.50606199, 24.536060871, 0.0],
              [102.50620949, 24.536394271, 0.0],
              [102.506466954, 24.536966496, 0.0],
              [102.506634354, 24.537332396, 0.0],
              [102.506871538, 24.537843205, 0.0],
              [102.507026938, 24.538173005, 0.0],
              [102.507327585, 24.538799722, 0.0],
              [102.507477785, 24.539107322, 0.0],
              [102.507736226, 24.539628872, 0.0],
              [102.507898026, 24.539950672, 0.0],
              [102.508174311, 24.540491946, 0.0],
              [102.508351611, 24.540834146, 0.0],
              [102.508642069, 24.541386288, 0.0],
              [102.508831069, 24.541740188, 0.0],
              [102.509114982, 24.54226427, 0.0],
              [102.509311582, 24.54262207, 0.0],
              [102.509691553, 24.543301022, 0.0],
              [102.509894553, 24.543657222, 0.0],
              [102.510211157, 24.544204684, 0.0],
              [102.510425157, 24.544569384, 0.0],
              [102.510797603, 24.545193667, 0.0],
              [102.511016003, 24.545553767, 0.0],
              [102.511306507, 24.54602681, 0.0],
              [102.511488007, 24.54631871, 0.0],
              [102.511824283, 24.546852004, 0.0],
              [102.512041683, 24.547192004, 0.0],
              [102.512379824, 24.54771366, 0.0],
              [102.512585224, 24.54802626, 0.0],
              [102.512938066, 24.548555879, 0.0],
              [102.513138066, 24.548851979, 0.0],
              [102.513436688, 24.549289082, 0.0],
              [102.513640388, 24.549583882, 0.0],
              [102.514012711, 24.550115312, 0.0],
              [102.514263811, 24.550468812, 0.0],
              [102.514648144, 24.551002411, 0.0],
              [102.514900244, 24.551347611, 0.0],
              [102.515322831, 24.551917719, 0.0],
              [102.515585231, 24.552266519, 0.0],
              [102.51598956, 24.552796586, 0.0],
              [102.51622436, 24.553100186, 0.0],
              [102.516593566, 24.553571714, 0.0],
              [102.516828366, 24.553867914, 0.0],
              [102.517185337, 24.554312992, 0.0],
              [102.517394937, 24.554571292, 0.0],
              [102.517688421, 24.554929563, 0.0],
              [102.517899621, 24.555184963, 0.0],
              [102.518257096, 24.555612378, 0.0],
              [102.518493096, 24.555891378, 0.0],
              [102.518887997, 24.556352523, 0.0],
              [102.519110797, 24.556609523, 0.0],
              [102.519446958, 24.556993312, 0.0],
              [102.519684658, 24.557261912, 0.0],
              [102.520025278, 24.55764287, 0.0],
              [102.520281378, 24.55792637, 0.0],
              [102.520710277, 24.558395134, 0.0],
              [102.520950477, 24.558654334, 0.0],
              [102.521263071, 24.558988574, 0.0],
              [102.521468171, 24.559205874, 0.0],
              [102.521828565, 24.559583733, 0.0],
              [102.521956365, 24.559716333, 0.0],
              [102.522189152, 24.559956253, 0.0],
              [102.522496252, 24.560270653, 0.0],
              [102.522985718, 24.56076483, 0.0],
              [102.523309618, 24.56108733, 0.0],
              [102.523786435, 24.561555781, 0.0],
              [102.524106735, 24.561866281, 0.0],
              [102.524201907, 24.561958298, 0.0],
              [102.52497707, 24.562705772, 0.0],
              [102.525654932, 24.563359447, 0.0],
              [102.531992548, 24.569470744, 0.0],
              [102.532187592, 24.569658804, 0.0],
              [102.532294911, 24.56976772, 0.0],
              [102.532310674, 24.569784132, 0.0],
              [102.532410942, 24.569891716, 0.0],
              [102.532455347, 24.569940816, 0.0],
              [102.532511499, 24.570004681, 0.0],
              [102.532554546, 24.570055153, 0.0],
              [102.532583406, 24.570089962, 0.0],
              [102.532616273, 24.57013072, 0.0],
              [102.532673166, 24.570203356, 0.0],
              [102.532700755, 24.57023961, 0.0],
              [102.532722862, 24.57026947, 0.0],
              [102.532756288, 24.570315876, 0.0],
              [102.532773634, 24.57034066, 0.0],
              [102.532822063, 24.570412006, 0.0],
              [102.532841236, 24.570441196, 0.0],
              [102.532878825, 24.570502214, 0.0],
              [102.532910267, 24.570555134, 0.0],
              [102.532916217, 24.570565505, 0.0],
              [102.532924742, 24.570580922, 0.0],
              [102.532949084, 24.570626736, 0.0],
              [102.53296745, 24.570662669, 0.0],
              [102.532981568, 24.570691453, 0.0],
              [102.532989522, 24.570709269, 0.0],
              [102.532992577, 24.570716365, 0.0],
              [102.533000191, 24.570734975, 0.0],
              [102.533000433, 24.570766451, 0.0],
              [102.533003201, 24.586665603, 0.0],
              [102.533003601, 24.588620609, 0.0],
              [102.533003701, 24.589202228, 0.0],
              [102.533005401, 24.599239169, 0.0],
              [102.533005501, 24.599799905, 0.0],
              [102.533006201, 24.603828801, 0.0],
              [102.533006501, 24.605676716, 0.0],
              [102.533008099, 24.606068511, 0.0],
              [102.533012299, 24.606593611, 0.0],
              [102.533029496, 24.60756455, 0.0],
              [102.533044496, 24.60811145, 0.0],
              [102.533080205, 24.609074585, 0.0],
              [102.533106505, 24.609637385, 0.0],
              [102.533156538, 24.610534946, 0.0],
              [102.533189938, 24.611050646, 0.0],
              [102.533261382, 24.612010424, 0.0],
              [102.533306682, 24.612548924, 0.0],
              [102.533396669, 24.613507959, 0.0],
              [102.533451969, 24.614041959, 0.0],
              [102.53354766, 24.614894533, 0.0],
              [102.53361866, 24.615481633, 0.0],
              [102.533764941, 24.616587575, 0.0],
              [102.533846541, 24.617155675, 0.0],
              [102.533982882, 24.618047622, 0.0],
              [102.534075282, 24.618617622, 0.0],
              [102.534242708, 24.619589644, 0.0],
              [102.534356008, 24.620210744, 0.0],
              [102.534591439, 24.621417164, 0.0],
              [102.534719239, 24.622031764, 0.0],
              [102.534930931, 24.623001419, 0.0],
              [102.535080731, 24.623656319, 0.0],
              [102.535354495, 24.624791971, 0.0],
              [102.535519295, 24.625442171, 0.0],
              [102.535772437, 24.626400895, 0.0],
              [102.535931337, 24.626979395, 0.0],
              [102.536226578, 24.62801081, 0.0],
              [102.536384878, 24.62854221, 0.0],
              [102.536650012, 24.629403779, 0.0],
              [102.536819912, 24.629938679, 0.0],
              [102.537114154, 24.630835613, 0.0],
              [102.537296154, 24.631373213, 0.0],
              [102.537591767, 24.632221255, 0.0],
              [102.537770967, 24.632720855, 0.0],
              [102.5380899, 24.633584898, 0.0],
              [102.5382769, 24.634077498, 0.0],
              [102.538594848, 24.634893439, 0.0],
              [102.538787748, 24.635375939, 0.0],
              [102.539135847, 24.636223999, 0.0],
              [102.539378047, 24.636798999, 0.0],
              [102.539741823, 24.637640959, 0.0],
              [102.539971423, 24.638159259, 0.0],
              [102.540380184, 24.639057933, 0.0],
              [102.540625684, 24.639583833, 0.0],
              [102.541003319, 24.64037463, 0.0],
              [102.541242119, 24.64086363, 0.0],
              [102.541626233, 24.641633333, 0.0],
              [102.541859533, 24.642090933, 0.0],
              [102.542252065, 24.642844945, 0.0],
              [102.542525865, 24.643360145, 0.0],
              [102.542995356, 24.644223007, 0.0],
              [102.543260556, 24.644699207, 0.0],
              [102.543724927, 24.645514936, 0.0],
              [102.544015927, 24.646015136, 0.0],
              [102.544450815, 24.646748217, 0.0],
              [102.544724615, 24.647200917, 0.0],
              [102.545165991, 24.647917014, 0.0],
              [102.545445591, 24.648362214, 0.0],
              [102.545896881, 24.649067605, 0.0],
              [102.546229281, 24.649577705, 0.0],
              [102.546745084, 24.650353363, 0.0],
              [102.547048784, 24.650800963, 0.0],
              [102.547544209, 24.651517611, 0.0],
              [102.547848309, 24.651949411, 0.0],
              [102.548396973, 24.652713117, 0.0],
              [102.548722473, 24.653157317, 0.0],
              [102.549131993, 24.653708205, 0.0],
              [102.549435893, 24.654111205, 0.0],
              [102.549925703, 24.654749979, 0.0],
              [102.550233903, 24.655145279, 0.0],
              [102.55074562, 24.65579058, 0.0],
              [102.55106612, 24.65618798, 0.0],
              [102.551532232, 24.656757306, 0.0],
              [102.551826432, 24.657111306, 0.0],
              [102.55222108, 24.657580293, 0.0],
              [102.55249398, 24.657900593, 0.0],
              [102.552857034, 24.658321936, 0.0],
              [102.559224031, 24.665628592, 0.0],
              [102.559303406, 24.665721978, 0.0],
              [102.561568087, 24.669094983, 0.0],
              [102.563175682, 24.671503592, 0.0],
              [102.563735882, 24.672325112, 0.0],
              [102.564120182, 24.672876812, 0.0],
              [102.565487237, 24.674722875, 0.0],
              [102.565485213, 24.674724388, 0.0],
              [102.565793613, 24.675136888, 0.0],
              [102.565801094, 24.675146706, 0.0],
              [102.565844951, 24.67520593, 0.0],
              [102.565885889, 24.675257987, 0.0],
              [102.566347671, 24.675864011, 0.0],
              [102.566632971, 24.676231411, 0.0],
              [102.567001411, 24.676700082, 0.0],
              [102.567333511, 24.677117382, 0.0],
              [102.567834655, 24.677736897, 0.0],
              [102.568128755, 24.678094597, 0.0],
              [102.568625195, 24.678688952, 0.0],
              [102.568943295, 24.679063852, 0.0],
              [102.569394709, 24.679588467, 0.0],
              [102.569728909, 24.679971467, 0.0],
              [102.570267368, 24.680578536, 0.0],
              [102.570591668, 24.680938236, 0.0],
              [102.571122354, 24.681517632, 0.0],
              [102.571483754, 24.681906032, 0.0],
              [102.572036985, 24.682491077, 0.0],
              [102.572374485, 24.682842277, 0.0],
              [102.572857172, 24.683337653, 0.0],
              [102.573177172, 24.683661553, 0.0],
              [102.573633499, 24.684117521, 0.0],
              [102.573971799, 24.684451221, 0.0],
              [102.574515293, 24.684979259, 0.0],
              [102.574858993, 24.685308159, 0.0],
              [102.575336727, 24.685759345, 0.0],
              [102.575675327, 24.686074945, 0.0],
              [102.576206047, 24.686562515, 0.0],
              [102.576531947, 24.686857615, 0.0],
              [102.577029114, 24.6873018, 0.0],
              [102.577393714, 24.6876232, 0.0],
              [102.577903438, 24.688066446, 0.0],
              [102.578236038, 24.688351746, 0.0],
              [102.57873538, 24.688774436, 0.0],
              [102.57906998, 24.689053936, 0.0],
              [102.57956153, 24.689459251, 0.0],
              [102.57990063, 24.689735251, 0.0],
              [102.580451174, 24.690176926, 0.0],
              [102.580828174, 24.690475026, 0.0],
              [102.581219163, 24.690781045, 0.0],
              [102.581605763, 24.691080545, 0.0],
              [102.582295626, 24.691605478, 0.0],
              [102.582678726, 24.691891778, 0.0],
              [102.583189301, 24.692268319, 0.0],
              [102.583563201, 24.692540419, 0.0],
              [102.584110941, 24.692933407, 0.0],
              [102.584485741, 24.693198507, 0.0],
              [102.585033637, 24.693580575, 0.0],
              [102.585444137, 24.693862775, 0.0],
              [102.586047482, 24.694271106, 0.0],
              [102.586411482, 24.694513606, 0.0],
              [102.586994708, 24.694896309, 0.0],
              [102.587430608, 24.695178009, 0.0],
              [102.587956043, 24.695512948, 0.0],
              [102.588372443, 24.695774748, 0.0],
              [102.589008442, 24.69616801, 0.0],
              [102.589391142, 24.69640071, 0.0],
              [102.589783437, 24.696636791, 0.0],
              [102.590158537, 24.696860191, 0.0],
              [102.590784785, 24.697227038, 0.0],
              [102.591221185, 24.697478438, 0.0],
              [102.591900185, 24.69786257, 0.0],
              [102.592339985, 24.69810687, 0.0],
              [102.592828533, 24.698374698, 0.0],
              [102.593233533, 24.698593798, 0.0],
              [102.593843901, 24.698918565, 0.0],
              [102.594248301, 24.699130165, 0.0],
              [102.594833874, 24.699431666, 0.0],
              [102.595259474, 24.699647266, 0.0],
              [102.595820787, 24.699927205, 0.0],
              [102.596249987, 24.700137905, 0.0],
              [102.596866703, 24.700435436, 0.0],
              [102.597292203, 24.700637136, 0.0],
              [102.597785193, 24.700867551, 0.0],
              [102.598175193, 24.701047251, 0.0],
              [102.598866832, 24.701359596, 0.0],
              [102.599277232, 24.701541196, 0.0],
              [102.599762749, 24.701752967, 0.0],
              [102.600208449, 24.701944567, 0.0],
              [102.600788519, 24.702189614, 0.0],
              [102.601271119, 24.702389914, 0.0],
              [102.601964607, 24.702671676, 0.0],
              [102.602431407, 24.702857276, 0.0],
              [102.603047415, 24.703097496, 0.0],
              [102.603515815, 24.703276596, 0.0],
              [102.604139261, 24.703510235, 0.0],
              [102.604613961, 24.703684535, 0.0],
              [102.605257286, 24.703915772, 0.0],
              [102.605737186, 24.704084572, 0.0],
              [102.606396981, 24.704311487, 0.0],
              [102.606884881, 24.704475487, 0.0],
              [102.607533168, 24.704688487, 0.0],
              [102.608066168, 24.704859587, 0.0],
              [102.608758368, 24.705076267, 0.0],
              [102.609277568, 24.705234667, 0.0],
              [102.609978003, 24.705442777, 0.0],
              [102.610489103, 24.705590577, 0.0],
              [102.611172731, 24.705783018, 0.0],
              [102.611698931, 24.705927118, 0.0],
              [102.612385344, 24.706109861, 0.0],
              [102.612932444, 24.706251361, 0.0],
              [102.613649299, 24.706431124, 0.0],
              [102.614151099, 24.706553024, 0.0],
              [102.614870778, 24.706722228, 0.0],
              [102.615428578, 24.706849028, 0.0],
              [102.616880835, 24.707098014, 0.0],
              [102.621548215, 24.708145489, 0.0],
              [102.625085692, 24.70895277, 0.0],
              [102.625744719, 24.709098492, 0.0],
              [102.626076419, 24.709169492, 0.0],
              [102.626249873, 24.709206298, 0.0],
              [102.626594073, 24.709278698, 0.0],
              [102.627029502, 24.709368268, 0.0],
              [102.627364202, 24.709435568, 0.0],
              [102.62784877, 24.709530516, 0.0],
              [102.62824967, 24.709607016, 0.0],
              [102.628734276, 24.709697016, 0.0],
              [102.629106876, 24.709764316, 0.0],
              [102.629622618, 24.709854684, 0.0],
              [102.630049518, 24.709927184, 0.0],
              [102.630579078, 24.710014198, 0.0],
              [102.630977678, 24.710077498, 0.0],
              [102.631610052, 24.710173779, 0.0],
              [102.632194752, 24.710258979, 0.0],
              [102.633008869, 24.710370785, 0.0],
              [102.633682669, 24.710457685, 0.0],
              [102.6345437, 24.710561149, 0.0],
              [102.6352189, 24.710636349, 0.0],
              [102.636072677, 24.710724026, 0.0],
              [102.636737377, 24.710786526, 0.0],
              [102.637537888, 24.710855312, 0.0],
              [102.638100588, 24.710899112, 0.0],
              [102.638743757, 24.710945006, 0.0],
              [102.639235457, 24.710976906, 0.0],
              [102.639863447, 24.711013682, 0.0],
              [102.640307447, 24.711036882, 0.0],
              [102.640842859, 24.711061982, 0.0],
              [102.641264459, 24.711079482, 0.0],
              [102.641889433, 24.711101509, 0.0],
              [102.642441433, 24.711117509, 0.0],
              [102.643117303, 24.711132527, 0.0],
              [102.643621903, 24.711140327, 0.0],
              [102.644267896, 24.711146139, 0.0],
              [102.644780496, 24.711147439, 0.0],
              [102.645442642, 24.711144734, 0.0],
              [102.645965642, 24.711139134, 0.0],
              [102.646611388, 24.711128048, 0.0],
              [102.647110788, 24.711116248, 0.0],
              [102.647773855, 24.711096179, 0.0],
              [102.648291355, 24.711077079, 0.0],
              [102.648926133, 24.711049611, 0.0],
              [102.649213754, 24.711035334, 0.0],
              [102.649440448, 24.711199979, 0.0],
              [102.649858948, 24.711498379, 0.0],
              [102.650484599, 24.711937308, 0.0],
              [102.650855499, 24.712193308, 0.0],
              [102.651435882, 24.712587911, 0.0],
              [102.651800082, 24.712831811, 0.0],
              [102.652503171, 24.713294139, 0.0],
              [102.652912571, 24.713558439, 0.0],
              [102.653565584, 24.71397289, 0.0],
              [102.653933284, 24.71420229, 0.0],
              [102.654563544, 24.714589051, 0.0],
              [102.654955744, 24.714825751, 0.0],
              [102.65557873, 24.715195604, 0.0],
              [102.65596183, 24.715419304, 0.0],
              [102.656625851, 24.715800253, 0.0],
              [102.657034851, 24.716030753, 0.0],
              [102.657687392, 24.716392119, 0.0],
              [102.658069692, 24.716600119, 0.0],
              [102.65877317, 24.716975624, 0.0],
              [102.65921207, 24.717205424, 0.0],
              [102.659917578, 24.717567716, 0.0],
              [102.660341778, 24.717781316, 0.0],
              [102.660915632, 24.718065679, 0.0],
              [102.661330332, 24.718267879, 0.0],
              [102.662090856, 24.718630796, 0.0],
              [102.662510656, 24.718826796, 0.0],
              [102.663177335, 24.719132127, 0.0],
              [102.663616835, 24.719329527, 0.0],
              [102.664312594, 24.719635691, 0.0],
              [102.664753894, 24.719825891, 0.0],
              [102.66552907, 24.720152288, 0.0],
              [102.66602397, 24.720355788, 0.0],
              [102.666731897, 24.720640588, 0.0],
              [102.667150997, 24.720805488, 0.0],
              [102.667863129, 24.721079429, 0.0],
              [102.668300429, 24.721243829, 0.0],
              [102.668981685, 24.721494314, 0.0],
              [102.669406485, 24.721647014, 0.0],
              [102.670074382, 24.721881772, 0.0],
              [102.670553782, 24.722046472, 0.0],
              [102.671384289, 24.722323691, 0.0],
              [102.671918089, 24.722496691, 0.0],
              [102.672696071, 24.722741834, 0.0],
              [102.673167071, 24.722886034, 0.0],
              [102.673946762, 24.723117822, 0.0],
              [102.674463662, 24.723266922, 0.0],
              [102.675283735, 24.723495927, 0.0],
              [102.675801335, 24.723635727, 0.0],
              [102.676604206, 24.723845445, 0.0],
              [102.677122506, 24.723976245, 0.0],
              [102.677879292, 24.724160971, 0.0],
              [102.678393592, 24.724282271, 0.0],
              [102.679249918, 24.724476318, 0.0],
              [102.679801918, 24.724596318, 0.0],
              [102.680639773, 24.724770964, 0.0],
              [102.681149973, 24.724872764, 0.0],
              [102.681926648, 24.725021358, 0.0],
              [102.682430648, 24.725113658, 0.0],
              [102.683240081, 24.725255029, 0.0],
              [102.683774981, 24.725343929, 0.0],
              [102.684535782, 24.725464359, 0.0],
              [102.685039082, 24.725540059, 0.0],
              [102.68586943, 24.725657837, 0.0],
              [102.68640583, 24.725729337, 0.0],
              [102.68720252, 24.725829029, 0.0],
              [102.68774532, 24.725892529, 0.0],
              [102.688586191, 24.725983697, 0.0],
              [102.689126891, 24.726037697, 0.0],
              [102.689973528, 24.726114987, 0.0],
              [102.690507828, 24.726159187, 0.0],
              [102.691284088, 24.726217323, 0.0],
              [102.691814888, 24.726252923, 0.0],
              [102.692626244, 24.726300719, 0.0],
              [102.693128644, 24.726326219, 0.0],
              [102.69394357, 24.72636092, 0.0],
              [102.69448697, 24.72637962, 0.0],
              [102.695310582, 24.726401171, 0.0],
              [102.695823882, 24.726410371, 0.0],
              [102.696620136, 24.7264183, 0.0],
              [102.697171436, 24.7264194, 0.0],
              [102.697968982, 24.726414631, 0.0],
              [102.698499182, 24.726407231, 0.0],
              [102.699118504, 24.726394749, 0.0],
              [102.708176904, 24.726156049, 0.0],
              [102.710930126, 24.726083465, 0.0],
              [102.711180574, 24.726641769, 0.0],
              [102.711402274, 24.727124969, 0.0],
              [102.711755671, 24.72787859, 0.0],
              [102.711972571, 24.72833129, 0.0],
              [102.712329271, 24.729060521, 0.0],
              [102.712561271, 24.729525221, 0.0],
              [102.712930804, 24.730250567, 0.0],
              [102.713142604, 24.730658067, 0.0],
              [102.713489046, 24.73131272, 0.0],
              [102.713715846, 24.73173372, 0.0],
              [102.714091561, 24.732418286, 0.0],
              [102.714333961, 24.732851886, 0.0],
              [102.714794468, 24.733657971, 0.0],
              [102.715127568, 24.734228671, 0.0],
              [102.715595515, 24.73501383, 0.0],
              [102.715859215, 24.73544723, 0.0],
              [102.716291014, 24.73614398, 0.0],
              [102.716576414, 24.73659618, 0.0],
              [102.717052376, 24.73733582, 0.0],
              [102.717356176, 24.73779892, 0.0],
              [102.717825926, 24.738501954, 0.0],
              [102.718134726, 24.738955754, 0.0],
              [102.718633636, 24.739675304, 0.0],
              [102.718973136, 24.740155904, 0.0],
              [102.71949205, 24.740876811, 0.0],
              [102.71980535, 24.741304011, 0.0],
              [102.720237668, 24.741884635, 0.0],
              [102.720507368, 24.742241435, 0.0],
              [102.720992184, 24.742872325, 0.0],
              [102.721319584, 24.743291425, 0.0],
              [102.721810283, 24.743909447, 0.0],
              [102.722124583, 24.744298947, 0.0],
              [102.72261068, 24.744891985, 0.0],
              [102.72293938, 24.745286785, 0.0],
              [102.72336808, 24.745794788, 0.0],
              [102.72365898, 24.746134888, 0.0],
              [102.724129245, 24.74667677, 0.0],
              [102.724413645, 24.74699977, 0.0],
              [102.724835738, 24.747473066, 0.0],
              [102.725114938, 24.747782166, 0.0],
              [102.725626207, 24.748339651, 0.0],
              [102.725991207, 24.748731651, 0.0],
              [102.726470585, 24.749239336, 0.0],
              [102.726797585, 24.749580836, 0.0],
              [102.727289989, 24.750087851, 0.0],
              [102.727631689, 24.750434751, 0.0],
              [102.728154027, 24.750957259, 0.0],
              [102.728481627, 24.751280159, 0.0],
              [102.728955336, 24.75174094, 0.0],
              [102.729294736, 24.75206674, 0.0],
              [102.729777196, 24.752523747, 0.0],
              [102.730081996, 24.752808647, 0.0],
              [102.730548671, 24.753239332, 0.0],
              [102.730851571, 24.753515332, 0.0],
              [102.731328618, 24.753944443, 0.0],
              [102.731668718, 24.754246443, 0.0],
              [102.73206465, 24.754594307, 0.0],
              [102.73237145, 24.754861007, 0.0],
              [102.732900836, 24.755314758, 0.0],
              [102.733267536, 24.755624658, 0.0],
              [102.733344969, 24.755689962, 0.0],
              [102.735508369, 24.757510762, 0.0],
              [102.738466294, 24.759999655, 0.0],
              [102.73996783, 24.761263069, 0.0],
              [102.740329586, 24.761567464, 0.0],
              [102.748397048, 24.768355194, 0.0],
              [102.748757539, 24.768658491, 0.0],
              [102.754603733, 24.77357699, 0.0],
              [102.755545896, 24.775016856, 0.0],
              [102.755707699, 24.775262552, 0.0],
              [102.756076799, 24.775819452, 0.0],
              [102.756366365, 24.776251455, 0.0],
              [102.756736065, 24.776796855, 0.0],
              [102.757068087, 24.777280536, 0.0],
              [102.757500587, 24.777902736, 0.0],
              [102.757850064, 24.778399042, 0.0],
              [102.758293364, 24.779020542, 0.0],
              [102.758664975, 24.779534608, 0.0],
              [102.759158375, 24.780208108, 0.0],
              [102.759528134, 24.780706322, 0.0],
              [102.759999234, 24.781332922, 0.0],
              [102.760390471, 24.781846363, 0.0],
              [102.760875671, 24.782474663, 0.0],
              [102.76125861, 24.782964221, 0.0],
              [102.76174301, 24.783575621, 0.0],
              [102.762138305, 24.784068133, 0.0],
              [102.762620605, 24.784661333, 0.0],
              [102.762944626, 24.78505573, 0.0],
              [102.763400626, 24.78560503, 0.0],
              [102.763763773, 24.786037486, 0.0],
              [102.764171573, 24.786517586, 0.0],
              [102.764510094, 24.786911951, 0.0],
              [102.764968894, 24.787440851, 0.0],
              [102.76532726, 24.787849465, 0.0],
              [102.76576236, 24.788340165, 0.0],
              [102.766094847, 24.788711395, 0.0],
              [102.766539847, 24.789203295, 0.0],
              [102.766894576, 24.789591291, 0.0],
              [102.767353876, 24.790088391, 0.0],
              [102.767708687, 24.790468419, 0.0],
              [102.768190587, 24.790979219, 0.0],
              [102.768568984, 24.791375929, 0.0],
              [102.769056084, 24.791881029, 0.0],
              [102.76941886, 24.792253318, 0.0],
              [102.76986736, 24.792708818, 0.0],
              [102.770203312, 24.793046777, 0.0],
              [102.770679712, 24.793521477, 0.0],
              [102.770918611, 24.793757929, 0.0],
              [102.771873706, 24.794696905, 0.0],
              [102.777013703, 24.79975288, 0.0],
              [102.778645434, 24.801357905, 0.0],
              [102.781859906, 24.804519778, 0.0],
              [102.788424338, 24.810976711, 0.0],
              [102.793710641, 24.816176619, 0.0],
              [102.796833538, 24.819248409, 0.0],
              [102.799683294, 24.822051463, 0.0],
              [102.80532513, 24.827601004, 0.0],
              [102.813367416, 24.835511684, 0.0],
              [102.814100726, 24.836458671, 0.0],
              [102.814730372, 24.837282242, 0.0],
              [102.814844511, 24.837430956, 0.0],
              [102.817837242, 24.841315149, 0.0],
              [102.815687195, 24.848316285, 0.0],
              [102.815662642, 24.848396475, 0.0],
              [102.815505522, 24.848911177, 0.0],
              [102.815223335, 24.849834001, 0.0],
              [102.81512732, 24.850131475, 0.0],
              [102.81499811, 24.850542186, 0.0],
              [102.814830097, 24.851046226, 0.0],
              [102.814573842, 24.851798006, 0.0],
              [102.814477342, 24.852083934, 0.0],
              [102.813981042, 24.853569234, 0.0],
              [102.813843424, 24.853987198, 0.0],
              [102.813666093, 24.854533866, 0.0],
              [102.813177953, 24.855844994, 0.0],
              [102.810080412, 24.871178704, 0.0],
              [102.811872853, 24.886719122, 0.0],
              [102.818379819, 24.900945042, 0.0],
              [102.818544764, 24.901124547, 0.0],
              [102.818557321, 24.901151682, 0.0],
              [102.819956107, 24.902660477, 0.0],
              [102.828964362, 24.912463934, 0.0],
              [102.829132889, 24.912558974, 0.0],
              [102.829192782, 24.912623577, 0.0],
              [102.834486286, 24.915577988, 0.0],
              [102.842590394, 24.920148247, 0.0],
              [102.842722922, 24.920175019, 0.0],
              [102.842852717, 24.92024746, 0.0],
              [102.852887541, 24.922228359, 0.0],
              [102.857924104, 24.923245788, 0.0],
              [102.857998283, 24.923237232, 0.0],
              [102.858199997, 24.923277051, 0.0],
              [102.872247956, 24.921593666, 0.0],
              [102.873464522, 24.921453347, 0.0],
              [102.873480706, 24.921445944, 0.0],
              [102.873732322, 24.921415793, 0.0],
              [102.887929282, 24.914845879, 0.0],
              [102.899401177, 24.904210418, 0.0],
              [102.90702506, 24.890550483, 0.0],
              [102.90775376, 24.888566383, 0.0],
              [102.9079268, 24.888087715, 0.0],
              [102.9081748, 24.887390615, 0.0],
              [102.908571014, 24.886232182, 0.0],
              [102.908846514, 24.885393282, 0.0],
              [102.908864524, 24.885338334, 0.0],
              [102.909345497, 24.883868032, 0.0],
              [102.909524139, 24.88335027, 0.0],
              [102.909599095, 24.883131384, 0.0],
              [102.909823095, 24.882472284, 0.0],
              [102.910197259, 24.881326166, 0.0],
              [102.910808759, 24.879373566, 0.0],
              [102.91087728, 24.879152984, 0.0],
              [102.91098282, 24.878810439, 0.0],
              [102.911023484, 24.878687204, 0.0],
              [102.911367981, 24.877601787, 0.0],
              [102.913614307, 24.870234281, 0.0],
              [102.914346254, 24.867849445, 0.0],
              [102.914403946, 24.867671857, 0.0],
              [102.916202664, 24.862151472, 0.0],
              [102.916242981, 24.862027185, 0.0],
              [102.916354881, 24.861680685, 0.0],
              [102.916600773, 24.860897343, 0.0],
              [102.916769873, 24.860342743, 0.0],
              [102.917046499, 24.859402556, 0.0],
              [102.917207899, 24.858833456, 0.0],
              [102.917453125, 24.857937131, 0.0],
              [102.917600625, 24.857377631, 0.0],
              [102.917843643, 24.856417319, 0.0],
              [102.917969743, 24.855897419, 0.0],
              [102.918172166, 24.85502912, 0.0],
              [102.918302766, 24.85444542, 0.0],
              [102.918518715, 24.853431001, 0.0],
              [102.918634415, 24.852858401, 0.0],
              [102.918796218, 24.852020899, 0.0],
              [102.918881818, 24.851556599, 0.0],
              [102.919030196, 24.850711149, 0.0],
              [102.919105796, 24.850257549, 0.0],
              [102.919219447, 24.849543878, 0.0],
              [102.919281947, 24.849132278, 0.0],
              [102.919378594, 24.848465571, 0.0],
              [102.919435694, 24.848052071, 0.0],
              [102.919526078, 24.84736214, 0.0],
              [102.919575478, 24.84696354, 0.0],
              [102.919653736, 24.84629528, 0.0],
              [102.919700136, 24.84587458, 0.0],
              [102.919774417, 24.84515311, 0.0],
              [102.919812517, 24.84475471, 0.0],
              [102.919875776, 24.844038997, 0.0],
              [102.919907676, 24.843645897, 0.0],
              [102.919959936, 24.84293996, 0.0],
              [102.919994136, 24.84242886, 0.0],
              [102.920051784, 24.84141196, 0.0],
              [102.920076984, 24.84086976, 0.0],
              [102.920107592, 24.840074913, 0.0],
              [102.920123692, 24.839547813, 0.0],
              [102.920142922, 24.838659896, 0.0],
              [102.920149122, 24.838174496, 0.0],
              [102.920152894, 24.837360885, 0.0],
              [102.920151294, 24.836903785, 0.0],
              [102.92014197, 24.836097497, 0.0],
              [102.92013147, 24.835562597, 0.0],
              [102.920105864, 24.834667102, 0.0],
              [102.920087064, 24.834166602, 0.0],
              [102.92004894, 24.833335882, 0.0],
              [102.92002144, 24.832828782, 0.0],
              [102.919964903, 24.831934514, 0.0],
              [102.919929203, 24.831440214, 0.0],
              [102.919859708, 24.830581116, 0.0],
              [102.919824308, 24.830185916, 0.0],
              [102.919770147, 24.829617788, 0.0],
              [102.919729447, 24.829215188, 0.0],
              [102.919651362, 24.828494957, 0.0],
              [102.919601762, 24.828066457, 0.0],
              [102.919514782, 24.827359185, 0.0],
              [102.919459282, 24.826932985, 0.0],
              [102.919352666, 24.826161256, 0.0],
              [102.919286366, 24.825707456, 0.0],
              [102.919183383, 24.825034621, 0.0],
              [102.919123883, 24.824662821, 0.0],
              [102.919016418, 24.824018315, 0.0],
              [102.918950918, 24.823640715, 0.0],
              [102.918854064, 24.823100017, 0.0],
              [102.918784264, 24.822722317, 0.0],
              [102.91862613, 24.821904783, 0.0],
              [102.91854453, 24.821500983, 0.0],
              [102.918413842, 24.820874922, 0.0],
              [102.918331742, 24.820493822, 0.0],
              [102.918186175, 24.819839453, 0.0],
              [102.918092975, 24.819433353, 0.0],
              [102.918024516, 24.819139135, 0.0],
              [102.917990716, 24.818995835, 0.0],
              [102.917833225, 24.818347519, 0.0],
              [102.917721625, 24.817901119, 0.0],
              [102.917534235, 24.817174761, 0.0],
              [102.917419535, 24.816743561, 0.0],
              [102.917218218, 24.816009285, 0.0],
              [102.917095018, 24.815572985, 0.0],
              [102.916854447, 24.814748191, 0.0],
              [102.916701047, 24.814238591, 0.0],
              [102.916456678, 24.813450413, 0.0],
              [102.916275678, 24.812883213, 0.0],
              [102.915933233, 24.811849125, 0.0],
              [102.915730933, 24.811259825, 0.0],
              [102.915378377, 24.810267014, 0.0],
              [102.915173177, 24.809707914, 0.0],
              [102.914833854, 24.80881011, 0.0],
              [102.914613354, 24.80824321, 0.0],
              [102.914240232, 24.807311702, 0.0],
              [102.913984432, 24.806691202, 0.0],
              [102.913586435, 24.80575302, 0.0],
              [102.913361435, 24.80523732, 0.0],
              [102.912968575, 24.804359992, 0.0],
              [102.912727675, 24.803835592, 0.0],
              [102.912360286, 24.803053723, 0.0],
              [102.912117886, 24.802549223, 0.0],
              [102.911683287, 24.801667038, 0.0],
              [102.911442087, 24.801189338, 0.0],
              [102.911082637, 24.800491124, 0.0],
              [102.910827537, 24.800005024, 0.0],
              [102.910403059, 24.799213528, 0.0],
              [102.910138359, 24.798730428, 0.0],
              [102.909699079, 24.797945542, 0.0],
              [102.909418679, 24.797454942, 0.0],
              [102.908935071, 24.796627318, 0.0],
              [102.908638171, 24.796130218, 0.0],
              [102.908226775, 24.795453644, 0.0],
              [102.907900275, 24.794926144, 0.0],
              [102.907289373, 24.793963845, 0.0],
              [102.906948473, 24.793440145, 0.0],
              [102.906482353, 24.79273712, 0.0],
              [102.906156553, 24.79225462, 0.0],
              [102.905617629, 24.791472609, 0.0],
              [102.905278029, 24.790989709, 0.0],
              [102.904950104, 24.79052897, 0.0],
              [102.904614304, 24.79006277, 0.0],
              [102.90365827, 24.788779305, 0.0],
              [102.90329957, 24.788313505, 0.0],
              [102.902437693, 24.787195032, 0.0],
              [102.901899656, 24.786496771, 0.0],
              [102.901150025, 24.785523799, 0.0],
              [102.89919269, 24.782983283, 0.0],
              [102.897141279, 24.780320901, 0.0],
              [102.894100442, 24.776374191, 0.0],
              [102.892268693, 24.773996646, 0.0],
              [102.891907096, 24.773527484, 0.0],
              [102.891726917, 24.773295123, 0.0],
              [102.891481717, 24.772980823, 0.0],
              [102.891033295, 24.772414514, 0.0],
              [102.890698895, 24.771998414, 0.0],
              [102.890216841, 24.771407861, 0.0],
              [102.889857941, 24.770974961, 0.0],
              [102.889264108, 24.770271958, 0.0],
              [102.888894308, 24.769842258, 0.0],
              [102.888344947, 24.769214578, 0.0],
              [102.887974947, 24.768798878, 0.0],
              [102.887435632, 24.768202672, 0.0],
              [102.887092732, 24.767829672, 0.0],
              [102.886627774, 24.767330772, 0.0],
              [102.886309474, 24.766993872, 0.0],
              [102.885781536, 24.766443552, 0.0],
              [102.885465836, 24.766119452, 0.0],
              [102.884994469, 24.765641994, 0.0],
              [102.884650069, 24.765297794, 0.0],
              [102.884367306, 24.765017437, 0.0],
              [102.875481171, 24.756276801, 0.0],
              [102.869841733, 24.750729662, 0.0],
              [102.866992606, 24.747927234, 0.0],
              [102.863864812, 24.744850531, 0.0],
              [102.858584761, 24.739656889, 0.0],
              [102.852018271, 24.733197899, 0.0],
              [102.848802886, 24.730035112, 0.0],
              [102.847174025, 24.728432957, 0.0],
              [102.842028393, 24.723371513, 0.0],
              [102.841365485, 24.722719417, 0.0],
              [102.84089066, 24.722237051, 0.0],
              [102.840556147, 24.721890132, 0.0],
              [102.840548278, 24.721881413, 0.0],
              [102.840496071, 24.721822957, 0.0],
              [102.840329937, 24.721627789, 0.0],
              [102.840062018, 24.721312391, 0.0],
              [102.839733895, 24.720901322, 0.0],
              [102.839711244, 24.720870281, 0.0],
              [102.839453819, 24.720505892, 0.0],
              [102.839207142, 24.720147646, 0.0],
              [102.839166371, 24.720087039, 0.0],
              [102.838549178, 24.719132442, 0.0],
              [102.838274701, 24.71871255, 0.0],
              [102.837687138, 24.717823472, 0.0],
              [102.837365454, 24.717322924, 0.0],
              [102.836661053, 24.716257048, 0.0],
              [102.836343405, 24.715789492, 0.0],
              [102.836225544, 24.715614548, 0.0],
              [102.835957958, 24.715221412, 0.0],
              [102.835788458, 24.714974912, 0.0],
              [102.835461338, 24.714504975, 0.0],
              [102.835286238, 24.714256475, 0.0],
              [102.835105722, 24.71400198, 0.0],
              [102.834922222, 24.71374498, 0.0],
              [102.834568927, 24.713256429, 0.0],
              [102.834380927, 24.712999729, 0.0],
              [102.834081718, 24.712595463, 0.0],
              [102.833890918, 24.712340363, 0.0],
              [102.833654622, 24.712027006, 0.0],
              [102.833463722, 24.711775906, 0.0],
              [102.83308435, 24.711283287, 0.0],
              [102.83287225, 24.711011387, 0.0],
              [102.83261156, 24.710680088, 0.0],
              [102.83242456, 24.710444488, 0.0],
              [102.832122884, 24.710068151, 0.0],
              [102.831929884, 24.709829751, 0.0],
              [102.831632909, 24.709466416, 0.0],
              [102.831426109, 24.709215816, 0.0],
              [102.831140079, 24.708872345, 0.0],
              [102.830952679, 24.708649345, 0.0],
              [102.830575761, 24.708206086, 0.0],
              [102.830391461, 24.707991886, 0.0],
              [102.830224143, 24.707798427, 0.0],
              [102.830010543, 24.707552727, 0.0],
              [102.829585802, 24.70707045, 0.0],
              [102.829450102, 24.70691835, 0.0],
              [102.829383771, 24.706844003, 0.0],
              [102.829172949, 24.706609201, 0.0],
              [102.828968649, 24.706383101, 0.0],
              [102.828570216, 24.705947352, 0.0],
              [102.828352316, 24.705711852, 0.0],
              [102.82807615, 24.705415794, 0.0],
              [102.82785995, 24.705185894, 0.0],
              [102.827552445, 24.704861815, 0.0],
              [102.827341245, 24.704641215, 0.0],
              [102.826958943, 24.704246267, 0.0],
              [102.826747743, 24.704030467, 0.0],
              [102.826510582, 24.703789774, 0.0],
              [102.826274882, 24.703552174, 0.0],
              [102.82582811, 24.703107443, 0.0],
              [102.82556991, 24.702853643, 0.0],
              [102.825243623, 24.702535825, 0.0],
              [102.825022323, 24.702322225, 0.0],
              [102.824710649, 24.702023982, 0.0],
              [102.824457349, 24.701783682, 0.0],
              [102.823960233, 24.701318469, 0.0],
              [102.823689633, 24.701068669, 0.0],
              [102.823383976, 24.700788843, 0.0],
              [102.823078876, 24.700511843, 0.0],
              [102.822610862, 24.70009227, 0.0],
              [102.822319862, 24.69983467, 0.0],
              [102.821866485, 24.699438175, 0.0],
              [102.821602585, 24.699210175, 0.0],
              [102.821316763, 24.698965109, 0.0],
              [102.821060563, 24.698747109, 0.0],
              [102.820848785, 24.698567918, 0.0],
              [102.814162485, 24.692942218, 0.0],
              [102.812826536, 24.691818193, 0.0],
              [102.804434587, 24.684757435, 0.0],
              [102.803390907, 24.68387933, 0.0],
              [102.802873428, 24.683443862, 0.0],
              [102.800872372, 24.681760304, 0.0],
              [102.799139031, 24.677485926, 0.0],
              [102.798886808, 24.676875557, 0.0],
              [102.798662508, 24.676342757, 0.0],
              [102.798273338, 24.67544309, 0.0],
              [102.798035038, 24.67490669, 0.0],
              [102.797664991, 24.674093399, 0.0],
              [102.797446191, 24.673623699, 0.0],
              [102.797062541, 24.672818937, 0.0],
              [102.796828341, 24.672338737, 0.0],
              [102.796408812, 24.671498656, 0.0],
              [102.796157312, 24.671006656, 0.0],
              [102.795762536, 24.67025036, 0.0],
              [102.795529236, 24.66981256, 0.0],
              [102.795167256, 24.669145534, 0.0],
              [102.794910656, 24.668681134, 0.0],
              [102.794425295, 24.667822821, 0.0],
              [102.794142895, 24.667334721, 0.0],
              [102.793689121, 24.666566319, 0.0],
              [102.793397321, 24.666082119, 0.0],
              [102.792913632, 24.665296012, 0.0],
              [102.792609132, 24.664811212, 0.0],
              [102.792069669, 24.663971067, 0.0],
              [102.791729969, 24.663453467, 0.0],
              [102.791187733, 24.662644547, 0.0],
              [102.790814733, 24.662099647, 0.0],
              [102.790217528, 24.661246418, 0.0],
              [102.789866328, 24.660755618, 0.0],
              [102.789304243, 24.659985722, 0.0],
              [102.788946443, 24.659505322, 0.0],
              [102.788351262, 24.658722395, 0.0],
              [102.787996162, 24.658264695, 0.0],
              [102.787505238, 24.657642181, 0.0],
              [102.787175238, 24.657230481, 0.0],
              [102.786608521, 24.656536299, 0.0],
              [102.786267221, 24.656125799, 0.0],
              [102.785768653, 24.655535482, 0.0],
              [102.785430553, 24.655141382, 0.0],
              [102.78491573, 24.654550717, 0.0],
              [102.78458943, 24.654182217, 0.0],
              [102.783997373, 24.653525385, 0.0],
              [102.783603473, 24.653096085, 0.0],
              [102.782994821, 24.652444492, 0.0],
              [102.782568421, 24.651996092, 0.0],
              [102.781909549, 24.651316234, 0.0],
              [102.781485349, 24.650886734, 0.0],
              [102.780802885, 24.650208909, 0.0],
              [102.780316985, 24.649735509, 0.0],
              [102.779596326, 24.649047253, 0.0],
              [102.779157726, 24.648636653, 0.0],
              [102.778481404, 24.648015066, 0.0],
              [102.778013804, 24.647593166, 0.0],
              [102.777300735, 24.646962001, 0.0],
              [102.776817835, 24.646542701, 0.0],
              [102.776060114, 24.645897886, 0.0],
              [102.775520414, 24.645447786, 0.0],
              [102.775089523, 24.645092492, 0.0],
              [102.774942323, 24.644972492, 0.0],
              [102.774480063, 24.644600194, 0.0],
              [102.774135563, 24.644326094, 0.0],
              [102.773644661, 24.64394049, 0.0],
              [102.773261661, 24.64364349, 0.0],
              [102.772674168, 24.64319483, 0.0],
              [102.772295868, 24.64291033, 0.0],
              [102.771747255, 24.642503582, 0.0],
              [102.771366755, 24.642225482, 0.0],
              [102.770762022, 24.641790369, 0.0],
              [102.770332522, 24.641486169, 0.0],
              [102.76973652, 24.641070511, 0.0],
              [102.76933312, 24.640793511, 0.0],
              [102.768802578, 24.640434189, 0.0],
              [102.768597778, 24.640297389, 0.0],
              [102.768401926, 24.64016723, 0.0],
              [102.768164626, 24.64001033, 0.0],
              [102.767749145, 24.639738574, 0.0],
              [102.767381145, 24.639500474, 0.0],
              [102.766855752, 24.639165166, 0.0],
              [102.766581552, 24.638992566, 0.0],
              [102.766145744, 24.638721353, 0.0],
              [102.765808144, 24.638513653, 0.0],
              [102.765338362, 24.638228179, 0.0],
              [102.764986462, 24.638016979, 0.0],
              [102.764514115, 24.637737006, 0.0],
              [102.764171915, 24.637536706, 0.0],
              [102.763620917, 24.637218879, 0.0],
              [102.763232617, 24.636998179, 0.0],
              [102.762650163, 24.636672251, 0.0],
              [102.762206663, 24.636427951, 0.0],
              [102.761591355, 24.636094602, 0.0],
              [102.761163755, 24.635866802, 0.0],
              [102.760561951, 24.635551427, 0.0],
              [102.760211751, 24.635370927, 0.0],
              [102.759733709, 24.635127771, 0.0],
              [102.759342609, 24.634931471, 0.0],
              [102.758868068, 24.634696428, 0.0],
              [102.758495468, 24.634514328, 0.0],
              [102.757910744, 24.634233242, 0.0],
              [102.757492344, 24.634035442, 0.0],
              [102.756874427, 24.633748454, 0.0],
              [102.756425927, 24.633543854, 0.0],
              [102.75588973, 24.633303045, 0.0],
              [102.75549363, 24.633127945, 0.0],
              [102.754897046, 24.632868845, 0.0],
              [102.754491746, 24.632695945, 0.0],
              [102.753951807, 24.632469336, 0.0],
              [102.753557207, 24.632306436, 0.0],
              [102.752958138, 24.632063647, 0.0],
              [102.752545338, 24.631899447, 0.0],
              [102.752029687, 24.631697635, 0.0],
              [102.751629687, 24.631543635, 0.0],
              [102.751104417, 24.631344787, 0.0],
              [102.750704317, 24.631195887, 0.0],
              [102.750112547, 24.63097989, 0.0],
              [102.749646747, 24.63081319, 0.0],
              [102.749014547, 24.630591705, 0.0],
              [102.748597147, 24.630448605, 0.0],
              [102.748035194, 24.630259662, 0.0],
              [102.747620194, 24.630122862, 0.0],
              [102.747091265, 24.629951761, 0.0],
              [102.746678165, 24.629820661, 0.0],
              [102.746103602, 24.629642117, 0.0],
              [102.745661402, 24.629507617, 0.0],
              [102.745024261, 24.629318441, 0.0],
              [102.744586561, 24.629191641, 0.0],
              [102.744034598, 24.629035167, 0.0],
              [102.743593198, 24.628912767, 0.0],
              [102.742956546, 24.628740736, 0.0],
              [102.742498246, 24.628620136, 0.0],
              [102.741866976, 24.628458411, 0.0],
              [102.741395576, 24.628340911, 0.0],
              [102.740783777, 24.6281925, 0.0],
              [102.740289977, 24.628076, 0.0],
              [102.739673716, 24.627934716, 0.0],
              [102.739193516, 24.627827816, 0.0],
              [102.738554013, 24.627689837, 0.0],
              [102.738107913, 24.627596637, 0.0],
              [102.737435624, 24.627460987, 0.0],
              [102.736953724, 24.627367187, 0.0],
              [102.736343103, 24.627252265, 0.0],
              [102.735879903, 24.627168065, 0.0],
              [102.7352983, 24.627065886, 0.0],
              [102.734816, 24.626984086, 0.0],
              [102.734209593, 24.626885066, 0.0],
              [102.733768793, 24.626815866, 0.0],
              [102.73311827, 24.626718122, 0.0],
              [102.73265357, 24.626651422, 0.0],
              [102.732058642, 24.626569674, 0.0],
              [102.731584142, 24.626507374, 0.0],
              [102.730977912, 24.626431543, 0.0],
              [102.730507712, 24.626375643, 0.0],
              [102.729891326, 24.626306238, 0.0],
              [102.729399426, 24.626253938, 0.0],
              [102.72871785, 24.626186189, 0.0],
              [102.72825725, 24.626143589, 0.0],
              [102.727677069, 24.626093335, 0.0],
              [102.727215169, 24.626056035, 0.0],
              [102.726632301, 24.626012394, 0.0],
              [102.726203301, 24.625982794, 0.0],
              [102.725614401, 24.625945651, 0.0],
              [102.725157701, 24.625919551, 0.0],
              [102.724534928, 24.625887855, 0.0],
              [102.724113828, 24.625869055, 0.0],
              [102.723615643, 24.625849302, 0.0],
              [102.723142443, 24.625832902, 0.0],
              [102.722577727, 24.625816524, 0.0],
              [102.722277927, 24.625809524, 0.0],
              [102.721906579, 24.625802233, 0.0],
              [102.721586179, 24.625797133, 0.0],
              [102.721119636, 24.625791884, 0.0],
              [102.720785536, 24.625789684, 0.0],
              [102.720356329, 24.6257887, 0.0],
              [102.720006229, 24.6257894, 0.0],
              [102.719513465, 24.625792813, 0.0],
              [102.719150765, 24.625797113, 0.0],
              [102.718747507, 24.625803521, 0.0],
              [102.718406207, 24.625810321, 0.0],
              [102.718085152, 24.625817749, 0.0],
              [102.709572852, 24.626042049, 0.0],
              [102.705543188, 24.626148235, 0.0],
              [102.702699105, 24.626223113, 0.0],
              [102.70220742, 24.625884797, 0.0],
              [102.70169202, 24.625536397, 0.0],
              [102.700863955, 24.624988541, 0.0],
              [102.700288755, 24.624616141, 0.0],
              [102.699515488, 24.624125499, 0.0],
              [102.698944988, 24.623770799, 0.0],
              [102.698111518, 24.623263807, 0.0],
              [102.697515218, 24.622909007, 0.0],
              [102.69677207, 24.622475446, 0.0],
              [102.69620977, 24.622153846, 0.0],
              [102.695390147, 24.621695235, 0.0],
              [102.694824247, 24.621385535, 0.0],
              [102.694005178, 24.620947122, 0.0],
              [102.693405978, 24.620633522, 0.0],
              [102.692587297, 24.620214599, 0.0],
              [102.691938897, 24.619890299, 0.0],
              [102.691058281, 24.619460591, 0.0],
              [102.690442381, 24.619167491, 0.0],
              [102.689696695, 24.618820122, 0.0],
              [102.689097395, 24.618546922, 0.0],
              [102.688268177, 24.618177963, 0.0],
              [102.687711877, 24.617936463, 0.0],
              [102.686952611, 24.617614268, 0.0],
              [102.686369711, 24.617372568, 0.0],
              [102.685614158, 24.617066472, 0.0],
              [102.685078358, 24.616854472, 0.0],
              [102.684383819, 24.616585628, 0.0],
              [102.683840419, 24.616379928, 0.0],
              [102.683195439, 24.616140835, 0.0],
              [102.682840239, 24.616011935, 0.0],
              [102.682327603, 24.615829054, 0.0],
              [102.681934303, 24.615691154, 0.0],
              [102.681433791, 24.615518633, 0.0],
              [102.681023491, 24.615379633, 0.0],
              [102.680579789, 24.615231627, 0.0],
              [102.680182689, 24.615101227, 0.0],
              [102.679632637, 24.614924115, 0.0],
              [102.679216637, 24.614792815, 0.0],
              [102.678581718, 24.614597048, 0.0],
              [102.678106418, 24.614453948, 0.0],
              [102.67743028, 24.614255566, 0.0],
              [102.67688368, 24.614099366, 0.0],
              [102.676175301, 24.613902557, 0.0],
              [102.675655901, 24.613762357, 0.0],
              [102.675005262, 24.61359142, 0.0],
              [102.674455062, 24.61345082, 0.0],
              [102.673664109, 24.613255548, 0.0],
              [102.673100009, 24.613121148, 0.0],
              [102.672387692, 24.612956927, 0.0],
              [102.671776092, 24.612820627, 0.0],
              [102.670991654, 24.612652403, 0.0],
              [102.670362754, 24.612522803, 0.0],
              [102.669505793, 24.612353995, 0.0],
              [102.668876293, 24.612235695, 0.0],
              [102.668041216, 24.612086085, 0.0],
              [102.667365216, 24.611970885, 0.0],
              [102.666534744, 24.61183654, 0.0],
              [102.665851744, 24.61173194, 0.0],
              [102.66495432, 24.611602818, 0.0],
              [102.66428512, 24.611512718, 0.0],
              [102.663399146, 24.611401477, 0.0],
              [102.662739046, 24.611324577, 0.0],
              [102.661885708, 24.611232581, 0.0],
              [102.661194708, 24.611164081, 0.0],
              [102.660355924, 24.611088059, 0.0],
              [102.659694924, 24.611033759, 0.0],
              [102.658838489, 24.610970804, 0.0],
              [102.658155689, 24.610926504, 0.0],
              [102.657299853, 24.610878341, 0.0],
              [102.656609853, 24.610845441, 0.0],
              [102.655724031, 24.610811071, 0.0],
              [102.655092431, 24.610792171, 0.0],
              [102.654280519, 24.610774474, 0.0],
              [102.653622319, 24.610765474, 0.0],
              [102.652772219, 24.610761077, 0.0],
              [102.652141519, 24.610763177, 0.0],
              [102.651356223, 24.61077196, 0.0],
              [102.650694423, 24.61078456, 0.0],
              [102.649788798, 24.610810011, 0.0],
              [102.649057098, 24.610837211, 0.0],
              [102.648146234, 24.610879392, 0.0],
              [102.647406834, 24.610920392, 0.0],
              [102.647095268, 24.610938644, 0.0],
              [102.645650743, 24.611027791, 0.0],
              [102.643674992, 24.610579166, 0.0],
              [102.642628831, 24.610341581, 0.0],
              [102.642034057, 24.60945744, 0.0],
              [102.641775354, 24.60907667, 0.0],
              [102.641410654, 24.60854517, 0.0],
              [102.640892337, 24.607804246, 0.0],
              [102.640546337, 24.607319046, 0.0],
              [102.640352922, 24.607049711, 0.0],
              [102.640044422, 24.606623111, 0.0],
              [102.63971573, 24.606173876, 0.0],
              [102.63942333, 24.605778876, 0.0],
              [102.639002056, 24.605218052, 0.0],
              [102.638717756, 24.604845052, 0.0],
              [102.638206508, 24.604185779, 0.0],
              [102.637839108, 24.603720079, 0.0],
              [102.63767636, 24.603514894, 0.0],
              [102.63734446, 24.603098694, 0.0],
              [102.636172538, 24.601683274, 0.0],
              [102.635607638, 24.601025974, 0.0],
              [102.635435656, 24.600826922, 0.0],
              [102.633053106, 24.598083988, 0.0],
              [102.633051599, 24.589171918, 0.0],
              [102.633051299, 24.58736699, 0.0],
              [102.633051099, 24.586646283, 0.0],
              [102.633048299, 24.570559599, 0.0],
              [102.633047986, 24.570390996, 0.0],
              [102.633046686, 24.570024396, 0.0],
              [102.633043967, 24.569650986, 0.0],
              [102.633039767, 24.569269686, 0.0],
              [102.633031901, 24.568776475, 0.0],
              [102.633021401, 24.568273675, 0.0],
              [102.633009212, 24.567798302, 0.0],
              [102.632995912, 24.567360802, 0.0],
              [102.632979546, 24.566894198, 0.0],
              [102.632961146, 24.566431298, 0.0],
              [102.632940147, 24.56595923, 0.0],
              [102.632917147, 24.56549193, 0.0],
              [102.632891281, 24.565013164, 0.0],
              [102.632864181, 24.564552564, 0.0],
              [102.632833275, 24.564067493, 0.0],
              [102.632797975, 24.563552893, 0.0],
              [102.632758107, 24.563014314, 0.0],
              [102.632717107, 24.562498314, 0.0],
              [102.632671858, 24.561965005, 0.0],
              [102.632621658, 24.561408705, 0.0],
              [102.632564871, 24.560818528, 0.0],
              [102.632504671, 24.560229528, 0.0],
              [102.632445276, 24.5596786, 0.0],
              [102.632388476, 24.5591778, 0.0],
              [102.632326599, 24.558656677, 0.0],
              [102.632262099, 24.558136777, 0.0],
              [102.63219285, 24.557602201, 0.0],
              [102.63212045, 24.557066001, 0.0],
              [102.632043372, 24.556518033, 0.0],
              [102.631962272, 24.555963733, 0.0],
              [102.631878609, 24.555413328, 0.0],
              [102.631796509, 24.554892728, 0.0],
              [102.631710694, 24.5543668, 0.0],
              [102.631623994, 24.5538527, 0.0],
              [102.631533631, 24.553333578, 0.0],
              [102.631442031, 24.552823278, 0.0],
              [102.631349139, 24.552320571, 0.0],
              [102.631256439, 24.551832871, 0.0],
              [102.631156683, 24.55132253, 0.0],
              [102.631050883, 24.55079583, 0.0],
              [102.630935612, 24.550238433, 0.0],
              [102.630810412, 24.549649933, 0.0],
              [102.630677851, 24.549045246, 0.0],
              [102.630542351, 24.548444946, 0.0],
              [102.630402466, 24.547842588, 0.0],
              [102.630261266, 24.547251188, 0.0],
              [102.630110758, 24.54663797, 0.0],
              [102.629952058, 24.54600857, 0.0],
              [102.62979354, 24.545396254, 0.0],
              [102.62963264, 24.544790554, 0.0],
              [102.62945525, 24.544140466, 0.0],
              [102.62926555, 24.543463266, 0.0],
              [102.629064237, 24.542764227, 0.0],
              [102.628850937, 24.542043327, 0.0],
              [102.628623245, 24.541295332, 0.0],
              [102.628376345, 24.540506432, 0.0],
              [102.628118388, 24.539705887, 0.0],
              [102.627847788, 24.538889687, 0.0],
              [102.627575418, 24.538090787, 0.0],
              [102.627294518, 24.537289087, 0.0],
              [102.627003481, 24.536480776, 0.0],
              [102.626700881, 24.535662476, 0.0],
              [102.626403713, 24.534879107, 0.0],
              [102.626100013, 24.534098307, 0.0],
              [102.6257732, 24.533279523, 0.0],
              [102.6254144, 24.532403123, 0.0],
              [102.625074223, 24.531592605, 0.0],
              [102.624736223, 24.530806705, 0.0],
              [102.624400064, 24.530042719, 0.0],
              [102.624054864, 24.529275619, 0.0],
              [102.6237181, 24.528543105, 0.0],
              [102.6233651, 24.527791305, 0.0],
              [102.623006606, 24.527043968, 0.0],
              [102.622627006, 24.526269168, 0.0],
              [102.62225626, 24.525528049, 0.0],
              [102.62186806, 24.524767849, 0.0],
              [102.621485096, 24.524033001, 0.0],
              [102.621080396, 24.523271901, 0.0],
              [102.620697234, 24.522565074, 0.0],
              [102.620298634, 24.521843674, 0.0],
              [102.61991992, 24.521170597, 0.0],
              [102.61952922, 24.520488597, 0.0],
              [102.61914174, 24.519824122, 0.0],
              [102.61872054, 24.519114422, 0.0],
              [102.618313206, 24.518440241, 0.0],
              [102.617875206, 24.517728041, 0.0],
              [102.617474778, 24.51708782, 0.0],
              [102.617068878, 24.51644962, 0.0],
              [102.616703886, 24.51588418, 0.0],
              [102.616325186, 24.51530608, 0.0],
              [102.615939807, 24.514726622, 0.0],
              [102.615507507, 24.514086322, 0.0],
              [102.615110995, 24.51350782, 0.0],
              [102.614699795, 24.51291682, 0.0],
              [102.614316587, 24.512373786, 0.0],
              [102.613899487, 24.511790986, 0.0],
              [102.6135101, 24.51125446, 0.0],
              [102.6130957, 24.51069136, 0.0],
              [102.612705591, 24.510168448, 0.0],
              [102.612269091, 24.509591248, 0.0],
              [102.611845312, 24.509038905, 0.0],
              [102.611368412, 24.508426205, 0.0],
              [102.610927598, 24.507868101, 0.0],
              [102.610454498, 24.507277801, 0.0],
              [102.610024264, 24.506748427, 0.0],
              [102.609550564, 24.506173627, 0.0],
              [102.609107781, 24.505643838, 0.0],
              [102.608605681, 24.505051438, 0.0],
              [102.608128088, 24.504496247, 0.0],
              [102.607583388, 24.503872347, 0.0],
              [102.607101841, 24.503328802, 0.0],
              [102.606590141, 24.502759602, 0.0],
              [102.606076236, 24.50219664, 0.0],
              [102.605438136, 24.50150824, 0.0],
              [102.604894534, 24.500931034, 0.0],
              [102.604324534, 24.500335334, 0.0],
              [102.603834477, 24.499830344, 0.0],
              [102.603311677, 24.499299144, 0.0],
              [102.602859559, 24.498845609, 0.0],
              [102.602413059, 24.498403409, 0.0],
              [102.602033096, 24.498031088, 0.0],
              [102.601537796, 24.497550888, 0.0],
              [102.601440426, 24.497456742, 0.0],
              [102.600516174, 24.496565511, 0.0],
              [102.600534636, 24.496290957, 0.0],
              [102.600585243, 24.495426644, 0.0],
              [102.600608043, 24.494969444, 0.0],
              [102.600643022, 24.494124414, 0.0],
              [102.600660722, 24.493586814, 0.0],
              [102.60068077, 24.492779897, 0.0],
              [102.60068967, 24.492249197, 0.0],
              [102.600696604, 24.491313038, 0.0],
              [102.600695704, 24.490852738, 0.0],
              [102.600687923, 24.490063006, 0.0],
              [102.600679123, 24.489567306, 0.0],
              [102.600658956, 24.488780401, 0.0],
              [102.600642856, 24.488299901, 0.0],
              [102.600601928, 24.487348948, 0.0],
              [102.600575328, 24.486843048, 0.0],
              [102.60053726, 24.48619846, 0.0],
              [102.60050936, 24.48577276, 0.0],
              [102.600457075, 24.485054323, 0.0],
              [102.600428675, 24.484699423, 0.0],
              [102.600367949, 24.484002009, 0.0],
              [102.600332349, 24.483623809, 0.0],
              [102.600272637, 24.48302774, 0.0],
              [102.600229337, 24.48262014, 0.0],
              [102.600139398, 24.481832938, 0.0],
              [102.600092098, 24.481446138, 0.0],
              [102.600015793, 24.480851737, 0.0],
              [102.599962893, 24.480458337, 0.0],
              [102.599856843, 24.479712287, 0.0],
              [102.599798943, 24.479325887, 0.0],
              [102.599710396, 24.4787573, 0.0],
              [102.599641896, 24.4783335, 0.0],
              [102.599501679, 24.477509756, 0.0],
              [102.599424979, 24.477080856, 0.0],
              [102.599312594, 24.476474045, 0.0],
              [102.599235994, 24.476074245, 0.0],
              [102.599089775, 24.475340803, 0.0],
              [102.599007475, 24.474943503, 0.0],
              [102.598866375, 24.474284728, 0.0],
              [102.598773675, 24.473865728, 0.0],
              [102.598604242, 24.473126522, 0.0],
              [102.598506442, 24.472714222, 0.0],
              [102.598356012, 24.472097506, 0.0],
              [102.598260712, 24.471717306, 0.0],
              [102.598065634, 24.470963948, 0.0],
              [102.597952634, 24.470541148, 0.0],
              [102.597753742, 24.46981872, 0.0],
              [102.597633642, 24.46939492, 0.0],
              [102.597459084, 24.468793346, 0.0],
              [102.597343384, 24.468403746, 0.0],
              [102.597127284, 24.467695334, 0.0],
              [102.596997384, 24.467280534, 0.0],
              [102.59675943, 24.466540892, 0.0],
              [102.59661733, 24.466110692, 0.0],
              [102.596401935, 24.465473039, 0.0],
              [102.596268335, 24.465086139, 0.0],
              [102.596015081, 24.464370388, 0.0],
              [102.595863781, 24.463952888, 0.0],
              [102.595635205, 24.463334894, 0.0],
              [102.595478405, 24.462919394, 0.0],
              [102.595201247, 24.462201724, 0.0],
              [102.595039747, 24.461792924, 0.0],
              [102.594797846, 24.461192027, 0.0],
              [102.594642946, 24.460814327, 0.0],
              [102.594352058, 24.460119976, 0.0],
              [102.594198858, 24.459761876, 0.0],
              [102.593929329, 24.459143431, 0.0],
              [102.593766429, 24.458776431, 0.0],
              [102.593512436, 24.458213606, 0.0],
              [102.593355136, 24.457870706, 0.0],
              [102.593096225, 24.457315308, 0.0],
              [102.592932625, 24.456969908, 0.0],
              [102.592671629, 24.456427349, 0.0],
              [102.592506229, 24.456088749, 0.0],
              [102.592252865, 24.45557749, 0.0],
              [102.592066465, 24.45520669, 0.0],
              [102.59172377, 24.45453756, 0.0],
              [102.59154087, 24.45418696, 0.0],
              [102.591256201, 24.453649284, 0.0],
              [102.591060801, 24.453285584, 0.0],
              [102.590720788, 24.452663337, 0.0],
              [102.590510188, 24.452284337, 0.0],
              [102.590226269, 24.451780281, 0.0],
              [102.590035869, 24.451446781, 0.0],
              [102.589691669, 24.450853381, 0.0],
              [102.589476769, 24.450488681, 0.0],
              [102.589046734, 24.449772624, 0.0],
              [102.588812834, 24.449390424, 0.0],
              [102.58851273, 24.448906261, 0.0],
              [102.58828473, 24.448543061, 0.0],
              [102.587865154, 24.447886113, 0.0],
              [102.587623854, 24.447514713, 0.0],
              [102.587327872, 24.447064476, 0.0],
              [102.587081372, 24.446693876, 0.0],
              [102.586665763, 24.446078975, 0.0],
              [102.586415163, 24.445714075, 0.0],
              [102.58596449, 24.445068792, 0.0],
              [102.58570719, 24.444706492, 0.0],
              [102.585326057, 24.444177172, 0.0],
              [102.585065157, 24.443819772, 0.0],
              [102.584652165, 24.443262191, 0.0],
              [102.584399365, 24.442925791, 0.0],
              [102.584001337, 24.442403318, 0.0],
              [102.583745337, 24.442071818, 0.0],
              [102.583339007, 24.441552761, 0.0],
              [102.583077307, 24.441222961, 0.0],
              [102.582673133, 24.440720306, 0.0],
              [102.582431233, 24.440423406, 0.0],
              [102.582129968, 24.440057203, 0.0],
              [102.581871468, 24.439746003, 0.0],
              [102.581323467, 24.439097562, 0.0],
              [102.581023667, 24.438748862, 0.0],
              [102.580767794, 24.438453595, 0.0],
              [102.580507594, 24.438155695, 0.0],
              [102.579925721, 24.437501175, 0.0],
              [102.579651021, 24.437197575, 0.0],
              [102.579299964, 24.436813619, 0.0],
              [102.579002464, 24.436491619, 0.0],
              [102.578543663, 24.436001673, 0.0],
              [102.578271363, 24.435714773, 0.0],
              [102.577916478, 24.435344679, 0.0],
              [102.577655678, 24.435075479, 0.0],
              [102.57725819, 24.434669824, 0.0],
              [102.57696989, 24.434378924, 0.0],
              [102.576455839, 24.433867704, 0.0],
              [102.576138039, 24.433556204, 0.0],
              [102.575658368, 24.433092278, 0.0],
              [102.575342968, 24.432791278, 0.0],
              [102.574856131, 24.432332848, 0.0],
              [102.574537331, 24.432036648, 0.0],
              [102.574125927, 24.43165867, 0.0],
              [102.573816627, 24.43137767, 0.0],
              [102.573344351, 24.430954044, 0.0],
              [102.573033151, 24.430678444, 0.0],
              [102.572531331, 24.430239962, 0.0],
              [102.572185431, 24.429941762, 0.0],
              [102.571673985, 24.429506797, 0.0],
              [102.571309485, 24.429200997, 0.0],
              [102.570772663, 24.428756961, 0.0],
              [102.570377563, 24.428434761, 0.0],
              [102.57015572, 24.428254903, 0.0],
              [102.56903342, 24.427350303, 0.0],
              [102.566437134, 24.425259155, 0.0],
              [102.566332797, 24.424902473, 0.0],
              [102.566038145, 24.423895122, 0.0],
              [102.564801574, 24.419667261, 0.0],
              [102.564701298, 24.419328854, 0.0],
              [102.564645198, 24.419141954, 0.0],
              [102.564560506, 24.418862758, 0.0],
              [102.564432406, 24.418444858, 0.0],
              [102.564159203, 24.417581565, 0.0],
              [102.564023103, 24.417164665, 0.0],
              [102.563732663, 24.416301707, 0.0],
              [102.563575663, 24.415848907, 0.0],
              [102.563280805, 24.415022039, 0.0],
              [102.563128405, 24.414606239, 0.0],
              [102.562747756, 24.413601256, 0.0],
              [102.562580756, 24.413174256, 0.0],
              [102.5623327, 24.412552315, 0.0],
              [102.5621522, 24.412108415, 0.0],
              [102.561751892, 24.411152459, 0.0],
              [102.561578592, 24.410750359, 0.0],
              [102.561267528, 24.410043676, 0.0],
              [102.561108028, 24.409688776, 0.0],
              [102.560765956, 24.408944023, 0.0],
              [102.560575056, 24.408537223, 0.0],
              [102.560239903, 24.407837205, 0.0],
              [102.560055403, 24.407459405, 0.0],
              [102.559687442, 24.406721428, 0.0],
              [102.559494042, 24.406341428, 0.0],
              [102.558997541, 24.405391225, 0.0],
              [102.558777841, 24.404981525, 0.0],
              [102.558457331, 24.404393327, 0.0],
              [102.558260131, 24.404037127, 0.0],
              [102.557873806, 24.403352083, 0.0],
              [102.557680306, 24.403015183, 0.0],
              [102.55732017, 24.402398398, 0.0],
              [102.55711167, 24.402047098, 0.0],
              [102.556664697, 24.401308596, 0.0],
              [102.556448897, 24.400958896, 0.0],
              [102.556091465, 24.400388317, 0.0],
              [102.555865865, 24.400033517, 0.0],
              [102.555376364, 24.399278764, 0.0],
              [102.555149764, 24.398936164, 0.0],
              [102.554762593, 24.398359538, 0.0],
              [102.554503393, 24.397979238, 0.0],
              [102.554018827, 24.397281103, 0.0],
              [102.553780227, 24.396943503, 0.0],
              [102.55331794, 24.396300275, 0.0],
              [102.55306794, 24.395958175, 0.0],
              [102.552535606, 24.395243196, 0.0],
              [102.552227506, 24.394836996, 0.0],
              [102.551613406, 24.39404401, 0.0],
              [102.551332906, 24.39368921, 0.0],
              [102.550808242, 24.393036872, 0.0],
              [102.550434342, 24.392579872, 0.0],
              [102.549781187, 24.391797944, 0.0],
              [102.549652843, 24.39164744, 0.0],
              [102.549899611, 24.391214466, 0.0],
              [102.550081111, 24.390889666, 0.0],
              [102.550325597, 24.390446906, 0.0],
              [102.550490097, 24.390145406, 0.0],
              [102.550851503, 24.389470781, 0.0],
              [102.550999703, 24.389188981, 0.0],
              [102.551276191, 24.388655486, 0.0],
              [102.551434291, 24.388345886, 0.0],
              [102.551769734, 24.387676682, 0.0],
              [102.551922034, 24.387367082, 0.0],
              [102.552187903, 24.38681819, 0.0],
              [102.552339403, 24.38650049, 0.0],
              [102.552593629, 24.385959057, 0.0],
              [102.552740629, 24.385641057, 0.0],
              [102.553077726, 24.384895886, 0.0],
              [102.553223726, 24.384565986, 0.0],
              [102.553507958, 24.383911147, 0.0],
              [102.553646658, 24.383585247, 0.0],
              [102.553829179, 24.383150708, 0.0],
              [102.553958379, 24.382839008, 0.0],
              [102.554259751, 24.382095114, 0.0],
              [102.554382651, 24.381784614, 0.0],
              [102.554617383, 24.381180151, 0.0],
              [102.554730583, 24.380882951, 0.0],
              [102.554937324, 24.380330387, 0.0],
              [102.555037524, 24.380057687, 0.0],
              [102.555231648, 24.379519887, 0.0],
              [102.555325948, 24.379253887, 0.0],
              [102.555505156, 24.378739501, 0.0],
              [102.555595556, 24.378475401, 0.0],
              [102.555773531, 24.377945815, 0.0],
              [102.555862131, 24.377677215, 0.0],
              [102.556034304, 24.377145276, 0.0],
              [102.556136604, 24.376823076, 0.0],
              [102.556338656, 24.376171316, 0.0],
              [102.556421856, 24.375896316, 0.0],
              [102.556626091, 24.375203232, 0.0],
              [102.556728091, 24.374847632, 0.0],
              [102.556868068, 24.374349939, 0.0],
              [102.556952068, 24.374045239, 0.0],
              [102.55716305, 24.373254738, 0.0],
              [102.55723985, 24.372957238, 0.0],
              [102.557362514, 24.372472057, 0.0],
              [102.557439314, 24.372161757, 0.0],
              [102.55757952, 24.371580385, 0.0],
              [102.55764422, 24.371304885, 0.0],
              [102.55780313, 24.370605744, 0.0],
              [102.55786673, 24.370316344, 0.0],
              [102.55795127, 24.369924161, 0.0],
              [102.55801337, 24.369630361, 0.0],
              [102.55817256, 24.368846266, 0.0],
              [102.55822626, 24.368570466, 0.0],
              [102.558310891, 24.368125049, 0.0],
              [102.558365391, 24.367830949, 0.0],
              [102.558466441, 24.367267677, 0.0],
              [102.558517241, 24.366974877, 0.0],
              [102.558628834, 24.366304676, 0.0],
              [102.558672434, 24.366031376, 0.0],
              [102.558728199, 24.365673493, 0.0],
              [102.558770699, 24.365394093, 0.0],
              [102.558893725, 24.364535256, 0.0],
              [102.558931425, 24.364254756, 0.0],
              [102.558967526, 24.363980403, 0.0],
              [102.559005926, 24.363682203, 0.0],
              [102.559111727, 24.362798582, 0.0],
              [102.559143027, 24.362515882, 0.0],
              [102.559175351, 24.362215646, 0.0],
              [102.559203951, 24.361942246, 0.0],
              [102.559282238, 24.361129834, 0.0],
              [102.559305038, 24.360871134, 0.0],
              [102.55932404, 24.360649921, 0.0],
              [102.55934754, 24.360369021, 0.0],
              [102.559408191, 24.359566315, 0.0],
              [102.559427291, 24.359283215, 0.0],
              [102.559454177, 24.358857705, 0.0],
              [102.559470977, 24.358572505, 0.0],
              [102.559481966, 24.358379607, 0.0],
              [102.559624864, 24.35578285, 0.0],
              [102.559688962, 24.354618088, 0.0],
              [102.559735913, 24.353764356, 0.0],
              [102.559846702, 24.351751075, 0.0],
              [102.559874737, 24.351242055, 0.0],
              [102.559916936, 24.350474528, 0.0],
              [102.560364375, 24.342343151, 0.0],
              [102.560547793, 24.339009123, 0.0],
              [102.560603636, 24.337994244, 0.0],
              [102.560719689, 24.335886301, 0.0],
              [102.560745583, 24.335416013, 0.0],
              [102.560928799, 24.33208561, 0.0],
              [102.561155987, 24.327956517, 0.0],
              [102.561219001, 24.326327512, 0.0],
              [102.561237601, 24.325495812, 0.0],
              [102.561242036, 24.323479963, 0.0],
              [102.561228836, 24.322745063, 0.0],
              [102.561180923, 24.321277709, 0.0],
              [102.561149723, 24.320618909, 0.0],
              [102.561077759, 24.319409601, 0.0],
              [102.561005159, 24.318396701, 0.0],
              [102.56084343, 24.316597003, 0.0],
              [102.56077333, 24.315948603, 0.0],
              [102.560501309, 24.313849375, 0.0],
              [102.560382309, 24.313062175, 0.0],
              [102.560139407, 24.311601946, 0.0],
              [102.559960007, 24.310614046, 0.0],
              [102.559703018, 24.309299325, 0.0],
              [102.559492618, 24.308294625, 0.0],
              [102.55882578, 24.305510275, 0.0],
              [102.55859178, 24.304643575, 0.0],
              [102.558250494, 24.303439583, 0.0],
              [102.557957294, 24.302452483, 0.0],
              [102.557576965, 24.30122965, 0.0],
              [102.557439665, 24.30080735, 0.0],
              [102.55706189, 24.299690374, 0.0],
              [102.55687329, 24.299153674, 0.0],
              [102.556291037, 24.297581532, 0.0],
              [102.555999737, 24.296833732, 0.0],
              [102.555351601, 24.295250523, 0.0],
              [102.555014401, 24.294465423, 0.0],
              [102.554500993, 24.293310535, 0.0],
              [102.554210093, 24.292677835, 0.0],
              [102.553613707, 24.291426698, 0.0],
              [102.553418607, 24.291031598, 0.0],
              [102.552898275, 24.290007659, 0.0],
              [102.552575975, 24.289391059, 0.0],
              [102.551867312, 24.288083073, 0.0],
              [102.551455112, 24.287348573, 0.0],
              [102.550987978, 24.286534196, 0.0],
              [102.550716178, 24.286070496, 0.0],
              [102.550339349, 24.285438323, 0.0],
              [102.550132849, 24.285097623, 0.0],
              [102.549701999, 24.284399752, 0.0],
              [102.549465899, 24.284024252, 0.0],
              [102.549125172, 24.283489895, 0.0],
              [102.548881472, 24.283112995, 0.0],
              [102.548832821, 24.2830379, 0.0],
              [102.548698321, 24.2828307, 0.0],
              [102.547718247, 24.281377312, 0.0],
              [102.547434547, 24.280972112, 0.0],
              [102.546924636, 24.280257266, 0.0],
              [102.546576136, 24.279777666, 0.0],
              [102.545858721, 24.278814895, 0.0],
              [102.545534021, 24.278389895, 0.0],
              [102.545189643, 24.277944362, 0.0],
              [102.544853543, 24.277514562, 0.0],
              [102.543999279, 24.276452305, 0.0],
              [102.543590379, 24.275957805, 0.0],
              [102.543116493, 24.27540246, 0.0],
              [102.541971913, 24.269538229, 0.0],
              [102.541498834, 24.267105726, 0.0],
              [102.54139319, 24.266558043, 0.0],
              [102.541332388, 24.266248098, 0.0],
              [102.541266788, 24.265919198, 0.0],
              [102.541050003, 24.264888965, 0.0],
              [102.540980603, 24.264575565, 0.0],
              [102.54073116, 24.263505008, 0.0],
              [102.54065156, 24.263179608, 0.0],
              [102.540397644, 24.262185884, 0.0],
              [102.540313944, 24.261871784, 0.0],
              [102.539992493, 24.26072093, 0.0],
              [102.539899093, 24.26040133, 0.0],
              [102.539620259, 24.259480221, 0.0],
              [102.539518859, 24.259156521, 0.0],
              [102.539115275, 24.257924391, 0.0],
              [102.538996475, 24.257576991, 0.0],
              [102.538570437, 24.256380971, 0.0],
              [102.538443437, 24.256038271, 0.0],
              [102.538054326, 24.255022344, 0.0],
              [102.537923126, 24.254690644, 0.0],
              [102.537444151, 24.253523004, 0.0],
              [102.537301851, 24.253188204, 0.0],
              [102.536853858, 24.252166019, 0.0],
              [102.536695558, 24.251815519, 0.0],
              [102.536193897, 24.250739035, 0.0],
              [102.536051797, 24.250443335, 0.0],
              [102.53557772, 24.249483281, 0.0],
              [102.53541202, 24.249156581, 0.0],
              [102.534843255, 24.248068509, 0.0],
              [102.534665455, 24.247738309, 0.0],
              [102.534093996, 24.246706377, 0.0],
              [102.533907496, 24.246378777, 0.0],
              [102.533306832, 24.245352262, 0.0],
              [102.533110832, 24.245026262, 0.0],
              [102.532450064, 24.243957856, 0.0],
              [102.532260864, 24.243660356, 0.0],
              [102.531662065, 24.242741222, 0.0],
              [102.531501665, 24.242500822, 0.0],
              [102.531044198, 24.24182714, 0.0],
              [102.530850298, 24.24154654, 0.0],
              [102.530279884, 24.240738287, 0.0],
              [102.530092584, 24.240478387, 0.0],
              [102.529496656, 24.239668755, 0.0],
              [102.529315956, 24.239428355, 0.0],
              [102.528665695, 24.238582213, 0.0],
              [102.528437395, 24.238291613, 0.0],
              [102.527794939, 24.237490899, 0.0],
              [102.527581739, 24.237230699, 0.0],
              [102.526924925, 24.236445621, 0.0],
              [102.526715225, 24.236200121, 0.0],
              [102.526067984, 24.235457329, 0.0],
              [102.525844084, 24.235205429, 0.0],
              [102.525166181, 24.234458075, 0.0],
              [102.524943381, 24.234217375, 0.0],
              [102.524241345, 24.233474319, 0.0],
              [102.524027745, 24.233252819, 0.0],
              [102.523391739, 24.232605161, 0.0],
              [102.523179439, 24.232392861, 0.0],
              [102.522605704, 24.231828289, 0.0],
              [102.522406904, 24.231635789, 0.0],
              [102.521789087, 24.231047678, 0.0],
              [102.521577287, 24.230849478, 0.0],
              [102.520973757, 24.230293918, 0.0],
              [102.520694457, 24.230041018, 0.0],
              [102.519907807, 24.229343632, 0.0],
              [102.518777128, 24.22836229, 0.0],
              [102.518305458, 24.227952697, 0.0],
              [102.518207711, 24.227798826, 0.0],
              [102.5149507, 24.22267239, 0.0],
              [102.51475821, 24.222371792, 0.0],
              [102.51454271, 24.222037892, 0.0],
              [102.514081402, 24.221336139, 0.0],
              [102.513841602, 24.220977939, 0.0],
              [102.513292629, 24.220174923, 0.0],
              [102.513029829, 24.219798423, 0.0],
              [102.512516103, 24.219076159, 0.0],
              [102.512233903, 24.218686759, 0.0],
              [102.511653656, 24.217902315, 0.0],
              [102.511357056, 24.217509415, 0.0],
              [102.510811831, 24.216800444, 0.0],
              [102.510551831, 24.216468544, 0.0],
              [102.510068139, 24.215860874, 0.0],
              [102.509870239, 24.215616174, 0.0],
              [102.509500266, 24.215164136, 0.0],
              [102.509290966, 24.214911436, 0.0],
              [102.508829286, 24.214362095, 0.0],
              [102.508599386, 24.214092495, 0.0],
              [102.508167602, 24.213592868, 0.0],
              [102.507939802, 24.213332768, 0.0],
              [102.507475225, 24.212809747, 0.0],
              [102.507241725, 24.212550547, 0.0],
              [102.506770773, 24.212035044, 0.0],
              [102.506512473, 24.211756244, 0.0],
              [102.506027244, 24.211239892, 0.0],
              [102.505758644, 24.210958092, 0.0],
              [102.505224081, 24.210405822, 0.0],
              [102.504964881, 24.210142122, 0.0],
              [102.504452476, 24.209628331, 0.0],
              [102.504154476, 24.209333831, 0.0],
              [102.503556472, 24.208752628, 0.0],
              [102.503253172, 24.208462728, 0.0],
              [102.502653633, 24.207899045, 0.0],
              [102.502338433, 24.207607545, 0.0],
              [102.50174758, 24.207069812, 0.0],
              [102.50141618, 24.206773012, 0.0],
              [102.500787244, 24.206219168, 0.0],
              [102.500419044, 24.205900368, 0.0],
              [102.499629112, 24.205230606, 0.0],
              [102.499221512, 24.204892206, 0.0],
              [102.498474867, 24.20428437, 0.0],
              [102.498062567, 24.20395527, 0.0],
              [102.497347876, 24.203395347, 0.0],
              [102.496953676, 24.203092247, 0.0],
              [102.496204095, 24.202527012, 0.0],
              [102.495801495, 24.202229312, 0.0],
              [102.495016117, 24.201660268, 0.0],
              [102.494628717, 24.201385268, 0.0],
              [102.493965525, 24.200922514, 0.0],
              [102.493551125, 24.200638314, 0.0],
              [102.492727743, 24.200085556, 0.0],
              [102.492277843, 24.199789956, 0.0],
              [102.491469193, 24.199269707, 0.0],
              [102.491032893, 24.198994907, 0.0],
              [102.490271234, 24.198524652, 0.0],
              [102.489797934, 24.198238252, 0.0],
              [102.488978885, 24.197753225, 0.0],
              [102.488557585, 24.197509125, 0.0],
              [102.487725982, 24.197037856, 0.0],
              [102.487278982, 24.196790156, 0.0],
              [102.486550201, 24.196394175, 0.0],
              [102.486149001, 24.196180475, 0.0],
              [102.485773966, 24.195982749, 0.0],
              [102.432933013, 24.168409513, 0.0],
              [102.432359999, 24.167632559, 0.0],
              [102.431776665, 24.166841707, 0.0],
              [102.431180202, 24.16604962, 0.0],
              [102.430910062, 24.165698187, 0.0],
              [102.430866031, 24.165637697, 0.0],
              [102.430749004, 24.165477589, 0.0],
              [102.430528004, 24.165176489, 0.0],
              [102.43041462, 24.165022627, 0.0],
              [102.430338584, 24.164919858, 0.0],
              [102.430333009, 24.164909551, 0.0],
              [102.429900787, 24.164111845, 0.0],
              [102.429530516, 24.163440831, 0.0],
              [102.429417416, 24.163239531, 0.0],
              [102.429390858, 24.163192322, 0.0],
              [102.428929719, 24.162373646, 0.0],
              [102.421703585, 24.148733743, 0.0],
              [102.421182986, 24.147776435, 0.0],
              [102.420876186, 24.147226635, 0.0],
              [102.420453197, 24.14648362, 0.0],
              [102.420152297, 24.14596542, 0.0],
              [102.419599596, 24.145036832, 0.0],
              [102.419285296, 24.144521532, 0.0],
              [102.418761253, 24.143681191, 0.0],
              [102.418408553, 24.143127891, 0.0],
              [102.417744591, 24.142113637, 0.0],
              [102.417413991, 24.141621737, 0.0],
              [102.417029597, 24.14105814, 0.0],
              [102.416702797, 24.14058594, 0.0],
              [102.415913368, 24.139477806, 0.0],
              [102.415543368, 24.138973106, 0.0],
              [102.415335698, 24.1386919, 0.0],
              [102.415005698, 24.1382483, 0.0],
              [102.414670977, 24.137803545, 0.0],
              [102.411901177, 24.134165545, 0.0],
              [102.410010578, 24.131831288, 0.0],
              [102.409767878, 24.131549388, 0.0],
              [102.408123962, 24.129731996, 0.0],
              [102.407714362, 24.129300896, 0.0],
              [102.406345616, 24.127915373, 0.0],
              [102.405967116, 24.127546873, 0.0],
              [102.404142957, 24.125857196, 0.0],
              [102.403317857, 24.125130196, 0.0],
              [102.400696219, 24.122973833, 0.0],
              [102.399931419, 24.122387133, 0.0],
              [102.397629909, 24.120723233, 0.0],
              [102.396857909, 24.120197833, 0.0],
              [102.396245341, 24.119787513, 0.0],
              [102.395539341, 24.119322113, 0.0],
              [102.395178233, 24.119086296, 0.0],
              [102.377696202, 24.10777713, 0.0],
              [102.374828246, 24.10378835, 0.0],
              [102.374729645, 24.103651701, 0.0],
              [102.374383945, 24.103174301, 0.0],
              [102.373733479, 24.102296385, 0.0],
              [102.373339479, 24.101776585, 0.0],
              [102.372772072, 24.101042268, 0.0],
              [102.372410472, 24.100583168, 0.0],
              [102.371830166, 24.099860279, 0.0],
              [102.371477966, 24.099429779, 0.0],
              [102.370587933, 24.098372055, 0.0],
              [102.369911833, 24.097590755, 0.0],
              [102.36928932, 24.096884915, 0.0],
              [102.36887802, 24.096427315, 0.0],
              [102.368120735, 24.095603515, 0.0],
              [102.367770635, 24.095231115, 0.0],
              [102.367264658, 24.094700753, 0.0],
              [102.366888058, 24.094311753, 0.0],
              [102.366174501, 24.09358952, 0.0],
              [102.365795901, 24.09321402, 0.0],
              [102.365405754, 24.092831275, 0.0],
              [102.365044754, 24.092480975, 0.0],
              [102.364378288, 24.09184607, 0.0],
              [102.363982988, 24.09147637, 0.0],
              [102.363381387, 24.090922878, 0.0],
              [102.362981187, 24.090560678, 0.0],
              [102.362654108, 24.09026726, 0.0],
              [102.294378908, 24.02955786, 0.0],
              [102.293655199, 24.028926687, 0.0],
              [102.293220299, 24.028554687, 0.0],
              [102.292618881, 24.028048386, 0.0],
              [102.292173981, 24.027679786, 0.0],
              [102.291519371, 24.027146697, 0.0],
              [102.291087471, 24.026800997, 0.0],
              [102.290436304, 24.026288586, 0.0],
              [102.289983604, 24.025938386, 0.0],
              [102.289080675, 24.025256091, 0.0],
              [102.288655075, 24.024941991, 0.0],
              [102.288480073, 24.024813422, 0.0],
              [102.288040873, 24.024492222, 0.0],
              [102.287214372, 24.023900577, 0.0],
              [102.286852672, 24.023647177, 0.0],
              [102.286578411, 24.023456398, 0.0],
              [102.275477333, 24.015789266, 0.0],
              [102.274059355, 24.014809833, 0.0],
              [102.268004344, 24.010627897, 0.0],
              [102.258990979, 24.00440232, 0.0],
              [102.258230106, 23.999436089, 0.0],
              [102.258199049, 23.999236089, 0.0],
              [102.258126949, 23.998777889, 0.0],
              [102.257980361, 23.997897553, 0.0],
              [102.257901261, 23.997447353, 0.0],
              [102.25776872, 23.996724223, 0.0],
              [102.25767812, 23.996249623, 0.0],
              [102.257510988, 23.99541294, 0.0],
              [102.257424088, 23.99499644, 0.0],
              [102.257281484, 23.994335352, 0.0],
              [102.257178484, 23.993873052, 0.0],
              [102.257042303, 23.99327891, 0.0],
              [102.256947603, 23.99287701, 0.0],
              [102.256730604, 23.991992262, 0.0],
              [102.256619804, 23.991557662, 0.0],
              [102.256375279, 23.990635392, 0.0],
              [102.256255079, 23.990198892, 0.0],
              [102.256095484, 23.989632382, 0.0],
              [102.255968384, 23.989191182, 0.0],
              [102.255750296, 23.988455409, 0.0],
              [102.255620096, 23.988028209, 0.0],
              [102.255364952, 23.987215921, 0.0],
              [102.255237952, 23.986823321, 0.0],
              [102.255065673, 23.986300591, 0.0],
              [102.254937373, 23.985918391, 0.0],
              [102.254664756, 23.985128231, 0.0],
              [102.254507156, 23.984683531, 0.0],
              [102.254290742, 23.984085001, 0.0],
              [102.254117042, 23.983614001, 0.0],
              [102.253760144, 23.98267539, 0.0],
              [102.253620044, 23.98231779, 0.0],
              [102.253404658, 23.981777306, 0.0],
              [102.253281458, 23.981473306, 0.0],
              [102.2531202, 23.981080202, 0.0],
              [102.2529584, 23.980690502, 0.0],
              [102.252498477, 23.979618263, 0.0],
              [102.252304477, 23.979180163, 0.0],
              [102.252219386, 23.978989089, 0.0],
              [102.252027086, 23.978559689, 0.0],
              [102.251452092, 23.977321352, 0.0],
              [102.251265692, 23.976933852, 0.0],
              [102.251154791, 23.976704798, 0.0],
              [102.250933891, 23.976251498, 0.0],
              [102.250419926, 23.97522681, 0.0],
              [102.250189526, 23.97478031, 0.0],
              [102.249916476, 23.974258715, 0.0],
              [102.249704176, 23.973858915, 0.0],
              [102.249254924, 23.973031782, 0.0],
              [102.249022824, 23.972613882, 0.0],
              [102.24820654, 23.971199098, 0.0],
              [102.24793324, 23.970742798, 0.0],
              [102.247466025, 23.969978359, 0.0],
              [102.191162425, 23.879684759, 0.0],
              [102.190968125, 23.87937568, 0.0],
              [102.190408525, 23.87849268, 0.0],
              [102.189975077, 23.877820684, 0.0],
              [102.189291177, 23.876778784, 0.0],
              [102.188841876, 23.876106209, 0.0],
              [102.188127276, 23.875055009, 0.0],
              [102.187138556, 23.873652926, 0.0],
              [102.186496356, 23.872774626, 0.0],
              [102.185910843, 23.87199009, 0.0],
              [102.185302343, 23.87119119, 0.0],
              [102.184968896, 23.870758335, 0.0],
              [102.184459296, 23.870104235, 0.0],
              [102.183956595, 23.869469653, 0.0],
              [102.183414695, 23.868796853, 0.0],
              [102.18261958, 23.867834515, 0.0],
              [102.18202958, 23.867138315, 0.0],
              [102.181931289, 23.867022689, 0.0],
              [102.181321789, 23.866307889, 0.0],
              [102.180951308, 23.86587836, 0.0],
              [102.180356108, 23.86519616, 0.0],
              [102.180271702, 23.865269801, 0.0],
              [102.179908721, 23.864862651, 0.0],
              [102.179853285, 23.864912073, 0.0],
              [102.176343804, 23.860864105, 0.0],
              [102.17642028, 23.860788718, 0.0],
              [102.176383843, 23.860751755, 0.0],
              [102.176442065, 23.860694286, 0.0],
              [102.155833665, 23.839815786, 0.0],
              [102.155543799, 23.839524524, 0.0],
              [102.154165599, 23.838151024, 0.0],
              [102.153730665, 23.837722832, 0.0],
              [102.152502965, 23.836528832, 0.0],
              [102.15123912, 23.835341622, 0.0],
              [102.14977942, 23.834017322, 0.0],
              [102.148579069, 23.832962784, 0.0],
              [102.147353469, 23.831920284, 0.0],
              [102.146512817, 23.831220921, 0.0],
              [102.145395917, 23.830312221, 0.0],
              [102.143404354, 23.828773556, 0.0],
              [102.142044754, 23.827776756, 0.0],
              [102.140360043, 23.826594134, 0.0],
              [102.138750343, 23.825512934, 0.0],
              [102.137434176, 23.824658555, 0.0],
              [102.135692876, 23.823566655, 0.0],
              [102.134073296, 23.822593226, 0.0],
              [102.132206896, 23.821518926, 0.0],
              [102.130911652, 23.820798725, 0.0],
              [102.129007552, 23.819776625, 0.0],
              [102.127609428, 23.819054236, 0.0],
              [102.125832628, 23.818171336, 0.0],
              [102.125402227, 23.817960035, 0.0],
              [102.119696598, 23.815192785, 0.0],
              [102.111409578, 23.794456631, 0.0],
              [102.110983646, 23.793424444, 0.0],
              [102.110641746, 23.792621444, 0.0],
              [102.110507774, 23.792309729, 0.0],
              [102.110077774, 23.791318529, 0.0],
              [102.108333756, 23.787703212, 0.0],
              [102.107537556, 23.786209112, 0.0],
              [102.106544658, 23.784433874, 0.0],
              [102.105726858, 23.783039074, 0.0],
              [102.10368958, 23.779847802, 0.0],
              [102.10321048, 23.779156502, 0.0],
              [102.102839501, 23.778628522, 0.0],
              [102.101835201, 23.777218622, 0.0],
              [102.101489989, 23.776739993, 0.0],
              [102.101467789, 23.776709593, 0.0],
              [102.100578836, 23.77552931, 0.0],
              [102.100302836, 23.77517391, 0.0],
              [102.100193338, 23.775033429, 0.0],
              [102.099402338, 23.774022329, 0.0],
              [102.097142806, 23.771334203, 0.0],
              [102.096305606, 23.770406403, 0.0],
              [102.096121447, 23.770203435, 0.0],
              [102.095152447, 23.769141335, 0.0],
              [102.092116944, 23.766089122, 0.0],
              [102.091240044, 23.765280222, 0.0],
              [102.091136657, 23.76518512, 0.0],
              [102.090234957, 23.76435802, 0.0],
              [102.088243347, 23.762625726, 0.0],
              [102.087017447, 23.761615026, 0.0],
              [102.08541548, 23.760348331, 0.0],
              [102.08414088, 23.759382131, 0.0],
              [102.081250208, 23.757347674, 0.0],
              [102.079391408, 23.756135374, 0.0],
              [102.078906523, 23.755823105, 0.0],
              [102.073670123, 23.752493405, 0.0],
              [102.073509213, 23.752391516, 0.0],
              [102.066784603, 23.748151385, 0.0],
              [102.059746935, 23.743681283, 0.0],
              [102.054810474, 23.740532658, 0.0],
              [102.054665193, 23.740440345, 0.0],
              [102.046942851, 23.735552118, 0.0],
              [102.049516274, 23.728790072, 0.0],
              [102.0514895, 23.723705451, 0.0],
              [102.051889651, 23.722638445, 0.0],
              [102.051931163, 23.722523795, 0.0],
              [102.052157981, 23.721944588, 0.0],
              [102.052248419, 23.721709289, 0.0],
              [102.052345595, 23.721464731, 0.0],
              [102.052541771, 23.720963172, 0.0],
              [102.0526809, 23.720601737, 0.0],
              [102.053035116, 23.719700827, 0.0],
              [102.053177854, 23.719346821, 0.0],
              [102.053529383, 23.718450189, 0.0],
              [102.053697283, 23.718009489, 0.0],
              [102.053853355, 23.717594309, 0.0],
              [102.054181455, 23.716709609, 0.0],
              [102.05447851, 23.71590787, 0.0],
              [102.054659658, 23.715432393, 0.0],
              [102.05474468, 23.715207604, 0.0],
              [102.05532629, 23.713658649, 0.0],
              [102.055462659, 23.713327544, 0.0],
              [102.055947554, 23.712104778, 0.0],
              [102.056850354, 23.709737778, 0.0],
              [102.058034112, 23.706254329, 0.0],
              [102.058269812, 23.705466729, 0.0],
              [102.058821191, 23.703475355, 0.0],
              [102.059256191, 23.701767855, 0.0],
              [102.059671224, 23.700006018, 0.0],
              [102.059844024, 23.699208018, 0.0],
              [102.060462805, 23.69577571, 0.0],
              [102.060610805, 23.69475131, 0.0],
              [102.060776768, 23.693489262, 0.0],
              [102.060839968, 23.692956262, 0.0],
              [102.060991905, 23.691490463, 0.0],
              [102.061034005, 23.691016263, 0.0],
              [102.061114661, 23.689987329, 0.0],
              [102.061155461, 23.689387429, 0.0],
              [102.06126457, 23.686777602, 0.0],
              [102.061272667, 23.686260582, 0.0],
              [102.061280099, 23.685852759, 0.0],
              [102.061286691, 23.685355043, 0.0],
              [102.061291791, 23.684738143, 0.0],
              [102.06128565, 23.683438807, 0.0],
              [102.06127365, 23.682761707, 0.0],
              [102.061154492, 23.680086142, 0.0],
              [102.061090792, 23.679194142, 0.0],
              [102.060964539, 23.677729572, 0.0],
              [102.060897139, 23.677062472, 0.0],
              [102.060810787, 23.676270868, 0.0],
              [102.060667887, 23.675051068, 0.0],
              [102.059790981, 23.669906501, 0.0],
              [102.059571481, 23.668929701, 0.0],
              [102.059205948, 23.667413926, 0.0],
              [102.058957948, 23.666451626, 0.0],
              [102.058667366, 23.665374014, 0.0],
              [102.058319766, 23.664139914, 0.0],
              [102.057073171, 23.660311891, 0.0],
              [102.056601171, 23.659038991, 0.0],
              [102.055540656, 23.656410101, 0.0],
              [102.054970156, 23.655103901, 0.0],
              [102.054338781, 23.653716382, 0.0],
              [102.054097781, 23.653207482, 0.0],
              [102.053089615, 23.651196825, 0.0],
              [102.052584315, 23.650243225, 0.0],
              [102.051396337, 23.648127062, 0.0],
              [102.050721837, 23.646991062, 0.0],
              [102.050147817, 23.64604816, 0.0],
              [102.049807917, 23.64550346, 0.0],
              [102.047478064, 23.642092152, 0.0],
              [102.047047164, 23.641514052, 0.0],
              [102.046694843, 23.6410471, 0.0],
              [102.045974643, 23.6401041, 0.0],
              [102.044577799, 23.638357536, 0.0],
              [102.043990899, 23.637656436, 0.0],
              [102.043282016, 23.636828134, 0.0],
              [102.042664516, 23.636122334, 0.0],
              [102.040465483, 23.63376657, 0.0],
              [102.039681783, 23.63297947, 0.0],
              [102.038655493, 23.631977874, 0.0],
              [102.037790493, 23.631157574, 0.0],
              [102.036177412, 23.629693262, 0.0],
              [102.035385512, 23.629005262, 0.0],
              [102.033496284, 23.627443498, 0.0],
              [102.032506984, 23.626665698, 0.0],
              [102.03096028, 23.625497452, 0.0],
              [102.02992058, 23.624743352, 0.0],
              [102.027302118, 23.622967812, 0.0],
              [102.026461318, 23.622435712, 0.0],
              [102.025506837, 23.621846558, 0.0],
              [102.024713637, 23.621369158, 0.0],
              [102.02241055, 23.620064775, 0.0],
              [102.02056625, 23.619083775, 0.0],
              [102.018148941, 23.61788057, 0.0],
              [102.017252041, 23.61746397, 0.0],
              [102.015027016, 23.616495402, 0.0],
              [102.013672816, 23.615944602, 0.0],
              [102.010768876, 23.614867041, 0.0],
              [102.009148476, 23.614322241, 0.0],
              [102.006006034, 23.613379273, 0.0],
              [102.004445434, 23.612966273, 0.0],
              [102.003189057, 23.612651138, 0.0],
              [102.002363257, 23.612455338, 0.0],
              [102.000313472, 23.612014505, 0.0],
              [101.999103972, 23.611780805, 0.0],
              [101.996576371, 23.6113593, 0.0],
              [101.995479071, 23.6112051, 0.0],
              [101.993925709, 23.611011556, 0.0],
              [101.992890109, 23.610898956, 0.0],
              [101.991291144, 23.61075104, 0.0],
              [101.990311244, 23.61067624, 0.0],
              [101.987841557, 23.610549051, 0.0],
              [101.986166251, 23.610504272, 0.0],
              [101.984699803, 23.608001599, 0.0],
              [101.980751673, 23.601047224, 0.0],
              [101.980592807, 23.600763788, 0.0],
              [101.979810491, 23.599330252, 0.0],
              [101.979304288, 23.598403336, 0.0],
              [101.978716319, 23.597318267, 0.0],
              [101.978501206, 23.596925494, 0.0],
              [101.976976106, 23.594170194, 0.0],
              [101.976723196, 23.593718806, 0.0],
              [101.975321579, 23.591247309, 0.0],
              [101.975268671, 23.591150816, 0.0],
              [101.975060607, 23.590775185, 0.0],
              [101.974229655, 23.589290101, 0.0],
              [101.973862504, 23.588633817, 0.0],
              [101.97273685, 23.586722488, 0.0],
              [101.97222965, 23.585903388, 0.0],
              [101.970541249, 23.58335429, 0.0],
              [101.970005349, 23.58259659, 0.0],
              [101.968819864, 23.580989517, 0.0],
              [101.968249364, 23.580247617, 0.0],
              [101.96732841, 23.579086021, 0.0],
              [101.96674341, 23.578370221, 0.0],
              [101.965628486, 23.577053071, 0.0],
              [101.964991686, 23.576326571, 0.0],
              [101.963814947, 23.575030564, 0.0],
              [101.963095047, 23.574265064, 0.0],
              [101.961968344, 23.573105162, 0.0],
              [101.961271544, 23.572410662, 0.0],
              [101.960502945, 23.571660878, 0.0],
              [101.959731145, 23.570923978, 0.0],
              [101.958263293, 23.569577362, 0.0],
              [101.957429593, 23.568842562, 0.0],
              [101.956419517, 23.567975921, 0.0],
              [101.955602417, 23.567293521, 0.0],
              [101.954029078, 23.566032517, 0.0],
              [101.953066778, 23.565292617, 0.0],
              [101.951860377, 23.564393585, 0.0],
              [101.950886377, 23.563690285, 0.0],
              [101.950424217, 23.563360548, 0.0],
              [101.949583618, 23.562767977, 0.0],
              [101.951957989, 23.558812281, 0.0],
              [101.952360632, 23.558129264, 0.0],
              [101.952925032, 23.557154264, 0.0],
              [101.953236584, 23.55660817, 0.0],
              [101.953806884, 23.55559377, 0.0],
              [101.954680352, 23.553970804, 0.0],
              [101.955193152, 23.552974404, 0.0],
              [101.956097038, 23.551125548, 0.0],
              [101.956499338, 23.550257848, 0.0],
              [101.956930527, 23.549301683, 0.0],
              [101.957347527, 23.548350483, 0.0],
              [101.958018859, 23.546743604, 0.0],
              [101.958409459, 23.545760904, 0.0],
              [101.958728179, 23.544937959, 0.0],
              [101.959074579, 23.544019559, 0.0],
              [101.959774084, 23.54204009, 0.0],
              [101.960097484, 23.54105989, 0.0],
              [101.960657603, 23.539247342, 0.0],
              [101.960963003, 23.538188242, 0.0],
              [101.961571153, 23.535872303, 0.0],
              [101.961798153, 23.534915103, 0.0],
              [101.962257137, 23.532771403, 0.0],
              [101.962483137, 23.531589903, 0.0],
              [101.962783195, 23.529856518, 0.0],
              [101.962899195, 23.529108318, 0.0],
              [101.963112837, 23.527573616, 0.0],
              [101.963210037, 23.526786216, 0.0],
              [101.963411612, 23.524841183, 0.0],
              [101.963479812, 23.524028383, 0.0],
              [101.96364052, 23.521046764, 0.0],
              [101.96366162, 23.520167164, 0.0],
              [101.963640548, 23.517085563, 0.0],
              [101.963605248, 23.516148663, 0.0],
              [101.963466943, 23.513866401, 0.0],
              [101.963392643, 23.512977501, 0.0],
              [101.963327707, 23.512262517, 0.0],
              [101.963257307, 23.511544617, 0.0],
              [101.963165569, 23.510685588, 0.0],
              [101.963071069, 23.509867688, 0.0],
              [101.962836404, 23.50811048, 0.0],
              [101.962716704, 23.50732108, 0.0],
              [101.96257748, 23.506454328, 0.0],
              [101.96244458, 23.505670928, 0.0],
              [101.962106484, 23.503877175, 0.0],
              [101.961918384, 23.502970475, 0.0],
              [101.9614826, 23.501059071, 0.0],
              [101.9612558, 23.500147171, 0.0],
              [101.960459709, 23.497306823, 0.0],
              [101.960180509, 23.496413023, 0.0],
              [101.95965924, 23.494836736, 0.0],
              [101.95938294, 23.494045536, 0.0],
              [101.958770528, 23.492386701, 0.0],
              [101.958442528, 23.491544401, 0.0],
              [101.958090496, 23.490665109, 0.0],
              [101.957696096, 23.489706409, 0.0],
              [101.956579089, 23.487190393, 0.0],
              [101.956203189, 23.486402893, 0.0],
              [101.955469447, 23.484928675, 0.0],
              [101.954988547, 23.484001075, 0.0],
              [101.954059667, 23.482291611, 0.0],
              [101.953621767, 23.481521811, 0.0],
              [101.952558539, 23.479739812, 0.0],
              [101.952075739, 23.478967512, 0.0],
              [101.950508959, 23.476612208, 0.0],
              [101.950003159, 23.475896608, 0.0],
              [101.948456919, 23.473824795, 0.0],
              [101.947926619, 23.473151295, 0.0],
              [101.94647532, 23.471392163, 0.0],
              [101.94580462, 23.470615963, 0.0],
              [101.944467731, 23.469129897, 0.0],
              [101.943825231, 23.468443797, 0.0],
              [101.942638195, 23.467218778, 0.0],
              [101.942027995, 23.466610178, 0.0],
              [101.941654045, 23.466241107, 0.0],
              [101.939740902, 23.464372669, 0.0],
              [101.939447069, 23.464081138, 0.0],
              [101.937569147, 23.462311717, 0.0],
              [101.936605647, 23.461449717, 0.0],
              [101.935042046, 23.460107801, 0.0],
              [101.934062646, 23.459301701, 0.0],
              [101.932926463, 23.458393951, 0.0],
              [101.932027563, 23.457696951, 0.0],
              [101.930323389, 23.456432528, 0.0],
              [101.929438189, 23.455804428, 0.0],
              [101.928418622, 23.455099821, 0.0],
              [101.927460122, 23.454454821, 0.0],
              [101.924959035, 23.452877173, 0.0],
              [101.923988835, 23.452304573, 0.0],
              [101.922524164, 23.451473081, 0.0],
              [101.921575364, 23.450955381, 0.0],
              [101.921173938, 23.450738718, 0.0],
              [101.920126838, 23.450179718, 0.0],
              [101.918343298, 23.449272946, 0.0],
              [101.917187098, 23.448713946, 0.0],
              [101.914929963, 23.44769088, 0.0],
              [101.913840063, 23.44722908, 0.0],
              [101.911997921, 23.446491315, 0.0],
              [101.910825121, 23.446048415, 0.0],
              [101.909190647, 23.445463382, 0.0],
              [101.908093347, 23.445091982, 0.0],
              [101.907612258, 23.444931864, 0.0],
              [101.776986359, 23.402190683, 0.0],
              [101.77654639, 23.401842174, 0.0],
              [101.775906205, 23.401343471, 0.0],
              [101.774459805, 23.400235471, 0.0],
              [101.774321206, 23.400129682, 0.0],
              [101.772824206, 23.398991182, 0.0],
              [101.772130539, 23.398473051, 0.0],
              [101.770720939, 23.397439051, 0.0],
              [101.769584302, 23.396629433, 0.0],
              [101.768746802, 23.396050333, 0.0],
              [101.767591295, 23.395274887, 0.0],
              [101.766737495, 23.394718987, 0.0],
              [101.765348438, 23.393846691, 0.0],
              [101.763096138, 23.392483291, 0.0],
              [101.76283651, 23.392327201, 0.0],
              [101.76212221, 23.391900701, 0.0],
              [101.76185514, 23.391745695, 0.0],
              [101.728762547, 23.312940793, 0.0],
              [101.728259289, 23.311783497, 0.0],
              [101.727545089, 23.310196197, 0.0],
              [101.727187064, 23.30941836, 0.0],
              [101.726427964, 23.30780566, 0.0],
              [101.725877931, 23.30667428, 0.0],
              [101.723233226, 23.301403964, 0.0],
              [101.722974683, 23.300887068, 0.0],
              [101.722718081, 23.300374255, 0.0],
              [101.704605014, 23.264100844, 0.0],
              [101.704135156, 23.263183673, 0.0],
              [101.703755156, 23.262460373, 0.0],
              [101.703378556, 23.261743784, 0.0],
              [101.702609886, 23.260336443, 0.0],
              [101.702229186, 23.259665243, 0.0],
              [101.70158802, 23.25856758, 0.0],
              [101.701226472, 23.257966299, 0.0],
              [101.700838424, 23.257320917, 0.0],
              [101.69962397, 23.255401239, 0.0],
              [101.69921937, 23.254792739, 0.0],
              [101.698952975, 23.254396215, 0.0],
              [101.698523375, 23.253763315, 0.0],
              [101.697902224, 23.252869317, 0.0],
              [101.697441524, 23.252221417, 0.0],
              [101.696526512, 23.250975822, 0.0],
              [101.696051812, 23.250350122, 0.0],
              [101.69596939, 23.250241789, 0.0],
              [101.69547079, 23.249588289, 0.0],
              [101.6939544, 23.24769764, 0.0],
              [101.6933952, 23.24703404, 0.0],
              [101.692906705, 23.246454378, 0.0],
              [101.691589446, 23.244953179, 0.0],
              [101.691024746, 23.244334979, 0.0],
              [101.690818942, 23.244111048, 0.0],
              [101.690321742, 23.243573348, 0.0],
              [101.689007693, 23.242205263, 0.0],
              [101.688454293, 23.241650563, 0.0],
              [101.688242441, 23.24143948, 0.0],
              [101.687625941, 23.24082888, 0.0],
              [101.68609466, 23.239375007, 0.0],
              [101.68546966, 23.238806207, 0.0],
              [101.685240928, 23.238599328, 0.0],
              [101.684606128, 23.238028728, 0.0],
              [101.683375459, 23.236958293, 0.0],
              [101.682707759, 23.236396393, 0.0],
              [101.681860326, 23.235698983, 0.0],
              [101.681259126, 23.235215183, 0.0],
              [101.680603711, 23.234687786, 0.0],
              [101.678515124, 23.233095675, 0.0],
              [101.677834524, 23.232604575, 0.0],
              [101.677760963, 23.232551597, 0.0],
              [101.677048263, 23.232039297, 0.0],
              [101.675662051, 23.231077914, 0.0],
              [101.674862451, 23.230543114, 0.0],
              [101.674221577, 23.230121554, 0.0],
              [101.673506577, 23.229659054, 0.0],
              [101.672132236, 23.228801315, 0.0],
              [101.671374536, 23.228345315, 0.0],
              [101.670704981, 23.227949424, 0.0],
              [101.669914381, 23.227490224, 0.0],
              [101.668859675, 23.226894592, 0.0],
              [101.668103575, 23.226479592, 0.0],
              [101.667017568, 23.225900791, 0.0],
              [101.666180468, 23.225467791, 0.0],
              [101.66532274, 23.225034518, 0.0],
              [101.66450674, 23.224632118, 0.0],
              [101.663224912, 23.224022465, 0.0],
              [101.662485912, 23.223683765, 0.0],
              [101.662147164, 23.223530031, 0.0],
              [101.661386064, 23.223188031, 0.0],
              [101.659993436, 23.222587471, 0.0],
              [101.591370336, 23.194220671, 0.0],
              [101.591021738, 23.194078105, 0.0],
              [101.585111638, 23.191687005, 0.0],
              [101.584294756, 23.191364831, 0.0],
              [101.58193989, 23.190459894, 0.0],
              [101.581101542, 23.190134501, 0.0],
              [101.580715226, 23.189972786, 0.0],
              [101.580139504, 23.189720983, 0.0],
              [101.580129267, 23.189716261, 0.0],
              [101.505538761, 23.120633381, 0.0],
              [101.504975677, 23.120119791, 0.0],
              [101.504136477, 23.119365991, 0.0],
              [101.503399728, 23.118717171, 0.0],
              [101.502716128, 23.118126971, 0.0],
              [101.501958627, 23.117485976, 0.0],
              [101.501184127, 23.116843676, 0.0],
              [101.499887352, 23.115804135, 0.0],
              [101.499005452, 23.115120935, 0.0],
              [101.498151665, 23.114474028, 0.0],
              [101.497321665, 23.113859028, 0.0],
              [101.497018137, 23.113635891, 0.0],
              [101.495980237, 23.112878891, 0.0],
              [101.493711609, 23.111318104, 0.0],
              [101.492784209, 23.110717004, 0.0],
              [101.491565573, 23.109951812, 0.0],
              [101.490518573, 23.109315212, 0.0],
              [101.489142386, 23.108508245, 0.0],
              [101.488070786, 23.107902645, 0.0],
              [101.48667822, 23.107144532, 0.0],
              [101.48565402, 23.106607832, 0.0],
              [101.484079451, 23.105817766, 0.0],
              [101.482949851, 23.105275666, 0.0],
              [101.481867355, 23.104771983, 0.0],
              [101.480853055, 23.104314683, 0.0],
              [101.47843121, 23.103298455, 0.0],
              [101.47730641, 23.102860855, 0.0],
              [101.474454855, 23.101849688, 0.0],
              [101.473383455, 23.101505888, 0.0],
              [101.470501299, 23.100675519, 0.0],
              [101.469677499, 23.100464719, 0.0],
              [101.468855441, 23.100261765, 0.0],
              [101.467771041, 23.100003765, 0.0],
              [101.464994881, 23.099425916, 0.0],
              [101.463937381, 23.099236916, 0.0],
              [101.462049539, 23.098936635, 0.0],
              [101.461001639, 23.098790435, 0.0],
              [101.459387389, 23.098591928, 0.0],
              [101.458047389, 23.098449228, 0.0],
              [101.456369492, 23.098299083, 0.0],
              [101.455398469, 23.098228659, 0.0],
              [101.356309714, 23.090630261, 0.0],
              [101.355553751, 23.090578051, 0.0],
              [101.354800351, 23.090531751, 0.0],
              [101.353777145, 23.090479386, 0.0],
              [101.353007145, 23.090447886, 0.0],
              [101.352002847, 23.090416906, 0.0],
              [101.351271847, 23.090401706, 0.0],
              [101.350251545, 23.090390904, 0.0],
              [101.349468045, 23.090390604, 0.0],
              [101.348353023, 23.090402611, 0.0],
              [101.347477223, 23.090421811, 0.0],
              [101.346339682, 23.090459706, 0.0],
              [101.345512182, 23.090496706, 0.0],
              [101.344468849, 23.090554286, 0.0],
              [101.343748649, 23.090601586, 0.0],
              [101.34277482, 23.090675102, 0.0],
              [101.34204932, 23.090737002, 0.0],
              [101.341313059, 23.090805307, 0.0],
              [101.331338659, 23.091805107, 0.0],
              [101.331184607, 23.09182079, 0.0],
              [101.327224057, 23.092230175, 0.0],
              [101.317831939, 23.09316698, 0.0],
              [101.317735089, 23.093176735, 0.0],
              [101.313542789, 23.093603135, 0.0],
              [101.31283566, 23.093675126, 0.0],
              [101.311789107, 23.093792823, 0.0],
              [101.310177107, 23.093991323, 0.0],
              [101.309983422, 23.094015557, 0.0],
              [101.308420922, 23.094214157, 0.0],
              [101.306798886, 23.094447394, 0.0],
              [101.305636086, 23.094634094, 0.0],
              [101.304770957, 23.094780798, 0.0],
              [101.303641157, 23.094982598, 0.0],
              [101.301878066, 23.095330319, 0.0],
              [101.300330566, 23.095664519, 0.0],
              [101.299647729, 23.095816993, 0.0],
              [101.298199229, 23.096151093, 0.0],
              [101.296831696, 23.096486868, 0.0],
              [101.295476696, 23.096839868, 0.0],
              [101.29502983, 23.096958493, 0.0],
              [101.29372443, 23.097311493, 0.0],
              [101.293644891, 23.097333072, 0.0],
              [101.292471791, 23.097652372, 0.0],
              [101.291318375, 23.097981222, 0.0],
              [101.290145375, 23.098330922, 0.0],
              [101.2893935, 23.098561528, 0.0],
              [101.288112, 23.098965628, 0.0],
              [101.287496655, 23.099164051, 0.0],
              [101.286270355, 23.099568251, 0.0],
              [101.286054741, 23.099639863, 0.0],
              [101.268780643, 23.105420719, 0.0],
              [101.268416021, 23.105376265, 0.0],
              [101.267811549, 23.105297178, 0.0],
              [101.267046172, 23.105181047, 0.0],
              [101.191179394, 23.092442731, 0.0],
              [101.190410953, 23.092319848, 0.0],
              [101.188440453, 23.092020448, 0.0],
              [101.187904628, 23.091942, 0.0],
              [101.185897928, 23.0916593, 0.0],
              [101.184842626, 23.091522068, 0.0],
              [101.182891826, 23.091289468, 0.0],
              [101.182403996, 23.091233731, 0.0],
              [101.180049596, 23.090976431, 0.0],
              [101.178961222, 23.090869519, 0.0],
              [101.175052375, 23.090528667, 0.0],
              [101.168644028, 23.089969716, 0.0],
              [101.134181002, 23.086966031, 0.0],
              [101.134161676, 23.086916291, 0.0],
              [101.133784076, 23.085979091, 0.0],
              [101.133231743, 23.084662736, 0.0],
              [101.132764443, 23.083592136, 0.0],
              [101.131543897, 23.08100091, 0.0],
              [101.130817697, 23.07956721, 0.0],
              [101.130029066, 23.078073402, 0.0],
              [101.129364166, 23.076863902, 0.0],
              [101.128827719, 23.075912819, 0.0],
              [101.128192619, 23.074815019, 0.0],
              [101.126936275, 23.072759282, 0.0],
              [101.126100375, 23.071462782, 0.0],
              [101.125151375, 23.070044598, 0.0],
              [101.124453675, 23.069039498, 0.0],
              [101.122941028, 23.066975244, 0.0],
              [101.122204628, 23.066022444, 0.0],
              [101.121207437, 23.064773966, 0.0],
              [101.120318737, 23.063697066, 0.0],
              [101.119566072, 23.062806373, 0.0],
              [101.118715472, 23.061823273, 0.0],
              [101.117460613, 23.060426813, 0.0],
              [101.116694613, 23.059605913, 0.0],
              [101.115753301, 23.058624248, 0.0],
              [101.114778732, 23.057635187, 0.0],
              [101.113834963, 23.056677326, 0.0],
              [101.113394923, 23.056231462, 0.0],
              [101.113623243, 23.047517717, 0.0],
              [101.113652942, 23.046384367, 0.0],
              [101.113664394, 23.04582993, 0.0],
              [101.113674981, 23.045129207, 0.0],
              [101.113683464, 23.044569056, 0.0],
              [101.113699935, 23.043482166, 0.0],
              [101.113704165, 23.043204242, 0.0],
              [101.113720311, 23.042560426, 0.0],
              [101.113765792, 23.040842258, 0.0],
              [101.113780624, 23.039001869, 0.0],
              [101.113773024, 23.038267369, 0.0],
              [101.113757915, 23.037451201, 0.0],
              [101.113744015, 23.036930201, 0.0],
              [101.113724818, 23.036340997, 0.0],
              [101.113710718, 23.035974597, 0.0],
              [101.113646218, 23.03471329, 0.0],
              [101.113612418, 23.03418359, 0.0],
              [101.11353365, 23.033160352, 0.0],
              [101.113527208, 23.033057665, 0.0],
              [101.113519215, 23.032972834, 0.0],
              [101.113511844, 23.032877085, 0.0],
              [101.113463844, 23.032344785, 0.0],
              [101.113460068, 23.032345125, 0.0],
              [101.11323364, 23.029942096, 0.0],
              [101.11312424, 23.029073196, 0.0],
              [101.112906726, 23.027538049, 0.0],
              [101.112840826, 23.027119749, 0.0],
              [101.112763721, 23.026645177, 0.0],
              [101.112692621, 23.026220477, 0.0],
              [101.11238946, 23.024578472, 0.0],
              [101.11225696, 23.023922372, 0.0],
              [101.111970411, 23.022596432, 0.0],
              [101.111821811, 23.021951332, 0.0],
              [101.11144908, 23.020441039, 0.0],
              [101.11121308, 23.019544939, 0.0],
              [101.110565715, 23.017301033, 0.0],
              [101.110235915, 23.016250633, 0.0],
              [101.109764198, 23.014823638, 0.0],
              [101.109559798, 23.014235138, 0.0],
              [101.108473615, 23.011390447, 0.0],
              [101.108320815, 23.011024147, 0.0],
              [101.107486879, 23.00913569, 0.0],
              [101.107433594, 23.009021467, 0.0],
              [101.107136295, 23.008353586, 0.0],
              [101.106703965, 23.007408903, 0.0],
              [101.106320365, 23.006593203, 0.0],
              [101.104536782, 23.003153334, 0.0],
              [101.104357182, 23.002837534, 0.0],
              [101.103802441, 23.00188662, 0.0],
              [101.103579541, 23.00151402, 0.0],
              [101.103135468, 23.000785875, 0.0],
              [101.103109936, 23.000744802, 0.0],
              [101.102664259, 22.999968937, 0.0],
              [101.102119189, 22.999043213, 0.0],
              [101.101125389, 22.997396113, 0.0],
              [101.101029167, 22.997237305, 0.0],
              [101.099784967, 22.995192405, 0.0],
              [101.099600657, 22.994975213, 0.0],
              [101.099336375, 22.99452634, 0.0],
              [101.099008494, 22.993979204, 0.0],
              [101.098835285, 22.993597977, 0.0],
              [101.096644265, 22.988687328, 0.0],
              [101.096224878, 22.987772239, 0.0],
              [101.096053178, 22.987407339, 0.0],
              [101.095874255, 22.987027305, 0.0],
              [101.095346347, 22.985940312, 0.0],
              [101.095162947, 22.985574012, 0.0],
              [101.094806723, 22.984876244, 0.0],
              [101.094615723, 22.984509244, 0.0],
              [101.09426194, 22.983841822, 0.0],
              [101.09406184, 22.983471122, 0.0],
              [101.093564602, 22.98257217, 0.0],
              [101.093342202, 22.98217967, 0.0],
              [101.092794233, 22.98123672, 0.0],
              [101.092564133, 22.98085052, 0.0],
              [101.092235321, 22.980306537, 0.0],
              [101.091999621, 22.979922137, 0.0],
              [101.091338138, 22.978872769, 0.0],
              [101.091127138, 22.978547069, 0.0],
              [101.090856385, 22.978133626, 0.0],
              [101.090640785, 22.977807926, 0.0],
              [101.089995789, 22.976857454, 0.0],
              [101.089752289, 22.976507354, 0.0],
              [101.089363314, 22.975956066, 0.0],
              [101.089129414, 22.975629266, 0.0],
              [101.088718646, 22.975063743, 0.0],
              [101.088461846, 22.974715343, 0.0],
              [101.087661215, 22.973658749, 0.0],
              [101.087405915, 22.973330949, 0.0],
              [101.087119218, 22.972962885, 0.0],
              [101.085940884, 22.971507208, 0.0],
              [101.085666984, 22.971181508, 0.0],
              [101.085605297, 22.971108298, 0.0],
              [101.085331597, 22.970784098, 0.0],
              [101.084299217, 22.96959951, 0.0],
              [101.083785217, 22.96902811, 0.0],
              [101.082642033, 22.96779938, 0.0],
              [101.082374833, 22.96752168, 0.0],
              [101.082242647, 22.967384821, 0.0],
              [101.081972047, 22.967105721, 0.0],
              [101.081672378, 22.966799278, 0.0],
              [101.081376878, 22.966499678, 0.0],
              [101.080422386, 22.965557556, 0.0],
              [101.080100086, 22.965247856, 0.0],
              [101.079402294, 22.964590097, 0.0],
              [101.079057094, 22.964270897, 0.0],
              [101.078597039, 22.963850779, 0.0],
              [101.078225239, 22.963515479, 0.0],
              [101.077223876, 22.962636331, 0.0],
              [101.076860676, 22.962325931, 0.0],
              [101.076566201, 22.962076227, 0.0],
              [101.076175401, 22.961747427, 0.0],
              [101.074824882, 22.96065072, 0.0],
              [101.074404382, 22.96032122, 0.0],
              [101.074092673, 22.960078947, 0.0],
              [101.073684073, 22.959763947, 0.0],
              [101.072742295, 22.959055445, 0.0],
              [101.072327995, 22.958751345, 0.0],
              [101.071606379, 22.958231484, 0.0],
              [101.071191379, 22.957938084, 0.0],
              [101.070192027, 22.95724959, 0.0],
              [101.069727927, 22.95693809, 0.0],
              [101.068919795, 22.956406942, 0.0],
              [101.068447995, 22.956103342, 0.0],
              [101.068241233, 22.955971009, 0.0],
              [101.067674021, 22.955609938, 0.0],
              [101.066672631, 22.949527551, 0.0],
              [101.066489396, 22.948483731, 0.0],
              [101.066389196, 22.947946431, 0.0],
              [101.066240402, 22.947181669, 0.0],
              [101.066136802, 22.946670469, 0.0],
              [101.065902389, 22.945576779, 0.0],
              [101.065784589, 22.945055679, 0.0],
              [101.065392008, 22.943443867, 0.0],
              [101.065266208, 22.942962267, 0.0],
              [101.065131612, 22.942457784, 0.0],
              [101.064988412, 22.941932084, 0.0],
              [101.06454913, 22.94041442, 0.0],
              [101.06437483, 22.93984602, 0.0],
              [101.064124105, 22.939052039, 0.0],
              [101.063942905, 22.938494439, 0.0],
              [101.063339434, 22.936747887, 0.0],
              [101.063151134, 22.936233887, 0.0],
              [101.063000583, 22.935828369, 0.0],
              [101.062790483, 22.935269869, 0.0],
              [101.062030152, 22.933367877, 0.0],
              [101.061807152, 22.932841577, 0.0],
              [101.061416088, 22.931943235, 0.0],
              [101.061181088, 22.931417535, 0.0],
              [101.060777047, 22.930536699, 0.0],
              [101.060510847, 22.929970899, 0.0],
              [101.059706919, 22.928339846, 0.0],
              [101.059412919, 22.927769746, 0.0],
              [101.058918937, 22.926836196, 0.0],
              [101.058615437, 22.926276996, 0.0],
              [101.057938996, 22.925070746, 0.0],
              [101.057605896, 22.924495546, 0.0],
              [101.056970732, 22.923429469, 0.0],
              [101.056627232, 22.922868869, 0.0],
              [101.056000982, 22.921873292, 0.0],
              [100.997862882, 22.831816492, 0.0],
              [100.996958997, 22.830465097, 0.0],
              [100.995809897, 22.828806097, 0.0],
              [100.995172392, 22.827907038, 0.0],
              [100.994638428, 22.827171325, 0.0],
              [100.994248243, 22.826624135, 0.0],
              [100.99386091, 22.826088472, 0.0],
              [100.99344071, 22.825515372, 0.0],
              [100.992273263, 22.823985742, 0.0],
              [100.991794163, 22.823382442, 0.0],
              [100.990300161, 22.821588765, 0.0],
              [100.989081961, 22.820193765, 0.0],
              [100.988413769, 22.819443933, 0.0],
              [100.987756069, 22.818720633, 0.0],
              [100.987638141, 22.818595148, 0.0],
              [100.987641846, 22.818383425, 0.0],
              [100.987647901, 22.818036207, 0.0],
              [100.987712035, 22.814235986, 0.0],
              [100.988386027, 22.812086932, 0.0],
              [100.98892009, 22.810263398, 0.0],
              [100.98917049, 22.809343998, 0.0],
              [100.989373413, 22.808574837, 0.0],
              [100.989556513, 22.807857737, 0.0],
              [100.989940237, 22.806243648, 0.0],
              [100.990095837, 22.805537248, 0.0],
              [100.990753578, 22.801924276, 0.0],
              [100.990877678, 22.801064476, 0.0],
              [100.990998569, 22.800169862, 0.0],
              [100.991116169, 22.799236162, 0.0],
              [100.991359038, 22.796845972, 0.0],
              [100.991429138, 22.795940172, 0.0],
              [100.991487663, 22.795089781, 0.0],
              [100.991550063, 22.794054281, 0.0],
              [100.991634469, 22.790263692, 0.0],
              [100.991621269, 22.789420892, 0.0],
              [100.991518868, 22.786911272, 0.0],
              [100.991440168, 22.785718772, 0.0],
              [100.99128668, 22.783899321, 0.0],
              [100.99115618, 22.782629621, 0.0],
              [100.991135358, 22.782430933, 0.0],
              [100.990980758, 22.780983633, 0.0],
              [100.990849012, 22.779868911, 0.0],
              [100.990494612, 22.777134011, 0.0],
              [100.990287182, 22.775533375, 0.0],
              [100.989224304, 22.767331246, 0.0],
              [100.98849188, 22.761679364, 0.0],
              [100.988490471, 22.761668546, 0.0],
              [100.990425119, 22.758112841, 0.0],
              [100.990750686, 22.757504519, 0.0],
              [100.991039386, 22.756956019, 0.0],
              [100.99139031, 22.756276751, 0.0],
              [100.99165211, 22.755760351, 0.0],
              [100.992075402, 22.754905275, 0.0],
              [100.992358902, 22.754318575, 0.0],
              [100.99259341, 22.753821406, 0.0],
              [100.992670382, 22.75366674, 0.0],
              [100.992679894, 22.753638055, 0.0],
              [100.992759266, 22.753469783, 0.0],
              [100.992964866, 22.753023083, 0.0],
              [100.992894558, 22.752990723, 0.0],
              [100.99387386, 22.750037566, 0.0],
              [100.994205848, 22.75017358, 0.0],
              [100.994424748, 22.74963928, 0.0],
              [100.994459656, 22.749553851, 0.0],
              [100.994685556, 22.748999551, 0.0],
              [100.99550711, 22.746842499, 0.0],
              [100.99573381, 22.746203299, 0.0],
              [100.995861298, 22.745839389, 0.0],
              [100.996091598, 22.745173789, 0.0],
              [100.996431141, 22.744157336, 0.0],
              [100.996652541, 22.743470136, 0.0],
              [100.996978028, 22.742420479, 0.0],
              [100.997183228, 22.741732079, 0.0],
              [100.997450091, 22.740804179, 0.0],
              [100.997633691, 22.740141779, 0.0],
              [100.997897824, 22.739149343, 0.0],
              [100.998086324, 22.738410643, 0.0],
              [100.99817356, 22.738063599, 0.0],
              [100.999008266, 22.73469199, 0.0],
              [100.999405966, 22.733088879, 0.0],
              [101.004168728, 22.713885208, 0.0],
              [101.004378167, 22.71300687, 0.0],
              [101.004483267, 22.71254777, 0.0],
              [101.004615756, 22.711952355, 0.0],
              [101.004709056, 22.711520655, 0.0],
              [101.00497357, 22.710212414, 0.0],
              [101.00506107, 22.709747814, 0.0],
              [101.005242006, 22.708729278, 0.0],
              [101.005328006, 22.708214278, 0.0],
              [101.005475495, 22.707276324, 0.0],
              [101.005565695, 22.706664924, 0.0],
              [101.005786564, 22.704966925, 0.0],
              [101.005854364, 22.704365325, 0.0],
              [101.005989023, 22.703003177, 0.0],
              [101.006033523, 22.702479977, 0.0],
              [101.006096536, 22.701659136, 0.0],
              [101.006136336, 22.701078036, 0.0],
              [101.006215817, 22.699594604, 0.0],
              [101.006237217, 22.699041504, 0.0],
              [101.00626495, 22.698090704, 0.0],
              [101.00627595, 22.697530904, 0.0],
              [101.006282021, 22.695950383, 0.0],
              [101.006275421, 22.695398783, 0.0],
              [101.006261247, 22.694664728, 0.0],
              [101.006246147, 22.694098228, 0.0],
              [101.006169547, 22.692360253, 0.0],
              [101.006136947, 22.691830353, 0.0],
              [101.006074816, 22.690947895, 0.0],
              [101.006030716, 22.690391795, 0.0],
              [101.005894299, 22.688940401, 0.0],
              [101.005833199, 22.688378401, 0.0],
              [101.005693504, 22.687219538, 0.0],
              [101.005618404, 22.686652338, 0.0],
              [101.00549603, 22.685786367, 0.0],
              [101.00544113, 22.685420967, 0.0],
              [101.005272552, 22.684374568, 0.0],
              [101.005194552, 22.683921068, 0.0],
              [101.005056762, 22.683155626, 0.0],
              [101.004972062, 22.682705226, 0.0],
              [101.004668303, 22.681215096, 0.0],
              [101.004575903, 22.680794596, 0.0],
              [101.004521546, 22.680550149, 0.0],
              [101.004420546, 22.680101249, 0.0],
              [101.004153278, 22.678974459, 0.0],
              [101.004072378, 22.678650159, 0.0],
              [101.00399713, 22.678352412, 0.0],
              [101.00371743, 22.677259812, 0.0],
              [101.003207375, 22.675267507, 0.0],
              [101.000947525, 22.666440102, 0.0],
              [101.000697261, 22.66546264, 0.0],
              [101.000365843, 22.664167869, 0.0],
              [100.99999117, 22.662680987, 0.0],
              [100.999763422, 22.66159462, 0.0],
              [100.997250206, 22.649605028, 0.0],
              [100.989595796, 22.613076026, 0.0],
              [100.989618798, 22.610863358, 0.0],
              [100.989621423, 22.610255636, 0.0],
              [100.989620392, 22.60966985, 0.0],
              [100.989661906, 22.589837918, 0.0],
              [100.989666655, 22.588559674, 0.0],
              [100.989881168, 22.52966331, 0.0],
              [100.989849323, 22.527687704, 0.0],
              [100.989544547, 22.519196471, 0.0],
              [100.989441771, 22.516330937, 0.0],
              [100.989394888, 22.515026432, 0.0],
              [100.988934937, 22.502209346, 0.0],
              [100.988820935, 22.499002528, 0.0],
              [100.988787138, 22.498223131, 0.0],
              [100.988752938, 22.497554931, 0.0],
              [100.988689143, 22.496519178, 0.0],
              [100.988647143, 22.495935978, 0.0],
              [100.988584103, 22.49514769, 0.0],
              [100.988531703, 22.49455179, 0.0],
              [100.988452447, 22.493728561, 0.0],
              [100.988392547, 22.493156061, 0.0],
              [100.988282918, 22.492197691, 0.0],
              [100.988205818, 22.491576791, 0.0],
              [100.988087769, 22.490690936, 0.0],
              [100.988004869, 22.490108636, 0.0],
              [100.987867691, 22.489204424, 0.0],
              [100.987771591, 22.488607824, 0.0],
              [100.987616066, 22.487696095, 0.0],
              [100.987514066, 22.487129795, 0.0],
              [100.987381256, 22.486421718, 0.0],
              [100.987269756, 22.485850018, 0.0],
              [100.987091274, 22.48497641, 0.0],
              [100.986978274, 22.48444741, 0.0],
              [100.986789431, 22.483599483, 0.0],
              [100.986662031, 22.483049983, 0.0],
              [100.986441515, 22.482137848, 0.0],
              [100.986305615, 22.481597948, 0.0],
              [100.986194926, 22.481166339, 0.0],
              [100.986091826, 22.480771639, 0.0],
              [100.985844039, 22.479858455, 0.0],
              [100.985718139, 22.479411255, 0.0],
              [100.985570908, 22.478898777, 0.0],
              [100.968885483, 22.421966322, 0.0],
              [100.968502891, 22.420529891, 0.0],
              [100.968269281, 22.419491317, 0.0],
              [100.967679602, 22.416427792, 0.0],
              [100.967457358, 22.41520942, 0.0],
              [100.967358962, 22.414685816, 0.0],
              [100.966928862, 22.412462416, 0.0],
              [100.966820691, 22.411903248, 0.0],
              [100.96672337, 22.411413306, 0.0],
              [100.96660537, 22.410834406, 0.0],
              [100.966454571, 22.410121199, 0.0],
              [100.966322671, 22.409519099, 0.0],
              [100.966177801, 22.408877984, 0.0],
              [100.966041401, 22.408292284, 0.0],
              [100.965899093, 22.407697697, 0.0],
              [100.965759693, 22.407130597, 0.0],
              [100.965585885, 22.406444505, 0.0],
              [100.965414985, 22.405789405, 0.0],
              [100.965193285, 22.404968234, 0.0],
              [100.964971685, 22.404174334, 0.0],
              [100.964721547, 22.403308414, 0.0],
              [100.964458547, 22.402427814, 0.0],
              [100.964232323, 22.401691104, 0.0],
              [100.964074023, 22.401189404, 0.0],
              [100.963897423, 22.400640747, 0.0],
              [100.963748923, 22.400188347, 0.0],
              [100.963562758, 22.399632227, 0.0],
              [100.963352658, 22.399016627, 0.0],
              [100.963116603, 22.398340843, 0.0],
              [100.962890003, 22.397706743, 0.0],
              [100.962653572, 22.397059254, 0.0],
              [100.962420272, 22.396433754, 0.0],
              [100.962175869, 22.395791979, 0.0],
              [100.961972069, 22.395267679, 0.0],
              [100.961750239, 22.394707028, 0.0],
              [100.961544039, 22.394194928, 0.0],
              [100.961315629, 22.393637389, 0.0],
              [100.961091929, 22.393100589, 0.0],
              [100.960846581, 22.392522107, 0.0],
              [100.960598781, 22.391947907, 0.0],
              [100.9603494, 22.391379759, 0.0],
              [100.9601135, 22.390851259, 0.0],
              [100.959675191, 22.389896375, 0.0],
              [100.959490169, 22.389504213, 0.0],
              [100.958529823, 22.387412971, 0.0],
              [100.958443623, 22.384243112, 0.0],
              [100.958420471, 22.383562411, 0.0],
              [100.958350371, 22.381845611, 0.0],
              [100.958191327, 22.379410347, 0.0],
              [100.958022527, 22.377531947, 0.0],
              [100.957933845, 22.376635713, 0.0],
              [100.957684545, 22.374328513, 0.0],
              [100.957441484, 22.372422669, 0.0],
              [100.956951161, 22.369089658, 0.0],
              [100.956252841, 22.364207004, 0.0],
              [100.956212798, 22.363932456, 0.0],
              [100.956206269, 22.363888545, 0.0],
              [100.956158797, 22.363490608, 0.0],
              [100.956087597, 22.362935308, 0.0],
              [100.95597018, 22.362078383, 0.0],
              [100.95587668, 22.361437283, 0.0],
              [100.955692748, 22.360272473, 0.0],
              [100.955568448, 22.359541373, 0.0],
              [100.955414028, 22.358678921, 0.0],
              [100.955291328, 22.358026621, 0.0],
              [100.955106956, 22.357095224, 0.0],
              [100.954977556, 22.356472624, 0.0],
              [100.954782674, 22.355576307, 0.0],
              [100.954656774, 22.355021807, 0.0],
              [100.954434914, 22.354086413, 0.0],
              [100.954277914, 22.353451713, 0.0],
              [100.954021588, 22.352459226, 0.0],
              [100.953859888, 22.351858626, 0.0],
              [100.953616352, 22.350985658, 0.0],
              [100.953424552, 22.350321458, 0.0],
              [100.953207943, 22.349592206, 0.0],
              [100.953060043, 22.349107806, 0.0],
              [100.952806469, 22.348301756, 0.0],
              [100.952651969, 22.347824756, 0.0],
              [100.95236923, 22.346977712, 0.0],
              [100.95216243, 22.346376112, 0.0],
              [100.951883802, 22.345587097, 0.0],
              [100.951685402, 22.345039897, 0.0],
              [100.951401997, 22.344277649, 0.0],
              [100.951185997, 22.343710849, 0.0],
              [100.950819612, 22.342777653, 0.0],
              [100.950582612, 22.342191353, 0.0],
              [100.950247066, 22.341381759, 0.0],
              [100.950007666, 22.340818159, 0.0],
              [100.949714501, 22.34014188, 0.0],
              [100.949548601, 22.33976678, 0.0],
              [100.949286136, 22.339183462, 0.0],
              [100.949063436, 22.338696862, 0.0],
              [100.94862293, 22.337760105, 0.0],
              [100.94838643, 22.337270405, 0.0],
              [100.948139166, 22.336765681, 0.0],
              [100.947867766, 22.336219481, 0.0],
              [100.947518221, 22.335529456, 0.0],
              [100.947251021, 22.335011956, 0.0],
              [100.946745151, 22.334057642, 0.0],
              [100.946458951, 22.333531542, 0.0],
              [100.946126115, 22.332929615, 0.0],
              [100.945830015, 22.332402715, 0.0],
              [100.945372606, 22.331605998, 0.0],
              [100.945076006, 22.331100198, 0.0],
              [100.944987173, 22.330949315, 0.0],
              [100.944227854, 22.329664757, 0.0],
              [100.943128411, 22.326903558, 0.0],
              [100.942855812, 22.326199969, 0.0],
              [100.942794874, 22.326043468, 0.0],
              [100.941961974, 22.323914968, 0.0],
              [100.94191472, 22.323794667, 0.0],
              [100.940330984, 22.319778012, 0.0],
              [100.94027012, 22.319081627, 0.0],
              [100.938635469, 22.297112003, 0.0],
              [100.938472599, 22.294923048, 0.0],
              [100.942273255, 22.28667843, 0.0],
              [100.942796906, 22.285542822, 0.0],
              [100.943769972, 22.283432579, 0.0],
              [100.944103874, 22.282707767, 0.0],
              [100.944463097, 22.281909675, 0.0],
              [100.944757597, 22.281239775, 0.0],
              [100.945393796, 22.279725584, 0.0],
              [100.945551896, 22.279331284, 0.0],
              [100.945654059, 22.279074437, 0.0],
              [100.945842659, 22.278596437, 0.0],
              [100.946440679, 22.277001743, 0.0],
              [100.946609779, 22.276526343, 0.0],
              [100.946861952, 22.275799745, 0.0],
              [100.947024652, 22.275319045, 0.0],
              [100.947452649, 22.273994048, 0.0],
              [100.947610349, 22.273481548, 0.0],
              [100.94773243, 22.273078782, 0.0],
              [100.94787733, 22.272593382, 0.0],
              [100.948404848, 22.270689848, 0.0],
              [100.948524948, 22.270220648, 0.0],
              [100.948653699, 22.269717323, 0.0],
              [100.949170782, 22.267483795, 0.0],
              [100.949275392, 22.266979597, 0.0],
              [100.949380301, 22.266474099, 0.0],
              [100.949759559, 22.264434962, 0.0],
              [100.949855559, 22.263851762, 0.0],
              [100.950009369, 22.262854702, 0.0],
              [100.950086469, 22.262319102, 0.0],
              [100.950214884, 22.261361514, 0.0],
              [100.950281684, 22.260824014, 0.0],
              [100.950441446, 22.259363469, 0.0],
              [100.950489746, 22.258852569, 0.0],
              [100.950540618, 22.258279263, 0.0],
              [100.950584218, 22.257753563, 0.0],
              [100.950702719, 22.255913354, 0.0],
              [100.950727219, 22.255379554, 0.0],
              [100.950761145, 22.254452814, 0.0],
              [100.950775545, 22.253925814, 0.0],
              [100.950791518, 22.253077972, 0.0],
              [100.950797218, 22.252527672, 0.0],
              [100.950783703, 22.250737215, 0.0],
              [100.950770003, 22.250199115, 0.0],
              [100.950739337, 22.24930742, 0.0],
              [100.950717037, 22.24879272, 0.0],
              [100.950661725, 22.247762145, 0.0],
              [100.950628725, 22.247246745, 0.0],
              [100.950518186, 22.245834418, 0.0],
              [100.950468586, 22.245298418, 0.0],
              [100.950402672, 22.244634433, 0.0],
              [100.949386972, 22.235053633, 0.0],
              [100.949370379, 22.234899405, 0.0],
              [100.949325179, 22.234485305, 0.0],
              [100.949207784, 22.233500444, 0.0],
              [100.949146884, 22.233029344, 0.0],
              [100.949084386, 22.232563145, 0.0],
              [100.949017586, 22.232082045, 0.0],
              [100.948792321, 22.230618994, 0.0],
              [100.948730121, 22.230251294, 0.0],
              [100.948667415, 22.229880684, 0.0],
              [100.948554932, 22.229241157, 0.0],
              [100.948455532, 22.228696757, 0.0],
              [100.948263631, 22.227702793, 0.0],
              [100.948149031, 22.227139893, 0.0],
              [100.947847003, 22.225756832, 0.0],
              [100.947717803, 22.225202932, 0.0],
              [100.947524963, 22.224405804, 0.0],
              [100.947383063, 22.223839604, 0.0],
              [100.947282606, 22.223445571, 0.0],
              [100.947140806, 22.222898671, 0.0],
              [100.9468114, 22.22169067, 0.0],
              [100.9466728, 22.22120637, 0.0],
              [100.946427228, 22.220375563, 0.0],
              [100.946273128, 22.219870363, 0.0],
              [100.945845802, 22.218536651, 0.0],
              [100.945681102, 22.218046351, 0.0],
              [100.945634857, 22.217909338, 0.0],
              [100.945486857, 22.217472938, 0.0],
              [100.945263757, 22.216829534, 0.0],
              [100.945080357, 22.216312034, 0.0],
              [100.944791028, 22.215517061, 0.0],
              [100.905869976, 22.111326913, 0.0],
              [100.905503143, 22.110313314, 0.0],
              [100.905072035, 22.108969675, 0.0],
              [100.904871411, 22.108357953, 0.0],
              [100.902993311, 22.102753553, 0.0],
              [100.902295998, 22.100672909, 0.0],
              [100.900805004, 22.096152749, 0.0],
              [100.899682373, 22.092686338, 0.0],
              [100.899200226, 22.091197419, 0.0],
              [100.899100698, 22.090893389, 0.0],
              [100.896322598, 22.082497989, 0.0],
              [100.895959844, 22.081441469, 0.0],
              [100.895745744, 22.080839869, 0.0],
              [100.895411667, 22.079929208, 0.0],
              [100.895178467, 22.079312108, 0.0],
              [100.894773525, 22.078275573, 0.0],
              [100.894528125, 22.077667473, 0.0],
              [100.894096424, 22.076631385, 0.0],
              [100.893846824, 22.076050785, 0.0],
              [100.893534388, 22.075339308, 0.0],
              [100.893297388, 22.074810808, 0.0],
              [100.892759876, 22.073652055, 0.0],
              [100.892457176, 22.073020755, 0.0],
              [100.892013163, 22.072118141, 0.0],
              [100.891703163, 22.071503641, 0.0],
              [100.891223826, 22.070577612, 0.0],
              [100.890917326, 22.070000312, 0.0],
              [100.890367046, 22.068991986, 0.0],
              [100.890048546, 22.068423986, 0.0],
              [100.889520051, 22.067504487, 0.0],
              [100.889199951, 22.066960987, 0.0],
              [100.888719266, 22.066161962, 0.0],
              [100.888428366, 22.065688462, 0.0],
              [100.887881846, 22.064819033, 0.0],
              [100.887539246, 22.064286233, 0.0],
              [100.886997181, 22.063461249, 0.0],
              [100.886638781, 22.062927349, 0.0],
              [100.886201941, 22.06228737, 0.0],
              [100.885859241, 22.06179357, 0.0],
              [100.885185559, 22.060846546, 0.0],
              [100.884790359, 22.060304446, 0.0],
              [100.884136332, 22.059427621, 0.0],
              [100.883790432, 22.058974321, 0.0],
              [100.883359599, 22.058417881, 0.0],
              [100.883014099, 22.057978081, 0.0],
              [100.882456545, 22.057281243, 0.0],
              [100.882139645, 22.056892343, 0.0],
              [100.88164947, 22.056300154, 0.0],
              [100.88134057, 22.055932754, 0.0],
              [100.880757104, 22.055251297, 0.0],
              [100.880436604, 22.054883697, 0.0],
              [100.880102355, 22.054504219, 0.0],
              [100.879756655, 22.054115719, 0.0],
              [100.878877386, 22.053153158, 0.0],
              [100.878574986, 22.052830658, 0.0],
              [100.878370443, 22.052613819, 0.0],
              [100.878043343, 22.052269119, 0.0],
              [100.877716763, 22.051928205, 0.0],
              [100.877370463, 22.051570105, 0.0],
              [100.87669377, 22.050883718, 0.0],
              [100.87633677, 22.050528518, 0.0],
              [100.875809117, 22.050011228, 0.0],
              [100.875438817, 22.049653528, 0.0],
              [100.874377878, 22.048658115, 0.0],
              [100.873990278, 22.048304915, 0.0],
              [100.873660685, 22.048004607, 0.0],
              [100.873316142, 22.047693594, 0.0],
              [100.872968942, 22.047383094, 0.0],
              [100.87238614, 22.046869984, 0.0],
              [100.819298577, 22.000857533, 0.0],
              [100.819448941, 22.00071431, 0.0],
              [100.819745441, 22.00042801, 0.0],
              [100.82027645, 21.999907583, 0.0],
              [100.82065775, 21.999528283, 0.0],
              [100.821216205, 21.998963865, 0.0],
              [100.821569905, 21.998600665, 0.0],
              [100.822100154, 21.998047763, 0.0],
              [100.822421354, 21.997707663, 0.0],
              [100.822994675, 21.997090268, 0.0],
              [100.823410475, 21.996634868, 0.0],
              [100.82402893, 21.995944777, 0.0],
              [100.82440963, 21.995511977, 0.0],
              [100.824958087, 21.994877818, 0.0],
              [100.825276187, 21.994503718, 0.0],
              [100.825775487, 21.993907177, 0.0],
              [100.826095387, 21.993518877, 0.0],
              [100.826620239, 21.992870866, 0.0],
              [100.826957839, 21.992446866, 0.0],
              [100.827483298, 21.991775256, 0.0],
              [100.827813698, 21.991345456, 0.0],
              [100.828336594, 21.990652892, 0.0],
              [100.828660694, 21.990215792, 0.0],
              [100.829156722, 21.989534905, 0.0],
              [100.829456022, 21.989116705, 0.0],
              [100.829923252, 21.988452532, 0.0],
              [100.830206452, 21.988042932, 0.0],
              [100.830676288, 21.987351097, 0.0],
              [100.830974488, 21.986903997, 0.0],
              [100.831425817, 21.986215083, 0.0],
              [100.831694317, 21.985797783, 0.0],
              [100.832109931, 21.985140668, 0.0],
              [100.832348831, 21.984756368, 0.0],
              [100.832775837, 21.984056752, 0.0],
              [100.860599566, 21.937618021, 0.0],
              [100.87804364, 21.92836469, 0.0],
              [100.878705284, 21.928007315, 0.0],
              [100.879185384, 21.927743315, 0.0],
              [100.880051457, 21.927255801, 0.0],
              [100.880458357, 21.927021401, 0.0],
              [100.88115209, 21.9266143, 0.0],
              [100.88149859, 21.9264072, 0.0],
              [100.882168078, 21.925999899, 0.0],
              [100.882609478, 21.925726599, 0.0],
              [100.88347488, 21.925178429, 0.0],
              [100.88391308, 21.924894529, 0.0],
              [100.884751474, 21.924339303, 0.0],
              [100.885181874, 21.924048003, 0.0],
              [100.885852094, 21.923586393, 0.0],
              [100.886222094, 21.923327093, 0.0],
              [100.886399194, 21.923202407, 0.0],
              [100.88693124, 21.922826096, 0.0],
              [100.897868201, 21.918412824, 0.0],
              [100.908606974, 21.918876381, 0.0],
              [100.915981566, 21.919194689, 0.0],
              [100.916050375, 21.919197612, 0.0],
              [100.923769412, 21.919520136, 0.0],
              [100.925126264, 21.919837501, 0.0],
              [100.925641513, 21.919946104, 0.0],
              [100.928568718, 21.920613672, 0.0],
              [100.928843104, 21.920675437, 0.0],
              [100.939834504, 21.923117137, 0.0],
              [100.941122163, 21.923402542, 0.0],
              [100.94142358, 21.923468374, 0.0],
              [100.94888208, 21.925073274, 0.0],
              [100.948982145, 21.925094698, 0.0],
              [100.949571245, 21.925220198, 0.0],
              [100.950609382, 21.925429891, 0.0],
              [100.951221982, 21.925546891, 0.0],
              [100.952288904, 21.925738698, 0.0],
              [100.952890304, 21.925840098, 0.0],
              [100.953949391, 21.92600701, 0.0],
              [100.954559091, 21.92609641, 0.0],
              [100.955678362, 21.926247635, 0.0],
              [100.956324662, 21.926327535, 0.0],
              [100.957419098, 21.926450615, 0.0],
              [100.958025098, 21.926512015, 0.0],
              [100.959157623, 21.926613767, 0.0],
              [100.959827323, 21.926666267, 0.0],
              [100.9609826, 21.926743385, 0.0],
              [100.9616247, 21.926778785, 0.0],
              [100.962709971, 21.926826799, 0.0],
              [100.963309471, 21.926846799, 0.0],
              [100.964337048, 21.92687051, 0.0],
              [100.964923348, 21.92687801, 0.0],
              [100.965975081, 21.926880401, 0.0],
              [100.966617981, 21.926875101, 0.0],
              [100.967782202, 21.926851943, 0.0],
              [100.968409902, 21.926832143, 0.0],
              [100.969417857, 21.926790166, 0.0],
              [100.970007157, 21.926759666, 0.0],
              [100.971063191, 21.926693799, 0.0],
              [100.971639891, 21.926651699, 0.0],
              [100.972685347, 21.926564344, 0.0],
              [100.973291947, 21.926507244, 0.0],
              [100.97426591, 21.926405933, 0.0],
              [100.97484171, 21.926340333, 0.0],
              [100.975950708, 21.926201414, 0.0],
              [100.976572808, 21.926116414, 0.0],
              [100.977644529, 21.925958135, 0.0],
              [100.978248529, 21.925862235, 0.0],
              [100.979363649, 21.925672226, 0.0],
              [100.979934349, 21.925568326, 0.0],
              [100.980354084, 21.925490057, 0.0],
              [100.988181484, 21.923995857, 0.0],
              [100.988416634, 21.923950384, 0.0],
              [100.988798534, 21.923875584, 0.0],
              [100.989338397, 21.923766755, 0.0],
              [100.989797097, 21.923671655, 0.0],
              [100.990564489, 21.923506262, 0.0],
              [100.991195089, 21.923365162, 0.0],
              [100.992037287, 21.923169053, 0.0],
              [100.992648887, 21.923021053, 0.0],
              [100.993527494, 21.922799995, 0.0],
              [100.994202694, 21.922623595, 0.0],
              [100.995125981, 21.922372921, 0.0],
              [100.995732081, 21.922202121, 0.0],
              [100.996584521, 21.921953711, 0.0],
              [100.997220921, 21.921762111, 0.0],
              [100.998082448, 21.921494232, 0.0],
              [100.998683648, 21.921301332, 0.0],
              [100.999594509, 21.920999404, 0.0],
              [101.000217609, 21.920786204, 0.0],
              [101.0009568, 21.920526796, 0.0],
              [101.0015522, 21.920312596, 0.0],
              [101.002413009, 21.919993959, 0.0],
              [101.002919009, 21.919801359, 0.0],
              [101.003641461, 21.919519938, 0.0],
              [101.004265061, 21.919271438, 0.0],
              [101.005271641, 21.918857573, 0.0],
              [101.005965841, 21.918563273, 0.0],
              [101.006914122, 21.918149632, 0.0],
              [101.007614122, 21.917835632, 0.0],
              [101.008549122, 21.9174046, 0.0],
              [101.009172722, 21.9171093, 0.0],
              [101.010069281, 21.91667375, 0.0],
              [101.010674481, 21.91637225, 0.0],
              [101.011514735, 21.91594371, 0.0],
              [101.012097735, 21.91563941, 0.0],
              [101.012981282, 21.915166914, 0.0],
              [101.013597282, 21.914829514, 0.0],
              [101.014428631, 21.914363808, 0.0],
              [101.015036731, 21.914015508, 0.0],
              [101.015941344, 21.913484698, 0.0],
              [101.016518744, 21.913137698, 0.0],
              [101.01734983, 21.91262714, 0.0],
              [101.01792163, 21.91226814, 0.0],
              [101.018731896, 21.911748481, 0.0],
              [101.019278296, 21.911390581, 0.0],
              [101.020089027, 21.910848166, 0.0],
              [101.020548535, 21.910534203, 0.0],
              [101.020977047, 21.910243754, 0.0],
              [101.021139309, 21.910133306, 0.0],
              [101.022261413, 21.909366289, 0.0],
              [101.030046604, 21.905665478, 0.0],
              [101.030614782, 21.905390977, 0.0],
              [101.030934582, 21.905233977, 0.0],
              [101.031574129, 21.904914308, 0.0],
              [101.032000029, 21.904697608, 0.0],
              [101.032792855, 21.904285253, 0.0],
              [101.033206955, 21.904065153, 0.0],
              [101.033930145, 21.903673104, 0.0],
              [101.034329745, 21.903452204, 0.0],
              [101.035145442, 21.902991255, 0.0],
              [101.035597542, 21.902730155, 0.0],
              [101.03621806, 21.902365809, 0.0],
              [101.03647456, 21.902212709, 0.0],
              [101.037002508, 21.901893151, 0.0],
              [101.038662655, 21.900874242, 0.0],
              [101.038880407, 21.900826887, 0.0],
              [101.03997284, 21.900576457, 0.0],
              [101.04053824, 21.900440157, 0.0],
              [101.041475429, 21.900204625, 0.0],
              [101.042045729, 21.900055425, 0.0],
              [101.043042146, 21.89978372, 0.0],
              [101.043559746, 21.89963682, 0.0],
              [101.044491888, 21.899362454, 0.0],
              [101.045001188, 21.899207154, 0.0],
              [101.0458824, 21.898929523, 0.0],
              [101.0463891, 21.898764723, 0.0],
              [101.047292216, 21.898461449, 0.0],
              [101.047767616, 21.898296749, 0.0],
              [101.048636527, 21.897986711, 0.0],
              [101.049125027, 21.897807311, 0.0],
              [101.050023081, 21.897467683, 0.0],
              [101.050509981, 21.897278183, 0.0],
              [101.051287001, 21.89696826, 0.0],
              [101.051750301, 21.89677896, 0.0],
              [101.052667464, 21.896393524, 0.0],
              [101.053146164, 21.896186724, 0.0],
              [101.053943849, 21.895833833, 0.0],
              [101.054392549, 21.895630633, 0.0],
              [101.055265275, 21.895225242, 0.0],
              [101.055720275, 21.895008542, 0.0],
              [101.056526414, 21.8946157, 0.0],
              [101.056980814, 21.8943892, 0.0],
              [101.057882148, 21.893928472, 0.0],
              [101.058340548, 21.893688272, 0.0],
              [101.059095756, 21.893284264, 0.0],
              [101.059554156, 21.893033964, 0.0],
              [101.060421732, 21.892548987, 0.0],
              [101.060854332, 21.892301487, 0.0],
              [101.061529094, 21.891908415, 0.0],
              [101.06836534, 21.88785424, 0.0],
              [101.071172199, 21.886189843, 0.0],
              [101.091014244, 21.878791538, 0.0],
              [101.091359145, 21.878662875, 0.0],
              [101.09201645, 21.878417729, 0.0],
              [101.092953817, 21.878068189, 0.0],
              [101.101781481, 21.874776061, 0.0],
              [101.111822311, 21.877064444, 0.0],
              [101.112749066, 21.877266431, 0.0],
              [101.114399266, 21.877609731, 0.0],
              [101.115595601, 21.877843435, 0.0],
              [101.117261501, 21.878147835, 0.0],
              [101.11836522, 21.878336764, 0.0],
              [101.12004242, 21.878604564, 0.0],
              [101.121148637, 21.87876853, 0.0],
              [101.122963537, 21.87901683, 0.0],
              [101.124337447, 21.879185459, 0.0],
              [101.126135847, 21.879380959, 0.0],
              [101.127281468, 21.87949217, 0.0],
              [101.129041168, 21.87964257, 0.0],
              [101.130194224, 21.879727704, 0.0],
              [101.131920424, 21.879835104, 0.0],
              [101.133097103, 21.879894407, 0.0],
              [101.134828003, 21.879961207, 0.0],
              [101.136088612, 21.879993943, 0.0],
              [101.137923412, 21.880018443, 0.0],
              [101.139204117, 21.880019141, 0.0],
              [101.141226417, 21.879994341, 0.0],
              [101.142618679, 21.879957868, 0.0],
              [101.144591779, 21.879878668, 0.0],
              [101.145891949, 21.879809514, 0.0],
              [101.147807249, 21.879682614, 0.0],
              [101.149046519, 21.879585018, 0.0],
              [101.150764419, 21.879428218, 0.0],
              [101.151951797, 21.879305532, 0.0],
              [101.153662297, 21.879108132, 0.0],
              [101.15478481, 21.878965701, 0.0],
              [101.15648711, 21.878730101, 0.0],
              [101.157662908, 21.878553096, 0.0],
              [101.159268708, 21.878291796, 0.0],
              [101.160352057, 21.87810326, 0.0],
              [101.162019957, 21.87779406, 0.0],
              [101.163202667, 21.877560022, 0.0],
              [101.164823067, 21.877219022, 0.0],
              [101.165876639, 21.876985406, 0.0],
              [101.167518939, 21.876602606, 0.0],
              [101.168690982, 21.876314459, 0.0],
              [101.170362882, 21.875881959, 0.0],
              [101.171473435, 21.875580998, 0.0],
              [101.173011235, 21.875145198, 0.0],
              [101.174047134, 21.874839508, 0.0],
              [101.175507334, 21.874391408, 0.0],
              [101.176484606, 21.874080505, 0.0],
              [101.177819806, 21.873640605, 0.0],
              [101.178731956, 21.873330311, 0.0],
              [101.179996756, 21.872886411, 0.0],
              [101.180858763, 21.872574974, 0.0],
              [101.182097163, 21.872114674, 0.0],
              [101.183047875, 21.871750245, 0.0],
              [101.184485175, 21.871182445, 0.0],
              [101.185246547, 21.870874415, 0.0],
              [101.185975247, 21.870572615, 0.0],
              [101.186467978, 21.870365452, 0.0],
              [101.187155278, 21.870072152, 0.0],
              [101.187694008, 21.869838504, 0.0],
              [101.188538808, 21.869466204, 0.0],
              [101.189067532, 21.869229531, 0.0],
              [101.189695332, 21.868944131, 0.0],
              [101.19027724, 21.868675079, 0.0],
              [101.19129624, 21.868195979, 0.0],
              [101.192042678, 21.867837451, 0.0],
              [101.193116778, 21.867310551, 0.0],
              [101.193873303, 21.866931462, 0.0],
              [101.194930903, 21.866390262, 0.0],
              [101.195761507, 21.865955347, 0.0],
              [101.196998207, 21.865292947, 0.0],
              [101.197872385, 21.864813443, 0.0],
              [101.199091485, 21.864128843, 0.0],
              [101.199937275, 21.863642968, 0.0],
              [101.201056575, 21.862985368, 0.0],
              [101.201843825, 21.862513076, 0.0],
              [101.202914225, 21.861857476, 0.0],
              [101.203698158, 21.861367307, 0.0],
              [101.204784958, 21.860673707, 0.0],
              [101.205612823, 21.860133772, 0.0],
              [101.206785723, 21.859352172, 0.0],
              [101.20763699, 21.858772151, 0.0],
              [101.20878249, 21.857974251, 0.0],
              [101.209568388, 21.857415501, 0.0],
              [101.210545388, 21.856706601, 0.0],
              [101.211223554, 21.85620575, 0.0],
              [101.212118254, 21.85553325, 0.0],
              [101.212888236, 21.854942715, 0.0],
              [101.214054536, 21.854030115, 0.0],
              [101.21483534, 21.853406476, 0.0],
              [101.21574504, 21.852664876, 0.0],
              [101.21646236, 21.852068885, 0.0],
              [101.21746396, 21.851220785, 0.0],
              [101.218195693, 21.850588947, 0.0],
              [101.219161393, 21.849738647, 0.0],
              [101.219894315, 21.849080377, 0.0],
              [101.220868115, 21.848188277, 0.0],
              [101.22158703, 21.847516549, 0.0],
              [101.22250123, 21.846645349, 0.0],
              [101.223200548, 21.845965789, 0.0],
              [101.224133348, 21.845041489, 0.0],
              [101.225105859, 21.844050707, 0.0],
              [101.225882859, 21.843236807, 0.0],
              [101.226391491, 21.842696038, 0.0],
              [101.227135891, 21.841892738, 0.0],
              [101.227371236, 21.841636994, 0.0],
              [101.228653536, 21.840233794, 0.0],
              [101.229783725, 21.838953825, 0.0],
              [101.230689825, 21.837891625, 0.0],
              [101.231414316, 21.837022597, 0.0],
              [101.232306716, 21.835927197, 0.0],
              [101.23298518, 21.835075629, 0.0],
              [101.23383858, 21.833980229, 0.0],
              [101.234489572, 21.833125862, 0.0],
              [101.235325072, 21.832004562, 0.0],
              [101.235984808, 21.831098114, 0.0],
              [101.236768408, 21.829995714, 0.0],
              [101.237385364, 21.82910757, 0.0],
              [101.238165842, 21.827957686, 0.0],
              [101.309611557, 21.788032592, 0.0],
              [101.310016661, 21.787803733, 0.0],
              [101.311974661, 21.786685533, 0.0],
              [101.312975335, 21.786098556, 0.0],
              [101.314955635, 21.784905856, 0.0],
              [101.315764179, 21.784408363, 0.0],
              [101.317830979, 21.783109463, 0.0],
              [101.319136263, 21.78226051, 0.0],
              [101.32108115, 21.780952021, 0.0],
              [101.322584636, 21.779940532, 0.0],
              [101.322890902, 21.779732837, 0.0],
              [101.323894242, 21.779046987, 0.0],
              [101.324423286, 21.778699728, 0.0],
              [101.324897079, 21.778384865, 0.0],
              [101.325544679, 21.777949165, 0.0],
              [101.326468624, 21.777327536, 0.0],
              [101.329522291, 21.775273128, 0.0],
              [101.330849044, 21.77438014, 0.0],
              [101.331416828, 21.773992285, 0.0],
              [101.331981428, 21.773600885, 0.0],
              [101.332984031, 21.772887421, 0.0],
              [101.333507231, 21.772505321, 0.0],
              [101.334624424, 21.771665226, 0.0],
              [101.335229524, 21.771196826, 0.0],
              [101.33625896, 21.770378074, 0.0],
              [101.33677766, 21.769954274, 0.0],
              [101.337730932, 21.769155435, 0.0],
              [101.338162632, 21.768784435, 0.0],
              [101.338951151, 21.768092272, 0.0],
              [101.339365851, 21.767720472, 0.0],
              [101.340172208, 21.766981463, 0.0],
              [101.340569408, 21.766609363, 0.0],
              [101.341311439, 21.765899779, 0.0],
              [101.341675839, 21.765544079, 0.0],
              [101.342425188, 21.764796974, 0.0],
              [101.342861588, 21.764352574, 0.0],
              [101.343778501, 21.763393732, 0.0],
              [101.344218301, 21.762921432, 0.0],
              [101.344930701, 21.762139978, 0.0],
              [101.345225301, 21.761809878, 0.0],
              [101.345759769, 21.761201151, 0.0],
              [101.346037469, 21.760879651, 0.0],
              [101.346690979, 21.76010741, 0.0],
              [101.346996479, 21.75973891, 0.0],
              [101.353104953, 21.752363279, 0.0],
              [101.372974458, 21.740014396, 0.0],
              [101.373657367, 21.739582279, 0.0],
              [101.374087867, 21.739304979, 0.0],
              [101.374765026, 21.738860999, 0.0],
              [101.375244426, 21.738541099, 0.0],
              [101.375932707, 21.73807349, 0.0],
              [101.376389607, 21.73775749, 0.0],
              [101.376995415, 21.737331837, 0.0],
              [101.377411815, 21.737034637, 0.0],
              [101.378061144, 21.736563278, 0.0],
              [101.378482144, 21.736252478, 0.0],
              [101.379145651, 21.735754089, 0.0],
              [101.379615551, 21.735394989, 0.0],
              [101.380268785, 21.734887168, 0.0],
              [101.380707985, 21.734539868, 0.0],
              [101.381412154, 21.733972618, 0.0],
              [101.381878654, 21.733589818, 0.0],
              [101.382619757, 21.732969604, 0.0],
              [101.383149257, 21.732517704, 0.0],
              [101.383902916, 21.731861366, 0.0],
              [101.384399316, 21.731420266, 0.0],
              [101.385156043, 21.730733877, 0.0],
              [101.385625343, 21.730299377, 0.0],
              [101.386339288, 21.729625233, 0.0],
              [101.386831188, 21.729151533, 0.0],
              [101.387244345, 21.728749044, 0.0],
              [101.387712845, 21.728287344, 0.0],
              [101.389149513, 21.72681199, 0.0],
              [101.389882113, 21.72602799, 0.0],
              [101.390262979, 21.725615788, 0.0],
              [101.390777079, 21.725053088, 0.0],
              [101.393101563, 21.722505452, 0.0],
              [101.394139171, 21.721367483, 0.0],
              [101.3945031, 21.72096397, 0.0],
              [101.3950008, 21.72040607, 0.0],
              [101.395658033, 21.719654364, 0.0],
              [101.395998033, 21.719257564, 0.0],
              [101.396516124, 21.718642992, 0.0],
              [101.396880624, 21.718203492, 0.0],
              [101.39743774, 21.717519552, 0.0],
              [101.39778254, 21.717088552, 0.0],
              [101.398353272, 21.716361461, 0.0],
              [101.398713072, 21.715894261, 0.0],
              [101.399306869, 21.715107286, 0.0],
              [101.399675569, 21.714608486, 0.0],
              [101.400252649, 21.713811489, 0.0],
              [101.400656949, 21.713241389, 0.0],
              [101.401243914, 21.712395386, 0.0],
              [101.401585214, 21.711892486, 0.0],
              [101.402182672, 21.710991324, 0.0],
              [101.402545872, 21.710430424, 0.0],
              [101.403022724, 21.709679448, 0.0],
              [101.403310224, 21.709217648, 0.0],
              [101.403847745, 21.708334008, 0.0],
              [101.404178845, 21.707776808, 0.0],
              [101.404682944, 21.706908747, 0.0],
              [101.405004644, 21.706341747, 0.0],
              [101.405532674, 21.705386964, 0.0],
              [101.405834174, 21.704827464, 0.0],
              [101.406277097, 21.703986478, 0.0],
              [101.406523997, 21.703506678, 0.0],
              [101.406918937, 21.702722338, 0.0],
              [101.407174237, 21.702204038, 0.0],
              [101.407592337, 21.701334147, 0.0],
              [101.407844837, 21.700795547, 0.0],
              [101.408234919, 21.699942758, 0.0],
              [101.408464719, 21.699427658, 0.0],
              [101.408862168, 21.69851233, 0.0],
              [101.409098968, 21.69795173, 0.0],
              [101.409490502, 21.69699747, 0.0],
              [101.409724902, 21.69640897, 0.0],
              [101.410098325, 21.695442413, 0.0],
              [101.410324325, 21.694838913, 0.0],
              [101.410633769, 21.693989274, 0.0],
              [101.410777669, 21.693582774, 0.0],
              [101.41104195, 21.692816527, 0.0],
              [101.41120605, 21.692327927, 0.0],
              [101.411676682, 21.690851189, 0.0],
              [101.414693442, 21.680852178, 0.0],
              [101.414719889, 21.680816123, 0.0],
              [101.418458423, 21.675908243, 0.0],
              [101.418824007, 21.675422207, 0.0],
              [101.419207649, 21.674905653, 0.0],
              [101.427593477, 21.663833298, 0.0],
              [101.466350467, 21.622883528, 0.0],
              [101.46661905, 21.6226688, 0.0],
              [101.466994781, 21.622365421, 0.0],
              [101.467519281, 21.621937721, 0.0],
              [101.467879315, 21.621641327, 0.0],
              [101.468399715, 21.621208827, 0.0],
              [101.46876762, 21.620900066, 0.0],
              [101.46932552, 21.620427266, 0.0],
              [101.469696062, 21.620110126, 0.0],
              [101.470214362, 21.619662126, 0.0],
              [101.470564814, 21.619356349, 0.0],
              [101.471078014, 21.618904349, 0.0],
              [101.471453351, 21.618570408, 0.0],
              [101.472005451, 21.618074208, 0.0],
              [101.472381317, 21.617732933, 0.0],
              [101.472928917, 21.617230633, 0.0],
              [101.473282279, 21.616903355, 0.0],
              [101.473768179, 21.616448955, 0.0],
              [101.474130175, 21.616107031, 0.0],
              [101.474671675, 21.615590431, 0.0],
              [101.475048534, 21.615227115, 0.0],
              [101.475591534, 21.614698115, 0.0],
              [101.475945466, 21.614349866, 0.0],
              [101.476426466, 21.613871866, 0.0],
              [101.476777387, 21.613519649, 0.0],
              [101.477294687, 21.612995249, 0.0],
              [101.477673036, 21.612607528, 0.0],
              [101.478229536, 21.612031028, 0.0],
              [101.478610822, 21.611631649, 0.0],
              [101.479143822, 21.611067149, 0.0],
              [101.479512894, 21.610672007, 0.0],
              [101.480034094, 21.610107907, 0.0],
              [101.480343544, 21.609769892, 0.0],
              [101.480613044, 21.609472792, 0.0],
              [101.480719852, 21.609354973, 0.0],
              [101.480980847, 21.609064795, 0.0],
              [101.481373947, 21.608624295, 0.0],
              [101.481660745, 21.6083001, 0.0],
              [101.482008246, 21.607903845, 0.0],
              [101.558126496, 21.52174307, 0.0],
              [101.558549308, 21.521258226, 0.0],
              [101.558977208, 21.520761126, 0.0],
              [101.559252114, 21.520439012, 0.0],
              [101.559685514, 21.519926812, 0.0],
              [101.561038624, 21.518256127, 0.0],
              [101.561504424, 21.517655027, 0.0],
              [101.562043228, 21.516946789, 0.0],
              [101.562558528, 21.516256789, 0.0],
              [101.563454256, 21.515018344, 0.0],
              [101.563977056, 21.514271744, 0.0],
              [101.565571393, 21.51183005, 0.0],
              [101.567831632, 21.508537205, 0.0],
              [101.569420183, 21.506428148, 0.0],
              [101.569609239, 21.50617549, 0.0],
              [101.574834239, 21.49914659, 0.0],
              [101.575175902, 21.498681387, 0.0],
              [101.575508802, 21.498222587, 0.0],
              [101.575941375, 21.497616987, 0.0],
              [101.576208275, 21.497237387, 0.0],
              [101.576627756, 21.496631332, 0.0],
              [101.576880656, 21.496260132, 0.0],
              [101.577332928, 21.49558456, 0.0],
              [101.577606028, 21.49516936, 0.0],
              [101.577995903, 21.494567262, 0.0],
              [101.578271703, 21.494134562, 0.0],
              [101.578757834, 21.493356207, 0.0],
              [101.579050434, 21.492878007, 0.0],
              [101.579519238, 21.492095905, 0.0],
              [101.579783838, 21.491645205, 0.0],
              [101.580155283, 21.491001605, 0.0],
              [101.580395183, 21.490578705, 0.0],
              [101.58080176, 21.489847807, 0.0],
              [101.58103316, 21.489423507, 0.0],
              [101.581359425, 21.488815311, 0.0],
              [101.581572625, 21.488411211, 0.0],
              [101.581950249, 21.487680978, 0.0],
              [101.582179149, 21.487229278, 0.0],
              [101.582545278, 21.486491779, 0.0],
              [101.582776478, 21.486016279, 0.0],
              [101.582865517, 21.485832201, 0.0],
              [101.583753917, 21.483985901, 0.0],
              [101.583785739, 21.483919642, 0.0],
              [101.585045079, 21.481292565, 0.0],
              [101.588977726, 21.480090176, 0.0],
              [101.589348264, 21.479976988, 0.0],
              [101.595052194, 21.478281694, 0.0],
              [101.595463007, 21.478157673, 0.0],
              [101.596292807, 21.477903273, 0.0],
              [101.5964375, 21.477858673, 0.0],
              [101.5971287, 21.477644473, 0.0],
              [101.597513107, 21.477525297, 0.0],
              [101.607513355, 21.474479488, 0.0],
              [101.60804223, 21.4743152, 0.0],
              [101.60903933, 21.4739994, 0.0],
              [101.609295937, 21.473917367, 0.0],
              [101.610544948, 21.473514365, 0.0],
              [101.611571749, 21.473187808, 0.0],
              [101.612638489, 21.472862015, 0.0],
              [101.6129033, 21.472780335, 0.0],
              [101.6135592, 21.472576035, 0.0],
              [101.614451844, 21.472288784, 0.0],
              [101.615202044, 21.472039584, 0.0],
              [101.616328682, 21.471650369, 0.0],
              [101.617149882, 21.471355669, 0.0],
              [101.618305948, 21.470924623, 0.0],
              [101.619150448, 21.470597823, 0.0],
              [101.620343169, 21.470118554, 0.0],
              [101.621174669, 21.469771954, 0.0],
              [101.62232454, 21.469275652, 0.0],
              [101.62310384, 21.468927652, 0.0],
              [101.62417949, 21.468431953, 0.0],
              [101.62492369, 21.468078253, 0.0],
              [101.625993218, 21.467554227, 0.0],
              [101.626719818, 21.467187427, 0.0],
              [101.627712575, 21.466672253, 0.0],
              [101.628432175, 21.466288553, 0.0],
              [101.629531559, 21.465684515, 0.0],
              [101.630241959, 21.465282515, 0.0],
              [101.631186156, 21.46473452, 0.0],
              [101.631851456, 21.46433862, 0.0],
              [101.63281936, 21.463747685, 0.0],
              [101.63347106, 21.463339585, 0.0],
              [101.634386438, 21.462752413, 0.0],
              [101.634991238, 21.462355113, 0.0],
              [101.635867459, 21.461766178, 0.0],
              [101.636414459, 21.461390078, 0.0],
              [101.637199748, 21.460838968, 0.0],
              [101.637742048, 21.460450568, 0.0],
              [101.638515195, 21.459885554, 0.0],
              [101.639031295, 21.459500754, 0.0],
              [101.639846838, 21.458879582, 0.0],
              [101.640413038, 21.458439082, 0.0],
              [101.641240874, 21.457780859, 0.0],
              [101.641779074, 21.457343559, 0.0],
              [101.642605169, 21.456657479, 0.0],
              [101.643168069, 21.456179679, 0.0],
              [101.643972229, 21.455482231, 0.0],
              [101.644511429, 21.455004431, 0.0],
              [101.645348116, 21.45424598, 0.0],
              [101.645867916, 21.45376398, 0.0],
              [101.646619361, 21.453052578, 0.0],
              [101.647106361, 21.452581878, 0.0],
              [101.647820044, 21.45187811, 0.0],
              [101.648280944, 21.45141441, 0.0],
              [101.649004985, 21.450670688, 0.0],
              [101.649478885, 21.450173688, 0.0],
              [101.650206337, 21.449394306, 0.0],
              [101.650670637, 21.448886106, 0.0],
              [101.65136243, 21.448112946, 0.0],
              [101.65178303, 21.447632946, 0.0],
              [101.652424861, 21.446885748, 0.0],
              [101.652842161, 21.446390148, 0.0],
              [101.653515452, 21.445573123, 0.0],
              [101.653975452, 21.445002723, 0.0],
              [101.654715345, 21.444062451, 0.0],
              [101.655174045, 21.443464951, 0.0],
              [101.655879877, 21.44252278, 0.0],
              [101.656338977, 21.44189468, 0.0],
              [101.657026721, 21.440929983, 0.0],
              [101.657440221, 21.440335183, 0.0],
              [101.658058641, 21.439424381, 0.0],
              [101.658410041, 21.438894381, 0.0],
              [101.65886786, 21.438191132, 0.0],
              [101.663739203, 21.4305692, 0.0],
              [101.664834189, 21.428862132, 0.0],
              [101.665570236, 21.427678669, 0.0],
              [101.665938836, 21.427067169, 0.0],
              [101.666429327, 21.426235392, 0.0],
              [101.666762227, 21.425658192, 0.0],
              [101.66727957, 21.424738925, 0.0],
              [101.66761757, 21.424123225, 0.0],
              [101.668154883, 21.423117436, 0.0],
              [101.668476183, 21.422499136, 0.0],
              [101.669039195, 21.421381739, 0.0],
              [101.669392995, 21.420657139, 0.0],
              [101.669919466, 21.41954436, 0.0],
              [101.670207266, 21.41891616, 0.0],
              [101.670662001, 21.417893507, 0.0],
              [101.670930801, 21.417270307, 0.0],
              [101.671359432, 21.416245384, 0.0],
              [101.671612732, 21.415620284, 0.0],
              [101.671789276, 21.415178581, 0.0],
              [101.673967318, 21.409653102, 0.0],
              [101.674614783, 21.408328076, 0.0],
              [101.675480091, 21.406555442, 0.0],
              [101.675672588, 21.406156627, 0.0],
              [101.675991088, 21.405489227, 0.0],
              [101.676570134, 21.404231344, 0.0],
              [101.676795334, 21.403723744, 0.0],
              [101.677200446, 21.402784839, 0.0],
              [101.677365646, 21.402390939, 0.0],
              [101.677756737, 21.401430629, 0.0],
              [101.677923637, 21.401008329, 0.0],
              [101.678267582, 21.400113034, 0.0],
              [101.678495982, 21.399501034, 0.0],
              [101.678999681, 21.398086917, 0.0],
              [101.679211581, 21.397462517, 0.0],
              [101.679660167, 21.396074468, 0.0],
              [101.679878267, 21.395364368, 0.0],
              [101.68031489, 21.393859126, 0.0],
              [101.68049039, 21.393216626, 0.0],
              [101.680819369, 21.391946958, 0.0],
              [101.680968669, 21.391337958, 0.0],
              [101.681071226, 21.390911547, 0.0],
              [101.681208487, 21.390329629, 0.0],
              [101.681414979, 21.389457974, 0.0],
              [101.689533617, 21.379992713, 0.0],
              [101.689765127, 21.379720845, 0.0],
              [101.690105827, 21.379317845, 0.0],
              [101.690798728, 21.378479928, 0.0],
              [101.691133728, 21.378065728, 0.0],
              [101.691659028, 21.377404906, 0.0],
              [101.704464531, 21.361013522, 0.0],
              [101.705168365, 21.36066024, 0.0],
              [101.705797665, 21.36033664, 0.0],
              [101.707092212, 21.359646759, 0.0],
              [101.707666412, 21.359329859, 0.0],
              [101.708650128, 21.358772345, 0.0],
              [101.709213228, 21.358444745, 0.0],
              [101.710137203, 21.357893806, 0.0],
              [101.710645103, 21.357583506, 0.0],
              [101.711798808, 21.356856869, 0.0],
              [101.712413408, 21.356457969, 0.0],
              [101.71347538, 21.355749274, 0.0],
              [101.71405268, 21.355353274, 0.0],
              [101.715145293, 21.354582105, 0.0],
              [101.715635493, 21.354226205, 0.0],
              [101.716533149, 21.353559021, 0.0],
              [101.717032649, 21.353179021, 0.0],
              [101.717861286, 21.352534785, 0.0],
              [101.718264586, 21.352214385, 0.0],
              [101.719160262, 21.351485793, 0.0],
              [101.719650762, 21.351077293, 0.0],
              [101.720654271, 21.350218851, 0.0],
              [101.721189571, 21.349748551, 0.0],
              [101.722253726, 21.348786212, 0.0],
              [101.722857326, 21.348224412, 0.0],
              [101.72368209, 21.347439045, 0.0],
              [101.724226035, 21.346909141, 0.0],
              [101.725847574, 21.345331231, 0.0],
              [101.726305136, 21.34488022, 0.0],
              [101.726750736, 21.34443532, 0.0],
              [101.727404813, 21.34376997, 0.0],
              [101.727679513, 21.34348527, 0.0],
              [101.728391856, 21.342731504, 0.0],
              [101.728910656, 21.342171004, 0.0],
              [101.72977411, 21.341213681, 0.0],
              [101.73018971, 21.340740781, 0.0],
              [101.731019276, 21.339772204, 0.0],
              [101.731499176, 21.339197204, 0.0],
              [101.732327763, 21.338177475, 0.0],
              [101.732792063, 21.337590475, 0.0],
              [101.73370988, 21.336393431, 0.0],
              [101.73422348, 21.335702231, 0.0],
              [101.735142785, 21.334423448, 0.0],
              [101.735612785, 21.333747448, 0.0],
              [101.73644063, 21.332518289, 0.0],
              [101.73685613, 21.331881189, 0.0],
              [101.737604881, 21.330697178, 0.0],
              [101.737989381, 21.330069878, 0.0],
              [101.738620327, 21.329011455, 0.0],
              [101.738893927, 21.328539355, 0.0],
              [101.739422558, 21.327604181, 0.0],
              [101.739722458, 21.327060081, 0.0],
              [101.740318502, 21.325945604, 0.0],
              [101.740639302, 21.325327104, 0.0],
              [101.741250034, 21.324109307, 0.0],
              [101.741549934, 21.323490407, 0.0],
              [101.742097086, 21.322323146, 0.0],
              [101.742391386, 21.321673646, 0.0],
              [101.742953148, 21.32038606, 0.0],
              [101.743237348, 21.31970886, 0.0],
              [101.743502151, 21.319065367, 0.0],
              [101.745985451, 21.312909367, 0.0],
              [101.747199083, 21.309900692, 0.0],
              [101.748228922, 21.307347692, 0.0],
              [101.749326567, 21.304626691, 0.0],
              [101.750571299, 21.303435747, 0.0],
              [101.750832099, 21.303175447, 0.0],
              [101.751848751, 21.30213072, 0.0],
              [101.752181251, 21.30177892, 0.0],
              [101.753933656, 21.299824478, 0.0],
              [101.754216056, 21.299492378, 0.0],
              [101.756157542, 21.297059663, 0.0],
              [101.756472442, 21.296638863, 0.0],
              [101.758010823, 21.294464736, 0.0],
              [101.758263323, 21.294086936, 0.0],
              [101.759768854, 21.29169013, 0.0],
              [101.760009954, 21.29128103, 0.0],
              [101.76109561, 21.289341584, 0.0],
              [101.76130241, 21.288952084, 0.0],
              [101.762424922, 21.286703151, 0.0],
              [101.762601822, 21.286325251, 0.0],
              [101.763618368, 21.284001981, 0.0],
              [101.763763168, 21.283646781, 0.0],
              [101.764660993, 21.28127387, 0.0],
              [101.764801893, 21.28087087, 0.0],
              [101.765369349, 21.279148164, 0.0],
              [101.765484449, 21.278776164, 0.0],
              [101.766102006, 21.276608347, 0.0],
              [101.766196806, 21.276244647, 0.0],
              [101.766767922, 21.273804571, 0.0],
              [101.766840122, 21.273457071, 0.0],
              [101.767194052, 21.271572935, 0.0],
              [101.767254052, 21.271215935, 0.0],
              [101.767550468, 21.269202322, 0.0],
              [101.767603168, 21.268785622, 0.0],
              [101.767845694, 21.266415603, 0.0],
              [101.767879594, 21.265982703, 0.0],
              [101.767934187, 21.265208368, 0.0],
              [101.767955087, 21.264875068, 0.0],
              [101.767977621, 21.264492212, 0.0],
              [101.768057621, 21.263037912, 0.0],
              [101.768088892, 21.2623937, 0.0],
              [101.768091942, 21.262321217, 0.0],
              [101.768104632, 21.262043258, 0.0],
              [101.768153624, 21.261083649, 0.0],
              [101.768234155, 21.259592246, 0.0],
              [101.768670913, 21.251505019, 0.0],
              [101.768743984, 21.25015257, 0.0],
              [101.768749804, 21.250042598, 0.0],
              [101.76877477, 21.249560798, 0.0],
              [101.76890411, 21.247145518, 0.0],
              [101.768938747, 21.24650634, 0.0],
              [101.769009483, 21.24518553, 0.0],
              [101.769101662, 21.243499238, 0.0],
              [101.769137336, 21.242741123, 0.0],
              [101.769137704, 21.242731774, 0.0],
              [101.769367547, 21.238909496, 0.0],
              [101.769392955, 21.238451971, 0.0],
              [101.769462851, 21.237079843, 0.0],
              [101.769507095, 21.236317548, 0.0],
              [101.769561417, 21.235143022, 0.0],
              [101.769809329, 21.227951533, 0.0],
              [101.769839151, 21.227225701, 0.0],
              [101.769878686, 21.225684399, 0.0],
              [101.769887986, 21.224774999, 0.0],
              [101.769880271, 21.223247453, 0.0],
              [101.769861371, 21.222317753, 0.0],
              [101.769804423, 21.2207411, 0.0],
              [101.769754323, 21.2197763, 0.0],
              [101.769633101, 21.218031642, 0.0],
              [101.769540701, 21.216970542, 0.0],
              [101.769364286, 21.215278317, 0.0],
              [101.769251186, 21.214347317, 0.0],
              [101.769037468, 21.212792353, 0.0],
              [101.768889568, 21.211828653, 0.0],
              [101.768595035, 21.210109957, 0.0],
              [101.768403235, 21.209097157, 0.0],
              [101.768096878, 21.207604264, 0.0],
              [101.767910078, 21.206759564, 0.0],
              [101.767580697, 21.205365184, 0.0],
              [101.767392297, 21.204615784, 0.0],
              [101.767045443, 21.203310877, 0.0],
              [101.766808043, 21.202463977, 0.0],
              [101.76636234, 21.200964625, 0.0],
              [101.76606284, 21.200011925, 0.0],
              [101.765576042, 21.19854326, 0.0],
              [101.765287442, 21.19771566, 0.0],
              [101.764801758, 21.196383922, 0.0],
              [101.764515058, 21.195631122, 0.0],
              [101.764042621, 21.194436962, 0.0],
              [101.763761721, 21.193752762, 0.0],
              [101.763325094, 21.192722234, 0.0],
              [101.763053394, 21.192100434, 0.0],
              [101.762604019, 21.191101956, 0.0],
              [101.762313719, 21.190475356, 0.0],
              [101.761795759, 21.189391681, 0.0],
              [101.761473759, 21.188738281, 0.0],
              [101.76097516, 21.187754066, 0.0],
              [101.76067356, 21.187174666, 0.0],
              [101.760184706, 21.186258873, 0.0],
              [101.759911206, 21.185759073, 0.0],
              [101.759461157, 21.184954353, 0.0],
              [101.759146757, 21.184404153, 0.0],
              [101.758599495, 21.183470068, 0.0],
              [101.758249995, 21.182888068, 0.0],
              [101.75770621, 21.18200348, 0.0],
              [101.75734471, 21.18142888, 0.0],
              [101.756762234, 21.180524763, 0.0],
              [101.756427434, 21.180017163, 0.0],
              [101.755876265, 21.179199189, 0.0],
              [101.755508665, 21.178665089, 0.0],
              [101.754935099, 21.177849274, 0.0],
              [101.754563499, 21.177331774, 0.0],
              [101.753918411, 21.17645376, 0.0],
              [101.753502011, 21.17589976, 0.0],
              [101.752878216, 21.175087294, 0.0],
              [101.752477416, 21.174576194, 0.0],
              [101.751802118, 21.17373394, 0.0],
              [101.751350318, 21.17318274, 0.0],
              [101.750678797, 21.172380739, 0.0],
              [101.750244497, 21.171872939, 0.0],
              [101.749500159, 21.171022287, 0.0],
              [101.749000559, 21.170464187, 0.0],
              [101.748229327, 21.169622195, 0.0],
              [101.747711627, 21.169069795, 0.0],
              [101.74695945, 21.168284494, 0.0],
              [101.74648645, 21.167801294, 0.0],
              [101.745990602, 21.167301835, 0.0],
              [101.722740372, 21.144209595, 0.0],
              [101.721215939, 21.142695253, 0.0],
              [101.718408869, 21.137437527, 0.0],
              [101.718330284, 21.137296363, 0.0],
              [101.71745773, 21.13525698, 0.0],
              [101.71734513, 21.13502528, 0.0],
              [101.716380185, 21.133142122, 0.0],
              [101.715418081, 21.131358543, 0.0],
              [101.715205077, 21.130963629, 0.0],
              [101.714617544, 21.129701338, 0.0],
              [101.714489144, 21.129446538, 0.0],
              [101.713640879, 21.128054505, 0.0],
              [101.713627057, 21.126939777, 0.0],
              [101.713618002, 21.126424067, 0.0],
              [101.713606202, 21.125904667, 0.0],
              [101.71356262, 21.124664411, 0.0],
              [101.71353402, 21.124063211, 0.0],
              [101.713457409, 21.122793368, 0.0],
              [101.713413909, 21.122198368, 0.0],
              [101.713306078, 21.120941641, 0.0],
              [101.713250678, 21.120379341, 0.0],
              [101.713104269, 21.119070274, 0.0],
              [101.713018369, 21.118384174, 0.0],
              [101.712815238, 21.116934269, 0.0],
              [101.712717938, 21.116306769, 0.0],
              [101.712483426, 21.114922934, 0.0],
              [101.712365226, 21.114280334, 0.0],
              [101.712113164, 21.113003603, 0.0],
              [101.711994464, 21.112441003, 0.0],
              [101.711704233, 21.111150192, 0.0],
              [101.711562633, 21.110557192, 0.0],
              [101.711237673, 21.109271973, 0.0],
              [101.711081373, 21.108686573, 0.0],
              [101.710756789, 21.107527092, 0.0],
              [101.710593489, 21.106969692, 0.0],
              [101.710215945, 21.105739868, 0.0],
              [101.710027445, 21.105152868, 0.0],
              [101.70964664, 21.104014169, 0.0],
              [101.70946584, 21.103494369, 0.0],
              [101.709009251, 21.102236205, 0.0],
              [101.708788351, 21.101652005, 0.0],
              [101.708321727, 21.100464016, 0.0],
              [101.708093027, 21.099902916, 0.0],
              [101.707614881, 21.098769887, 0.0],
              [101.707373981, 21.098218087, 0.0],
              [101.70685426, 21.097067465, 0.0],
              [101.70661386, 21.096552665, 0.0],
              [101.706075368, 21.095435854, 0.0],
              [101.705791868, 21.094866054, 0.0],
              [101.705153048, 21.093625797, 0.0],
              [101.704835148, 21.093029197, 0.0],
              [101.704158247, 21.091800701, 0.0],
              [101.703816647, 21.091200801, 0.0],
              [101.703093129, 21.089971322, 0.0],
              [101.702763129, 21.089428422, 0.0],
              [101.70216287, 21.088465687, 0.0],
              [101.70186627, 21.088001787, 0.0],
              [101.701242844, 21.087050719, 0.0],
              [101.700946544, 21.086609719, 0.0],
              [101.700325927, 21.085707522, 0.0],
              [101.700022227, 21.085276222, 0.0],
              [101.699440375, 21.084467154, 0.0],
              [101.699121575, 21.084033054, 0.0],
              [101.698875374, 21.083700699, 0.0],
              [101.690931925, 21.073069814, 0.0],
              [101.692359279, 21.070593577, 0.0],
              [101.692591262, 21.070157014, 0.0],
              [101.693236325, 21.068995342, 0.0],
              [101.693295672, 21.068892004, 0.0],
              [101.693516996, 21.068524191, 0.0],
              [101.751415016, 20.997626996, 0.0],
              [101.752776352, 20.996511393, 0.0],
              [101.75481214, 20.99474936, 0.0],
              [101.756179657, 20.99349977, 0.0],
              [101.758808497, 20.9909134, 0.0],
              [101.759903981, 20.989753058, 0.0],
              [101.761874031, 20.987538389, 0.0],
              [101.76298422, 20.986213253, 0.0],
              [101.764869663, 20.983818077, 0.0],
              [101.766097487, 20.982156491, 0.0],
              [101.767662249, 20.979913049, 0.0],
              [101.768998482, 20.977880971, 0.0],
              [101.769820771, 20.976632302, 0.0],
              [101.770739939, 20.97525248, 0.0],
              [101.771229072, 20.974503786, 0.0],
              [101.77217524, 20.973026847, 0.0],
              [101.773348067, 20.971220713, 0.0],
              [101.774772166, 20.969071248, 0.0],
              [101.775488553, 20.967988006, 0.0],
              [101.777117473, 20.966945364, 0.0],
              [101.777936738, 20.966436952, 0.0],
              [101.779837154, 20.965381701, 0.0],
              [101.781356001, 20.964559085, 0.0],
              [101.781346511, 20.964541562, 0.0],
              [101.782469372, 20.96413902, 0.0],
              [101.786880718, 20.961721616, 0.0],
              [101.790095993, 20.959799648, 0.0],
              [101.792801619, 20.958041512, 0.0],
              [101.800509748, 20.951869894, 0.0],
              [101.80303892, 20.949397479, 0.0],
              [101.806137999, 20.946079702, 0.0],
              [101.808667171, 20.943112752, 0.0],
              [101.81347233, 20.936431925, 0.0],
              [101.815354504, 20.93330008, 0.0],
              [101.817558184, 20.92921503, 0.0],
              [101.82001983, 20.924096514, 0.0],
              [101.821379503, 20.922714119, 0.0],
              [101.823868489, 20.919989313, 0.0],
              [101.827456383, 20.915757911, 0.0],
              [101.827639833, 20.915540305, 0.0],
              [101.831463, 20.910979049, 0.0],
              [101.834671881, 20.906706155, 0.0],
              [101.835587441, 20.90534072, 0.0],
              [101.845646125, 20.894748394, 0.0],
              [101.889165805, 20.860414271, 0.0],
              [101.89662659, 20.853146385, 0.0],
              [101.981685471, 20.75095327, 0.0],
              [101.98491223, 20.745534267, 0.0],
              [101.987850248, 20.741535964, 0.0],
              [101.988666526, 20.739955068, 0.0],
              [102.004840694, 20.717809437, 0.0],
              [102.007185265, 20.714296863, 0.0],
              [102.012970547, 20.704782443, 0.0],
              [102.013290457, 20.704248873, 0.0],
              [102.019319331, 20.69405012, 0.0],
              [102.020375659, 20.692171933, 0.0],
              [102.022689772, 20.687841529, 0.0],
              [102.026851343, 20.677351935, 0.0],
              [102.027947502, 20.673306314, 0.0],
              [102.029328976, 20.666208072, 0.0],
              [102.029816158, 20.662162344, 0.0],
              [102.029970973, 20.651674697, 0.0],
              [102.029666484, 20.648312672, 0.0],
              [102.028983991, 20.643450024, 0.0],
              [102.028375014, 20.640258881, 0.0],
              [102.028219964, 20.639480038, 0.0],
              [102.027000507, 20.633598771, 0.0],
              [102.026933314, 20.633095733, 0.0],
              [102.02568965, 20.628926129, 0.0],
              [102.025354511, 20.626019008, 0.0],
              [102.025302839, 20.625833643, 0.0],
              [102.025480612, 20.622703799, 0.0],
              [102.028398302, 20.609530666, 0.0],
              [102.041084303, 20.565850542, 0.0],
              [102.041187513, 20.565644389, 0.0],
              [102.043525353, 20.550176619, 0.0],
              [102.043498024, 20.546312504, 0.0],
              [102.043554257, 20.540994096, 0.0],
              [102.043556219, 20.540176846, 0.0],
              [102.04354784, 20.538725266, 0.0],
              [102.046160665, 20.528268587, 0.0],
              [102.047550652, 20.526360546, 0.0],
              [102.053202684, 20.5163614, 0.0],
              [102.061484773, 20.496737579, 0.0],
              [102.063744303, 20.490129436, 0.0],
              [102.070077665, 20.466280834, 0.0],
              [102.071601336, 20.457334913, 0.0],
              [102.07391545, 20.427661627, 0.0],
              [102.073547184, 20.423024522, 0.0],
              [102.073819815, 20.419178918, 0.0],
              [102.073625471, 20.416932663, 0.0],
              [102.07347314, 20.413846846, 0.0],
              [102.073439864, 20.413246171, 0.0],
              [102.0731506, 20.408537635, 0.0],
              [102.070974441, 20.396708234, 0.0],
              [102.063012065, 20.37119403, 0.0],
              [102.062123741, 20.368599912, 0.0],
              [102.059803424, 20.362385477, 0.0],
              [102.051860718, 20.328895635, 0.0],
              [102.051557146, 20.327614739, 0.0],
              [102.049588615, 20.32123928, 0.0],
              [102.034735237, 20.282514263, 0.0],
              [102.034653643, 20.282137718, 0.0],
              [102.033218144, 20.278441846, 0.0],
              [102.032164725, 20.275621851, 0.0],
              [102.030892005, 20.271829915, 0.0],
              [102.030852645, 20.271565319, 0.0],
              [102.030202078, 20.267028223, 0.0],
              [102.029395886, 20.261032157, 0.0],
              [102.029124373, 20.258930801, 0.0],
              [102.041902212, 20.243585878, 0.0],
              [102.060050331, 20.230561186, 0.0],
              [102.065939234, 20.228231051, 0.0],
              [102.073320469, 20.224581239, 0.0],
              [102.080445501, 20.220294272, 0.0],
              [102.090381808, 20.212444457, 0.0],
              [102.09805492, 20.204613292, 0.0],
              [102.104194239, 20.196975407, 0.0],
              [102.111888069, 20.185203922, 0.0],
              [102.128656692, 20.165371996, 0.0],
              [102.129410036, 20.164128848, 0.0],
              [102.155143858, 20.134607429, 0.0],
              [102.157356007, 20.131078042, 0.0],
              [102.15921188, 20.129049988, 0.0],
              [102.16798115, 20.115781775, 0.0],
              [102.168126516, 20.115560561, 0.0],
              [102.180847565, 20.096089859, 0.0],
              [102.225214675, 20.032660898, 0.0],
              [102.227554, 20.027858597, 0.0],
              [102.227999871, 20.027288735, 0.0],
              [102.228110679, 20.027357068, 0.0],
              [102.229831039, 20.024567338, 0.0],
              [102.2320547, 20.020561549, 0.0],
              [102.23418612, 20.016269559, 0.0],
              [102.236146805, 20.01178222, 0.0],
              [102.242601962, 19.994784794, 0.0],
              [102.243119889, 19.993355955, 0.0],
              [102.246895547, 19.982423982, 0.0],
              [102.248540014, 19.976507526, 0.0],
              [102.249818866, 19.97049748, 0.0],
              [102.250374065, 19.967417759, 0.0],
              [102.252545857, 19.952756429, 0.0],
              [102.255467708, 19.942799396, 0.0],
              [102.256732713, 19.937394034, 0.0],
              [102.262269738, 19.905957978, 0.0],
              [102.262508207, 19.904612563, 0.0],
              [102.26315032, 19.902071587, 0.0],
              [102.263698399, 19.899093835, 0.0],
              [102.264399224, 19.893578843, 0.0],
              [102.264612366, 19.890572402, 0.0],
              [102.264691147, 19.884882961, 0.0],
              [102.264599801, 19.882764102, 0.0],
              [102.264512283, 19.881260645, 0.0],
              [102.264128317, 19.876024986, 0.0],
              [102.263883231, 19.871133566, 0.0],
              [102.263873711, 19.870950286, 0.0],
              [102.263484812, 19.863719764, 0.0],
              [102.263247491, 19.858837243, 0.0],
              [102.263126552, 19.857027061, 0.0],
              [102.262822064, 19.853447309, 0.0],
              [102.26204395, 19.847944123, 0.0],
              [102.26152632, 19.845338013, 0.0],
              [102.25835165, 19.835174323, 0.0],
              [102.257742673, 19.833771015, 0.0],
              [102.256279672, 19.830691682, 0.0],
              [102.255153065, 19.828515098, 0.0],
              [102.253555963, 19.8257884, 0.0],
              [102.253038623, 19.824046982, 0.0],
              [102.252216504, 19.821641078, 0.0],
              [102.249406649, 19.815018623, 0.0],
              [102.24700119, 19.810321277, 0.0],
              [102.246777375, 19.809904737, 0.0],
              [102.246936274, 19.807898936, 0.0],
              [102.247089798, 19.803436881, 0.0],
              [102.247060179, 19.800552535, 0.0],
              [102.247051929, 19.799380513, 0.0],
              [102.253251447, 19.783067154, 0.0],
              [102.256298182, 19.776894264, 0.0],
              [102.258977682, 19.769558163, 0.0],
              [102.261918713, 19.755463139, 0.0],
              [102.263380258, 19.731618483, 0.0],
              [102.263435269, 19.726593921, 0.0],
              [102.261973724, 19.689444195, 0.0],
              [102.261036722, 19.681580565, 0.0],
              [102.254345406, 19.648206838, 0.0],
              [102.254321856, 19.647433419, 0.0],
              [102.254215285, 19.646143022, 0.0],
              [102.253352303, 19.642608617, 0.0],
              [102.253066149, 19.638771417, 0.0],
              [102.252984078, 19.638423279, 0.0],
              [102.253974681, 19.527713609, 0.0],
              [102.25410669, 19.527225491, 0.0],
              [102.255690031, 19.519763483, 0.0],
              [102.255703489, 19.519699855, 0.0],
              [102.26739585, 19.464240622, 0.0],
              [102.268332924, 19.457643791, 0.0],
              [102.270525242, 19.428241556, 0.0],
              [102.270015414, 19.41649852, 0.0],
              [102.263925643, 19.379048909, 0.0],
              [102.261946592, 19.371079537, 0.0],
              [102.252301704, 19.342513332, 0.0],
              [102.251934287, 19.340124227, 0.0],
              [102.250472742, 19.335556423, 0.0],
              [102.25039321, 19.335312627, 0.0],
              [102.25165297, 19.330636616, 0.0],
              [102.253940577, 19.323234747, 0.0],
              [102.25406063, 19.322840546, 0.0],
              [102.25650966, 19.314678526, 0.0],
              [102.257647064, 19.313398879, 0.0],
              [102.257704872, 19.313333727, 0.0],
              [102.262204444, 19.308253646, 0.0],
              [102.263204518, 19.307089007, 0.0],
              [102.263528017, 19.306700361, 0.0],
              [102.264168866, 19.305914378, 0.0],
              [102.267050945, 19.302305473, 0.0],
              [102.270239605, 19.297828553, 0.0],
              [102.273724568, 19.292317879, 0.0],
              [102.273942538, 19.291970057, 0.0],
              [102.278442111, 19.284724003, 0.0],
              [102.278721568, 19.284268557, 0.0],
              [102.283802715, 19.275887391, 0.0],
              [102.285910562, 19.272501772, 0.0],
              [102.287752456, 19.269283124, 0.0],
              [102.289134677, 19.266645395, 0.0],
              [102.28979347, 19.265342266, 0.0],
              [102.291999143, 19.260816379, 0.0],
              [102.292328373, 19.260127518, 0.0],
              [102.294364218, 19.255782873, 0.0],
              [102.294902635, 19.254664465, 0.0],
              [102.296862093, 19.252292827, 0.0],
              [102.298911701, 19.249635233, 0.0],
              [102.316821101, 19.224727353, 0.0],
              [102.318275068, 19.222829174, 0.0],
              [102.320950588, 19.220242457, 0.0],
              [102.322731245, 19.218608718, 0.0],
              [102.327725717, 19.21442266, 0.0],
              [102.332646546, 19.210585189, 0.0],
              [102.334438425, 19.20920514, 0.0],
              [102.335469972, 19.208388833, 0.0],
              [102.34982155, 19.196721548, 0.0],
              [102.353585705, 19.193330646, 0.0],
              [102.365882106, 19.181069479, 0.0],
              [102.376094898, 19.171345168, 0.0],
              [102.377621771, 19.170462815, 0.0],
              [102.379643164, 19.17000249, 0.0],
              [102.380912037, 19.169696058, 0.0],
              [102.382000168, 19.169418194, 0.0],
              [102.385551738, 19.168369739, 0.0],
              [102.388198545, 19.16748057, 0.0],
              [102.392748642, 19.165700167, 0.0],
              [102.396277719, 19.164116323, 0.0],
              [102.396509597, 19.164011547, 0.0],
              [102.399685766, 19.162566623, 0.0],
              [102.403139199, 19.160831465, 0.0],
              [102.413461748, 19.155135009, 0.0],
              [102.41454879, 19.154517275, 0.0],
              [102.417345191, 19.152881572, 0.0],
              [102.420727494, 19.150964009, 0.0],
              [102.427000428, 19.146751286, 0.0],
              [102.427569183, 19.146303435, 0.0],
              [102.429901725, 19.144492962, 0.0],
              [102.435376021, 19.139556027, 0.0],
              [102.436758242, 19.138110986, 0.0],
              [102.43871244, 19.135944843, 0.0],
              [102.441241611, 19.132971353, 0.0],
              [102.444979722, 19.127975673, 0.0],
              [102.445478245, 19.127214695, 0.0],
              [102.451425627, 19.124566885, 0.0],
              [102.456307516, 19.121648589, 0.0],
              [102.470028929, 19.109546275, 0.0],
              [102.471308763, 19.107910836, 0.0],
              [102.471815678, 19.107311987, 0.0],
              [102.471908979, 19.10714385, 0.0],
              [102.472116966, 19.106878073, 0.0],
              [102.479711906, 19.093202025, 0.0],
              [102.479747986, 19.093017194, 0.0],
              [102.481257591, 19.090296738, 0.0],
              [102.490852268, 19.06042226, 0.0],
              [102.491159779, 19.059429452, 0.0],
              [102.491321528, 19.058887367, 0.0],
              [102.492720128, 19.052861949, 0.0],
              [102.499112904, 19.014748252, 0.0],
              [102.499118475, 19.014136242, 0.0],
              [102.499304984, 19.013531594, 0.0],
              [102.499192448, 19.00600986, 0.0],
              [102.499255297, 18.999105453, 0.0],
              [102.499080859, 18.998551481, 0.0],
              [102.499070961, 18.997889898, 0.0],
              [102.499047773, 18.99775645, 0.0],
              [102.498957941, 18.995576353, 0.0],
              [102.498460436, 18.990845318, 0.0],
              [102.499866115, 18.986269253, 0.0],
              [102.50027784, 18.983821919, 0.0],
              [102.50061461, 18.98148377, 0.0],
              [102.500808384, 18.979868912, 0.0],
              [102.500887007, 18.979504114, 0.0],
              [102.502520822, 18.973887319, 0.0],
              [102.506147868, 18.961730002, 0.0],
              [102.506277484, 18.96128813, 0.0],
              [102.509870692, 18.948826434, 0.0],
              [102.513551836, 18.936224613, 0.0],
              [102.513720232, 18.935634714, 0.0],
              [102.515690633, 18.928568359, 0.0],
              [102.516535963, 18.925049078, 0.0],
              [102.51718296, 18.921849646, 0.0],
              [102.517709175, 18.918748243, 0.0],
              [102.518562035, 18.912543953, 0.0],
              [102.518936416, 18.908757182, 0.0],
              [102.519259915, 18.903415188, 0.0],
              [102.519350635, 18.900659073, 0.0],
              [102.519401181, 18.891166368, 0.0],
              [102.520061402, 18.885828136, 0.0],
              [102.52043892, 18.879455103, 0.0],
              [102.520409511, 18.873221789, 0.0],
              [102.520243122, 18.869375209, 0.0],
              [102.519949032, 18.865785383, 0.0],
              [102.518783884, 18.858403358, 0.0],
              [102.512549182, 18.831936457, 0.0],
              [102.511225323, 18.827321747, 0.0],
              [102.509303253, 18.821662356, 0.0],
              [102.505132066, 18.808324714, 0.0],
              [102.503994577, 18.80508295, 0.0],
              [102.497524603, 18.788491795, 0.0],
              [102.494641016, 18.782360798, 0.0],
              [102.493464657, 18.78024503, 0.0],
              [102.485777351, 18.769856035, 0.0],
              [102.483568799, 18.767563019, 0.0],
              [102.481702247, 18.765272486, 0.0],
              [102.477767166, 18.760980321, 0.0],
              [102.468687632, 18.752167188, 0.0],
              [102.4650602, 18.748561276, 0.0],
              [102.448447231, 18.730348586, 0.0],
              [102.448385776, 18.730251213, 0.0],
              [102.443969376, 18.725216597, 0.0],
              [102.440552681, 18.721295908, 0.0],
              [102.439335254, 18.71994907, 0.0],
              [102.434453365, 18.714741496, 0.0],
              [102.433545812, 18.713798444, 0.0],
              [102.428428651, 18.708618559, 0.0],
              [102.426910485, 18.707145457, 0.0],
              [102.42361668, 18.704082009, 0.0],
              [102.422503752, 18.703077608, 0.0],
              [102.418568365, 18.69963161, 0.0],
              [102.414421073, 18.695858084, 0.0],
              [102.413607823, 18.695134154, 0.0],
              [102.408715932, 18.690874098, 0.0],
              [102.404380451, 18.687006537, 0.0],
              [102.404115432, 18.6867718, 0.0],
              [102.400407809, 18.683511182, 0.0],
              [102.39994483, 18.683066642, 0.0],
              [102.399394316, 18.681873521, 0.0],
              [102.397110927, 18.676756531, 0.0],
              [102.39466123, 18.671975131, 0.0],
              [102.392455557, 18.668186542, 0.0],
              [102.39178271, 18.667064829, 0.0],
              [102.389459401, 18.663304015, 0.0],
              [102.388604021, 18.661967303, 0.0],
              [102.387442524, 18.660214137, 0.0],
              [102.387374123, 18.660081304, 0.0],
              [102.386140336, 18.656293717, 0.0],
              [102.385678369, 18.654941459, 0.0],
              [102.384472601, 18.65157023, 0.0],
              [102.382456513, 18.646745357, 0.0],
              [102.3811037, 18.643931304, 0.0],
              [102.379848658, 18.641326695, 0.0],
              [102.377090759, 18.636349232, 0.0],
              [102.375473265, 18.633785857, 0.0],
              [102.374233038, 18.631914793, 0.0],
              [102.373503155, 18.630865588, 0.0],
              [102.374148325, 18.628725651, 0.0],
              [102.374439976, 18.627720329, 0.0],
              [102.376421648, 18.620612246, 0.0],
              [102.376981086, 18.620111852, 0.0],
              [102.381826045, 18.616377796, 0.0],
              [102.386679656, 18.612109654, 0.0],
              [102.391914453, 18.606868754, 0.0],
              [102.396599169, 18.601452987, 0.0],
              [102.401028447, 18.595522311, 0.0],
              [102.40450986, 18.591035975, 0.0],
              [102.404857601, 18.59040374, 0.0],
              [102.405262248, 18.590007797, 0.0],
              [102.409917738, 18.583744408, 0.0],
              [102.410859354, 18.582742604, 0.0],
              [102.413400551, 18.579819966, 0.0],
              [102.413514374, 18.579678333, 0.0],
              [102.415822357, 18.577248979, 0.0],
              [102.417015428, 18.575947924, 0.0],
              [102.419162283, 18.573522152, 0.0],
              [102.42221697, 18.569710599, 0.0],
              [102.424922595, 18.565974284, 0.0],
              [102.427686317, 18.561718744, 0.0],
              [102.429156766, 18.559181349, 0.0],
              [102.430949874, 18.555794242, 0.0],
              [102.432332096, 18.5529222, 0.0],
              [102.433839577, 18.549461279, 0.0],
              [102.435574706, 18.545027645, 0.0],
              [102.437678519, 18.538281851, 0.0],
              [102.438737242, 18.53379233, 0.0],
              [102.43979635, 18.527560079, 0.0],
              [102.440208075, 18.523656052, 0.0],
              [102.440476482, 18.519269314, 0.0],
              [102.4405353, 18.515839274, 0.0],
              [102.440501571, 18.512955646, 0.0],
              [102.440354527, 18.509330325, 0.0],
              [102.439993924, 18.505031598, 0.0],
              [102.439368207, 18.500125019, 0.0],
              [102.43918266, 18.497892583, 0.0],
              [102.439304602, 18.48651306, 0.0],
              [102.439305425, 18.486429793, 0.0],
              [102.439423061, 18.473431857, 0.0],
              [102.439421981, 18.473424613, 0.0],
              [102.439711757, 18.456630745, 0.0],
              [102.439719067, 18.455882964, 0.0],
              [102.439747468, 18.443516837, 0.0],
              [102.440013347, 18.430123185, 0.0],
              [102.440396401, 18.423654327, 0.0],
              [102.440451017, 18.422509949, 0.0],
              [102.440813762, 18.412502548, 0.0],
              [102.441517753, 18.400345213, 0.0],
              [102.441561998, 18.399438641, 0.0],
              [102.441931359, 18.390137092, 0.0],
              [102.447152926, 18.38362982, 0.0],
              [102.455050301, 18.373829604, 0.0],
              [102.460333407, 18.36728253, 0.0],
              [102.46695077, 18.359066087, 0.0],
              [102.467100012, 18.358879873, 0.0],
              [102.475606652, 18.348213756, 0.0],
              [102.483877046, 18.337992912, 0.0],
              [102.483982197, 18.337862517, 0.0],
              [102.490871309, 18.329290138, 0.0],
              [102.496025254, 18.322895308, 0.0],
              [102.496861237, 18.321828787, 0.0],
              [102.49847873, 18.319706626, 0.0],
              [102.49973256, 18.31798687, 0.0],
              [102.501055964, 18.316088073, 0.0],
              [102.503454524, 18.312294338, 0.0],
              [102.505719015, 18.308329135, 0.0],
              [102.508502234, 18.302648779, 0.0],
              [102.509796229, 18.299521231, 0.0],
              [102.510602198, 18.297443296, 0.0],
              [102.512160874, 18.293142826, 0.0],
              [102.51247663, 18.29224506, 0.0],
              [102.517456281, 18.277644284, 0.0],
              [102.521788053, 18.265192565, 0.0],
              [102.522000982, 18.264567219, 0.0],
              [102.52585376, 18.25300222, 0.0],
              [102.530077099, 18.241208848, 0.0],
              [102.530317816, 18.240520908, 0.0],
              [102.534677297, 18.227764532, 0.0],
              [102.536889741, 18.221348939, 0.0],
              [102.536935451, 18.221215782, 0.0],
              [102.538705675, 18.216035246, 0.0],
              [102.540533695, 18.210798316, 0.0],
              [102.541935748, 18.206033021, 0.0],
              [102.542494519, 18.2037141, 0.0],
              [102.543091109, 18.200880203, 0.0],
              [102.543620471, 18.197946585, 0.0],
              [102.544123332, 18.194461696, 0.0],
              [102.544417422, 18.191751548, 0.0],
              [102.544586584, 18.189857448, 0.0],
              [102.544910083, 18.185247306, 0.0],
              [102.544930427, 18.184944194, 0.0],
              [102.544978414, 18.184195189, 0.0],
              [102.545593481, 18.183160585, 0.0],
              [102.546754683, 18.18125936, 0.0],
              [102.546966891, 18.180945106, 0.0],
              [102.548012389, 18.180123537, 0.0],
              [102.549299022, 18.179077513, 0.0],
              [102.553386869, 18.175639976, 0.0],
              [102.555280326, 18.173964203, 0.0],
              [102.562564372, 18.167181507, 0.0],
              [102.57225995, 18.158162536, 0.0],
              [102.572376814, 18.158053479, 0.0],
              [102.582199411, 18.148857605, 0.0],
              [102.582717787, 18.148365303, 0.0],
              [102.586827072, 18.144406453, 0.0],
              [102.603696526, 18.128536521, 0.0],
              [102.61095924, 18.121770824, 0.0],
              [102.611462254, 18.12129569, 0.0],
              [102.615306255, 18.117614085, 0.0],
              [102.617567238, 18.115464744, 0.0],
              [102.621767538, 18.111495392, 0.0],
              [102.623181699, 18.11026075, 0.0],
              [102.623438966, 18.110114859, 0.0],
              [102.624532341, 18.109539829, 0.0],
              [102.627062024, 18.108535384, 0.0],
              [102.631256477, 18.106642054, 0.0],
              [102.631308246, 18.106615754, 0.0],
              [102.634343849, 18.106339005, 0.0],
              [102.640509847, 18.105823337, 0.0],
              [102.642414574, 18.10562725, 0.0],
              [102.650413815, 18.104648623, 0.0],
              [102.650739665, 18.104607672, 0.0],
              [102.660606803, 18.103334692, 0.0],
              [102.66812117, 18.102396813, 0.0],
              [102.670684534, 18.102009144, 0.0],
              [102.679330772, 18.10047127, 0.0],
              [102.679961794, 18.100354851, 0.0],
              [102.685667135, 18.099264351, 0.0],
              [102.68612206, 18.09917521, 0.0],
              [102.693503713, 18.097693237, 0.0],
              [102.694187614, 18.097439548, 0.0],
              [102.694666133, 18.097409355, 0.0],
              [102.700469468, 18.096111049, 0.0],
              [102.701737018, 18.096033046, 0.0],
              [102.718422991, 18.092327302, 0.0],
              [102.733097521, 18.08651651, 0.0],
              [102.745229685, 18.076421079, 0.0],
              [102.7536106, 18.063046947, 0.0],
              [102.757405168, 18.047726752, 0.0],
              [102.760693645, 18.00881173, 0.0],
              [102.760712488, 18.008582456, 0.0],
              [102.769136296, 17.903116113, 0.0],
              [102.773726956, 17.897882446, 0.0],
              [102.773755956, 17.897907797, 0.0],
              [102.775699012, 17.895685019, 0.0],
              [102.778047844, 17.892786577, 0.0],
              [102.779715066, 17.890564632, 0.0],
              [102.781318491, 17.888299376, 0.0],
              [102.782985714, 17.885799654, 0.0],
              [102.783889213, 17.884443735, 0.0],
              [102.7847177, 17.883339454, 0.0],
              [102.788307473, 17.876487794, 0.0],
              [102.78842841, 17.876560366, 0.0],
              [102.790094799, 17.873783422, 0.0],
              [102.791765728, 17.870997799, 0.0],
              [102.797387802, 17.857434312, 0.0],
              [102.798223358, 17.854100701, 0.0],
              [102.798547791, 17.852541674, 0.0],
              [102.799904352, 17.848991059, 0.0],
              [102.800573234, 17.846538862, 0.0],
              [102.801226215, 17.844361242, 0.0],
              [102.802654084, 17.838211951, 0.0],
              [102.802790053, 17.83739532, 0.0],
              [102.802952582, 17.836801019, 0.0],
              [102.804144787, 17.831197389, 0.0],
              [102.804698953, 17.827587111, 0.0],
              [102.80506141, 17.82452114, 0.0],
              [102.805601547, 17.822361853, 0.0],
              [102.806296807, 17.819810013, 0.0],
              [102.806557167, 17.818814095, 0.0],
              [102.807391889, 17.815481317, 0.0],
              [102.808087569, 17.81225545, 0.0],
              [102.808429841, 17.810368063, 0.0],
              [102.808996327, 17.807914299, 0.0],
              [102.809601024, 17.804865568, 0.0],
              [102.810090841, 17.801918807, 0.0],
              [102.810577645, 17.799249877, 0.0],
              [102.810808894, 17.797873487, 0.0],
              [102.811363894, 17.794262376, 0.0],
              [102.811694596, 17.791656414, 0.0],
              [102.811730441, 17.791298999, 0.0],
              [102.812086322, 17.789517694, 0.0],
              [102.812907957, 17.783557356, 0.0],
              [102.81303991, 17.781842224, 0.0],
              [102.813306696, 17.780109714, 0.0],
              [102.813743084, 17.776319283, 0.0],
              [102.813992274, 17.773066557, 0.0],
              [102.813995873, 17.773027047, 0.0],
              [102.814307008, 17.771471216, 0.0],
              [102.815277778, 17.761666389, 0.0],
              [102.815277778, 17.759793368, 0.0],
              [102.815529712, 17.758154979, 0.0],
              [102.815960998, 17.754420209, 0.0],
              [102.815991553, 17.754026042, 0.0],
              [102.816011866, 17.753754414, 0.0],
              [102.816014674, 17.753715437, 0.0],
              [102.816195487, 17.751367206, 0.0],
              [102.816336376, 17.74996714, 0.0],
              [102.816785396, 17.74659038, 0.0],
              [102.81707351, 17.743845984, 0.0],
              [102.817352121, 17.740234873, 0.0],
              [102.817500271, 17.736361682, 0.0],
              [102.817500109, 17.736061772, 0.0],
              [102.817638033, 17.735373026, 0.0],
              [102.818435597, 17.729596883, 0.0],
              [102.818445693, 17.729553039, 0.0],
              [102.819570792, 17.722203668, 0.0],
              [102.81985107, 17.718593946, 0.0],
              [102.820001107, 17.714701911, 0.0],
              [102.820001059, 17.714589139, 0.0],
              [102.820409585, 17.711041157, 0.0],
              [102.820672639, 17.707606136, 0.0],
              [102.820792866, 17.706170705, 0.0],
              [102.821085823, 17.704265535, 0.0],
              [102.821539837, 17.693107328, 0.0],
              [102.821389549, 17.691001338, 0.0],
              [102.821389999, 17.688899882, 0.0],
              [102.821389999, 17.687857536, 0.0],
              [102.821917631, 17.685110302, 0.0],
              [102.822473743, 17.681499469, 0.0],
              [102.822909384, 17.677719917, 0.0],
              [102.823186884, 17.674109083, 0.0],
              [102.823333888, 17.670267061, 0.0],
              [102.823333054, 17.666379006, 0.0],
              [102.823222578, 17.663067744, 0.0],
              [102.823055556, 17.660559396, 0.0],
              [102.823055556, 17.646666389, 0.0],
              [102.823054442, 17.643040446, 0.0],
              [102.822927632, 17.639497025, 0.0],
              [102.82290747, 17.639214474, 0.0],
              [102.822909428, 17.631735688, 0.0],
              [102.822778342, 17.63002486, 0.0],
              [102.822778326, 17.629969332, 0.0],
              [102.822908347, 17.628278668, 0.0],
              [102.82303978, 17.626568071, 0.0],
              [102.823264944, 17.625108443, 0.0],
              [102.823308585, 17.624824804, 0.0],
              [102.823718631, 17.621358066, 0.0],
              [102.823995298, 17.61802501, 0.0],
              [102.824039837, 17.61744795, 0.0],
              [102.824149428, 17.615912241, 0.0],
              [102.824317694, 17.614904995, 0.0],
              [102.824875039, 17.610214816, 0.0],
              [102.825085887, 17.607251303, 0.0],
              [102.826796846, 17.599668467, 0.0],
              [102.827061678, 17.596226179, 0.0],
              [102.82715654, 17.595093216, 0.0],
              [102.827376529, 17.593772839, 0.0],
              [102.827911203, 17.589363111, 0.0],
              [102.828185043, 17.585777549, 0.0],
              [102.828317788, 17.584063077, 0.0],
              [102.828587796, 17.582302816, 0.0],
              [102.828992405, 17.57888281, 0.0],
              [102.829270738, 17.575549754, 0.0],
              [102.82931885, 17.574926682, 0.0],
              [102.829594683, 17.571038071, 0.0],
              [102.82966955, 17.568940488, 0.0],
              [102.830367984, 17.56437402, 0.0],
              [102.830386846, 17.564292235, 0.0],
              [102.831083363, 17.56066527, 0.0],
              [102.831639474, 17.557053881, 0.0],
              [102.832074939, 17.553275472, 0.0],
              [102.832340301, 17.549822587, 0.0],
              [102.832588262, 17.546843332, 0.0],
              [102.832754099, 17.545024909, 0.0],
              [102.832786922, 17.544779014, 0.0],
              [102.834299173, 17.53604152, 0.0],
              [102.834571497, 17.532487088, 0.0],
              [102.83461897, 17.531885424, 0.0],
              [102.834626503, 17.531788759, 0.0],
              [102.834684749, 17.531031841, 0.0],
              [102.834815417, 17.53024633, 0.0],
              [102.835096362, 17.528702815, 0.0],
              [102.83566857, 17.526217512, 0.0],
              [102.836438188, 17.52208855, 0.0],
              [102.836995133, 17.518200216, 0.0],
              [102.837500276, 17.511125119, 0.0],
              [102.837500799, 17.509292223, 0.0],
              [102.837606971, 17.508007893, 0.0],
              [102.837648254, 17.507473652, 0.0],
              [102.837783884, 17.505586906, 0.0],
              [102.838033043, 17.50396062, 0.0],
              [102.838236255, 17.497376643, 0.0],
              [102.838450276, 17.495770463, 0.0],
              [102.838740471, 17.493008838, 0.0],
              [102.838855356, 17.491518317, 0.0],
              [102.840000278, 17.4822225, 0.0],
              [102.840000278, 17.482172983, 0.0],
              [102.840479417, 17.480097938, 0.0],
              [102.840653527, 17.479662662, 0.0],
              [102.841104348, 17.478761642, 0.0],
              [102.843378838, 17.473475764, 0.0],
              [102.843506725, 17.473124074, 0.0],
              [102.843608737, 17.472920091, 0.0],
              [102.845312681, 17.469126167, 0.0],
              [102.84642407, 17.466347834, 0.0],
              [102.847895033, 17.462134346, 0.0],
              [102.848315776, 17.460730747, 0.0],
              [102.848932348, 17.459034171, 0.0],
              [102.850040111, 17.45599066, 0.0],
              [102.850946343, 17.453258596, 0.0],
              [102.851779954, 17.450480262, 0.0],
              [102.851894052, 17.450081671, 0.0],
              [102.854287067, 17.444345421, 0.0],
              [102.855119012, 17.441567643, 0.0],
              [102.855457885, 17.440383288, 0.0],
              [102.856291496, 17.43732801, 0.0],
              [102.856558517, 17.436307038, 0.0],
              [102.857392962, 17.432973149, 0.0],
              [102.857612451, 17.432059878, 0.0],
              [102.858444396, 17.428449322, 0.0],
              [102.859573248, 17.421064949, 0.0],
              [102.859824721, 17.417802332, 0.0],
              [102.859977201, 17.41612961, 0.0],
              [102.860395103, 17.412993983, 0.0],
              [102.860686328, 17.410219917, 0.0],
              [102.860963828, 17.406609083, 0.0],
              [102.861110833, 17.402777778, 0.0],
              [102.861110833, 17.400812811, 0.0],
              [102.861241327, 17.399119656, 0.0],
              [102.861245954, 17.399059271, 0.0],
              [102.861373655, 17.397938791, 0.0],
              [102.861869635, 17.397194424, 0.0],
              [102.863227482, 17.395611589, 0.0],
              [102.86688313, 17.390787559, 0.0],
              [102.869211717, 17.387293979, 0.0],
              [102.870728453, 17.385170791, 0.0],
              [102.873213178, 17.382064317, 0.0],
              [102.873481009, 17.38172649, 0.0],
              [102.876536287, 17.377838434, 0.0],
              [102.878827723, 17.37467553, 0.0],
              [102.879929133, 17.37302303, 0.0],
              [102.881295972, 17.371428403, 0.0],
              [102.884936275, 17.366622981, 0.0],
              [102.887089505, 17.363393027, 0.0],
              [102.888996649, 17.360793731, 0.0],
              [102.891545739, 17.357547791, 0.0],
              [102.892545036, 17.356231076, 0.0],
              [102.895600036, 17.352064409, 0.0],
              [102.895959772, 17.351567404, 0.0],
              [102.897949463, 17.348782672, 0.0],
              [102.900434591, 17.345675744, 0.0],
              [102.902074695, 17.343506901, 0.0],
              [102.904060341, 17.340727117, 0.0],
              [102.906542909, 17.337623959, 0.0],
              [102.906817198, 17.337277983, 0.0],
              [102.909873309, 17.333387983, 0.0],
              [102.912154934, 17.33023902, 0.0],
              [102.913733539, 17.327871743, 0.0],
              [102.915715321, 17.325393441, 0.0],
              [102.917345669, 17.323237648, 0.0],
              [102.920125113, 17.319348204, 0.0],
              [102.921050223, 17.31800803, 0.0],
              [102.921595768, 17.317189522, 0.0],
              [102.922468345, 17.316250098, 0.0],
              [102.927437406, 17.309955312, 0.0],
              [102.92976773, 17.306459476, 0.0],
              [102.93128567, 17.304334147, 0.0],
              [102.933768384, 17.30123003, 0.0],
              [102.935406099, 17.299064381, 0.0],
              [102.938003505, 17.295428531, 0.0],
              [102.940252976, 17.292360941, 0.0],
              [102.942928774, 17.289016974, 0.0],
              [102.944577919, 17.286836388, 0.0],
              [102.947355419, 17.282947222, 0.0],
              [102.948258845, 17.281638703, 0.0],
              [102.949375733, 17.279964687, 0.0],
              [102.950737842, 17.278375805, 0.0],
              [102.953095186, 17.275405012, 0.0],
              [102.955661996, 17.271905453, 0.0],
              [102.95820617, 17.268667119, 0.0],
              [102.959212642, 17.267341183, 0.0],
              [102.962267642, 17.263174238, 0.0],
              [102.962623492, 17.262682639, 0.0],
              [102.964617266, 17.259892791, 0.0],
              [102.967106264, 17.256779831, 0.0],
              [102.969648425, 17.253303363, 0.0],
              [102.971351603, 17.250750297, 0.0],
              [102.973208606, 17.24838624, 0.0],
              [102.974210421, 17.247066435, 0.0],
              [102.976772088, 17.243572934, 0.0],
              [102.979312394, 17.240340636, 0.0],
              [102.98161559, 17.237160526, 0.0],
              [102.982706034, 17.235523224, 0.0],
              [102.984062352, 17.23394202, 0.0],
              [102.987713477, 17.229124261, 0.0],
              [102.989410028, 17.226579519, 0.0],
              [102.991125665, 17.224395782, 0.0],
              [102.99432198, 17.220400189, 0.0],
              [102.996879866, 17.216902039, 0.0],
              [102.999210815, 17.213405732, 0.0],
              [103.001520711, 17.210171646, 0.0],
              [103.009860392, 17.190925402, 0.0],
              [103.010416503, 17.188147347, 0.0],
              [103.01127841, 17.175006884, 0.0],
              [103.011000632, 17.170840495, 0.0],
              [103.010962734, 17.17031396, 0.0],
              [103.010683568, 17.166701737, 0.0],
              [103.010277068, 17.163355184, 0.0],
              [103.01027694, 17.163035831, 0.0],
              [103.009696188, 17.155457259, 0.0],
              [103.009141108, 17.151847156, 0.0],
              [103.008874457, 17.150112321, 0.0],
              [103.008742252, 17.148391533, 0.0],
              [103.00830652, 17.144610809, 0.0],
              [103.007750409, 17.140999975, 0.0],
              [103.007006878, 17.137504247, 0.0],
              [103.006494051, 17.13068696, 0.0],
              [103.006077956, 17.128886281, 0.0],
              [103.005806852, 17.127125869, 0.0],
              [103.005539735, 17.125384685, 0.0],
              [103.005409195, 17.123680717, 0.0],
              [103.004278056, 17.116270981, 0.0],
              [103.003445556, 17.112658759, 0.0],
              [103.002591901, 17.109774334, 0.0],
              [103.001572259, 17.103791453, 0.0],
              [103.001306543, 17.102816866, 0.0],
              [103.001136374, 17.101881701, 0.0],
              [103.000665179, 17.099596376, 0.0],
              [102.999832401, 17.095985543, 0.0],
              [102.997811448, 17.089534818, 0.0],
              [102.997673078, 17.088981477, 0.0],
              [102.99558826, 17.082535974, 0.0],
              [102.994476871, 17.079758474, 0.0],
              [102.991916567, 17.07471207, 0.0],
              [102.991568051, 17.073876204, 0.0],
              [102.990905021, 17.072217552, 0.0],
              [102.990731168, 17.071494118, 0.0],
              [102.98989839, 17.068160229, 0.0],
              [102.98962232, 17.067104191, 0.0],
              [102.988787876, 17.064048913, 0.0],
              [102.986831578, 17.058632567, 0.0],
              [102.986222111, 17.055989102, 0.0],
              [102.985216328, 17.05259063, 0.0],
              [102.984348467, 17.047673381, 0.0],
              [102.983514856, 17.044617826, 0.0],
              [102.982711152, 17.041964018, 0.0],
              [102.9820411, 17.039954198, 0.0],
              [102.981575418, 17.038244987, 0.0],
              [102.980764363, 17.035566155, 0.0],
              [102.979930474, 17.033066433, 0.0],
              [102.978923194, 17.030317754, 0.0],
              [102.97871584, 17.029799421, 0.0],
              [102.978518195, 17.029074238, 0.0],
              [102.976699371, 17.023646808, 0.0],
              [102.976134727, 17.022235693, 0.0],
              [102.975489047, 17.020298815, 0.0],
              [102.974480393, 17.017545056, 0.0],
              [102.973701306, 17.015596951, 0.0],
              [102.973502485, 17.014802725, 0.0],
              [102.97324019, 17.013799241, 0.0],
              [102.972546857, 17.011254863, 0.0],
              [102.971842638, 17.008436106, 0.0],
              [102.971223607, 17.00618349, 0.0],
              [102.970569185, 17.00400281, 0.0],
              [102.969898987, 17.001548913, 0.0],
              [102.967819971, 16.995492818, 0.0],
              [102.966431082, 16.992159207, 0.0],
              [102.96518398, 16.989433094, 0.0],
              [102.964081997, 16.986497248, 0.0],
              [102.962260134, 16.980883718, 0.0],
              [102.961149856, 16.978106496, 0.0],
              [102.95944207, 16.974302964, 0.0],
              [102.958056759, 16.971532896, 0.0],
              [102.956671723, 16.968761162, 0.0],
              [102.956323763, 16.96806583, 0.0],
              [102.955603739, 16.966336532, 0.0],
              [102.954160097, 16.963182355, 0.0],
              [102.953703923, 16.962270645, 0.0],
              [102.953369645, 16.961434992, 0.0],
              [102.952261607, 16.958663096, 0.0],
              [102.9515267, 16.95692095, 0.0],
              [102.950415589, 16.954420117, 0.0],
              [102.950237988, 16.954025005, 0.0],
              [102.948849099, 16.95097056, 0.0],
              [102.948056759, 16.949309842, 0.0],
              [102.947173907, 16.947543784, 0.0],
              [102.946522513, 16.946078474, 0.0],
              [102.946348676, 16.945691851, 0.0],
              [102.944958954, 16.94263574, 0.0],
              [102.943674243, 16.94008734, 0.0],
              [102.94166161, 16.935408156, 0.0],
              [102.940275019, 16.93263636, 0.0],
              [102.939820314, 16.931726768, 0.0],
              [102.939482828, 16.930882673, 0.0],
              [102.936763517, 16.925162029, 0.0],
              [102.935900693, 16.923609016, 0.0],
              [102.935354326, 16.922516499, 0.0],
              [102.934837049, 16.920360703, 0.0],
              [102.934004271, 16.917583481, 0.0],
              [102.93226086, 16.912704123, 0.0],
              [102.930871138, 16.909370789, 0.0],
              [102.929444537, 16.906254286, 0.0],
              [102.92927519, 16.905915523, 0.0],
              [102.932685139, 16.898425206, 0.0],
              [102.933517917, 16.895369651, 0.0],
              [102.934696564, 16.88982169, 0.0],
              [102.935206008, 16.886508912, 0.0],
              [102.935252957, 16.886203319, 0.0],
              [102.935659291, 16.882772388, 0.0],
              [102.935937625, 16.879439888, 0.0],
              [102.935609293, 16.868212214, 0.0],
              [102.935054015, 16.864322492, 0.0],
              [102.934748255, 16.862438435, 0.0],
              [102.934700465, 16.86217577, 0.0],
              [102.93461148, 16.860840994, 0.0],
              [102.934138036, 16.856546092, 0.0],
              [102.933581091, 16.852934703, 0.0],
              [102.930944653, 16.844652703, 0.0],
              [102.931018523, 16.844632574, 0.0],
              [102.930185745, 16.841576463, 0.0],
              [102.93006792, 16.84160857, 0.0],
              [102.927825721, 16.832730071, 0.0],
              [102.92743007, 16.831779591, 0.0],
              [102.927338672, 16.831474727, 0.0],
              [102.924962582, 16.825142165, 0.0],
              [102.924884626, 16.824970671, 0.0],
              [102.923175589, 16.820236555, 0.0],
              [102.922888677, 16.81923493, 0.0],
              [102.922340159, 16.817407755, 0.0],
              [102.922343805, 16.817397306, 0.0],
              [102.92317575, 16.814618695, 0.0],
              [102.924692303, 16.80789922, 0.0],
              [102.925249248, 16.804288387, 0.0],
              [102.925394082, 16.790051277, 0.0],
              [102.924837971, 16.785884888, 0.0],
              [102.92317145, 16.778141394, 0.0],
              [102.922338672, 16.775363616, 0.0],
              [102.922229538, 16.775004499, 0.0],
              [102.922185055, 16.774860075, 0.0],
              [102.922811805, 16.773293357, 0.0],
              [102.924625993, 16.767881061, 0.0],
              [102.925458514, 16.764829224, 0.0],
              [102.9258527, 16.763385164, 0.0],
              [102.925920797, 16.763135095, 0.0],
              [102.926299643, 16.761743303, 0.0],
              [102.926985694, 16.751468345, 0.0],
              [102.928333555, 16.741463464, 0.0],
              [102.926609731, 16.728372888, 0.0],
              [102.921519423, 16.716189968, 0.0],
              [102.92113076, 16.715523878, 0.0],
              [102.920680917, 16.71447407, 0.0],
              [102.919252686, 16.711140737, 0.0],
              [102.917809884, 16.707535174, 0.0],
              [102.914807834, 16.701316534, 0.0],
              [102.91399462, 16.699892467, 0.0],
              [102.913694737, 16.699193489, 0.0],
              [102.912261009, 16.695607017, 0.0],
              [102.910554693, 16.691806265, 0.0],
              [102.909268613, 16.689234105, 0.0],
              [102.90818219, 16.686698151, 0.0],
              [102.906511216, 16.682800231, 0.0],
              [102.90467055, 16.67896565, 0.0],
              [102.903450395, 16.676678546, 0.0],
              [102.902864394, 16.675311177, 0.0],
              [102.901425051, 16.671711979, 0.0],
              [102.899724276, 16.667923487, 0.0],
              [102.898433771, 16.665341556, 0.0],
              [102.89758544, 16.663363058, 0.0],
              [102.896147977, 16.659768324, 0.0],
              [102.89313228, 16.653522435, 0.0],
              [102.892331132, 16.652120702, 0.0],
              [102.892029973, 16.65141778, 0.0],
              [102.890586529, 16.647811094, 0.0],
              [102.890124551, 16.646695975, 0.0],
              [102.888458162, 16.642807086, 0.0],
              [102.887223637, 16.640144709, 0.0],
              [102.886207309, 16.638111473, 0.0],
              [102.885310738, 16.635870642, 0.0],
              [102.877151903, 16.622336554, 0.0],
              [102.877616665, 16.619660186, 0.0],
              [102.877911332, 16.617448782, 0.0],
              [102.878331855, 16.615488815, 0.0],
              [102.879317596, 16.608559036, 0.0],
              [102.879370571, 16.607816755, 0.0],
              [102.879517999, 16.607079022, 0.0],
              [102.880278898, 16.603526047, 0.0],
              [102.880413389, 16.602877075, 0.0],
              [102.881182226, 16.599039287, 0.0],
              [102.881945545, 16.595477806, 0.0],
              [102.882945268, 16.588322745, 0.0],
              [102.882981996, 16.587771384, 0.0],
              [102.88305635, 16.587424515, 0.0],
              [102.883195475, 16.586753043, 0.0],
              [102.884029086, 16.582586099, 0.0],
              [102.884498596, 16.579844886, 0.0],
              [102.884809467, 16.577667541, 0.0],
              [102.885280162, 16.575469499, 0.0],
              [102.885419404, 16.574796728, 0.0],
              [102.886251904, 16.570630339, 0.0],
              [102.887093304, 16.564406065, 0.0],
              [102.887146635, 16.56366161, 0.0],
              [102.887294465, 16.562922706, 0.0],
              [102.888056196, 16.559369398, 0.0],
              [102.888197235, 16.55868841, 0.0],
              [102.889030013, 16.554521743, 0.0],
              [102.889496136, 16.551800715, 0.0],
              [102.890052247, 16.547912104, 0.0],
              [102.890118151, 16.547434872, 0.0],
              [102.890413093, 16.545220448, 0.0],
              [102.89083385, 16.543257571, 0.0],
              [102.891442202, 16.539846865, 0.0],
              [102.89180099, 16.537334632, 0.0],
              [102.892295747, 16.534861339, 0.0],
              [102.893057815, 16.531302395, 0.0],
              [102.894054868, 16.524166791, 0.0],
              [102.894092018, 16.523610798, 0.0],
              [102.894167636, 16.523258047, 0.0],
              [102.894309252, 16.522574155, 0.0],
              [102.895074312, 16.518745026, 0.0],
              [102.895835009, 16.515192992, 0.0],
              [102.896504198, 16.511336745, 0.0],
              [102.897030964, 16.507389684, 0.0],
              [102.897076778, 16.507068181, 0.0],
              [102.897307825, 16.505453543, 0.0],
              [102.897780162, 16.503247832, 0.0],
              [102.898449429, 16.499390569, 0.0],
              [102.898745645, 16.49717043, 0.0],
              [102.899167278, 16.495203885, 0.0],
              [102.899309127, 16.49451895, 0.0],
              [102.900141627, 16.490352561, 0.0],
              [102.900983786, 16.484117655, 0.0],
              [102.901261564, 16.480228488, 0.0],
              [102.900885944, 16.469594331, 0.0],
              [102.900608167, 16.467650164, 0.0],
              [102.897474777, 16.457619705, 0.0],
              [102.897613362, 16.457578137, 0.0],
              [102.896780585, 16.454801748, 0.0],
              [102.896040545, 16.453028509, 0.0],
              [102.895832193, 16.452361542, 0.0],
              [102.895408793, 16.451514742, 0.0],
              [102.892784152, 16.445225736, 0.0],
              [102.891545725, 16.442955114, 0.0],
              [102.890556481, 16.440976231, 0.0],
              [102.886814258, 16.434919697, 0.0],
              [102.886485919, 16.434328687, 0.0],
              [102.885647783, 16.43287785, 0.0],
              [102.885210437, 16.432149255, 0.0],
              [102.885026788, 16.431690637, 0.0],
              [102.881491078, 16.424563712, 0.0],
              [102.879991297, 16.42206266, 0.0],
              [102.879019853, 16.419060089, 0.0],
              [102.878650185, 16.418077511, 0.0],
              [102.878237407, 16.416564219, 0.0],
              [102.87743191, 16.413904626, 0.0],
              [102.876762916, 16.411898481, 0.0],
              [102.876434495, 16.410692845, 0.0],
              [102.87572669, 16.407863984, 0.0],
              [102.875463474, 16.406856654, 0.0],
              [102.875375689, 16.406534454, 0.0],
              [102.875250775, 16.405723325, 0.0],
              [102.874339983, 16.401204928, 0.0],
              [102.873506372, 16.397871039, 0.0],
              [102.873240139, 16.396852016, 0.0],
              [102.872545457, 16.394303151, 0.0],
              [102.871839269, 16.391479574, 0.0],
              [102.871225306, 16.389245913, 0.0],
              [102.871193396, 16.389139527, 0.0],
              [102.871137439, 16.38883186, 0.0],
              [102.870664131, 16.386536461, 0.0],
              [102.869830519, 16.382923961, 0.0],
              [102.869617007, 16.382035803, 0.0],
              [102.868783396, 16.37870247, 0.0],
              [102.866583193, 16.372400045, 0.0],
              [102.866564582, 16.37232555, 0.0],
              [102.866433197, 16.371970384, 0.0],
              [102.865794129, 16.37013979, 0.0],
              [102.865589547, 16.369689791, 0.0],
              [102.864208389, 16.365956184, 0.0],
              [102.864065937, 16.365386517, 0.0],
              [102.863861053, 16.364056103, 0.0],
              [102.862337561, 16.357307783, 0.0],
              [102.861968996, 16.356078413, 0.0],
              [102.861499446, 16.354042184, 0.0],
              [102.861014829, 16.352116157, 0.0],
              [102.860930644, 16.351807609, 0.0],
              [102.860808147, 16.351011101, 0.0],
              [102.860579977, 16.349652359, 0.0],
              [102.860487624, 16.349145284, 0.0],
              [102.860409473, 16.348125161, 0.0],
              [102.859972909, 16.344333587, 0.0],
              [102.859416798, 16.340722753, 0.0],
              [102.858509184, 16.336217294, 0.0],
              [102.858299683, 16.335378522, 0.0],
              [102.858107459, 16.334034105, 0.0],
              [102.858055556, 16.333684294, 0.0],
              [102.858055556, 16.331947747, 0.0],
              [102.858222776, 16.329446774, 0.0],
              [102.856566484, 16.312933721, 0.0],
              [102.855731761, 16.309878443, 0.0],
              [102.853655225, 16.303829707, 0.0],
              [102.853388662, 16.303189776, 0.0],
              [102.853079473, 16.302106802, 0.0],
              [102.852084835, 16.299008631, 0.0],
              [102.850873973, 16.295620008, 0.0],
              [102.850532408, 16.294595927, 0.0],
              [102.850282403, 16.293427542, 0.0],
              [102.848473827, 16.287065808, 0.0],
              [102.847780746, 16.285126067, 0.0],
              [102.847203532, 16.282959746, 0.0],
              [102.845975501, 16.279014105, 0.0],
              [102.845813497, 16.278560558, 0.0],
              [102.845695323, 16.277969808, 0.0],
              [102.843757642, 16.270971549, 0.0],
              [102.842369865, 16.267082937, 0.0],
              [102.841665739, 16.26511372, 0.0],
              [102.841087676, 16.26294667, 0.0],
              [102.840855862, 16.26210708, 0.0],
              [102.839745585, 16.258218191, 0.0],
              [102.838632012, 16.254320406, 0.0],
              [102.837984026, 16.252227094, 0.0],
              [102.837475816, 16.250704293, 0.0],
              [102.837226904, 16.249540678, 0.0],
              [102.83541939, 16.243180771, 0.0],
              [102.834724677, 16.241235852, 0.0],
              [102.83414523, 16.239062638, 0.0],
              [102.832933738, 16.235165439, 0.0],
              [102.832344571, 16.23351155, 0.0],
              [102.832273968, 16.233314659, 0.0],
              [102.832222435, 16.233171889, 0.0],
              [102.83164523, 16.231007082, 0.0],
              [102.831409253, 16.230152555, 0.0],
              [102.830298142, 16.226263666, 0.0],
              [102.82930866, 16.223181837, 0.0],
              [102.828611335, 16.221229468, 0.0],
              [102.828029372, 16.219049285, 0.0],
              [102.827803376, 16.218230616, 0.0],
              [102.826694209, 16.214341727, 0.0],
              [102.825695946, 16.211230854, 0.0],
              [102.825000862, 16.209285646, 0.0],
              [102.824741649, 16.208313841, 0.0],
              [102.824169023, 16.205640182, 0.0],
              [102.822366319, 16.199298617, 0.0],
              [102.821155656, 16.19590784, 0.0],
              [102.819934126, 16.192243496, 0.0],
              [102.819584938, 16.191232197, 0.0],
              [102.819308858, 16.190459526, 0.0],
              [102.819169176, 16.189807286, 0.0],
              [102.817712575, 16.184468287, 0.0],
              [102.816666648, 16.181330086, 0.0],
              [102.815853068, 16.178483269, 0.0],
              [102.815212891, 16.176413958, 0.0],
              [102.81469828, 16.174869815, 0.0],
              [102.814443967, 16.173683813, 0.0],
              [102.812643439, 16.167353108, 0.0],
              [102.811433313, 16.163964079, 0.0],
              [102.810555793, 16.161331342, 0.0],
              [102.810204142, 16.160100475, 0.0],
              [102.809722307, 16.157852824, 0.0],
              [102.808267537, 16.152522894, 0.0],
              [102.806878648, 16.148355949, 0.0],
              [102.806530882, 16.147348504, 0.0],
              [102.8062548, 16.146575529, 0.0],
              [102.806114891, 16.145922015, 0.0],
              [102.804654096, 16.140569241, 0.0],
              [102.803610592, 16.137440608, 0.0],
              [102.802800511, 16.134603905, 0.0],
              [102.802154767, 16.132516531, 0.0],
              [102.801641571, 16.130977557, 0.0],
              [102.801388316, 16.129796238, 0.0],
              [102.799589382, 16.123469141, 0.0],
              [102.79837917, 16.12007856, 0.0],
              [102.797500205, 16.117441313, 0.0],
              [102.796687457, 16.114597101, 0.0],
              [102.795696321, 16.11112788, 0.0],
              [102.79469638, 16.107382094, 0.0],
              [102.793480171, 16.103475298, 0.0],
              [102.793199183, 16.10268779, 0.0],
              [102.793055918, 16.102019491, 0.0],
              [102.791599883, 16.096685765, 0.0],
              [102.790210994, 16.092519932, 0.0],
              [102.789864493, 16.091516281, 0.0],
              [102.7890212, 16.08915523, 0.0],
              [102.788475597, 16.087244803, 0.0],
              [102.787476906, 16.083501145, 0.0],
              [102.787242845, 16.08265374, 0.0],
              [102.786131734, 16.078764573, 0.0],
              [102.785485963, 16.076677898, 0.0],
              [102.784441922, 16.07354807, 0.0],
              [102.783632262, 16.070714057, 0.0],
              [102.782523343, 16.066829653, 0.0],
              [102.781878015, 16.064742941, 0.0],
              [102.78083272, 16.061607262, 0.0],
              [102.780020105, 16.058763314, 0.0],
              [102.779029208, 16.055677707, 0.0],
              [102.77887032, 16.055232993, 0.0],
              [102.778754674, 16.054653798, 0.0],
              [102.776813476, 16.047637937, 0.0],
              [102.775965601, 16.045262158, 0.0],
              [102.775418316, 16.043348573, 0.0],
              [102.774422708, 16.039615541, 0.0],
              [102.774185596, 16.038757258, 0.0],
              [102.77331978, 16.035728561, 0.0],
              [102.773080347, 16.034889587, 0.0],
              [102.772083899, 16.031785343, 0.0],
              [102.77087509, 16.028402707, 0.0],
              [102.770532957, 16.027376171, 0.0],
              [102.770280593, 16.026197605, 0.0],
              [102.768821157, 16.020849588, 0.0],
              [102.767777041, 16.017718495, 0.0],
              [102.766966771, 16.014881231, 0.0],
              [102.765976745, 16.011796699, 0.0],
              [102.765813449, 16.011339403, 0.0],
              [102.765694794, 16.010746328, 0.0],
              [102.763753484, 16.003738458, 0.0],
              [102.762364596, 15.999849569, 0.0],
              [102.762200033, 15.999388801, 0.0],
              [102.762080181, 15.998790499, 0.0],
              [102.761855688, 15.998835469, 0.0],
              [102.761295998, 15.99463174, 0.0],
              [102.76046322, 15.991575906, 0.0],
              [102.758377484, 15.985494461, 0.0],
              [102.758207754, 15.985087042, 0.0],
              [102.756424475, 15.979765678, 0.0],
              [102.755313364, 15.976987622, 0.0],
              [102.753828891, 15.973681781, 0.0],
              [102.751388643, 15.967085553, 0.0],
              [102.750898282, 15.966104732, 0.0],
              [102.7481464, 15.960151167, 0.0],
              [102.747520351, 15.959024954, 0.0],
              [102.747339067, 15.958420211, 0.0],
              [102.744958369, 15.952077066, 0.0],
              [102.744847274, 15.951832803, 0.0],
              [102.743680663, 15.948566993, 0.0],
              [102.743336205, 15.946756298, 0.0],
              [102.7427775, 15.944146334, 0.0],
              [102.7427775, 15.942499444, 0.0],
              [102.74021127, 15.92668687, 0.0],
              [102.73954023, 15.92467392, 0.0],
              [102.739073421, 15.922961457, 0.0],
              [102.738264084, 15.920288929, 0.0],
              [102.737430473, 15.91779004, 0.0],
              [102.736669592, 15.915669558, 0.0],
              [102.735280703, 15.912057058, 0.0],
              [102.735029182, 15.911416063, 0.0],
              [102.734746475, 15.91070993, 0.0],
              [102.734738247, 15.91068252, 0.0],
              [102.734073523, 15.90824313, 0.0],
              [102.731988395, 15.90216276, 0.0],
              [102.73177626, 15.901653484, 0.0],
              [102.729342654, 15.895286022, 0.0],
              [102.729282956, 15.895086878, 0.0],
              [102.727543254, 15.890215309, 0.0],
              [102.727388275, 15.889843316, 0.0],
              [102.727060983, 15.888700027, 0.0],
              [102.726228483, 15.885922527, 0.0],
              [102.724304286, 15.881068193, 0.0],
              [102.722533345, 15.875593131, 0.0],
              [102.721421956, 15.872815353, 0.0],
              [102.719720188, 15.869026421, 0.0],
              [102.718330743, 15.86624781, 0.0],
              [102.716482275, 15.862881075, 0.0],
              [102.715805338, 15.86175311, 0.0],
              [102.71527636, 15.860695154, 0.0],
              [102.71216107, 15.855326157, 0.0],
              [102.710494681, 15.852825879, 0.0],
              [102.706851824, 15.848016434, 0.0],
              [102.705185435, 15.846072267, 0.0],
              [102.703882185, 15.844664988, 0.0],
              [102.7033421, 15.843901416, 0.0],
              [102.701676545, 15.841679193, 0.0],
              [102.699289368, 15.838733833, 0.0],
              [102.69734552, 15.836513165, 0.0],
              [102.695571348, 15.834486119, 0.0],
              [102.694855047, 15.833650475, 0.0],
              [102.693650136, 15.832099679, 0.0],
              [102.689515653, 15.827414698, 0.0],
              [102.688975795, 15.826875042, 0.0],
              [102.688605434, 15.826381413, 0.0],
              [102.683963647, 15.821030747, 0.0],
              [102.682018925, 15.819086302, 0.0],
              [102.679604116, 15.817060898, 0.0],
              [102.679297049, 15.816702355, 0.0],
              [102.678074194, 15.815130561, 0.0],
              [102.671679711, 15.808358078, 0.0],
              [102.67042567, 15.806927694, 0.0],
              [102.67045834, 15.806899684, 0.0],
              [102.668791951, 15.804956073, 0.0],
              [102.668474984, 15.804589977, 0.0],
              [102.666531095, 15.802366644, 0.0],
              [102.664233735, 15.799910838, 0.0],
              [102.663007968, 15.798685837, 0.0],
              [102.660690515, 15.796186996, 0.0],
              [102.658554346, 15.793581138, 0.0],
              [102.657592808, 15.79149113, 0.0],
              [102.655925585, 15.788713352, 0.0],
              [102.655864387, 15.788750083, 0.0],
              [102.655618045, 15.788304274, 0.0],
              [102.655318442, 15.78755463, 0.0],
              [102.653609632, 15.783748086, 0.0],
              [102.653151047, 15.782831009, 0.0],
              [102.652812041, 15.781983621, 0.0],
              [102.649448595, 15.776494369, 0.0],
              [102.646487395, 15.769558034, 0.0],
              [102.645810859, 15.768430175, 0.0],
              [102.645283176, 15.767374068, 0.0],
              [102.644165804, 15.76513932, 0.0],
              [102.642319847, 15.761776473, 0.0],
              [102.641880901, 15.761044847, 0.0],
              [102.641700609, 15.760594208, 0.0],
              [102.640966749, 15.758855782, 0.0],
              [102.63985536, 15.756355782, 0.0],
              [102.6370398, 15.750939635, 0.0],
              [102.636780611, 15.75050771, 0.0],
              [102.63426714, 15.745671314, 0.0],
              [102.633582752, 15.744530249, 0.0],
              [102.633047319, 15.743460133, 0.0],
              [102.630799012, 15.739451585, 0.0],
              [102.630588579, 15.738925663, 0.0],
              [102.628888026, 15.73513932, 0.0],
              [102.627798395, 15.732960058, 0.0],
              [102.624833305, 15.726245217, 0.0],
              [102.624142344, 15.725092058, 0.0],
              [102.623612315, 15.724031787, 0.0],
              [102.622222532, 15.721251942, 0.0],
              [102.61927034, 15.716476157, 0.0],
              [102.61632517, 15.71087689, 0.0],
              [102.615780277, 15.710059505, 0.0],
              [102.615373385, 15.70932718, 0.0],
              [102.611672665, 15.703619389, 0.0],
              [102.611547577, 15.703452535, 0.0],
              [102.611202783, 15.702878127, 0.0],
              [102.60992988, 15.700867568, 0.0],
              [102.608262658, 15.698367846, 0.0],
              [102.604639383, 15.693584331, 0.0],
              [102.602973828, 15.691639886, 0.0],
              [102.60289865, 15.691704281, 0.0],
              [102.601966461, 15.690589044, 0.0],
              [102.601040991, 15.689201457, 0.0],
              [102.597414269, 15.684413917, 0.0],
              [102.59574788, 15.682468917, 0.0],
              [102.593130907, 15.679642451, 0.0],
              [102.590908407, 15.677420229, 0.0],
              [102.59085745, 15.677471192, 0.0],
              [102.584583187, 15.671085819, 0.0],
              [102.583221793, 15.670027109, 0.0],
              [102.582084128, 15.669032007, 0.0],
              [102.577095394, 15.665522489, 0.0],
              [102.572463909, 15.662013141, 0.0],
              [102.569963909, 15.660345919, 0.0],
              [102.56290953, 15.656424426, 0.0],
              [102.560695826, 15.65541838, 0.0],
              [102.558745158, 15.654443241, 0.0],
              [102.556700633, 15.653478325, 0.0],
              [102.554201466, 15.652367214, 0.0],
              [102.550969867, 15.651063362, 0.0],
              [102.547914589, 15.649952806, 0.0],
              [102.547323, 15.64974674, 0.0],
              [102.544762591, 15.648481882, 0.0],
              [102.543750189, 15.648031613, 0.0],
              [102.543175012, 15.647136532, 0.0],
              [102.541432536, 15.644600086, 0.0],
              [102.540321777, 15.643085289, 0.0],
              [102.539286379, 15.641673194, 0.0],
              [102.537616792, 15.639075687, 0.0],
              [102.5348693, 15.635216283, 0.0],
              [102.533756055, 15.633799684, 0.0],
              [102.53287389, 15.632329507, 0.0],
              [102.530686674, 15.628993646, 0.0],
              [102.527908896, 15.625104757, 0.0],
              [102.52653239, 15.623268274, 0.0],
              [102.525422808, 15.621856618, 0.0],
              [102.52454454, 15.620392351, 0.0],
              [102.520982613, 15.6152205, 0.0],
              [102.519390518, 15.613194118, 0.0],
              [102.518170913, 15.61129682, 0.0],
              [102.515429464, 15.607445356, 0.0],
              [102.514313591, 15.606024924, 0.0],
              [102.513428966, 15.604550746, 0.0],
              [102.509871166, 15.599386234, 0.0],
              [102.508275766, 15.597355804, 0.0],
              [102.507053713, 15.595455466, 0.0],
              [102.506605671, 15.594771114, 0.0],
              [102.503829004, 15.590604725, 0.0],
              [102.50290379, 15.589264277, 0.0],
              [102.500130482, 15.585383088, 0.0],
              [102.498516678, 15.583122858, 0.0],
              [102.497041591, 15.580664379, 0.0],
              [102.493481205, 15.575495981, 0.0],
              [102.490427822, 15.571610287, 0.0],
              [102.488832013, 15.569578742, 0.0],
              [102.487606422, 15.567673386, 0.0],
              [102.48716321, 15.566996452, 0.0],
              [102.484386543, 15.562829508, 0.0],
              [102.483462962, 15.561491172, 0.0],
              [102.480684629, 15.557602005, 0.0],
              [102.478839149, 15.555018778, 0.0],
              [102.478377628, 15.554372567, 0.0],
              [102.476045273, 15.550874266, 0.0],
              [102.475127731, 15.549545071, 0.0],
              [102.473066098, 15.546659321, 0.0],
              [102.471232602, 15.543805653, 0.0],
              [102.470276554, 15.542372557, 0.0],
              [102.467776554, 15.538761446, 0.0],
              [102.46706281, 15.537907314, 0.0],
              [102.465673857, 15.535745999, 0.0],
              [102.462929186, 15.531889523, 0.0],
              [102.46133611, 15.529861642, 0.0],
              [102.460116777, 15.527964676, 0.0],
              [102.45837117, 15.525424639, 0.0],
              [102.455500902, 15.521512154, 0.0],
              [102.453619575, 15.518878635, 0.0],
              [102.45178409, 15.516022688, 0.0],
              [102.450048174, 15.513495529, 0.0],
              [102.447895446, 15.510558745, 0.0],
              [102.446221196, 15.507955286, 0.0],
              [102.443481219, 15.504107186, 0.0],
              [102.442366698, 15.502688834, 0.0],
              [102.441483184, 15.501216572, 0.0],
              [102.437933294, 15.496062329, 0.0],
              [102.436335682, 15.49402808, 0.0],
              [102.43511038, 15.492122689, 0.0],
              [102.433743604, 15.490106959, 0.0],
              [102.431434451, 15.486873822, 0.0],
              [102.429103646, 15.483377381, 0.0],
              [102.428179686, 15.482039033, 0.0],
              [102.426114061, 15.479148685, 0.0],
              [102.424278, 15.476292998, 0.0],
              [102.422547065, 15.473773586, 0.0],
              [102.420106873, 15.47044464, 0.0],
              [102.419499735, 15.469615972, 0.0],
              [102.418478783, 15.468270752, 0.0],
              [102.416890889, 15.466250309, 0.0],
              [102.415676168, 15.464359842, 0.0],
              [102.41521049, 15.463648481, 0.0],
              [102.412432156, 15.459482092, 0.0],
              [102.411519729, 15.458160313, 0.0],
              [102.408742148, 15.454271698, 0.0],
              [102.407125248, 15.452007974, 0.0],
              [102.405652424, 15.449553268, 0.0],
              [102.402096131, 15.444390079, 0.0],
              [102.400502216, 15.44236113, 0.0],
              [102.399281424, 15.44046212, 0.0],
              [102.397542408, 15.437931351, 0.0],
              [102.395391003, 15.434997688, 0.0],
              [102.393717255, 15.432395608, 0.0],
              [102.393113425, 15.431547516, 0.0],
              [102.392863818, 15.43038199, 0.0],
              [102.392551762, 15.428199781, 0.0],
              [102.392085568, 15.425478257, 0.0],
              [102.391252791, 15.42131159, 0.0],
              [102.391111905, 15.420631318, 0.0],
              [102.390278294, 15.416742429, 0.0],
              [102.389856761, 15.414777888, 0.0],
              [102.38956324, 15.412571775, 0.0],
              [102.388886796, 15.408674153, 0.0],
              [102.38812769, 15.405137136, 0.0],
              [102.387635602, 15.402672259, 0.0],
              [102.387274616, 15.400146977, 0.0],
              [102.38666749, 15.396744138, 0.0],
              [102.385906521, 15.393193627, 0.0],
              [102.385412314, 15.390720946, 0.0],
              [102.385051691, 15.388199285, 0.0],
              [102.384585568, 15.385478257, 0.0],
              [102.383752791, 15.38131159, 0.0],
              [102.383611291, 15.380628454, 0.0],
              [102.383141696, 15.378438365, 0.0],
              [102.382831793, 15.376267492, 0.0],
              [102.382362519, 15.373527176, 0.0],
              [102.381528908, 15.369359398, 0.0],
              [102.381389098, 15.368684609, 0.0],
              [102.380627314, 15.365131308, 0.0],
              [102.380134551, 15.362668642, 0.0],
              [102.379776524, 15.360159228, 0.0],
              [102.37916616, 15.356736825, 0.0],
              [102.378405958, 15.353192084, 0.0],
              [102.377912492, 15.350722288, 0.0],
              [102.37755162, 15.348199067, 0.0],
              [102.377085568, 15.345478535, 0.0],
              [102.376252791, 15.341311868, 0.0],
              [102.376111905, 15.340631596, 0.0],
              [102.37564185, 15.338438738, 0.0],
              [102.375331722, 15.336266442, 0.0],
              [102.374861765, 15.333522848, 0.0],
              [102.374028153, 15.329356737, 0.0],
              [102.373891551, 15.328697168, 0.0],
              [102.373418603, 15.326488602, 0.0],
              [102.373105275, 15.324300776, 0.0],
              [102.372640819, 15.321590902, 0.0],
              [102.371808042, 15.31742368, 0.0],
              [102.371669307, 15.316753362, 0.0],
              [102.370836807, 15.312865307, 0.0],
              [102.370412118, 15.310884456, 0.0],
              [102.370116182, 15.30866619, 0.0],
              [102.36944545, 15.30480184, 0.0],
              [102.368684035, 15.301248485, 0.0],
              [102.368190708, 15.298780701, 0.0],
              [102.36783151, 15.296265236, 0.0],
              [102.367220715, 15.292842808, 0.0],
              [102.366460369, 15.289299507, 0.0],
              [102.365968439, 15.28683805, 0.0],
              [102.365609081, 15.284321286, 0.0],
              [102.365139642, 15.281580568, 0.0],
              [102.364306031, 15.277413624, 0.0],
              [102.364168592, 15.276750022, 0.0],
              [102.363697467, 15.274550446, 0.0],
              [102.363385939, 15.272370685, 0.0],
              [102.362917546, 15.26963703, 0.0],
              [102.362083934, 15.265469808, 0.0],
              [102.361946523, 15.264806293, 0.0],
              [102.361113745, 15.26091796, 0.0],
              [102.360514501, 15.258517702, 0.0],
              [102.359722863, 15.252852547, 0.0],
              [102.358961131, 15.249299238, 0.0],
              [102.358467713, 15.246832969, 0.0],
              [102.358109081, 15.244321286, 0.0],
              [102.357645813, 15.241611465, 0.0],
              [102.35742498, 15.240503965, 0.0],
              [102.357408124, 15.24041981, 0.0],
              [102.357354697, 15.240154244, 0.0],
              [102.356800981, 15.237392569, 0.0],
              [102.356670362, 15.236762186, 0.0],
              [102.356198086, 15.234554553, 0.0],
              [102.355885308, 15.232366822, 0.0],
              [102.355416513, 15.229631868, 0.0],
              [102.354582902, 15.225466313, 0.0],
              [102.354447419, 15.224812055, 0.0],
              [102.354022873, 15.222828715, 0.0],
              [102.353724014, 15.220594125, 0.0],
              [102.353059993, 15.216767232, 0.0],
              [102.352228326, 15.212877787, 0.0],
              [102.351801773, 15.210888119, 0.0],
              [102.35150655, 15.208672838, 0.0],
              [102.346754188, 15.193094185, 0.0],
              [102.337247015, 15.179869472, 0.0],
              [102.336968682, 15.179591972, 0.0],
              [102.335786121, 15.17845108, 0.0],
              [102.332247141, 15.175147339, 0.0],
              [102.32957641, 15.1724768, 0.0],
              [102.326319025, 15.168986278, 0.0],
              [102.322749574, 15.165142529, 0.0],
              [102.321462662, 15.163807262, 0.0],
              [102.31818547, 15.160530772, 0.0],
              [102.314887532, 15.156996796, 0.0],
              [102.312454577, 15.154563269, 0.0],
              [102.309588788, 15.151887628, 0.0],
              [102.307590452, 15.149736532, 0.0],
              [102.307165425, 15.149279584, 0.0],
              [102.305920441, 15.147988377, 0.0],
              [102.30328647, 15.1453529, 0.0],
              [102.300835301, 15.142525498, 0.0],
              [102.298408647, 15.139919914, 0.0],
              [102.294519556, 15.136031378, 0.0],
              [102.290631299, 15.132143398, 0.0],
              [102.289393048, 15.130947156, 0.0],
              [102.287162329, 15.128865161, 0.0],
              [102.285285257, 15.126699164, 0.0],
              [102.282855061, 15.124089105, 0.0],
              [102.278966172, 15.120200216, 0.0],
              [102.275731167, 15.116965903, 0.0],
              [102.272754423, 15.11375944, 0.0],
              [102.272658816, 15.113656743, 0.0],
              [102.268769093, 15.109490354, 0.0],
              [102.266343188, 15.10706438, 0.0],
              [102.263482114, 15.104393141, 0.0],
              [102.261085331, 15.101811806, 0.0],
              [102.260993561, 15.101713237, 0.0],
              [102.257103839, 15.09754657, 0.0],
              [102.255912587, 15.096313576, 0.0],
              [102.25267655, 15.093077077, 0.0],
              [102.250414036, 15.090640924, 0.0],
              [102.248775065, 15.087772213, 0.0],
              [102.247203592, 15.084825898, 0.0],
              [102.245551859, 15.081523376, 0.0],
              [102.244243877, 15.079079882, 0.0],
              [102.242025193, 15.075197672, 0.0],
              [102.240825803, 15.073097501, 0.0],
              [102.240087941, 15.071517135, 0.0],
              [102.238736727, 15.068363552, 0.0],
              [102.236190698, 15.063249944, 0.0],
              [102.234327781, 15.059989607, 0.0],
              [102.232760808, 15.057052879, 0.0],
              [102.231115635, 15.053760652, 0.0],
              [102.230504289, 15.052576967, 0.0],
              [102.228281789, 15.048410856, 0.0],
              [102.227579778, 15.047139722, 0.0],
              [102.226046369, 15.044456018, 0.0],
              [102.224723554, 15.041809821, 0.0],
              [102.223411099, 15.039357382, 0.0],
              [102.222912236, 15.038484482, 0.0],
              [102.222535864, 15.037543456, 0.0],
              [102.220831045, 15.033747303, 0.0],
              [102.220101941, 15.032289373, 0.0],
              [102.218887004, 15.029859776, 0.0],
              [102.218279428, 15.02868393, 0.0],
              [102.216056095, 15.024517264, 0.0],
              [102.215364267, 15.023264251, 0.0],
              [102.213826382, 15.020570741, 0.0],
              [102.212497221, 15.017912987, 0.0],
              [102.211894204, 15.016745798, 0.0],
              [102.209671704, 15.012579132, 0.0],
              [102.208966672, 15.011302551, 0.0],
              [102.207434483, 15.008621413, 0.0],
              [102.20704409, 15.007840458, 0.0],
              [102.206152354, 15.005609409, 0.0],
              [102.203124316, 14.99933969, 0.0],
              [102.200906364, 14.995462428, 0.0],
              [102.199712496, 14.99337286, 0.0],
              [102.198638786, 14.991072711, 0.0],
              [102.196752115, 14.987429027, 0.0],
              [102.195214295, 14.984735821, 0.0],
              [102.193885193, 14.982078376, 0.0],
              [102.19331928, 14.980980958, 0.0],
              [102.191249409, 14.977085889, 0.0],
              [102.189722458, 14.974031517, 0.0],
              [102.187787562, 14.970161726, 0.0],
              [102.187522076, 14.96962942, 0.0],
              [102.18028085, 14.958876241, 0.0],
              [102.170518462, 14.950346176, 0.0],
              [102.16635124, 14.947567287, 0.0],
              [102.162139607, 14.945048253, 0.0],
              [102.160133312, 14.943978283, 0.0],
              [102.158015756, 14.942567331, 0.0],
              [102.153864513, 14.939797344, 0.0],
              [102.15182608, 14.938507131, 0.0],
              [102.148681099, 14.936621233, 0.0],
              [102.145505192, 14.934504737, 0.0],
              [102.141313656, 14.931998043, 0.0],
              [102.13930834, 14.930928131, 0.0],
              [102.137179454, 14.929508874, 0.0],
              [102.132759386, 14.926880026, 0.0],
              [102.13054133, 14.925710859, 0.0],
              [102.130493509, 14.925685685, 0.0],
              [102.127433231, 14.924076796, 0.0],
              [102.113432547, 14.919870665, 0.0],
              [102.113513211, 14.919547955, 0.0],
              [102.110186301, 14.918716366, 0.0],
              [102.110036299, 14.918678841, 0.0],
              [102.107746344, 14.917840451, 0.0],
              [102.105051984, 14.91694293, 0.0],
              [102.104871383, 14.916877317, 0.0],
              [102.103391356, 14.916338133, 0.0],
              [102.101324347, 14.915512486, 0.0],
              [102.095945712, 14.91371053, 0.0],
              [102.094769234, 14.913389342, 0.0],
              [102.093845711, 14.91301997, 0.0],
              [102.087408365, 14.910938271, 0.0],
              [102.086621566, 14.910741506, 0.0],
              [102.084668359, 14.909960808, 0.0],
              [102.083204504, 14.909402144, 0.0],
              [102.082846192, 14.909271792, 0.0],
              [102.082635157, 14.909166296, 0.0],
              [102.080607589, 14.908208923, 0.0],
              [102.078108422, 14.9070967, 0.0],
              [102.076329222, 14.906345712, 0.0],
              [102.073549499, 14.905235156, 0.0],
              [102.070809369, 14.904232106, 0.0],
              [102.067476591, 14.903121273, 0.0],
              [102.066953331, 14.90296288, 0.0],
              [102.06413522, 14.901635608, 0.0],
              [102.061358553, 14.900524219, 0.0],
              [102.053648744, 14.898729816, 0.0],
              [102.053193397, 14.898564292, 0.0],
              [102.04822961, 14.897046569, 0.0],
              [102.044908837, 14.896216999, 0.0],
              [102.041587785, 14.89538549, 0.0],
              [102.038865977, 14.894895979, 0.0],
              [102.031553671, 14.892902637, 0.0],
              [102.030978095, 14.8928067, 0.0],
              [102.029415106, 14.892285964, 0.0],
              [102.025747127, 14.891217754, 0.0],
              [102.022414349, 14.890383865, 0.0],
              [102.02092634, 14.890012016, 0.0],
              [102.020811176, 14.889973657, 0.0],
              [102.019403913, 14.889410695, 0.0],
              [102.012974795, 14.887330576, 0.0],
              [102.012142573, 14.887122242, 0.0],
              [102.012123175, 14.887119851, 0.0],
              [102.012123689, 14.887117796, 0.0],
              [102.010757891, 14.886776423, 0.0],
              [102.009100397, 14.88627881, 0.0],
              [102.005206756, 14.88527876, 0.0],
              [102.003913443, 14.884804886, 0.0],
              [102.002077258, 14.883887069, 0.0],
              [101.996823854, 14.881626809, 0.0],
              [101.994498611, 14.880780439, 0.0],
              [101.992438973, 14.879957613, 0.0],
              [101.987045315, 14.878151253, 0.0],
              [101.983989759, 14.87731792, 0.0],
              [101.98208398, 14.876838194, 0.0],
              [101.980782747, 14.876537709, 0.0],
              [101.979697906, 14.876176156, 0.0],
              [101.967447697, 14.873737923, 0.0],
              [101.963693031, 14.873470001, 0.0],
              [101.961853066, 14.873328748, 0.0],
              [101.959589939, 14.87300459, 0.0],
              [101.956316318, 14.872645258, 0.0],
              [101.952705207, 14.872368869, 0.0],
              [101.948899444, 14.872223057, 0.0],
              [101.944732499, 14.872222223, 0.0],
              [101.940555812, 14.8722225, 0.0],
              [101.93872953, 14.872222359, 0.0],
              [101.93661763, 14.872071509, 0.0],
              [101.933051707, 14.871944445, 0.0],
              [101.930949676, 14.871944595, 0.0],
              [101.92884365, 14.871794003, 0.0],
              [101.928600139, 14.871777188, 0.0],
              [101.92658243, 14.871642809, 0.0],
              [101.925100566, 14.871414908, 0.0],
              [101.923435422, 14.87121758, 0.0],
              [101.923322618, 14.87117995, 0.0],
              [101.920650119, 14.870370645, 0.0],
              [101.918933715, 14.869902776, 0.0],
              [101.918316273, 14.86969703, 0.0],
              [101.916908226, 14.869133643, 0.0],
              [101.911499775, 14.867320097, 0.0],
              [101.911215769, 14.867242578, 0.0],
              [101.908405633, 14.866071121, 0.0],
              [101.906242438, 14.865227757, 0.0],
              [101.904824484, 14.864712536, 0.0],
              [101.903917479, 14.864309423, 0.0],
              [101.902190497, 14.86358033, 0.0],
              [101.902160927, 14.863568494, 0.0],
              [101.901702771, 14.863318826, 0.0],
              [101.892152362, 14.859333982, 0.0],
              [101.890099591, 14.858717802, 0.0],
              [101.887485449, 14.857845986, 0.0],
              [101.883785166, 14.856768514, 0.0],
              [101.881584464, 14.856218751, 0.0],
              [101.879926537, 14.85572129, 0.0],
              [101.874633566, 14.85449132, 0.0],
              [101.871025182, 14.853439976, 0.0],
              [101.868197256, 14.852732405, 0.0],
              [101.866992049, 14.852404051, 0.0],
              [101.865818459, 14.852012637, 0.0],
              [101.86470837, 14.851656728, 0.0],
              [101.861099481, 14.850545894, 0.0],
              [101.858512305, 14.84982502, 0.0],
              [101.855706209, 14.849123788, 0.0],
              [101.853176275, 14.848432656, 0.0],
              [101.850462383, 14.847772144, 0.0],
              [101.846573217, 14.846939922, 0.0],
              [101.839670147, 14.845959904, 0.0],
              [101.835781814, 14.845682404, 0.0],
              [101.825199558, 14.846111179, 0.0],
              [101.824701067, 14.846111393, 0.0],
              [101.813477882, 14.847392208, 0.0],
              [101.809867327, 14.848225541, 0.0],
              [101.808994674, 14.848435221, 0.0],
              [101.805660785, 14.849267998, 0.0],
              [101.800875777, 14.850780158, 0.0],
              [101.800646872, 14.850829148, 0.0],
              [101.796740364, 14.851831553, 0.0],
              [101.796012383, 14.852049998, 0.0],
              [101.79368995, 14.851967107, 0.0],
              [101.789125093, 14.851238888, 0.0],
              [101.785516659, 14.850980701, 0.0],
              [101.78452762, 14.8508987, 0.0],
              [101.783236611, 14.850683084, 0.0],
              [101.778325509, 14.850110713, 0.0],
              [101.77441524, 14.849850063, 0.0],
              [101.773260199, 14.849761111, 0.0],
              [101.772102728, 14.84956836, 0.0],
              [101.768048589, 14.849062452, 0.0],
              [101.764714144, 14.848784118, 0.0],
              [101.763874548, 14.848721149, 0.0],
              [101.761358779, 14.848553755, 0.0],
              [101.758832973, 14.848216891, 0.0],
              [101.75606433, 14.847925828, 0.0],
              [101.752452108, 14.847647494, 0.0],
              [101.752173692, 14.847626823, 0.0],
              [101.750315901, 14.847494105, 0.0],
              [101.748716263, 14.847247922, 0.0],
              [101.744673945, 14.84679323, 0.0],
              [101.74091972, 14.846525014, 0.0],
              [101.740399235, 14.84648502, 0.0],
              [101.738020665, 14.84607487, 0.0],
              [101.734279436, 14.845531415, 0.0],
              [101.732355672, 14.84500453, 0.0],
              [101.732400475, 14.844825257, 0.0],
              [101.729068253, 14.843992479, 0.0],
              [101.728191811, 14.843781817, 0.0],
              [101.7245807, 14.842948206, 0.0],
              [101.72155345, 14.842347137, 0.0],
              [101.718219838, 14.841791582, 0.0],
              [101.717609698, 14.841693771, 0.0],
              [101.716805462, 14.841569938, 0.0],
              [101.716490595, 14.841484057, 0.0],
              [101.710937613, 14.840303535, 0.0],
              [101.707327058, 14.83974798, 0.0],
              [101.706797093, 14.839669339, 0.0],
              [101.703483583, 14.839195777, 0.0],
              [101.700723559, 14.838735581, 0.0],
              [101.700101995, 14.838635962, 0.0],
              [101.699642822, 14.838565331, 0.0],
              [101.698300164, 14.838118114, 0.0],
              [101.690936027, 14.836607351, 0.0],
              [101.690755359, 14.836553158, 0.0],
              [101.687639264, 14.835726956, 0.0],
              [101.686338754, 14.835426654, 0.0],
              [101.685257575, 14.835066231, 0.0],
              [101.681573683, 14.833993351, 0.0],
              [101.678239794, 14.833159739, 0.0],
              [101.670566667, 14.831935556, 0.0],
              [101.667669174, 14.831212086, 0.0],
              [101.663797934, 14.830406639, 0.0],
              [101.662413592, 14.830175301, 0.0],
              [101.661008772, 14.829824623, 0.0],
              [101.658812807, 14.829275631, 0.0],
              [101.657874713, 14.828994053, 0.0],
              [101.656649366, 14.82858557, 0.0],
              [101.6552354, 14.828020012, 0.0],
              [101.648788693, 14.825935853, 0.0],
              [101.648128157, 14.825770788, 0.0],
              [101.646709914, 14.825179479, 0.0],
              [101.644729966, 14.824300627, 0.0],
              [101.636579109, 14.82149561, 0.0],
              [101.636485206, 14.821472119, 0.0],
              [101.635423575, 14.82106673, 0.0],
              [101.632369408, 14.819955896, 0.0],
              [101.627403095, 14.818436606, 0.0],
              [101.624068929, 14.817603273, 0.0],
              [101.620733533, 14.816769702, 0.0],
              [101.616839174, 14.815959527, 0.0],
              [101.613507785, 14.815403694, 0.0],
              [101.612882311, 14.815303403, 0.0],
              [101.612076974, 14.815179501, 0.0],
              [101.611762712, 14.815093827, 0.0],
              [101.598615, 14.813333333, 0.0],
              [101.594448889, 14.813333056, 0.0],
              [101.579739972, 14.815544502, 0.0],
              [101.578119905, 14.816043032, 0.0],
              [101.577683175, 14.814994005, 0.0],
              [101.576701207, 14.812539454, 0.0],
              [101.575584182, 14.809749396, 0.0],
              [101.57204454, 14.802614851, 0.0],
              [101.570378429, 14.799837074, 0.0],
              [101.570342999, 14.799858325, 0.0],
              [101.565769527, 14.79224814, 0.0],
              [101.557101701, 14.783601335, 0.0],
              [101.555732827, 14.782535776, 0.0],
              [101.554589455, 14.781535487, 0.0],
              [101.554204558, 14.781202201, 0.0],
              [101.552259558, 14.779535256, 0.0],
              [101.547468964, 14.775905309, 0.0],
              [101.544969242, 14.774237809, 0.0],
              [101.537907659, 14.770311909, 0.0],
              [101.534851826, 14.768923298, 0.0],
              [101.532740966, 14.768022347, 0.0],
              [101.531889722, 14.767597725, 0.0],
              [101.531389133, 14.767222267, 0.0],
              [101.527069032, 14.764686735, 0.0],
              [101.5241162, 14.762558465, 0.0],
              [101.524041883, 14.762508942, 0.0],
              [101.522647217, 14.761369417, 0.0],
              [101.521343355, 14.760355013, 0.0],
              [101.520615158, 14.759627545, 0.0],
              [101.518269476, 14.757432849, 0.0],
              [101.517040556, 14.755384785, 0.0],
              [101.515767048, 14.753372624, 0.0],
              [101.514100103, 14.750872624, 0.0],
              [101.507857586, 14.74325802, 0.0],
              [101.505913142, 14.741313297, 0.0],
              [101.500551277, 14.736663111, 0.0],
              [101.498329332, 14.734997, 0.0],
              [101.487523606, 14.728926569, 0.0],
              [101.486773795, 14.728430441, 0.0],
              [101.484551017, 14.727041553, 0.0],
              [101.478739434, 14.723923145, 0.0],
              [101.476532027, 14.722920162, 0.0],
              [101.475705958, 14.722507004, 0.0],
              [101.474968177, 14.722014876, 0.0],
              [101.473244538, 14.720866985, 0.0],
              [101.471756701, 14.719379786, 0.0],
              [101.471394206, 14.718895975, 0.0],
              [101.470488837, 14.717538224, 0.0],
              [101.468887966, 14.7152759, 0.0],
              [101.468060302, 14.714172439, 0.0],
              [101.467169133, 14.712834645, 0.0],
              [101.465483422, 14.710307745, 0.0],
              [101.46408873, 14.708337928, 0.0],
              [101.462782899, 14.705429626, 0.0],
              [101.461395399, 14.702652682, 0.0],
              [101.458268871, 14.697263691, 0.0],
              [101.457260206, 14.695750862, 0.0],
              [101.456204675, 14.693992113, 0.0],
              [101.454541363, 14.691518888, 0.0],
              [101.452155225, 14.686982667, 0.0],
              [101.451618476, 14.686177722, 0.0],
              [101.451219611, 14.685459062, 0.0],
              [101.450364207, 14.683978102, 0.0],
              [101.448695596, 14.681200046, 0.0],
              [101.445834255, 14.6769466, 0.0],
              [101.445005516, 14.675841522, 0.0],
              [101.444114446, 14.674503728, 0.0],
              [101.442483748, 14.67219927, 0.0],
              [101.441661547, 14.67110428, 0.0],
              [101.440775733, 14.669774821, 0.0],
              [101.439108761, 14.66727325, 0.0],
              [101.436037847, 14.663772262, 0.0],
              [101.434105359, 14.660602868, 0.0],
              [101.432438692, 14.658102312, 0.0],
              [101.423755233, 14.648201306, 0.0],
              [101.422786889, 14.647354157, 0.0],
              [101.422019481, 14.646586858, 0.0],
              [101.41441234, 14.640349318, 0.0],
              [101.411912062, 14.638681541, 0.0],
              [101.402728716, 14.633850228, 0.0],
              [101.399951772, 14.63273995, 0.0],
              [101.398472483, 14.632175499, 0.0],
              [101.395416094, 14.631064388, 0.0],
              [101.394159863, 14.630626533, 0.0],
              [101.39082764, 14.629514589, 0.0],
              [101.387117154, 14.628433872, 0.0],
              [101.383782987, 14.627601094, 0.0],
              [101.381592837, 14.627054241, 0.0],
              [101.379948874, 14.626560082, 0.0],
              [101.377664261, 14.625931971, 0.0],
              [101.374343097, 14.625102994, 0.0],
              [101.373570046, 14.624909635, 0.0],
              [101.371620688, 14.624130516, 0.0],
              [101.368851313, 14.623022489, 0.0],
              [101.3636948, 14.621354528, 0.0],
              [101.36369133, 14.621353034, 0.0],
              [101.360358553, 14.619963034, 0.0],
              [101.354886837, 14.618346197, 0.0],
              [101.354317804, 14.61806151, 0.0],
              [101.344065566, 14.614268475, 0.0],
              [101.340732386, 14.613435735, 0.0],
              [101.337917995, 14.612732313, 0.0],
              [101.337367334, 14.61258216, 0.0],
              [101.336252791, 14.612176899, 0.0],
              [101.331287738, 14.610658392, 0.0],
              [101.327963681, 14.609827794, 0.0],
              [101.327149268, 14.609624021, 0.0],
              [101.326526111, 14.609397501, 0.0],
              [101.323813157, 14.608498248, 0.0],
              [101.321035657, 14.607664915, 0.0],
              [101.314893557, 14.606237248, 0.0],
              [101.31352157, 14.606008393, 0.0],
              [101.31324612, 14.605939582, 0.0],
              [101.311583856, 14.605441152, 0.0],
              [101.307724065, 14.604449592, 0.0],
              [101.306753158, 14.60424103, 0.0],
              [101.301039959, 14.602501186, 0.0],
              [101.297977949, 14.601844557, 0.0],
              [101.29546364, 14.60121577, 0.0],
              [101.287168467, 14.599869265, 0.0],
              [101.286930976, 14.599850994, 0.0],
              [101.279943345, 14.598736819, 0.0],
              [101.278455379, 14.598630756, 0.0],
              [101.277692801, 14.598439937, 0.0],
              [101.273777505, 14.597625082, 0.0],
              [101.270445005, 14.597069526, 0.0],
              [101.269827914, 14.596970612, 0.0],
              [101.266215969, 14.596414778, 0.0],
              [101.263625762, 14.596108128, 0.0],
              [101.263196184, 14.596004835, 0.0],
              [101.25958424, 14.595170669, 0.0],
              [101.259556836, 14.595289326, 0.0],
              [101.249401196, 14.592926677, 0.0],
              [101.245788974, 14.592648066, 0.0],
              [101.241933884, 14.592500001, 0.0],
              [101.237782496, 14.592500832, 0.0],
              [101.23362833, 14.592499447, 0.0],
              [101.229424171, 14.592501115, 0.0],
              [101.225617259, 14.592647778, 0.0],
              [101.22200587, 14.592925001, 0.0],
              [101.219225674, 14.593216794, 0.0],
              [101.216280768, 14.593609383, 0.0],
              [101.214173779, 14.593785287, 0.0],
              [101.206223, 14.59510078, 0.0],
              [101.204455092, 14.595542131, 0.0],
              [101.204158501, 14.595596137, 0.0],
              [101.201172528, 14.595994121, 0.0],
              [101.195656307, 14.59704752, 0.0],
              [101.194248694, 14.597399276, 0.0],
              [101.194016467, 14.597438068, 0.0],
              [101.192939486, 14.597616487, 0.0],
              [101.182466998, 14.600622201, 0.0],
              [101.182317188, 14.60065966, 0.0],
              [101.178986115, 14.601492359, 0.0],
              [101.175649372, 14.602326684, 0.0],
              [101.167466893, 14.60514464, 0.0],
              [101.167181477, 14.605271523, 0.0],
              [101.166146729, 14.605616095, 0.0],
              [101.159572471, 14.608339011, 0.0],
              [101.158657049, 14.608796997, 0.0],
              [101.158556789, 14.608837125, 0.0],
              [101.156453247, 14.609601476, 0.0],
              [101.155097898, 14.609826011, 0.0],
              [101.152081721, 14.61057993, 0.0],
              [101.149190362, 14.610683306, 0.0],
              [101.147095065, 14.610834029, 0.0],
              [101.146948173, 14.610834017, 0.0],
              [101.144445181, 14.610666784, 0.0],
              [101.141111944, 14.610555556, 0.0],
              [101.138865371, 14.610555556, 0.0],
              [101.138795221, 14.61055016, 0.0],
              [101.136960333, 14.610287827, 0.0],
              [101.135931207, 14.609601697, 0.0],
              [101.133461022, 14.607625187, 0.0],
              [101.129951387, 14.605059052, 0.0],
              [101.125785765, 14.602282896, 0.0],
              [101.122553905, 14.600128682, 0.0],
              [101.119291876, 14.59773631, 0.0],
              [101.117460796, 14.596455324, 0.0],
              [101.113295796, 14.593678102, 0.0],
              [101.110051438, 14.591516203, 0.0],
              [101.106795783, 14.589128361, 0.0],
              [101.102630191, 14.586072612, 0.0],
              [101.100782522, 14.584780272, 0.0],
              [101.097553648, 14.582628623, 0.0],
              [101.094296743, 14.580239472, 0.0],
              [101.092449189, 14.578947217, 0.0],
              [101.088288368, 14.576174538, 0.0],
              [101.085057282, 14.574019978, 0.0],
              [101.081790683, 14.571624472, 0.0],
              [101.079967749, 14.570349036, 0.0],
              [101.076722606, 14.568184453, 0.0],
              [101.073449497, 14.565785307, 0.0],
              [101.06928379, 14.562731418, 0.0],
              [101.067464357, 14.561458718, 0.0],
              [101.063965715, 14.559125357, 0.0],
              [101.061837653, 14.557605269, 0.0],
              [101.058734752, 14.555122948, 0.0],
              [101.053218482, 14.55128796, 0.0],
              [101.050075967, 14.549403079, 0.0],
              [101.048943824, 14.548648267, 0.0],
              [101.047785917, 14.547700257, 0.0],
              [101.046103385, 14.546381776, 0.0],
              [101.044992552, 14.545548998, 0.0],
              [101.042727244, 14.543946939, 0.0],
              [101.038565463, 14.541173621, 0.0],
              [101.036209851, 14.539603003, 0.0],
              [101.033736934, 14.537624472, 0.0],
              [101.03023742, 14.535065296, 0.0],
              [101.027736865, 14.533398074, 0.0],
              [101.026062537, 14.532282596, 0.0],
              [101.022835146, 14.53013093, 0.0],
              [101.019573051, 14.52773819, 0.0],
              [101.017727885, 14.526447644, 0.0],
              [101.013566146, 14.523674261, 0.0],
              [101.01033636, 14.521520639, 0.0],
              [101.007073768, 14.51912755, 0.0],
              [101.005237679, 14.517843061, 0.0],
              [101.002686757, 14.516142333, 0.0],
              [101.000324578, 14.514287371, 0.0],
              [100.999015845, 14.513293981, 0.0],
              [100.994849179, 14.510237869, 0.0],
              [100.993018911, 14.508957309, 0.0],
              [100.988853634, 14.506179531, 0.0],
              [100.985607859, 14.504016687, 0.0],
              [100.982351367, 14.501627956, 0.0],
              [100.980513065, 14.50034193, 0.0],
              [100.976347039, 14.497564579, 0.0],
              [100.973986505, 14.495990784, 0.0],
              [100.971512451, 14.494011607, 0.0],
              [100.968013343, 14.491453041, 0.0],
              [100.963850004, 14.488677482, 0.0],
              [100.961483948, 14.487099427, 0.0],
              [100.959001142, 14.485114341, 0.0],
              [100.95551763, 14.482567566, 0.0],
              [100.951351241, 14.479789232, 0.0],
              [100.949335403, 14.478513389, 0.0],
              [100.945804292, 14.476394778, 0.0],
              [100.945130621, 14.475991377, 0.0],
              [100.930086997, 14.470034934, 0.0],
              [100.916944167, 14.469351175, 0.0],
              [100.916944167, 14.469166667, 0.0],
              [100.913055833, 14.469166667, 0.0],
              [100.908885001, 14.469166945, 0.0],
              [100.902280364, 14.469605521, 0.0],
              [100.901410048, 14.469721559, 0.0],
              [100.900565274, 14.46972139, 0.0],
              [100.896375278, 14.469722502, 0.0],
              [100.893065531, 14.469833051, 0.0],
              [100.890564116, 14.469999667, 0.0],
              [100.888066669, 14.469999168, 0.0],
              [100.883878337, 14.470000001, 0.0],
              [100.880555318, 14.470111214, 0.0],
              [100.876389207, 14.470389547, 0.0],
              [100.876168735, 14.470404766, 0.0],
              [100.874052957, 14.470555515, 0.0],
              [100.871665001, 14.470555833, 0.0],
              [100.867502499, 14.470555556, 0.0],
              [100.8641688, 14.470666592, 0.0],
              [100.860009262, 14.470944265, 0.0],
              [100.857503727, 14.471110944, 0.0],
              [100.854995834, 14.471111111, 0.0],
              [100.851678737, 14.471221485, 0.0],
              [100.849170175, 14.471388444, 0.0],
              [100.846667341, 14.471388611, 0.0],
              [100.842781627, 14.471388333, 0.0],
              [100.840251723, 14.471556282, 0.0],
              [100.837179178, 14.469508874, 0.0],
              [100.833022582, 14.466736516, 0.0],
              [100.828802222, 14.464212315, 0.0],
              [100.826799773, 14.46314468, 0.0],
              [100.826300523, 14.462811947, 0.0],
              [100.82394964, 14.460964561, 0.0],
              [100.816642807, 14.456191434, 0.0],
              [100.816388918, 14.456055601, 0.0],
              [100.81625524, 14.455984342, 0.0],
              [100.815987462, 14.45584212, 0.0],
              [100.815984911, 14.455841256, 0.0],
              [100.814589696, 14.45509663, 0.0],
              [100.812459068, 14.453676117, 0.0],
              [100.80828489, 14.450894073, 0.0],
              [100.806279367, 14.449625101, 0.0],
              [100.803134327, 14.447738119, 0.0],
              [100.799957872, 14.445620412, 0.0],
              [100.795785167, 14.44283935, 0.0],
              [100.791664074, 14.440370061, 0.0],
              [100.791216018, 14.440130061, 0.0],
              [100.791137489, 14.440088087, 0.0],
              [100.789581439, 14.439258155, 0.0],
              [100.78745559, 14.437841205, 0.0],
              [100.78329001, 14.435064152, 0.0],
              [100.781284833, 14.433795048, 0.0],
              [100.77883092, 14.432322307, 0.0],
              [100.778113214, 14.429871167, 0.0],
              [100.773667936, 14.4195945, 0.0],
              [100.762407448, 14.403379123, 0.0],
              [100.755464114, 14.396712179, 0.0],
              [100.743729041, 14.388327949, 0.0],
              [100.734562097, 14.383606282, 0.0],
              [100.732962819, 14.382818289, 0.0],
              [100.723518097, 14.378372177, 0.0],
              [100.720784438, 14.377183516, 0.0],
              [100.711397429, 14.373430429, 0.0],
              [100.703042291, 14.369949025, 0.0],
              [100.698880639, 14.367930505, 0.0],
              [100.693661333, 14.364226089, 0.0],
              [100.691476458, 14.362760256, 0.0],
              [100.683143958, 14.357482478, 0.0],
              [100.67774073, 14.354510248, 0.0],
              [100.67019945, 14.35094889, 0.0],
              [100.66390532, 14.347091368, 0.0],
              [100.655292267, 14.341813018, 0.0],
              [100.652064767, 14.339995999, 0.0],
              [100.647137829, 14.337457803, 0.0],
              [100.645882277, 14.336471458, 0.0],
              [100.641932908, 14.332350205, 0.0],
              [100.641240893, 14.331668942, 0.0],
              [100.64115751, 14.327591398, 0.0],
              [100.642016864, 14.318138936, 0.0],
              [100.642176886, 14.315740682, 0.0],
              [100.642658184, 14.304446173, 0.0],
              [100.643847446, 14.293976715, 0.0],
              [100.643969964, 14.292767204, 0.0],
              [100.645082742, 14.280268038, 0.0],
              [100.645238334, 14.277868154, 0.0],
              [100.645792501, 14.264256765, 0.0],
              [100.645668487, 14.258159178, 0.0],
              [100.64467182, 14.2459364, 0.0],
              [100.644553826, 14.244504489, 0.0],
              [100.643797757, 14.239038177, 0.0],
              [100.641576091, 14.227649288, 0.0],
              [100.640933783, 14.224801701, 0.0],
              [100.63815545, 14.21396809, 0.0],
              [100.636484999, 14.208688756, 0.0],
              [100.633577406, 14.201007146, 0.0],
              [100.631489722, 14.192862527, 0.0],
              [100.628298571, 14.18399207, 0.0],
              [100.627212185, 14.181682914, 0.0],
              [100.628942222, 14.169568947, 0.0],
              [100.628997478, 14.169170601, 0.0],
              [100.630914876, 14.154927068, 0.0],
              [100.632830924, 14.141516921, 0.0],
              [100.63296344, 14.140517619, 0.0],
              [100.633256611, 14.138121728, 0.0],
              [100.634454418, 14.12833718, 0.0],
              [100.634567803, 14.127412588, 0.0],
              [100.636245282, 14.115668559, 0.0],
              [100.638751284, 14.103142058, 0.0],
              [100.639352112, 14.099410548, 0.0],
              [100.640958025, 14.086295326, 0.0],
              [100.642830318, 14.073183386, 0.0],
              [100.644775772, 14.059577149, 0.0],
              [100.646720793, 14.045958396, 0.0],
              [100.648536761, 14.033242208, 0.0],
              [100.650875836, 14.020244975, 0.0],
              [100.65120139, 14.018192098, 0.0],
              [100.652765557, 14.00680321, 0.0],
              [100.65312895, 14.004152651, 0.0],
              [100.654338631, 13.995682695, 0.0],
              [100.655052865, 13.990683889, 0.0],
              [100.655071501, 13.990552209, 0.0],
              [100.655776779, 13.985520542, 0.0],
              [100.657017919, 13.976650099, 0.0],
              [100.657129949, 13.975795855, 0.0],
              [100.658554023, 13.964160335, 0.0],
              [100.660934094, 13.95249963, 0.0],
              [100.661441285, 13.94957384, 0.0],
              [100.663316285, 13.936453562, 0.0],
              [100.663388321, 13.935948469, 0.0],
              [100.663723487, 13.932956174, 0.0],
              [100.66483432, 13.919344786, 0.0],
              [100.662815977, 13.90066161, 0.0],
              [100.65404344, 13.884043025, 0.0],
              [100.653176827, 13.882959759, 0.0],
              [100.649380807, 13.877265624, 0.0],
              [100.645229148, 13.871873013, 0.0],
              [100.640720122, 13.866775461, 0.0],
              [100.63829447, 13.863311085, 0.0],
              [100.634747979, 13.856610254, 0.0],
              [100.633792662, 13.854888159, 0.0],
              [100.628965179, 13.846576157, 0.0],
              [100.62413385, 13.837987067, 0.0],
              [100.623547737, 13.836973062, 0.0],
              [100.619808905, 13.830676082, 0.0],
              [100.616859763, 13.823989381, 0.0],
              [100.61435086, 13.819059176, 0.0],
              [100.610133838, 13.811796696, 0.0],
              [100.606880657, 13.805291249, 0.0],
              [100.606379926, 13.804290626, 0.0],
              [100.605245143, 13.80215378, 0.0],
              [100.60024542, 13.793265168, 0.0],
              [100.598063363, 13.789736906, 0.0],
              [100.592230308, 13.781125517, 0.0],
              [100.591330507, 13.779840992, 0.0],
              [100.587391618, 13.774401547, 0.0],
              [100.585493165, 13.771780563, 0.0],
              [100.583076692, 13.76870518, 0.0],
              [100.582510025, 13.768039346, 0.0],
              [100.576672594, 13.761186991, 0.0],
              [100.569503553, 13.754296266, 0.0],
              [100.561726331, 13.748185155, 0.0],
              [100.545889016, 13.739820412, 0.0],
              [100.53533235, 13.736487078, 0.0],
              [100.523324736, 13.734259626, 0.0],
              [100.511135314, 13.735009515, 0.0],
              [100.506815515, 13.735812882, 0.0],
              [100.50662047, 13.73572619, 0.0],
              [100.498730376, 13.731661835, 0.0],
              [100.494399943, 13.729685996, 0.0],
              [100.484677166, 13.725797663, 0.0],
              [100.483807649, 13.725459302, 0.0],
              [100.473529872, 13.721569857, 0.0],
              [100.458213019, 13.718390008, 0.0],
              [100.442663199, 13.720098959, 0.0],
              [100.428402536, 13.726529427, 0.0],
              [100.416826964, 13.737051952, 0.0],
              [100.409069579, 13.750636517, 0.0],
              [100.40588973, 13.76595337, 0.0],
              [100.407598681, 13.78150319, 0.0],
              [100.414029149, 13.795763853, 0.0],
              [100.424551675, 13.807339425, 0.0],
              [100.43813624, 13.815096809, 0.0],
              [100.447977681, 13.81882113, 0.0]
            ]
          ]
        ]
      }
    }
  ]
}
