{"type":"FeatureCollection","name":"东南亚河流线","crs":{"type":"name","properties":{"name":"urn:ogc:def:crs:OGC:1.3:CRS84"}},"features":[{"type":"Feature","properties":{"labelText":"湄"},"geometry":{"type":"Point","coordinates":[100.80915890114457,20.510621803581845]}},{"type":"Feature","properties":{"labelText":"公"},"geometry":{"type":"Point","coordinates":[105.3133159882208,16.663047382260167]}},{"type":"Feature","properties":{"labelText":"河"},"geometry":{"type":"Point","coordinates":[106.44263817331864,12.61849816121212]}},{"type":"Feature","properties":{"labelText":"萨"},"geometry":{"type":"Point","coordinates":[98.2550523313594,22.926846013558578]}},{"type":"Feature","properties":{"labelText":"尔"},"geometry":{"type":"Point","coordinates":[98.1565649314962,20.95709801629492]}},{"type":"Feature","properties":{"labelText":"温"},"geometry":{"type":"Point","coordinates":[97.18482258617948,19.65706433810091]}},{"type":"Feature","properties":{"labelText":"江"},"geometry":{"type":"Point","coordinates":[97.35553407927566,17.976212713769254]}},{"type":"Feature","properties":{"labelText":"伊"},"geometry":{"type":"Point","coordinates":[96.74491220012392,24.84406739756186]}},{"type":"Feature","properties":{"labelText":"洛"},"geometry":{"type":"Point","coordinates":[95.67468245494399,23.43898049284712]}},{"type":"Feature","properties":{"labelText":"瓦"},"geometry":{"type":"Point","coordinates":[95.01809978918944,21.561154068789094]}},{"type":"Feature","properties":{"labelText":"底"},"geometry":{"type":"Point","coordinates":[94.59132105644899,20.215159603992262]}},{"type":"Feature","properties":{"labelText":"江"},"geometry":{"type":"Point","coordinates":[95.17567962897056,18.10752924692015]}},{"type":"Feature","properties":{"labelText":"河"},"geometry":{"type":"Point","coordinates":[104.88628865366427,21.313065660909093]}},{"type":"Feature","properties":{"labelText":"红"},"geometry":{"type":"Point","coordinates":[104.16900410676033,21.92275752577744]}},{"type":"Feature","properties":{"fillColor":"#00ffff"},"geometry":{"type":"MultiLineString","coordinates":[[[104.2255859375,12.70917389530662],[104.20078125000003,12.71283600468162],[104.16347656250002,12.70416901249412],[104.14365234375003,12.70123932499412],[104.13232421875,12.70111725468162]]]}},{"type":"Feature","properties":{"fillColor":"#00ffff"},"geometry":{"type":"MultiLineString","coordinates":[[[103.68740234375002,13.22467682499412],[103.71337890625,13.218280340619117],[103.748779296875,13.20795319218162],[103.80849609375002,13.145135809369108],[104.15576171875,12.79779694218162],[104.19140625,12.74909088749412],[104.240478515625,12.691034246869108],[104.40478515625,12.551288153119117],[104.43398437500002,12.529901434369108],[104.44541015625003,12.52631256718162],[104.46201171875003,12.52301666874412],[104.50380859375002,12.51935455936912],[104.51230468750003,12.51178619999412],[104.517333984375,12.48944733280662],[104.53339843750001,12.46832916874412],[104.5595703125,12.44843170780662],[104.58935546875,12.43231842655662],[104.60546875,12.41742584843162],[104.60908203125001,12.40253327030662],[104.61279296875,12.38141510624412]]]}},{"type":"Feature","properties":{"fillColor":"#00ffff"},"geometry":{"type":"MultiLineString","coordinates":[[[104.61474609375,12.38202545780662],[104.61767578125,12.37274811405662],[104.624267578125,12.363397528119108],[104.63271484375002,12.35541412968162],[104.64072265625003,12.35004303593162],[104.646240234375,12.34821198124412],[104.6572265625,12.34686920780662],[104.66269531250003,12.345331121869108],[104.66748046875,12.34247467655662],[104.67597656250001,12.33441803593162],[104.68496093750002,12.32367584843162],[104.6884765625,12.318133856244117],[104.69091796875,12.31232330936912],[104.7021484375,12.273797918744108],[104.70742187500002,12.26239655155662],[104.714111328125,12.252313543744108],[104.72109375000002,12.247577215619117],[104.721435546875,12.24457428593162],[104.72324218750003,12.23871491093162],[104.72451171875002,12.235956121869108],[104.727294921875,12.23541901249412],[104.73251953125003,12.23334381718162],[104.73496093750003,12.23309967655662],[104.73789062500003,12.234002996869108],[104.74306640625002,12.23725006718162],[104.74589843749999,12.23847077030662],[104.75185546875002,12.24909088749412],[104.76171875,12.256854559369117],[104.77353515625003,12.260028387494117],[104.78515625,12.257098699994117],[104.78955078125,12.25336334843162],[104.79140625000002,12.24970123905662],[104.79238281250002,12.24555084843162],[104.79453125000003,12.24054596561912],[104.812744140625,12.217792059369117],[104.84218750000002,12.191034246869108],[104.84580078125003,12.187030340619117],[104.84765625,12.18219635624412],[104.84775390625003,12.17548248905662],[104.846923828125,12.169696356244117],[104.84492187500001,12.164667059369108],[104.841552734375,12.16071198124412],[104.836181640625,12.15814850468162],[104.833251953125,12.14838287968162],[104.81005859375,12.11469147343162],[104.79833984375,12.10077545780662],[104.79179687499999,12.094842840619108]]]}},{"type":"Feature","properties":{"fillColor":"#00ffff"},"geometry":{"type":"MultiLineString","coordinates":[[[104.79179687499999,12.094842840619108],[104.78759765625,12.09210846561912],[104.78574218750003,12.09137604374412],[104.78408203125002,12.091083074994117],[104.777587890625,12.07697174686912],[104.77626953125002,12.062616278119108],[104.78085937500003,12.032733465619117],[104.78457031250002,12.01947662968162],[104.787353515625,12.013299871869108],[104.79140625000002,12.00739166874412],[104.79638671875,12.00226471561912],[104.8076171875,11.99420807499412],[104.81298828125,11.989618231244108],[104.81699218750003,11.982782293744108],[104.81875,11.975360418744117],[104.818359375,11.95123932499412],[104.82236328125003,11.92841217655662],[104.81982421875,11.914081121869117],[104.81005859375,11.90582916874412],[104.798095703125,11.89850494999412],[104.78955078125,11.88703034061912],[104.788818359375,11.871356512494117],[104.79404296875003,11.85553619999412],[104.80947265625002,11.82587311405662],[104.82607421875002,11.768573309369117],[104.84531250000003,11.723407293744117],[104.8505859375,11.69208405155662],[104.855224609375,11.67951080936912],[104.86328125,11.66876862186912],[104.87568359375001,11.658465887494117],[104.92744140625001,11.627801824994108],[104.93564453125003,11.62103912968162],[104.94296875000003,11.61188385624412],[104.94833984375003,11.60138580936912],[104.951171875,11.59088776249412]]]}},{"type":"Feature","properties":{"fillColor":"#00ffff"},"geometry":{"type":"MultiLineString","coordinates":[[[93.63818359375,21.93988678593162],[93.77041015625002,21.954608465619117],[93.83486328125002,21.97138092655662],[93.85664062500001,21.973651434369117],[93.87978515625002,21.97113678593162],[93.890380859375,21.967401434369123],[93.8974609375,21.96234772343162],[93.91171875000003,21.948016668744117],[93.92910156250002,21.935419012494123],[93.94814453125002,21.926288153119117],[93.96738281250003,21.92182037968162],[93.986083984375,21.92328522343162]]]}},{"type":"Feature","properties":{"fillColor":"#00ffff"},"geometry":{"type":"MultiLineString","coordinates":[[[93.986083984375,21.92328522343162],[93.99257812500002,21.92560455936912],[93.99863281250003,21.92902252811912],[94.021240234375,21.949725653119117],[94.0439453125,21.961542059369123],[94.051513671875,21.96979401249412],[94.049560546875,21.970331121869123],[94.04335937500002,21.978143621869123],[94.0419921875,21.980585028119123],[94.0400390625,21.98725006718162],[94.04072265625001,21.99042389530662],[94.04355468750003,21.99274323124412],[94.04755859375001,21.997088934369117],[94.05859375,22.013544012494123],[94.06406250000003,22.02484772343162],[94.0673828125,22.02997467655662],[94.072265625,22.03400299686912],[94.07763671875,22.03546784061912],[94.08935546875,22.03534577030662],[94.0947265625,22.03644440311912],[94.10244140625002,22.042596746869123],[94.107421875,22.051776434369117],[94.116455078125,22.083270574994117],[94.116943359375,22.09369537968162],[94.114990234375,22.10394928593162],[94.110595703125,22.11420319218162],[94.103271484375,22.14154694218162],[94.11220703125002,22.15985748905662],[94.126953125,22.177118231244123],[94.136962890625,22.20136139530662],[94.1357421875,22.21027252811912],[94.12587890625002,22.225702215619123],[94.12363281250003,22.235370184369117],[94.12568359375001,22.244012762494123],[94.13496093750001,22.265741278119123],[94.1376953125,22.27631256718162],[94.13730468750003,22.28388092655662],[94.133544921875,22.298114324994117],[94.13271484375002,22.304950262494117],[94.134521484375,22.31378815311912],[94.14199218750002,22.32807037968162],[94.14384765624999,22.337420965619117],[94.13232421875,22.385272528119117],[94.12490234375002,22.390985418744123],[94.10654296875003,22.394891668744123],[94.100830078125,22.399042059369123],[94.09716796875,22.41583893436912],[94.099853515625,22.433710028119123],[94.10908203125001,22.44440338749412],[94.125244140625,22.43964264530662],[94.12880859375002,22.458758856244117],[94.14179687500001,22.499774481244117],[94.1416015625,22.51764557499412],[94.13730468750003,22.52582428593162],[94.125244140625,22.540887762494123],[94.12050781250002,22.55109284061912],[94.11767578125,22.56415436405662],[94.117431640625,22.57758209843162],[94.12929687500002,22.65131256718162],[94.106201171875,22.813592840619123],[94.105224609375,22.85028717655662],[94.10175781250001,22.869403387494117],[94.090576171875,22.89215729374412],[94.06103515625,22.925653387494123],[94.052734375,22.94684479374412],[94.052734375,22.95648834843162],[94.054443359375,22.966815496869117],[94.062255859375,22.98834869999412],[94.084228515625,23.027850653119117],[94.08847656250003,23.03998444218162],[94.0849609375,23.045282293744123],[94.07929687500001,23.047626043744117],[94.076904296875,23.050897528119123],[94.08017578125003,23.05817291874412],[94.09658203125002,23.08539459843162],[94.108154296875,23.12213776249412],[94.10947265625003,23.13336823124412],[94.104736328125,23.149774481244123],[94.096435546875,23.163348699994117],[94.09218750000002,23.17645905155662],[94.099609375,23.191522528119123],[94.11123046875002,23.20233795780662],[94.11367187500002,23.207391668744123],[94.11591796875001,23.23395416874412],[94.119873046875,23.23969147343162],[94.12802734375003,23.24469635624412],[94.139404296875,23.24774811405662],[94.15234375,23.248553778119117],[94.16542968750002,23.24750397343162],[94.17714843750002,23.24506256718162],[94.18759765625003,23.239374090619123],[94.202880859375,23.22138092655662],[94.211669921875,23.21381256718162],[94.22304687500002,23.21002838749412],[94.30771484375003,23.20868561405662]]]}},{"type":"Feature","properties":{"fillColor":"#00ffff"},"geometry":{"type":"MultiLineString","coordinates":[[[115.46826171875,3.446307684369117],[115.463623046875,3.43781159061912],[115.44179687500002,3.414081121869117],[115.43408203125,3.40192291874412],[115.42255859375001,3.366083074994108],[115.41425781250001,3.34772369999412],[115.4052734375,3.339862371869117],[115.40234375,3.33893463749412],[115.374267578125,3.333612371869108],[115.36611328125002,3.32684967655662],[115.36513671875002,3.32208893436912],[115.36679687500003,3.317987371869108],[115.367431640625,3.31317780155662],[115.36572265625,3.292108465619108],[115.37314453125003,3.281756903119117],[115.38593750000001,3.27326080936912],[115.400634765625,3.257928778119108],[115.392578125,3.24750397343162],[115.38515625000002,3.247674871869108],[115.37841796875,3.25141022343162],[115.3720703125,3.251727606244117],[115.36777343750003,3.25104401249412],[115.36328125,3.251971746869117],[115.35986328125,3.25177643436912],[115.3583984375,3.24799225468162],[115.35898437500003,3.23712799686912],[115.35791015625,3.23248932499412],[115.35458984375003,3.230585028119108],[115.33984375,3.22528717655662],[115.306640625,3.20184967655662],[115.29355468750003,3.19647858280662]]]}},{"type":"Feature","properties":{"fillColor":"#00ffff"},"geometry":{"type":"MultiLineString","coordinates":[[[115.29355468750003,3.19647858280662],[115.2587890625,3.19647858280662],[115.24960937500003,3.19342682499412],[115.24355468750002,3.18659088749412],[115.2392578125,3.17938873905662],[115.23544921875003,3.17536041874412],[115.214111328125,3.170672918744117],[115.19873046875,3.169696356244117],[115.18447265625002,3.16644928593162],[115.11875,3.117303778119108],[115.1103515625,3.11261627811912],[115.073974609375,3.08063385624412],[115.0673828125,3.07294342655662],[115.03310546875002,3.057977606244108],[114.9619140625,3.00250885624412],[114.93320312500003,3.00470612186912],[114.927001953125,2.99628327030662],[114.919921875,2.99042389530662],[114.91083984375001,2.98639557499412],[114.89902343750003,2.98358795780662],[114.85625,2.98163483280662],[114.844482421875,2.98358795780662],[114.834716796875,2.995477606244108],[114.83349609375,3.01068756718162],[114.83759765625001,3.03815338749412],[114.837158203125,3.05182526249412],[114.83544921875,3.05768463749412],[114.8134765625,3.07636139530662],[114.8046875,3.099872137494117],[114.80917968750003,3.13141510624412],[114.82333984375003,3.185907293744108],[114.81943359375003,3.20001862186912],[114.816162109375,3.20844147343162],[114.808837890625,3.220575262494108],[114.81064453125003,3.22760651249412],[114.81484375000002,3.234393621869117],[114.817138671875,3.24115631718162],[114.8193359375,3.26788971561912],[114.81396484375,3.27289459843162],[114.796630859375,3.26471588749412],[114.80126953125,3.275165106244117],[114.80341796875001,3.27899811405662],[114.78544921874999,3.290155340619108],[114.786376953125,3.304315496869108],[114.79345703125,3.318622137494117],[114.79296875,3.32990143436912],[114.77412109375001,3.34210846561912],[114.75576171875002,3.345233465619117],[114.73779296875,3.34503815311912],[114.72089843750001,3.347284246869108],[114.71230468750002,3.353143621869108],[114.69580078125,3.370624090619117],[114.68671875000001,3.37457916874412],[114.677734375,3.371698309369108],[114.66542968750002,3.35687897343162],[114.62451171875,3.341327215619117],[114.6103515625,3.34271881718162],[114.60429687499999,3.36408112186912],[114.598388671875,3.37323639530662],[114.56386718750002,3.408075262494108],[114.56113281250003,3.416522528119117],[114.55908203125,3.435565496869117],[114.556396484375,3.442889715619117],[114.55126953125,3.44562409061912],[114.53359375000002,3.450799871869108],[114.52978515625,3.453143621869117],[114.525634765625,3.45722077030662],[114.50156250000003,3.458124090619108],[114.48828125,3.46332428593162],[114.47646484375002,3.473895574994117],[114.467041015625,3.48602936405662],[114.45400390625002,3.51178619999412],[114.451416015625,3.50580475468162],[114.4462890625,3.497430731244108],[114.43984375000002,3.490985418744117],[114.43359375,3.49066803593162],[114.42744140625001,3.49701569218162],[114.428955078125,3.50067780155662],[114.43271484375003,3.504657293744117],[114.43359375,3.51178619999412],[114.42392578125003,3.584979559369117],[114.41933593750002,3.594842840619108],[114.41464843750003,3.60248444218162],[114.4125,3.61078522343162],[114.41357421875,3.625360418744108],[114.41679687499999,3.635858465619108],[114.435546875,3.675067449994117],[114.43896484375,3.685321356244117],[114.4404296875,3.69611237186912],[114.43691406250002,3.708514715619117],[114.4306640625,3.718133856244108],[114.42861328125002,3.728045965619117],[114.43701171875,3.741083074994108],[114.437255859375,3.75018952030662],[114.412353515625,3.767352606244117],[114.40566406250002,3.77558014530662],[114.411376953125,3.78583405155662],[114.4384765625,3.80182526249412],[114.447265625,3.81342194218162]]]}},{"type":"Feature","properties":{"fillColor":"#00ffff"},"geometry":{"type":"MultiLineString","coordinates":[[[114.447265625,3.81342194218162],[114.44775390625,3.833124090619108],[114.463623046875,3.87140534061912],[114.46767578125002,3.89166901249412],[114.46445312500003,3.91290924686912],[114.4404296875,3.977313543744117],[114.43994140625,3.98871491093162],[114.44169921874999,3.99481842655662],[114.441162109375,4.00092194218162],[114.43359375,4.01203034061912],[114.42255859375001,4.020624090619108],[114.39794921875,4.02936432499412],[114.37050781250002,4.05048248905662],[114.323974609375,4.074969793744117],[114.30322265625,4.094012762494117],[114.29111328125003,4.112909246869108],[114.28261718750002,4.13568756718162],[114.28515625,4.15485260624412],[114.327392578125,4.168817449994108],[114.3251953125,4.18268463749412],[114.30322265625,4.210711981244117],[114.302978515625,4.21625397343162],[114.30996093750002,4.22516510624412],[114.31005859375,4.23114655155662],[114.299560546875,4.24054596561912],[114.28232421875003,4.26508209843162],[114.27773437500002,4.27423737186912],[114.27587890625,4.289178778119108],[114.27919921875002,4.295038153119108],[114.293212890625,4.307245184369108],[114.29638671875,4.31683991093162],[114.28955078125,4.36151764530662],[114.27587890625,4.381952215619108],[114.27587890625,4.409930731244117],[114.26816406250003,4.43793366093162],[114.26230468750003,4.44891998905662],[114.251708984375,4.46051666874412],[114.24853515625,4.467059637494117],[114.24755859375,4.47492096561912],[114.24521484375003,4.48163483280662],[114.238037109375,4.484393621869117],[114.22265625,4.48480866093162],[114.21640625000003,4.487811590619117],[114.208740234375,4.508319403119117],[114.197021484375,4.515985418744108],[114.17226562500002,4.52533600468162],[114.1396484375,4.550799871869117],[114.11865234375,4.561786199994117],[114.06386718750002,4.570184637494108],[114.02024553271724,4.590899196742042]]]}},{"type":"Feature","properties":{"fillColor":"#00ffff"},"geometry":{"type":"MultiLineString","coordinates":[[[125.25341796875,8.34320709843162],[125.26621093750003,8.317401434369117],[125.27167968750001,8.301874090619108],[125.27509765625001,8.271258856244117],[125.28281250000003,8.23871491093162],[125.28759765625,8.22589752811912],[125.29375,8.21613190311912],[125.32529296875003,8.17914459843162]]]}},{"type":"Feature","properties":{"fillColor":"#00ffff"},"geometry":{"type":"MultiLineString","coordinates":[[[125.32529296875003,8.17914459843162],[125.33447265625,8.16596100468162],[125.34033203125,8.15302155155662],[125.34121093750002,8.14105866093162],[125.33535156250002,8.13031647343162],[125.34726562500003,8.11774323124412],[125.34560546875002,8.09393952030662],[125.33535156250002,8.04840729374412],[125.3388671875,8.035028387494108],[125.34375,8.025506903119108],[125.346435546875,8.01520416874412],[125.3427734375,7.99933502811912],[125.33740234375,7.99323151249412],[125.30488281250001,7.96796295780662],[125.28173828125,7.962176824994117],[125.255615234375,7.961688543744117],[125.209228515625,7.982049871869108],[125.18369140625003,7.97601959843162],[125.15966796875,7.967401434369108],[125.1375,7.972674871869117],[125.12568359375001,7.951922918744117],[125.11220703125002,7.93903229374412],[125.10107421875,7.924920965619108],[125.096435546875,7.900653387494117],[125.09531250000003,7.878290106244108],[125.092041015625,7.86151764530662],[125.085693359375,7.84796784061912],[125.07587890625001,7.83551666874412],[125.04824218750002,7.81452057499412],[125.03818359375003,7.80109284061912],[125.034423828125,7.777460028119108],[125.03681640625001,7.75324127811912],[125.055419921875,7.69147369999412],[125.057373046875,7.67072174686912],[125.05322265625,7.58100006718162],[125.034423828125,7.52020905155662],[125.03173828125,7.49860260624412],[125.03925781250001,7.464715887494108],[125.04179687499999,7.441669012494117],[125.04111328125003,7.43048737186912],[125.03867187500003,7.420428778119117],[125.03339843750001,7.413104559369117],[125.01171875,7.407342840619108],[125.00537109375,7.40070221561912],[125.0009765625,7.39374420780662],[124.99326171875003,7.38983795780662],[124.982177734375,7.391620184369117],[124.96572265625002,7.40253327030662],[124.959228515625,7.40412018436912],[124.94921875,7.397723699994117],[124.93798828125,7.37982819218162],[124.92343750000003,7.37433502811912],[124.898681640625,7.354266668744117]]]}},{"type":"Feature","properties":{"fillColor":"#00ffff"},"geometry":{"type":"MultiLineString","coordinates":[[[124.898681640625,7.354266668744117],[124.869873046875,7.328387762494117],[124.849853515625,7.30585358280662],[124.83515625000001,7.27533600468162],[124.80683593750001,7.17999909061912],[124.796630859375,7.164081121869117],[124.763671875,7.13287994999412],[124.754638671875,7.128290106244108],[124.732177734375,7.12482330936912],[124.72236328125001,7.119501043744108],[124.712158203125,7.111102606244117],[124.68417968750003,7.09564850468162],[124.66357421875,7.07575104374412],[124.65087890625,7.069842840619117],[124.62685546875002,7.06769440311912],[124.605712890625,7.06305573124412],[124.59169921875002,7.052508856244117],[124.58076171875001,7.041034246869117],[124.56875,7.033563543744108],[124.55458984375002,7.03412506718162],[124.533935546875,7.05048248905662],[124.517333984375,7.05463287968162],[124.499267578125,7.056170965619117],[124.48505859375001,7.06085846561912],[124.47226562500003,7.06928131718162],[124.45888671875002,7.08197662968162],[124.44179687500002,7.105585028119108],[124.42929687500003,7.117694403119117],[124.39833984375002,7.128290106244108],[124.37363281250003,7.151727606244108],[124.34726562500003,7.161004949994108],[124.263427734375,7.20551178593162],[124.24892578125002,7.215936590619108],[124.23095703125,7.26752350468162],[124.21923828125,7.28742096561912]]]}},{"type":"Feature","properties":{"fillColor":"#00ffff"},"geometry":{"type":"MultiLineString","coordinates":[[[108.38623046875,14.48309967655662],[108.37558593750003,14.474872137494117],[108.38427734375,14.456659246869123],[108.409912109375,14.42780182499412],[108.442138671875,14.407245184369117],[108.45361328125,14.392840887494117],[108.46083984375002,14.34857819218162],[108.46748046875001,14.331659246869123],[108.50644531250003,14.276483465619123],[108.515380859375,14.259637762494123],[108.51904296875,14.23944733280662]]]}},{"type":"Feature","properties":{"fillColor":"#00ffff"},"geometry":{"type":"MultiLineString","coordinates":[[[108.51904296875,14.23944733280662],[108.52490234375,14.22443268436912],[108.5673828125,14.181415106244117],[108.61142578125003,14.11249420780662],[108.62216796875003,14.10663483280662],[108.63349609375001,14.092889715619123],[108.6494140625,14.064715887494117],[108.66494140625002,14.01898834843162],[108.665283203125,13.98358795780662],[108.64912109375001,13.95612213749412],[108.615234375,13.93439362186912],[108.5810546875,13.92072174686912],[108.57480468750003,13.91437409061912],[108.57138671875003,13.907733465619117],[108.56503906250003,13.90241119999412],[108.55009765624999,13.90021393436912],[108.53554687500002,13.90021393436912],[108.51748046875002,13.897821356244123],[108.501220703125,13.88983795780662],[108.49169921875,13.872919012494123],[108.49375,13.856073309369123],[108.51406250000002,13.827167059369117],[108.51904296875,13.807733465619123],[108.521240234375,13.80194733280662],[108.53095703125001,13.792840887494123],[108.53330078125003,13.78693268436912],[108.53212890625002,13.78400299686912],[108.52968750000002,13.782342840619123],[108.52714843749999,13.77960846561912],[108.52587890625,13.77362702030662],[108.529052734375,13.770135809369123],[108.566162109375,13.71784088749412],[108.571533203125,13.701922918744117],[108.57363281250002,13.67706940311912],[108.564697265625,13.67047760624412],[108.51220703125,13.64020416874412],[108.50429687500002,13.62787506718162],[108.48779296875,13.589960028119123],[108.48154296875003,13.559686590619123],[108.467041015625,13.51581452030662],[108.46376953125002,13.49616119999412],[108.46201171875003,13.38947174686912],[108.46962890625002,13.37714264530662],[108.49169921875,13.37201569218162],[108.490234375,13.37885162968162],[108.49072265625,13.38446686405662],[108.49160156250002,13.389178778119117],[108.49169921875,13.39313385624412],[108.51093750000001,13.37433502811912],[108.534423828125,13.356708074994117],[108.559814453125,13.343622137494123],[108.59755859375002,13.334735418744117],[108.599853515625,13.324969793744117],[108.59902343750002,13.31171295780662],[108.6015625,13.29755280155662],[108.60556640625003,13.295282293744123],[108.61142578125003,13.296161199994117],[108.617431640625,13.295770574994123],[108.6220703125,13.29010651249412],[108.62324218750001,13.28302643436912],[108.6220703125,13.259051824994117],[108.62587890625002,13.24848053593162],[108.634765625,13.238641668744123],[108.64492187500002,13.231463934369117],[108.65283203125,13.228631903119123],[108.66171875000003,13.223504949994123],[108.66425781250001,13.21210358280662],[108.6630859375,13.19452545780662],[108.66552734375,13.189960028119117],[108.669189453125,13.185321356244117],[108.679443359375,13.175897528119108]]]}},{"type":"Feature","properties":{"fillColor":"#00ffff"},"geometry":{"type":"MultiLineString","coordinates":[[[108.679443359375,13.175897528119108],[108.695556640625,13.16571686405662],[108.714111328125,13.15766022343162],[108.7333984375,13.153192449994108],[108.75185546875002,13.153583074994117],[108.74501953125002,13.14203522343162],[108.739990234375,13.137567449994108],[108.73193359375,13.133075262494117],[108.7431640625,13.133807684369117],[108.75390625,13.13263580936912],[108.763916015625,13.12982819218162],[108.77294921875,13.125604559369108],[108.766357421875,13.110467840619108],[108.7724609375,13.102313543744117],[108.78652343750002,13.09894440311912],[108.80361328125002,13.09833405155662],[108.81162109375003,13.09308502811912],[108.8349609375,13.05731842655662],[108.86435546875003,13.027704168744108],[108.872802734375,13.023211981244117],[108.90634765625003,13.01996491093162],[108.923583984375,13.02435944218162],[108.93115234375,13.040301824994117],[108.92617187500002,13.063104559369108],[108.929443359375,13.06745026249412],[108.94482421875,13.06415436405662],[108.952392578125,13.057147528119117],[108.959716796875,13.04535553593162],[108.96875,13.034295965619108],[108.982421875,13.029413153119108],[108.99951171875,13.031024481244117],[109.020263671875,13.03693268436912],[109.032958984375,13.036883856244117],[109.04873046875002,13.03424713749412],[109.060791015625,13.033563543744108],[109.072998046875,13.03815338749412],[109.08828125000002,13.051141668744108],[109.096435546875,13.04462311405662],[109.11572265625,13.034442449994117],[109.122314453125,13.029413153119108],[109.12763671875001,13.02045319218162],[109.13046875000003,13.011981512494117],[109.13427734375,13.003778387494108],[109.142822265625,12.99591705936912],[109.16181640625001,12.98920319218162],[109.17539062500003,12.99481842655662],[109.188720703125,13.00446198124412],[109.239990234375,13.017450262494108],[109.32832031250001,13.08466217655662]]]}},{"type":"Feature","properties":{"fillColor":"#00ffff"},"geometry":{"type":"MultiLineString","coordinates":[[[102.57167968750002,-3.32073333125588],[102.55703125000002,-3.33025481563088],[102.54345703125,-3.34221770625588],[102.53378906250003,-3.358233331255889],[102.52646484375003,-3.40032317500588],[102.50927734375,-3.43694426875588],[102.50263671875001,-3.45794036250588],[102.50048828125,-3.49749114375588],[102.50644531250003,-3.53655364375588],[102.517333984375,-3.572100518755889],[102.53681640625001,-3.61394622188088],[102.56591796875,-3.65276458125588]]]}},{"type":"Feature","properties":{"fillColor":"#00ffff"},"geometry":{"type":"MultiLineString","coordinates":[[[102.56591796875,-3.65276458125588],[102.59121093750002,-3.67522551875588],[102.60498046875,-3.68401458125588],[102.619384765625,-3.690752862505889],[102.65576171875,-3.69890715938088],[102.6982421875,-3.70305755000588],[102.714111328125,-3.710284112505889],[102.73740234375003,-3.745440362505889],[102.749755859375,-3.758330987505886],[102.792236328125,-3.772002862505886],[102.90771484375,-3.78337981563088],[102.92724609375,-3.77947356563088],[102.94375,-3.762725518755886],[102.94765625000002,-3.71575286250588],[102.9580078125,-3.694170831255889],[102.97705078125,-3.679229425005886],[103.01816406250003,-3.65398528438088],[103.071875,-3.59539153438088],[103.08642578125,-3.57317473750588],[103.09931640625001,-3.525225518755889],[103.116943359375,-3.51311614375588],[103.16064453125,-3.49895598750588],[103.176513671875,-3.48503997188088],[103.185791015625,-3.471709893755886],[103.19873046875,-3.46184661250588],[103.225830078125,-3.45794036250588],[103.24755859375,-3.46184661250588],[103.26953125,-3.46843840938088],[103.291015625,-3.46965911250588],[103.31142578125002,-3.45794036250588],[103.321044921875,-3.438311456255889],[103.31748046875003,-3.41936614375588],[103.30927734375001,-3.399932550005886],[103.3046875,-3.37908294063088],[103.30576171875003,-3.36785247188088],[103.31044921875002,-3.35295989375588],[103.31142578125002,-3.34465911250588],[103.30966796875003,-3.331866143755889],[103.30078125,-3.311553643755886],[103.297119140625,-3.30022551875588],[103.29990234375003,-3.231280206255889],[103.29404296875003,-3.214678643755889],[103.28916015625003,-3.20647551875588],[103.28564453125,-3.18840911250588],[103.28076171875,-3.18010833125588],[103.23349609375003,-3.11882903438088],[103.2255859375,-3.10027434688088],[103.22265625,-3.07708098750588],[103.225830078125,-3.05413176875588],[103.23398437500003,-3.038897393755889],[103.2802734375,-2.980010675005886],[103.2919921875,-2.96111419063088],[103.297119140625,-2.946807550005886],[103.297119140625,-2.862139581255889],[103.300537109375,-2.83928801875588],[103.3076171875,-2.826006768755889],[103.32167968750002,-2.816924737505886],[103.374755859375,-2.79656340938088],[103.3837890625,-2.78972747188088],[103.38671875,-2.78142669063088],[103.38291015625003,-2.76165130000588],[103.38720703125,-2.752276300005889],[103.40283203125,-2.75286223750588],[103.41650390625,-2.73796965938088],[103.431396484375,-2.725909112505889],[103.45947265625,-2.738799737505886],[103.470703125,-2.73967864375588],[103.49267578125,-2.738604425005889],[103.505859375,-2.73992278438088],[103.513427734375,-2.743194268755886],[103.52011718750003,-2.747588800005886],[103.530517578125,-2.752276300005889],[103.54072265625001,-2.75457122188088],[103.55712890625,-2.75652434688088],[103.564697265625,-2.759112237505889],[103.569580078125,-2.76458098750588],[103.57119140625002,-2.77117278438088],[103.575439453125,-2.77654387813088],[103.5888671875,-2.778838800005886],[103.59521484375,-2.77410247188088],[103.60908203125001,-2.75066497188088],[103.6162109375,-2.74163176875588],[103.62441406250002,-2.740557550005889],[103.63662109375002,-2.743682550005886],[103.64794921875,-2.74846770625588],[103.654052734375,-2.752276300005889],[103.661376953125,-2.77092864375588],[103.664794921875,-2.79363372188088],[103.67226562500002,-2.81243255000588],[103.69199218750003,-2.82048919063088],[103.69716796875002,-2.82366301875588],[103.705078125,-2.83074309688088],[103.71503906250001,-2.83782317500588],[103.72607421875,-2.84099700313088],[103.787841796875,-2.851885675005889],[103.80615234375,-2.857940362505886],[103.8203125,-2.86687590938088],[103.82607421875002,-2.87883880000588],[103.948974609375,-2.90300872188088],[103.96230468750002,-2.90789153438088],[103.9677734375,-2.911944268755889],[103.97177734375003,-2.91741301875588],[103.97998046875,-2.926299737505886]]]}},{"type":"Feature","properties":{"fillColor":"#00ffff"},"geometry":{"type":"MultiLineString","coordinates":[[[103.97998046875,-2.926299737505886],[104.013916015625,-2.958038018755886],[104.03017578125002,-2.96355559688088],[104.0576171875,-2.96379973750588],[104.06992187500003,-2.960284112505889],[104.0771484375,-2.959795831255889],[104.08544921875,-2.96379973750588],[104.08945312500003,-2.971514581255889],[104.09033203125,-2.98064544063088],[104.093017578125,-2.988604425005889],[104.12392578125002,-2.997588800005886],[104.131591796875,-3.011260675005886],[104.13613281250002,-3.02727630000588],[104.14755859375003,-3.039580987505886],[104.19013671875001,-3.044952081255886],[104.22910156250003,-3.028643487505889],[104.26669921875003,-3.00579192500588],[104.30517578125,-2.991729425005886],[104.316162109375,-2.991534112505889],[104.32480468750003,-2.99309661250588],[104.33935546875,-2.99797942500588],[104.3447265625,-3.001006768755886],[104.353515625,-3.00969817500588],[104.35976562500002,-3.012237237505886],[104.36708984375002,-3.012041925005889],[104.378173828125,-3.00676848750588],[104.384033203125,-3.005401300005886],[104.400390625,-2.99895598750588],[104.41054687500002,-2.997100518755886],[104.4150390625,-3.001788018755889],[104.41738281250002,-3.008623956255889],[104.42275390625002,-3.015655206255886],[104.429443359375,-3.02190520625588],[104.435546875,-3.025909112505886],[104.4443359375,-3.028643487505889],[104.46240234375,-3.030303643755886],[104.46962890625002,-3.03215911250588],[104.47900390625,-3.039580987505886],[104.48769531250002,-3.04876067500588],[104.49667968750003,-3.05413176875588],[104.50751953125001,-3.049834893755886],[104.52724609375002,-3.03728606563088],[104.54501953125003,-3.03386809688088],[104.56210937500003,-3.03411223750588],[104.68955078125003,-3.016143487505886],[104.81904296875001,-2.97283294063088],[104.846435546875,-2.95769622188088],[104.88593750000001,-2.922686456255889],[104.89755859375003,-2.906768487505886],[104.90839843750001,-2.84099700313088],[104.91708984375003,-2.810870050005889],[104.96748046875001,-2.70476653438088],[104.97597656250002,-2.676299737505886],[104.98720703125002,-2.568877862505886],[104.99619140625003,-2.540557550005886],[105.018310546875,-2.491534112505889],[105.03378906250003,-2.39421965938088],[105.04272328611886,-2.372855211596754]]]}},{"type":"Feature","properties":{"fillColor":"#00ffff"},"geometry":{"type":"MultiLineString","coordinates":[[[112.00732421875,-0.905108331255889],[112.006103515625,-0.91668059688088],[112.001220703125,-0.93718840938088],[112.00048828125,-0.94915130000588],[112.00400390625003,-0.97161223750588],[112.017822265625,-1.01213958125588],[112.02099609375,-1.03533294063088],[112.02089843750002,-1.159991143755889],[112.01328125000003,-1.20110442500588],[111.98681640625,-1.27190520625588]]]}},{"type":"Feature","properties":{"fillColor":"#00ffff"},"geometry":{"type":"MultiLineString","coordinates":[[[111.98681640625,-1.27190520625588],[111.9736328125,-1.307452081255889],[111.96835937500003,-1.32878997188088],[111.96630859375,-1.350127862505886],[111.970703125,-1.37200286250588],[111.98095703125,-1.385088800005889],[111.992431640625,-1.39519622188088],[112.00048828125,-1.40837981563088],[112.00048828125,-1.42669036250588],[111.97314453125,-1.56609465938088],[111.974609375,-1.655303643755886],[111.98164062500001,-1.69963958125588],[111.99365234375,-1.73796965938088],[112.00751953125001,-1.759112237505889],[112.065673828125,-1.809405206255889],[112.0771484375,-1.82781340938088],[112.09492187500001,-1.87102630000588],[112.11347656250001,-1.904327081255886],[112.12636718750002,-1.92253997188088],[112.142333984375,-1.937334893755889],[112.16181640625001,-1.943389581255886],[112.17617187500002,-1.95305755000588],[112.18740234375002,-1.97454192500588],[112.19912109375002,-2.01165130000588],[112.20068359375,-2.02678801875588],[112.2001953125,-2.05242278438088],[112.19492187500003,-2.076690362505886],[112.18203125000002,-2.087432550005886],[112.17744140625001,-2.092608331255889],[112.181884765625,-2.103838800005889],[112.18896484375,-2.114580987505889],[112.19287109375,-2.118194268755886],[112.191162109375,-2.13298919063088],[112.1865234375,-2.142120050005886],[112.17988281250001,-2.150420831255886],[112.17236328125,-2.16253020625588],[112.171630859375,-2.167315362505889],[112.17333984375,-2.178545831255889],[112.17236328125,-2.18303801875588],[112.16933593750002,-2.186358331255889],[112.16201171875002,-2.19255950313088],[112.15419921875002,-2.203448175005889],[112.14951171875003,-2.20769622188088],[112.14599609375,-2.214385675005886],[112.14453125,-2.22771575313088],[112.150390625,-2.252764581255889],[112.180419921875,-2.291827081255889],[112.19287109375,-2.31340911250588],[112.19277343750002,-2.354522393755886],[112.15234375,-2.439971612505886],[112.14453125,-2.484698175005889],[112.14599609375,-2.496905206255889],[112.148193359375,-2.50505950313088],[112.15214843749999,-2.511553643755889],[112.15869140625,-2.51824309688088],[112.1689453125,-2.52288176875588],[112.18017578125,-2.52459075313088],[112.18916015625001,-2.529327081255886],[112.19287109375,-2.542803643755889]]]}},{"type":"Feature","properties":{"fillColor":"#00ffff"},"geometry":{"type":"MultiLineString","coordinates":[[[112.19287109375,-2.542803643755889],[112.19589843750003,-2.56609465938088],[112.20332031250001,-2.58123137813088],[112.21240234375,-2.59514739375588],[112.22021484375,-2.615069268755889],[112.22089843750001,-2.626788018755889],[112.21835937500003,-2.63738372188088],[112.21484375,-2.647002862505886],[112.21259765625001,-2.656084893755889],[112.21298828125003,-2.744463800005889],[112.217041015625,-2.760772393755886],[112.2568359375,-2.825713800005886],[112.26123046875,-2.83757903438088],[112.25390625,-2.90227630000588],[112.25439453125,-2.922881768755886],[112.259375,-2.93914153438088],[112.281494140625,-2.986163018755889],[112.29189453125002,-3.001788018755889],[112.30019531250002,-3.018584893755886],[112.322509765625,-3.15935637813088],[112.32470703125,-3.165069268755886],[112.33056640625,-3.173174737505889],[112.33828125000002,-3.180498956255889],[112.346923828125,-3.18352630000588],[112.36083984375,-3.184405206255889],[112.3671875,-3.186846612505889],[112.394775390625,-3.221026300005889],[112.412109375,-3.230303643755889],[112.418212890625,-3.231963800005886],[112.42041015625,-3.230987237505886],[112.42783203125003,-3.22918059688088],[112.433837890625,-3.22698333125588],[112.431884765625,-3.22454192500588],[112.4638671875,-3.24651458125588],[112.48007812500003,-3.24993255000588],[112.493896484375,-3.231963800005886],[112.53544921874999,-3.28020598750588],[112.55126953125,-3.305498956255889],[112.555908203125,-3.33440520625588],[112.55341796875001,-3.34002044063088],[112.544189453125,-3.348467706255889],[112.54179687499999,-3.355498956255886],[112.542236328125,-3.363799737505886],[112.5495347744046,-3.383766471369221]],[[112.55804713018124,-3.395986913882008],[112.568115234375,-3.406084893755889],[112.57530380080928,-3.415579226782275]]]}},{"type":"Feature","properties":{"fillColor":"#00ffff"},"geometry":{"type":"MultiLineString","coordinates":[[[102.765625,14.087518621869123],[102.866455078125,14.062127996869123],[102.89453125,14.044549871869123],[102.9375,13.997821356244117],[102.95595703125002,13.97064850468162],[102.97089843750001,13.94196198124412]]]}},{"type":"Feature","properties":{"fillColor":"#00ffff"},"geometry":{"type":"MultiLineString","coordinates":[[[102.97089843750001,13.94196198124412],[102.97841796875002,13.92243073124412],[102.98769531250002,13.877704168744117],[102.98769531250002,13.857440496869117],[102.98330078125002,13.83820221561912],[102.95888671875002,13.774774481244123],[102.95449218750002,13.72870514530662],[102.9560546875,13.69867584843162],[102.962158203125,13.67401764530662],[102.986328125,13.62653229374412],[103.00537109375,13.602655340619123],[103.02158203125003,13.59552643436912],[103.0390625,13.592547918744117],[103.060546875,13.580829168744117],[103.078857421875,13.573602606244123],[103.09814453125,13.573993231244117],[103.116943359375,13.571893621869123],[103.13427734375,13.557245184369123],[103.16845703125,13.49616119999412],[103.18603515625,13.47980377811912],[103.20068359375,13.473407293744117],[103.240234375,13.46198151249412],[103.25068359375001,13.45685455936912],[103.25791015625003,13.440545965619123],[103.263427734375,13.397235418744117],[103.27207031250003,13.374286199994117],[103.2783203125,13.36163971561912],[103.27978515625,13.356708074994117],[103.28212890625002,13.35443756718162],[103.291259765625,13.35004303593162],[103.2958984375,13.35004303593162],[103.299560546875,13.35321686405662],[103.302978515625,13.356805731244123],[103.306396484375,13.35797760624412],[103.31308593750003,13.355340887494123],[103.32509765625002,13.34833405155662],[103.369384765625,13.32904694218162],[103.386962890625,13.317499090619123],[103.395263671875,13.30463287968162],[103.388916015625,13.29071686405662],[103.376708984375,13.27716705936912],[103.37324218750001,13.26264069218162],[103.392822265625,13.24542877811912],[103.40957031250002,13.24079010624412],[103.42177734375002,13.244989324994123],[103.43359375,13.252215887494117],[103.44960937500002,13.25665924686912],[103.4638671875,13.25507233280662],[103.509521484375,13.24262116093162],[103.52822265625002,13.241961981244117],[103.53945312500002,13.24457428593162],[103.56298828125,13.26203034061912],[103.576904296875,13.26593659061912]]]}},{"type":"Feature","properties":{"fillColor":"#00ffff"},"geometry":{"type":"MultiLineString","coordinates":[[[103.13251953125001,12.12531159061912],[103.11757812500002,12.14716217655662],[103.116455078125,12.171258856244108],[103.118896484375,12.19623444218162],[103.11376953125,12.22101471561912],[103.08964843749999,12.260858465619108],[103.09003906250001,12.277948309369108],[103.10927734375002,12.298700262494108],[103.156982421875,12.33026764530662],[103.171875,12.336688543744117],[103.186279296875,12.33710358280662],[103.22792968750002,12.329364324994117],[103.241943359375,12.32355377811912],[103.25449218750003,12.30914948124412],[103.26220703125,12.29462311405662],[103.2724609375,12.285028387494108],[103.29248046875,12.285663153119117],[103.30517578125,12.292352606244108],[103.343017578125,12.32550690311912],[103.38271484375002,12.347674871869117],[103.39248046875002,12.34564850468162],[103.432373046875,12.32709381718162]]]}},{"type":"Feature","properties":{"fillColor":"#00ffff"},"geometry":{"type":"MultiLineString","coordinates":[[[103.432373046875,12.32709381718162],[103.4443359375,12.322137762494108],[103.45546875000002,12.319110418744117],[103.48505859375001,12.31781647343162],[103.49521484375003,12.31549713749412],[103.50302734375003,12.31098053593162],[103.5185546875,12.298456121869108],[103.52451171875003,12.295526434369108],[103.53515625,12.29669830936912],[103.55361328125002,12.30548737186912],[103.56015625000003,12.30744049686912],[103.56875,12.30512116093162],[103.58798828125003,12.295526434369108],[103.59707031250002,12.29230377811912],[103.62177734375001,12.29059479374412],[103.64150390625002,12.29559967655662],[103.74658203125,12.364520574994117],[103.78066406250002,12.39557526249412],[103.802978515625,12.431415106244117],[103.805908203125,12.449823309369108],[103.80615234375,12.46832916874412],[103.810302734375,12.48590729374412],[103.82480468750003,12.501483465619117],[103.84628906250003,12.50861237186912],[103.89404296875,12.51032135624412],[103.91542968750002,12.51935455936912],[103.929443359375,12.53534577030662],[103.94873046875,12.57050202030662],[104.052978515625,12.662958074994108],[104.07382812500003,12.676141668744108],[104.13232421875,12.70111725468162]]]}},{"type":"Feature","properties":{"fillColor":"#00ffff"},"geometry":{"type":"MultiLineString","coordinates":[[[102.78066406250002,18.71491119999412],[102.7744140625,18.697528387494117],[102.74589843749999,18.673944403119123],[102.7333984375,18.66681549686912],[102.71347656250003,18.65033600468162],[102.7001953125,18.63068268436912],[102.688720703125,18.61188385624412],[102.674560546875,18.59235260624412],[102.642822265625,18.57465241093162],[102.605224609375,18.56659577030662],[102.588134765625,18.56220123905662],[102.57675781250003,18.555194403119117],[102.567138671875,18.55036041874412]]]}},{"type":"Feature","properties":{"fillColor":"#00ffff"},"geometry":{"type":"MultiLineString","coordinates":[[[103.20498046875002,19.68390534061912],[103.174560546875,19.64935944218162],[103.15771484375,19.63886139530662],[103.096923828125,19.620233465619123],[103.07998046875002,19.611346746869117],[103.068115234375,19.59662506718162],[103.06396484375,19.57807037968162],[103.0625,19.53839752811912],[103.05556640625002,19.51984284061912],[103.050537109375,19.515252996869123],[103.03681640625001,19.507440496869123],[103.03134765625003,19.50336334843162],[102.97236328125001,19.42426178593162],[102.95986328125002,19.414081121869117],[102.95371093750003,19.41046784061912],[102.94785156250003,19.40778229374412]]]}},{"type":"Feature","properties":{"fillColor":"#00ffff"},"geometry":{"type":"MultiLineString","coordinates":[[[102.567138671875,18.55036041874412],[102.54433593750002,18.52606842655662],[102.52646484375003,18.51874420780662],[102.513427734375,18.51056549686912],[102.513671875,18.484491278119123],[102.53330078125003,18.40778229374412],[102.53359375000002,18.39704010624412],[102.53017578125002,18.375751043744117],[102.531494140625,18.367450262494117],[102.537353515625,18.36957428593162],[102.54921875000002,18.37189362186912],[102.55908203125,18.368280340619123],[102.55898437500002,18.35260651249412],[102.55244140625001,18.34540436405662],[102.5322265625,18.339227606244123],[102.526123046875,18.33551666874412],[102.5205078125,18.32428619999412],[102.52167968750001,18.32245514530662],[102.52822265625002,18.321649481244123],[102.5380859375,18.31378815311912],[102.55419921875,18.306659246869117],[102.55820312500003,18.300555731244117],[102.549072265625,18.290057684369117],[102.53828125000001,18.288446356244123],[102.52412109375001,18.29035065311912],[102.51162109375002,18.28998444218162],[102.505859375,18.28168366093162],[102.5107421875,18.276971746869123],[102.52197265625,18.27496979374412],[102.533203125,18.27057526249412],[102.53798828125002,18.25885651249412],[102.53759765625,18.241717840619117],[102.5390625,18.237420965619123],[102.542236328125,18.238544012494117],[102.56904296875001,18.234002996869123],[102.5771484375,18.23029205936912],[102.57851562500002,18.225116278119117],[102.57587890625001,18.20807526249412],[102.578125,18.20221588749412],[102.58291015625002,18.200799871869123],[102.586181640625,18.202752996869123],[102.588623046875,18.205340887494117],[102.591064453125,18.20600006718162],[102.6279296875,18.19647858280662],[102.63720703125,18.189471746869117],[102.631103515625,18.17352936405662],[102.62324218750001,18.170770574994123],[102.6142578125,18.17279694218162],[102.60664062500001,18.170038153119123],[102.60341796875002,18.15302155155662],[102.60537109375002,18.13556549686912],[102.61044921875003,18.134295965619117],[102.617919921875,18.140155340619117],[102.62607421875003,18.14411041874412],[102.65732421875003,18.149676824994117],[102.66855468750003,18.149676824994117],[102.69970703125,18.139276434369123],[102.7109375,18.13971588749412],[102.71689453125003,18.144061590619117],[102.7216796875,18.15155670780662],[102.7275390625,18.15888092655662],[102.73759765624999,18.162616278119117],[102.75234375000002,18.15766022343162],[102.77265625000001,18.131952215619123],[102.78564453125,18.12543366093162],[102.796630859375,18.12787506718162],[102.80126953125,18.13471100468162],[102.804443359375,18.14276764530662],[102.81064453125003,18.14874909061912],[102.82080078125,18.151971746869123],[102.848388671875,18.15729401249412],[102.85019531250003,18.16461823124412],[102.852294921875,18.170038153119123],[102.85585937500002,18.173700262494123],[102.86152343750001,18.17462799686912],[102.8740234375,18.173211981244123],[102.87939453125,18.17450592655662],[102.88681640625003,18.180926824994117],[102.89267578125003,18.18793366093162],[102.89912109375001,18.19391510624412],[102.908935546875,18.196893621869123],[102.92988281250001,18.19220612186912],[102.97314453125,18.17145416874412],[102.99462890625,18.17328522343162],[102.99472656250003,18.179217840619117],[102.989013671875,18.18805573124412],[102.98681640625,18.19562409061912],[102.997314453125,18.19782135624412],[103.01093750000001,18.19391510624412],[103.01318359375,18.186883856244123],[103.00996093750001,18.17792389530662],[103.00791015625003,18.167987371869117],[103.00537109375,18.161004949994123],[103.00048828125,18.154901434369123],[102.99677734375001,18.14765045780662],[102.99814453125003,18.13666412968162],[103.0048828125,18.12543366093162],[103.013916015625,18.12006256718162],[103.0244140625,18.120379949994117],[103.03554687500002,18.126239324994117],[103.04736328125,18.14398834843162],[103.056640625,18.163592840619117],[103.06826171875002,18.16791412968162],[103.08681640625002,18.13971588749412]]]}},{"type":"Feature","properties":{"fillColor":"#00ffff"},"geometry":{"type":"MultiLineString","coordinates":[[[102.94785156250003,19.40778229374412],[102.930908203125,19.40448639530662],[102.9140625,19.40741608280662],[102.896484375,19.41522858280662],[102.87744140625,19.42633698124412],[102.84970703125003,19.43695709843162],[102.819580078125,19.43817780155662],[102.79013671875003,19.430926824994117],[102.76425781250003,19.416034246869117],[102.74941406250002,19.39020416874412],[102.742919921875,19.35199616093162],[102.74589843749999,19.31439850468162],[102.75888671875003,19.29059479374412],[102.79355468750003,19.27631256718162],[102.80917968750003,19.26703522343162],[102.818603515625,19.25104401249412],[102.81796875000003,19.24042389530662],[102.80771484375003,19.21808502811912],[102.80478515625003,19.20697662968162],[102.8056640625,19.19782135624412],[102.81494140625,19.168329168744123],[102.83359375000003,19.13764069218162],[102.85986328125,19.10761139530662],[102.87998046875003,19.07477448124412],[102.8818359375,19.03571198124412],[102.874755859375,19.017450262494123],[102.86533203125003,19.005487371869123],[102.85263671875003,18.996942449994123],[102.813720703125,18.97821686405662],[102.799560546875,18.96881744999412],[102.78925781250001,18.95612213749412],[102.77919921875002,18.935663153119123],[102.77333984375002,18.91876862186912],[102.77099609375,18.876971746869117],[102.761962890625,18.84259674686912],[102.76425781250003,18.82099030155662],[102.7666015625,18.81732819218162],[102.7763671875,18.805047918744123],[102.77939453125003,18.799823309369117],[102.78095703125001,18.71344635624412]]]}},{"type":"Feature","properties":{"fillColor":"#00ffff"},"geometry":{"type":"MultiLineString","coordinates":[[[102.00244140625,14.276971746869123],[102.06757812500001,14.355829168744123],[102.068115234375,14.367059637494123],[102.06484375000002,14.384393621869123],[102.064697265625,14.40033600468162],[102.074462890625,14.407342840619123],[102.08632812500002,14.41303131718162],[102.09365234375002,14.42658112186912],[102.09736328125001,14.44257233280662],[102.0986328125,14.45575592655662],[102.10849609375003,14.45087311405662],[102.1123046875,14.44830963749412],[102.13808593750002,14.471551824994123],[102.161376953125,14.503436590619117],[102.17744140625001,14.542010809369117],[102.18056640625002,14.58551666874412]]]}},{"type":"Feature","properties":{"fillColor":"#00ffff"},"geometry":{"type":"MultiLineString","coordinates":[[[102.18056640625002,14.58551666874412],[102.17597656250001,14.602899481244123],[102.162841796875,14.62909577030662],[102.16015625,14.650653387494117],[102.16552734375,14.662372137494117],[102.19150390625003,14.688739324994117],[102.20107421875002,14.70282623905662],[102.208740234375,14.736835028119117],[102.20849609375,14.838739324994123],[102.213134765625,14.87860748905662],[102.21845703125001,14.89887116093162],[102.22519531250003,14.907586981244123],[102.2431640625,14.91303131718162],[102.24853515625,14.92706940311912],[102.24951171875,14.96906159061912],[102.255859375,14.990838934369123],[102.26552734375002,15.00958893436912],[102.27734375,15.025262762494123],[102.342041015625,15.084100653119123],[102.35195312500002,15.09943268436912],[102.3662109375,15.09259674686912],[102.358154296875,15.113055731244117],[102.3701171875,15.129657293744117],[102.372314453125,15.133563543744117],[102.373779296875,15.14313385624412],[102.37197265625002,15.16107819218162],[102.372314453125,15.17450592655662],[102.37587890625002,15.189227606244117],[102.38242187500003,15.20038483280662],[102.39072265625003,15.20880768436912],[102.433837890625,15.237176824994123],[102.446533203125,15.23749420780662],[102.4736328125,15.234735418744123],[102.489013671875,15.237176824994123],[102.50244140625,15.24176666874412],[102.509521484375,15.24530670780662],[102.557861328125,15.28571198124412],[102.5859375,15.31915924686912]]]}},{"type":"Feature","properties":{"fillColor":"#00ffff"},"geometry":{"type":"MultiLineString","coordinates":[[[102.5859375,15.31915924686912],[102.58974609375002,15.31439850468162],[102.59375,15.311639715619123],[102.596923828125,15.313348699994123],[102.60048828125002,15.33197662968162],[102.60585937500002,15.332147528119123],[102.61269531250002,15.33002350468162],[102.619384765625,15.332782293744117],[102.625,15.34247467655662],[102.634033203125,15.364374090619123],[102.639892578125,15.373797918744117],[102.640380859375,15.36737702030662],[102.64179687500001,15.365985418744117],[102.64599609375,15.36627838749412],[102.65234375,15.372333074994117],[102.66005859375002,15.37433502811912],[102.667724609375,15.37238190311912],[102.67392578125003,15.36627838749412],[102.699462890625,15.38580963749412],[102.71337890625,15.39252350468162],[102.72929687499999,15.39423248905662],[102.73779296875,15.391620184369117],[102.74814453125003,15.38251373905662],[102.75283203125002,15.38056061405662],[102.76357421875002,15.383807684369117],[102.771240234375,15.38971588749412],[102.77734375,15.392596746869117],[102.78378906250003,15.38678619999412],[102.80019531250002,15.38996002811912],[102.820556640625,15.38739655155662],[102.83798828125003,15.38898346561912],[102.84531250000003,15.40448639530662],[102.85302734375,15.404803778119117],[102.89931640625002,15.373797918744117],[102.90673828125,15.375995184369117],[102.951171875,15.38056061405662],[102.95332031250001,15.38764069218162],[102.97509765625,15.42902252811912],[102.97998046875,15.429559637494123],[102.9814453125,15.42804596561912],[102.98330078125002,15.427118231244123],[102.9892578125,15.421502996869123],[102.99550781250002,15.421502996869123],[103.00146484375,15.43048737186912],[103.0302734375,15.448846746869123],[103.037109375,15.441424871869117],[103.0517578125,15.45551178593162],[103.0576171875,15.463153387494117],[103.05898437500002,15.45392487186912],[103.06171875000001,15.44647858280662],[103.06601562500003,15.440301824994123],[103.0712890625,15.435174871869123],[103.0771484375,15.43768952030662],[103.07900390625002,15.437372137494123],[103.08046875000002,15.43598053593162],[103.0849609375,15.435174871869123],[103.10537109375002,15.448846746869123],[103.1,15.437762762494117],[103.10244140625002,15.42890045780662],[103.10986328125,15.42145416874412],[103.11904296875002,15.41474030155662],[103.12978515625002,15.41913483280662],[103.13330078125,15.421502996869123],[103.13330078125,15.41474030155662],[103.14013671875,15.41474030155662],[103.14013671875,15.421502996869123],[103.14697265625,15.421502996869123],[103.149658203125,15.40619537968162],[103.1630859375,15.38092682499412],[103.16748046875,15.36627838749412],[103.19091796875,15.371210028119123],[103.20361328125,15.35809967655662],[103.2119140625,15.344012762494117],[103.22265625,15.345819403119123],[103.22890625000002,15.345819403119123],[103.23291015625,15.333124090619123],[103.251953125,15.323358465619123],[103.2568359375,15.311639715619123],[103.26962890625003,15.32184479374412],[103.279052734375,15.32074616093162],[103.28662109375,15.31513092655662],[103.29404296875003,15.311639715619123],[103.30361328125002,15.31500885624412],[103.3154296875,15.32953522343162],[103.32167968750002,15.332782293744117],[103.332275390625,15.33588287968162],[103.353759765625,15.34955475468162],[103.36669921875,15.352655340619123],[103.37363281250003,15.349481512494123],[103.382080078125,15.343768621869117],[103.391357421875,15.34064362186912],[103.40087890625,15.345819403119123],[103.406982421875,15.345819403119123],[103.40673828125,15.34125397343162],[103.40839843750001,15.34027741093162],[103.41123046875003,15.34052155155662],[103.41455078125,15.339618231244117],[103.403076171875,15.330194403119123],[103.412353515625,15.321795965619117],[103.42919921875,15.32233307499412],[103.441162109375,15.339618231244117],[103.43427734375001,15.339618231244117],[103.43427734375001,15.345819403119123],[103.453857421875,15.339618231244117],[103.46845703125001,15.332782293744117],[103.468994140625,15.331073309369117],[103.47597656250002,15.31915924686912],[103.48164062500001,15.315057684369123],[103.48652343750001,15.314081121869123],[103.4912109375,15.31378815311912],[103.49648437500002,15.311639715619123],[103.49853515625,15.30817291874412],[103.49755859375,15.30451080936912],[103.49765625000003,15.301044012494117],[103.50263671875001,15.29804108280662],[103.50888671875003,15.297137762494117],[103.52011718750003,15.298114324994117],[103.523681640625,15.29804108280662],[103.54091796875002,15.29340241093162],[103.548583984375,15.29010651249412],[103.557861328125,15.28436920780662],[103.57119140625002,15.29462311405662],[103.608642578125,15.30829498905662],[103.626220703125,15.31915924686912],[103.636962890625,15.33161041874412],[103.66083984375001,15.373797918744117],[103.6708984375,15.35639069218162],[103.673828125,15.339960028119123],[103.6796875,15.33429596561912],[103.69843750000001,15.349237371869123],[103.70810546875003,15.361102606244117],[103.7109375,15.36591217655662],[103.716064453125,15.366717840619117],[103.74765625000003,15.36493561405662],[103.75332031250002,15.36871979374412],[103.75644531250003,15.38056061405662],[103.77490234375,15.37848541874412],[103.78662109375,15.392450262494123],[103.79541015625,15.407342840619123],[103.81171875000001,15.40790436405662],[103.81679687500002,15.41510651249412],[103.8173828125,15.43561432499412],[103.82656250000002,15.453876043744117],[103.845703125,15.46295807499412],[103.873779296875,15.463153387494117],[103.87851562500003,15.46454498905662],[103.88242187500003,15.46820709843162],[103.88710937500002,15.47089264530662],[103.89423828125001,15.469354559369123],[103.895751953125,15.465936590619123],[103.89736328125002,15.45343659061912],[103.900390625,15.448846746869123],[103.909423828125,15.443231512494123],[103.916015625,15.44049713749412],[103.92519531250002,15.44000885624412],[103.942138671875,15.441424871869117],[103.935546875,15.426532293744117],[103.945068359375,15.42169830936912],[103.961669921875,15.423602606244117],[103.97617187500003,15.42902252811912],[103.97705078125,15.416376043744123],[103.98574218750002,15.410174871869117],[103.999755859375,15.408221746869117],[104.03408203125002,15.40900299686912],[104.049560546875,15.40753815311912],[104.060791015625,15.402118231244117],[104.06494140625,15.390497137494123],[104.06796875000003,15.375848699994123],[104.07626953125003,15.36383698124412],[104.08828125000002,15.35565827030662],[104.117431640625,15.34943268436912],[104.12841796875,15.343524481244117],[104.1376953125,15.340448309369123],[104.14755859375003,15.345819403119123],[104.15380859375,15.345819403119123],[104.164794921875,15.32758209843162],[104.201171875,15.30316803593162],[104.208984375,15.288104559369117],[104.21376953125002,15.281268621869117],[104.22451171875002,15.27692291874412],[104.23593750000003,15.27374909061912],[104.24306640625002,15.27069733280662],[104.24746093750002,15.261346746869123],[104.25048828125,15.238788153119117],[104.25742187500003,15.229754949994117],[104.263671875,15.229754949994117],[104.27734375,15.24689362186912],[104.30234375000003,15.23627350468162],[104.35292968750002,15.201776434369123],[104.35908203125001,15.20099518436912],[104.377197265625,15.201776434369123],[104.386474609375,15.19660065311912],[104.384521484375,15.185077215619117],[104.380615234375,15.17352936405662],[104.384033203125,15.16828034061912],[104.44921875,15.14350006718162],[104.460693359375,15.13727448124412],[104.486328125,15.14166901249412],[104.52490234375,15.154071356244117],[104.53505859375002,15.153583074994117],[104.5615234375,15.14801666874412],[104.67587890625003,15.14557526249412],[104.6943359375,15.14215729374412],[104.709228515625,15.133563543744117],[104.72089843750001,15.139911199994117],[104.7294921875,15.147723699994117],[104.73486328125,15.15790436405662],[104.73652343750001,15.17145416874412],[104.72294921874999,15.172137762494117],[104.711669921875,15.17487213749412],[104.702392578125,15.18195221561912]]]}},{"type":"Feature","properties":{"fillColor":"#00ffff"},"geometry":{"type":"MultiLineString","coordinates":[[[104.702392578125,15.18195221561912],[104.79042968750002,15.240838934369123],[104.80039062500003,15.24286530155662],[104.815673828125,15.243426824994117],[104.82607421875002,15.240350653119123],[104.822998046875,15.23358795780662],[104.8134765625,15.226581121869117],[104.80478515625003,15.222919012494117],[104.80478515625003,15.215448309369123],[104.821044921875,15.211932684369117],[104.83173828125001,15.21271393436912],[104.853271484375,15.222919012494117],[104.922119140625,15.24030182499412],[104.93115234375,15.24054596561912],[104.96845703125001,15.259051824994117],[104.973388671875,15.263934637494117],[104.986328125,15.266473699994123],[105.01611328125,15.279413153119123],[105.12646484375,15.308710028119123],[105.18310546875,15.312127996869123],[105.2021484375,15.31098053593162],[105.21718750000002,15.30426666874412],[105.22314453125,15.288104559369117],[105.22431640625001,15.27875397343162],[105.2275390625,15.27179596561912],[105.249755859375,15.24481842655662],[105.256591796875,15.23969147343162],[105.26611328125,15.237909246869123],[105.275634765625,15.24054596561912],[105.28427734375003,15.24677155155662],[105.29150390625,15.25495026249412],[105.303955078125,15.27252838749412],[105.31210937500003,15.27875397343162],[105.322021484375,15.28266022343162],[105.34814453125,15.28790924686912],[105.35302734375,15.289911199994123],[105.35693359375,15.29266998905662],[105.36416015625002,15.29913971561912],[105.36826171875003,15.30097077030662],[105.36904296875002,15.30414459843162],[105.38027343750002,15.30695221561912],[105.390869140625,15.30744049686912],[105.40097656250003,15.305536199994123],[105.41660156250003,15.298846746869117],[105.4306640625,15.29022858280662],[105.4443359375,15.276971746869123],[105.44843750000001,15.27472565311912],[105.45068359375,15.270282293744117],[105.454833984375,15.268915106244123],[105.45947265625,15.270135809369123],[105.46298828125003,15.273211981244117],[105.46494140625003,15.27789948124412],[105.466552734375,15.28925202030662],[105.46787109375003,15.294549871869123],[105.47255859375002,15.303583074994123],[105.47568359375003,15.307489324994123],[105.48007812500003,15.310907293744123],[105.48593750000003,15.313495184369117],[105.499267578125,15.317499090619123],[105.50380859375002,15.320184637494123]]]}},{"type":"Feature","properties":{"fillColor":"#00ffff"},"geometry":{"type":"MultiLineString","coordinates":[[[101.40585937500003,16.373651434369123],[101.39804687500003,16.35919830936912],[101.4072265625,16.350946356244123],[101.42519531250002,16.34723541874412],[101.44404296875001,16.34638092655662],[101.459375,16.347674871869117],[101.46396484375003,16.34613678593162],[101.474853515625,16.34015534061912],[101.47714843750003,16.337274481244123],[101.49179687500003,16.323846746869123],[101.495361328125,16.322772528119117],[101.49755859375,16.31989166874412],[101.502197265625,16.31696198124412],[101.5068359375,16.31171295780662],[101.509033203125,16.302020574994117],[101.506103515625,16.293817449994123],[101.492919921875,16.279803778119117],[101.48847656250001,16.27130768436912],[101.48769531250002,16.253192449994117],[101.492919921875,16.236932684369123],[101.50263671875001,16.22418854374412],[101.51572265625003,16.216669012494123],[101.53173828125,16.214471746869123],[101.588134765625,16.216669012494123],[101.59169921875002,16.20697662968162],[101.58535156250002,16.16425202030662],[101.59492187500001,16.154559637494117],[101.59775390625003,16.152460028119123],[101.6005859375,16.14777252811912],[101.60556640625003,16.143085028119117],[101.64667968750001,16.13471100468162]]]}},{"type":"Feature","properties":{"fillColor":"#00ffff"},"geometry":{"type":"MultiLineString","coordinates":[[[101.64667968750001,16.13471100468162],[101.65976562500003,16.124383856244123],[101.6806640625,16.09747955936912],[101.694580078125,16.086297918744123],[101.68369140625003,16.071405340619123],[101.679443359375,16.048211981244123],[101.67724609375,16.01740143436912],[101.6787109375,16.010858465619123],[101.685302734375,15.99542877811912],[101.69013671875001,15.977167059369123],[101.68710937500003,15.962176824994117],[101.69775390625,15.954217840619123],[101.703857421875,15.93854401249412],[101.70849609375,15.92108795780662],[101.71503906250001,15.90814850468162],[101.71503906250001,15.90070221561912],[101.711181640625,15.889276434369123],[101.716552734375,15.873309637494117],[101.72705078125,15.85907623905662],[101.73886718750003,15.852899481244123],[101.74365234375,15.84320709843162],[101.745361328125,15.82367584843162],[101.751220703125,15.808465887494123],[101.76904296875,15.81195709843162],[101.778564453125,15.80231354374412],[101.78818359375003,15.789569403119117],[101.798583984375,15.781268621869117],[101.81064453125003,15.78461334843162],[101.81484375000002,15.77362702030662],[101.81884765625,15.746844793744117],[101.82431640625003,15.73688385624412],[101.83056640625,15.73688385624412],[101.84775390625003,15.733270574994123],[101.90185546875,15.67877838749412],[101.9267578125,15.661151434369117],[101.94423828125002,15.67475006718162],[101.9619140625,15.68451569218162],[101.97910156250003,15.68939850468162],[101.99560546875,15.68842194218162],[101.996337890625,15.69501373905662],[101.99794921875002,15.69635651249412],[102.00244140625,15.69586823124412],[102.00722656250002,15.692254949994123],[102.01806640625,15.685907293744123],[102.02294921875,15.682245184369123],[102.02695312500003,15.677118231244123],[102.03261718750002,15.666620184369123],[102.03662109375,15.661151434369117],[102.07773437500003,15.63153717655662],[102.084375,15.61957428593162],[102.103271484375,15.63300202030662],[102.119140625,15.647479559369117],[102.124267578125,15.65412018436912],[102.1328125,15.67475006718162],[102.13525390625,15.676385809369123],[102.13906250000002,15.676776434369117],[102.14306640625,15.67792389530662],[102.146484375,15.682245184369123],[102.146875,15.686883856244123],[102.1455078125,15.69769928593162],[102.146484375,15.70209381718162],[102.15878906250003,15.717401434369123],[102.162353515625,15.72614166874412],[102.16015625,15.73688385624412],[102.175537109375,15.745379949994117],[102.20332031250001,15.744647528119117],[102.21464843749999,15.750506903119117],[102.20849609375,15.757342840619117],[102.21240234375,15.756952215619123],[102.214111328125,15.758075262494117],[102.21464843749999,15.76056549686912],[102.21464843749999,15.764178778119117],[102.22216796875,15.750506903119117],[102.240234375,15.752704168744117],[102.253173828125,15.76129791874412],[102.27675781250002,15.78461334843162],[102.307373046875,15.80158112186912],[102.32265625000002,15.80683014530662],[102.33134765624999,15.80573151249412],[102.336669921875,15.81671784061912],[102.3359375,15.82599518436912],[102.33310546875003,15.83624909061912],[102.33134765624999,15.849872137494117],[102.33457031250003,15.86383698124412],[102.3486328125,15.88031647343162],[102.35195312500002,15.89081452030662],[102.35625,15.895038153119117],[102.364990234375,15.90827057499412],[102.37158203125,15.92218659061912],[102.36923828125003,15.92865631718162],[102.37763671875001,15.953729559369123],[102.37919921874999,15.96588776249412]]]}},{"type":"Feature","properties":{"fillColor":"#00ffff"},"geometry":{"type":"MultiLineString","coordinates":[[[102.37919921874999,15.96588776249412],[102.3818359375,15.97638580936912],[102.388671875,15.982196356244117],[102.406494140625,15.990106512494123],[102.41787109375002,15.997919012494123],[102.427001953125,16.005877996869117],[102.45615234375003,16.04328034061912],[102.48867187500002,16.070331121869117],[102.50263671875001,16.093133856244123],[102.50732421875,16.08392975468162],[102.51718750000003,16.079217840619123],[102.54375,16.072040106244117],[102.53681640625001,16.079461981244123],[102.577880859375,16.093133856244123],[102.5751953125,16.10028717655662],[102.583984375,16.11420319218162],[102.5859375,16.12726471561912],[102.592041015625,16.12457916874412],[102.59824218750003,16.12042877811912],[102.62294921875002,16.13825104374412],[102.653564453125,16.167596746869123],[102.673583984375,16.195575262494117],[102.66708984375003,16.20917389530662],[102.66943359375,16.22003815311912],[102.67490234375003,16.22736237186912],[102.68349609375002,16.230829168744123],[102.69521484375002,16.23029205936912],[102.6923828125,16.234149481244117],[102.687744140625,16.24396393436912],[102.715576171875,16.25079987186912],[102.737060546875,16.24640534061912],[102.76181640625003,16.27338287968162],[102.7822265625,16.31061432499412],[102.79453125000003,16.35065338749412],[102.804443359375,16.361102606244117],[102.81777343750002,16.36847565311912],[102.83164062500003,16.373651434369123],[102.84755859375002,16.37726471561912],[102.861083984375,16.37726471561912],[102.89306640625,16.373651434369123],[102.89306640625,16.38117096561912],[102.88623046875,16.38117096561912],[102.88623046875,16.387323309369123],[102.942138671875,16.37970612186912],[102.95458984375,16.373651434369123],[102.95458984375,16.36749909061912],[102.94775390625,16.36749909061912],[102.94775390625,16.36066315311912],[102.96484375,16.354364324994123],[102.97900390625,16.34064362186912],[102.98935546875003,16.32306549686912],[102.99550781250002,16.305438543744117],[103.0029296875,16.305438543744117],[103.01093750000001,16.31171295780662],[103.01601562500002,16.30853912968162],[103.020263671875,16.30206940311912],[103.02685546875,16.298602606244117],[103.04140625000002,16.29743073124412],[103.047119140625,16.293817449994123],[103.050537109375,16.287469793744123],[103.080078125,16.248065496869117],[103.09531250000003,16.23737213749412],[103.11904296875002,16.23651764530662],[103.11279296875,16.22284577030662],[103.12343750000002,16.22333405155662],[103.12646484375,16.22284577030662],[103.12646484375,16.216669012494123],[103.12060546875,16.21344635624412],[103.117919921875,16.210321356244123],[103.1162109375,16.20685455936912],[103.11279296875,16.20233795780662],[103.14384765624999,16.19599030155662],[103.1669921875,16.19464752811912],[103.24130859375003,16.208026434369117],[103.25205078125003,16.211542059369123],[103.26308593750002,16.216669012494123],[103.27382812500002,16.22333405155662],[103.282958984375,16.22748444218162],[103.294189453125,16.226190496869123],[103.31142578125002,16.216669012494123],[103.31210937500003,16.22321198124412],[103.31044921875002,16.22638580936912],[103.30751953125002,16.22809479374412],[103.3046875,16.23029205936912],[103.326904296875,16.22614166874412],[103.336181640625,16.226336981244117],[103.34560546875002,16.23029205936912],[103.35488281250002,16.224139715619117],[103.36572265625,16.227411199994123],[103.38720703125,16.24396393436912],[103.38720703125,16.23651764530662],[103.39667968750001,16.241571356244123],[103.40683593750003,16.23847077030662],[103.41455078125,16.24396393436912],[103.42128906250002,16.24396393436912],[103.447998046875,16.20917389530662],[103.45029296875003,16.203729559369123],[103.45087890625001,16.19721100468162],[103.45273437500003,16.191669012494117],[103.458251953125,16.189325262494123],[103.463134765625,16.192157293744117],[103.47011718750002,16.20526764530662],[103.47597656250002,16.20917389530662],[103.48886718750003,16.21027252811912],[103.523681640625,16.20917389530662],[103.53359375000002,16.21198151249412],[103.54824218750002,16.219745184369117],[103.557861328125,16.22284577030662],[103.56689453125,16.20538971561912],[103.587890625,16.20075104374412],[103.60595703125,16.20563385624412],[103.60634765625002,16.22284577030662],[103.617431640625,16.216669012494123],[103.625,16.20795319218162],[103.63007812500001,16.19989655155662],[103.63427734375,16.195575262494117],[103.646484375,16.19489166874412],[103.654296875,16.19904205936912],[103.66044921874999,16.201434637494117],[103.667724609375,16.195575262494117],[103.674560546875,16.20233795780662],[103.669921875,16.207391668744123],[103.66542968750002,16.213885809369117],[103.66083984375001,16.216669012494123],[103.66083984375001,16.22284577030662],[103.6787109375,16.22150299686912],[103.68671875000001,16.21991608280662],[103.695068359375,16.216669012494123],[103.695068359375,16.23029205936912],[103.701904296875,16.23029205936912],[103.71240234375,16.22467682499412],[103.726318359375,16.22138092655662],[103.73828125,16.216424871869123],[103.74335937500001,16.20575592655662],[103.750244140625,16.198749090619117],[103.765869140625,16.188348699994123],[103.78427734375003,16.17914459843162],[103.798583984375,16.175653387494123],[103.798583984375,16.16889069218162],[103.79238281250002,16.16596100468162],[103.78955078125,16.16327545780662],[103.784423828125,16.154559637494117],[103.79775390625002,16.154315496869117],[103.80869140625003,16.149676824994117],[103.81591796875,16.141620184369117],[103.818603515625,16.130975653119123],[103.8271484375,16.121454168744123],[103.865234375,16.11554596561912],[103.873779296875,16.10370514530662],[103.877197265625,16.096942449994117],[103.89394531250002,16.076922918744117],[103.900390625,16.065790106244123],[103.905029296875,16.051141668744123],[103.907470703125,16.036395574994117],[103.90839843750001,16.00372955936912],[103.9140625,16.00372955936912],[103.92509765624999,16.007928778119123],[103.923828125,15.99152252811912],[103.9140625,15.95905182499412],[103.911376953125,15.95673248905662],[103.90488281250003,15.955096746869117],[103.898193359375,15.951288153119123],[103.89423828125001,15.94232819218162],[103.89511718750003,15.93170807499412],[103.89951171875003,15.921747137494123],[103.90625,15.91351959843162],[103.9140625,15.90814850468162],[103.91445312500002,15.929950262494117],[103.922119140625,15.94403717655662],[103.936279296875,15.948749090619117],[103.95576171875001,15.94232819218162],[103.968017578125,15.93048737186912],[103.97929687499999,15.91620514530662],[103.990478515625,15.90814850468162],[104.00341796875,15.91498444218162],[104.009765625,15.91498444218162],[104.01308593750002,15.89862702030662],[104.020263671875,15.887958074994117],[104.029052734375,15.87885162968162],[104.03769531250003,15.867206121869117],[104.02714843749999,15.86286041874412],[104.017822265625,15.85516998905662],[104.01328125000003,15.84650299686912],[104.01708984375,15.839227606244123],[104.01708984375,15.83307526249412],[104.00820312500002,15.82868073124412],[104.00380859375002,15.82050202030662],[104.00419921874999,15.809930731244123],[104.009765625,15.79828522343162],[104.03017578125002,15.805047918744123],[104.055419921875,15.809442449994123],[104.07333984375003,15.82037994999412],[104.07177734375,15.84674713749412],[104.11142578125003,15.82318756718162],[104.13144531250003,15.78766510624412],[104.135498046875,15.745477606244123],[104.126953125,15.70209381718162],[104.13320312500002,15.70209381718162],[104.14423828125001,15.708270574994117],[104.15537109375003,15.701678778119117],[104.166015625,15.68707916874412],[104.19482421875,15.62872955936912],[104.2158203125,15.59967682499412],[104.238037109375,15.55817291874412],[104.23964843750002,15.551288153119117],[104.27695312500003,15.52374909061912],[104.28408203125002,15.52118561405662],[104.28623046875003,15.50971100468162],[104.29550781250003,15.49310944218162],[104.29775390625002,15.47955963749412],[104.30712890625,15.45624420780662],[104.32871093750003,15.44171784061912],[104.35205078125,15.442010809369123],[104.36669921875,15.463153387494117],[104.37353515625,15.463153387494117],[104.38095703125003,15.449481512494117],[104.38232421875,15.41986725468162],[104.38720703125,15.40106842655662],[104.39111328125,15.39655182499412],[104.411376953125,15.383661199994123],[104.418212890625,15.37763092655662],[104.423583984375,15.374627996869123],[104.428955078125,15.37689850468162],[104.435546875,15.38678619999412],[104.43505859375,15.37177155155662],[104.438232421875,15.349872137494117],[104.435546875,15.339618231244117],[104.4287109375,15.325311590619123],[104.44423828125002,15.317889715619117],[104.45361328125,15.31683991093162],[104.4625,15.31854889530662],[104.4765625,15.31915924686912],[104.478271484375,15.317987371869123],[104.492431640625,15.312860418744123],[104.50048828125,15.311639715619123],[104.50830078125,15.31342194218162],[104.51171875,15.317499090619123],[104.513671875,15.32208893436912],[104.51748046875002,15.325311590619123],[104.52871093750002,15.328876043744117],[104.54189453125002,15.331073309369117],[104.556396484375,15.33038971561912],[104.572021484375,15.325311590619123],[104.58242187500002,15.31830475468162],[104.591796875,15.30988190311912],[104.599853515625,15.30414459843162],[104.60625,15.30487702030662],[104.613037109375,15.30487702030662],[104.62197265625002,15.288592840619117],[104.63818359375,15.27704498905662],[104.650390625,15.265741278119123],[104.647216796875,15.250262762494117],[104.654541015625,15.24054596561912],[104.66044921874999,15.23871491093162],[104.662841796875,15.242547918744123],[104.66083984375001,15.250262762494117],[104.66083984375001,15.25641510624412],[104.674072265625,15.253778387494123],[104.682861328125,15.245135809369117],[104.69492187500003,15.222919012494117],[104.69375,15.224383856244117],[104.702392578125,15.20929596561912],[104.70654296875,15.204950262494123],[104.71142578125,15.202264715619123],[104.71494140625003,15.198016668744117],[104.716064453125,15.18878815311912]]]}},{"type":"Feature","properties":{"fillColor":"#00ffff"},"geometry":{"type":"MultiLineString","coordinates":[[[101.680908203125,5.70465729374412],[101.679443359375,5.72760651249412],[101.66953125000003,5.744256903119108],[101.65830078125003,5.75726959843162],[101.65292968750003,5.769549871869117],[101.64794921875,5.776629949994117],[101.618896484375,5.82758209843162],[101.53681640625001,5.817645574994117],[101.52548828125003,5.81439850468162],[101.45429687500001,5.81452057499412],[101.42783203125003,5.802264715619117],[101.4130859375,5.78058502811912],[101.40048828125003,5.71893952030662]]]}},{"type":"Feature","properties":{"fillColor":"#00ffff"},"geometry":{"type":"MultiLineString","coordinates":[[[101.40048828125003,5.71893952030662],[101.39296875000002,5.683612371869117],[101.38681640625003,5.66913483280662],[101.37158203125,5.641864324994117],[101.349609375,5.56281159061912],[101.34521484375,5.53034088749412],[101.35361328125003,5.481219793744117],[101.35292968750002,5.46210358280662],[101.34716796875,5.444110418744117],[101.33603515625003,5.429559637494108],[101.321533203125,5.42096588749412],[101.28896484375002,5.409784246869108],[101.27451171875003,5.400897528119117],[101.26611328125,5.38959381718162],[101.25400390625003,5.36310455936912],[101.24521484375003,5.35236237186912],[101.2265625,5.34747955936912],[101.19423828125002,5.36664459843162],[101.17919921875,5.366327215619108],[101.16757812500003,5.349481512494108],[101.16591796875002,5.32684967655662],[101.16708984375003,5.302850653119108],[101.16347656250002,5.28204987186912],[101.15185546875,5.267352606244117],[101.122314453125,5.24579498905662],[101.105712890625,5.22003815311912],[101.0986328125,5.219110418744108],[101.09033203125,5.21954987186912],[101.0810546875,5.21466705936912],[101.076171875,5.20648834843162],[101.07080078125,5.17706940311912],[101.05859375,5.156854559369108],[101.0283203125,5.12262604374412],[101.01816406250003,5.092401434369108],[100.99990234375002,5.073993231244117],[100.99570312500003,5.063495184369117],[100.99501953125002,5.05683014530662],[100.9931640625,5.05194733280662],[100.97890625000002,5.03461334843162],[100.979736328125,5.030292059369117],[100.98232421875002,5.02619049686912],[100.979736328125,5.010370184369108],[100.97929687499999,5.001483465619117],[100.977294921875,4.994403387494117],[100.9638671875,4.987323309369117],[100.95615234375003,4.977557684369117],[100.949951171875,4.96613190311912],[100.947265625,4.95734284061912],[100.95253906250002,4.934344793744117],[100.9814453125,4.94476959843162],[100.98818359375002,4.926629949994108],[100.989013671875,4.91461823124412],[100.99033203125003,4.90656159061912],[100.99072265625,4.89911530155662],[100.98818359375002,4.88910553593162],[100.98261718750001,4.88031647343162],[100.97597656250002,4.874774481244117],[100.97021484375,4.86859772343162],[100.9677734375,4.858026434369108]]]}},{"type":"Feature","properties":{"fillColor":"#00ffff"},"geometry":{"type":"MultiLineString","coordinates":[[[100.9677734375,4.858026434369108],[100.9677734375,4.79291412968162],[100.963134765625,4.753680731244117],[100.9541015625,4.717792059369117],[100.92617187500002,4.65228912968162],[100.92294921875003,4.635370184369108],[100.90878906250003,4.613544012494117],[100.90576171875,4.597674871869117],[100.91044921874999,4.58124420780662],[100.919189453125,4.56879303593162],[100.92509765624999,4.55609772343162],[100.919921875,4.53900787968162],[100.93916015625001,4.51483795780662],[100.93027343750003,4.479852606244108],[100.89951171875003,4.41608307499412],[100.89990234375,4.40485260624412],[100.90517578125002,4.38373444218162],[100.90576171875,4.374530340619117],[100.888916015625,4.34735748905662],[100.88583984375003,4.337274481244108],[100.88808593750002,4.331170965619108],[100.89736328125002,4.31317780155662],[100.89951171875003,4.30316803593162],[100.90048828125003,4.280536199994117],[100.9125,4.23114655155662],[100.91679687499999,4.22260162968162],[100.92128906250002,4.21552155155662],[100.92470703125002,4.206805731244117],[100.92617187500002,4.19330475468162],[100.93359375,4.17804596561912],[100.98134765625002,4.14923737186912],[101.01718750000003,4.08478424686912],[101.02236328125002,4.070672918744108],[101.01923828125001,4.048944403119108],[101.01181640625003,4.028827215619117],[100.97226562500003,3.96124909061912],[100.95429687500001,3.944598699994117],[100.93701171875,3.94660065311912],[100.92685546875003,3.953241278119108],[100.89394531250002,3.96771881718162],[100.882080078125,3.970477606244117],[100.87294921875002,3.97577545780662],[100.8701171875,3.98859284061912],[100.87148437500002,4.01886627811912]]]}},{"type":"Feature","properties":{"fillColor":"#00ffff"},"geometry":{"type":"MultiLineString","coordinates":[[[102.35485107579461,22.570984913467377],[102.37919921874999,22.57562897343162],[102.40175781250002,22.57453034061912],[102.4580078125,22.56195709843162],[102.508544921875,22.566766668744123],[102.523193359375,22.56195709843162],[102.52695312500003,22.55756256718162],[102.53701171875002,22.54169342655662],[102.54375,22.53461334843162],[102.55126953125,22.53107330936912],[102.560546875,22.52838776249412],[102.56826171875002,22.52448151249412],[102.57753906250002,22.50726959843162],[102.64492187500002,22.43622467655662],[102.662841796875,22.423700262494123],[102.701416015625,22.41437409061912],[102.73720703125002,22.39288971561912],[102.77675781250002,22.360370184369117],[102.80029296875,22.330926824994123],[102.81757812500001,22.29706452030662],[102.825439453125,22.26032135624412],[102.82480468750003,22.25263092655662],[102.82333984375003,22.247919012494123],[102.82285156250003,22.242547918744123],[102.825439453125,22.23297760624412],[102.82851562500002,22.22833893436912],[102.83730468750002,22.21918366093162],[102.845458984375,22.205438543744123],[102.8603515625,22.20538971561912],[102.8896484375,22.21246979374412],[102.90839843750001,22.20294830936912],[102.91650390625,22.18073151249412],[102.92236328125,22.15570709843162],[102.93466796875003,22.13739655155662],[102.951904296875,22.13617584843162],[103.040283203125,22.147723699994117],[103.06669921874999,22.140008856244123],[103.09580078125003,22.122186590619123],[103.14013671875,22.085565496869123],[103.17734375000003,22.08795807499412],[103.264404296875,22.04804108280662],[103.2841796875,22.05426666874412],[103.28085937500003,22.057489324994123],[103.2734375,22.062762762494117],[103.26611328125,22.06915924686912],[103.26308593750002,22.07599518436912],[103.26650390625002,22.081561590619117],[103.323974609375,22.14948151249412],[103.33876953125002,22.15790436405662],[103.36093750000003,22.158075262494123],[103.38320312500002,22.14996979374412],[103.40009765625001,22.13629791874412],[103.406982421875,22.119989324994123],[103.40966796875,22.09577057499412],[103.41650390625,22.081415106244123],[103.441162109375,22.061639715619123],[103.4521484375,22.048358465619117],[103.458251953125,22.03131744999412],[103.4609375,22.011590887494123],[103.461669921875,21.99030182499412],[103.46533203125,21.98554108280662],[103.473876953125,21.97955963749412],[103.48398437500003,21.974481512494123],[103.49267578125,21.972284246869123],[103.49746093750002,21.96784088749412],[103.5439453125,21.893085028119117],[103.55097656250001,21.876727606244117],[103.55517578125,21.85773346561912],[103.55966796875003,21.813006903119117],[103.564697265625,21.794794012494123],[103.58076171875001,21.770038153119117],[103.58583984375002,21.760028387494117],[103.58447265625,21.759540106244117],[103.58535156250002,21.743768621869123],[103.58583984375002,21.743280340619123],[103.58759765625001,21.73993561405662],[103.59609375000002,21.735370184369117],[103.598876953125,21.73334381718162],[103.62539062500002,21.68952057499412],[103.642578125,21.672381903119117],[103.66083984375001,21.671258856244123],[103.67333984375,21.66559479374412],[103.67626953125,21.66681549686912],[103.681396484375,21.671258856244123],[103.7041015625,21.661395574994117],[103.74951171875,21.652215887494123],[103.76708984375,21.64020416874412],[103.805908203125,21.58161041874412],[103.81171875000001,21.56513092655662],[103.81513671875001,21.558612371869117],[103.82431640625003,21.55353424686912],[103.85302734375,21.546991278119123]]]}},{"type":"Feature","properties":{"fillColor":"#00ffff"},"geometry":{"type":"MultiLineString","coordinates":[[[103.85302734375,21.546991278119123],[103.900390625,21.540887762494123],[103.91259765625,21.533710028119117],[103.921142578125,21.52704498905662],[103.93056640625002,21.52228424686912],[103.95849609375,21.51752350468162],[103.96767578125002,21.51032135624412],[103.983642578125,21.49310944218162],[103.99521484375003,21.498553778119117],[104.00341796875,21.49677155155662],[104.01708984375,21.48566315311912],[104.03427734375003,21.46344635624412],[104.03769531250003,21.46210358280662],[104.04648437500003,21.45148346561912],[104.08984375,21.43854401249412],[104.10595703125,21.431659246869117],[104.11152343750001,21.42560455936912],[104.13271484375002,21.39728424686912],[104.150634765625,21.37982819218162],[104.16005859375002,21.36432526249412],[104.16181640625001,21.33746979374412],[104.16748046875,21.32184479374412],[104.177978515625,21.31342194218162],[104.209228515625,21.29572174686912],[104.223876953125,21.272333074994123],[104.27734375,21.252948309369117],[104.28339843750001,21.24616119999412],[104.29091796875002,21.231219793744117],[104.29775390625002,21.225604559369117],[104.364013671875,21.213739324994123],[104.38134765625,21.20136139530662],[104.42861328125002,21.143573309369117],[104.44130859375002,21.13385651249412],[104.459375,21.129999090619123],[104.47226562500003,21.12470123905662],[104.51123046875,21.08905670780662],[104.51572265625003,21.081415106244123],[104.514404296875,21.07672760624412],[104.514892578125,21.07306549686912],[104.52490234375,21.068622137494117],[104.53173828125,21.06891510624412],[104.540625,21.07184479374412],[104.54833984375,21.07562897343162],[104.551513671875,21.078485418744123],[104.5537109375,21.08307526249412],[104.55810546875,21.080682684369123],[104.56259765625003,21.07379791874412],[104.567138671875,21.053485418744117],[104.57363281250002,21.048211981244123],[104.58251953125,21.048602606244117],[104.59248046875001,21.05426666874412],[104.61835937500001,21.03571198124412],[104.65390625000003,21.035028387494123],[104.68798828125,21.04755280155662],[104.709228515625,21.068622137494117],[104.72802734375,21.06195709843162],[104.7666015625,21.053338934369123],[104.78125,21.044061590619123],[104.79755859375001,21.03717682499412],[104.84716796875,21.03656647343162],[104.866943359375,21.033807684369123],[104.87763671875001,21.025018621869123],[104.89150390625002,21.00861237186912],[104.9033203125,20.99030182499412],[104.91328125000001,20.96369049686912],[104.99658203125,20.87702057499412],[105.00400390625003,20.873065496869117],[105.013427734375,20.86029694218162],[105.08642578125,20.813104559369123],[105.09072265625002,20.80731842655662],[105.0927734375,20.79425690311912],[105.088623046875,20.792743231244117],[105.0810546875,20.78302643436912],[105.07675781250003,20.772088934369123],[105.08291015625002,20.76691315311912],[105.09326171875,20.765741278119123],[105.11669921875,20.75946686405662],[105.12939453125,20.76129791874412],[105.13681640625003,20.76544830936912],[105.14199218750002,20.770038153119117],[105.1474609375,20.77313873905662],[105.17880859375003,20.772723699994117],[105.196533203125,20.77460358280662],[105.212890625,20.78400299686912],[105.22861328125003,20.79669830936912],[105.24423828125003,20.803241278119117],[105.30478515625003,20.810907293744123],[105.32480468750003,20.81757233280662],[105.34003906250001,20.82880280155662],[105.34609375000002,20.845477606244117],[105.343017578125,20.85065338749412],[105.32929687500001,20.86041901249412],[105.326171875,20.86591217655662],[105.33242187500002,20.910272528119123],[105.33261718750003,20.95636627811912],[105.32958984375,20.981317449994123],[105.32275390625,20.99225494999412],[105.3154296875,20.999774481244117],[105.290625,21.03815338749412],[105.28466796875,21.05426666874412],[105.28652343750002,21.07550690311912],[105.302001953125,21.10431549686912],[105.3056640625,21.126581121869123],[105.300537109375,21.141229559369123],[105.28964843750003,21.154901434369123],[105.28183593750003,21.170672918744117],[105.28466796875,21.19147369999412],[105.302734375,21.209491278119117],[105.326416015625,21.220965887494117],[105.3427734375,21.23810455936912],[105.33984375,21.27338287968162]]]}},{"type":"Feature","properties":{"fillColor":"#00ffff"},"geometry":{"type":"MultiLineString","coordinates":[[[103.832275390625,19.89984772343162],[103.83847656250003,19.870233465619123],[103.85498046875,19.85541412968162],[103.900390625,19.83405182499412],[103.90859375000002,19.825702215619117],[103.92841796875001,19.79364655155662],[103.9384765625,19.78766510624412],[103.9521484375,19.782586981244123],[103.96425781250002,19.77533600468162],[103.96933593750003,19.76264069218162],[103.97216796875,19.746112371869117],[103.97998046875,19.73224518436912],[103.99169921875,19.72089264530662],[104.006591796875,19.71173737186912]]]}},{"type":"Feature","properties":{"fillColor":"#00ffff"},"geometry":{"type":"MultiLineString","coordinates":[[[104.006591796875,19.71173737186912],[104.03037109375003,19.702167059369117],[104.10009765625,19.68720123905662],[104.15781250000003,19.68793366093162],[104.2685546875,19.71662018436912],[104.327392578125,19.718377996869123],[104.3291015625,19.70551178593162],[104.338623046875,19.68475983280662],[104.341796875,19.673602606244117],[104.337890625,19.65680573124412],[104.31679687500002,19.628534246869123],[104.31503906250003,19.61273834843162],[104.328125,19.59833405155662],[104.3505859375,19.59149811405662],[104.455078125,19.575946356244117],[104.4833984375,19.567499090619123],[104.51220703125,19.553583074994123],[104.544189453125,19.529803778119117],[104.55615234375,19.52350494999412],[104.58251953125,19.517352606244117],[104.59521484375,19.51264069218162],[104.60498046875,19.50336334843162],[104.607177734375,19.480243231244117],[104.59248046875001,19.45795319218162],[104.551513671875,19.42316315311912],[104.51669921875003,19.40595123905662],[104.51123046875,19.39984772343162],[104.50888671875003,19.38910553593162],[104.503173828125,19.37909577030662],[104.478125,19.345965887494117],[104.469482421875,19.34271881718162],[104.45253906250002,19.341815496869117],[104.43798828125,19.337518621869123],[104.421142578125,19.318475653119123],[104.40761718750002,19.31391022343162],[104.412353515625,19.298602606244117],[104.41943359375,19.285272528119123],[104.42988281250001,19.275897528119117],[104.44541015625003,19.27228424686912],[104.45703125,19.26813385624412],[104.4892578125,19.24982330936912],[104.50048828125,19.245624090619117],[104.51230468750003,19.24298737186912],[104.551513671875,19.22516510624412],[104.56699218750003,19.220965887494117],[104.59931640625001,19.21771881718162],[104.65771484375,19.20465729374412],[104.66748046875,19.19708893436912],[104.67255859375001,19.16376373905662],[104.67783203125003,19.156268621869117],[104.709228515625,19.150018621869123],[104.71337890625,19.14520905155662],[104.719482421875,19.13202545780662],[104.72294921874999,19.128290106244123],[104.736328125,19.126483465619117],[104.74550781250002,19.12909577030662],[104.753662109375,19.128045965619123],[104.764404296875,19.11530182499412],[104.78085937500003,19.11579010624412],[104.85429687499999,19.060809637494117],[104.87255859375,19.050653387494123],[104.907470703125,19.04315827030662],[104.93837890625002,19.029071356244117],[104.952880859375,19.025897528119117],[104.96826171875,19.02472565311912],[104.9736328125,19.02338287968162],[104.977783203125,19.02155182499412]]]}},{"type":"Feature","properties":{"fillColor":"#00ffff"},"geometry":{"type":"MultiLineString","coordinates":[[[104.977783203125,19.02155182499412],[104.98525390625002,19.01276276249412],[104.98740234375003,19.001239324994117],[104.99130859375003,18.98883698124412],[105.00400390625003,18.97748444218162],[105.02412109375001,18.989129949994123],[105.046630859375,18.976581121869117],[105.06503906250003,18.952655340619117],[105.072998046875,18.930292059369123],[105.07919921875003,18.930292059369123],[105.085693359375,18.949725653119117],[105.0986328125,18.95453522343162],[105.11376953125,18.94721100468162],[105.12753906250003,18.930292059369123],[105.1337890625,18.930292059369123],[105.13720703125,18.93598053593162],[105.14423828125001,18.94476959843162],[105.1474609375,18.95075104374412],[105.16748046875,18.94232819218162],[105.22998046875,18.930292059369123],[105.25732421875,18.916620184369123],[105.267333984375,18.91620514530662],[105.27685546875,18.91791412968162],[105.28671875000003,18.91559479374412],[105.29833984375,18.902948309369123],[105.28681640625001,18.904413153119123],[105.27685546875,18.902948309369123],[105.26914062500003,18.898065496869123],[105.26416015625,18.88934967655662],[105.27646484375003,18.88703034061912],[105.28466796875,18.88300202030662],[105.28945312500002,18.87531159061912],[105.29150390625,18.86200592655662],[105.28457031250002,18.857294012494123],[105.27988281250003,18.85309479374412],[105.27783203125,18.84833405155662],[105.280029296875,18.84259674686912],[105.284423828125,18.83893463749412],[105.2890625,18.836444403119117],[105.29150390625,18.834100653119123],[105.28925781250001,18.81793854374412],[105.28701171875002,18.80927155155662],[105.28466796875,18.807391668744117],[105.2900390625,18.80219147343162],[105.302001953125,18.79621002811912],[105.3056640625,18.793085028119123],[105.30810546875,18.79254791874412],[105.31669921874999,18.79364655155662],[105.3193359375,18.793085028119123],[105.320068359375,18.79022858280662],[105.31884765625,18.78241608280662],[105.3193359375,18.77948639530662],[105.321533203125,18.77484772343162],[105.326171875,18.75897858280662],[105.332275390625,18.754413153119117],[105.369140625,18.732440496869117],[105.40322265625002,18.693963934369123],[105.41201171875002,18.68671295780662],[105.421875,18.68329498905662],[105.43339843749999,18.68695709843162],[105.44423828125002,18.694598699994117],[105.45419921875003,18.69830963749412],[105.46337890625,18.69013092655662],[105.47021484375,18.69013092655662],[105.489501953125,18.70355866093162],[105.508056640625,18.68634674686912],[105.53173828125,18.64227936405662],[105.56943359375003,18.621844793744117],[105.57578125000003,18.620868231244117],[105.589111328125,18.616571356244123],[105.60791015625,18.613299871869117],[105.61074218750002,18.607538153119123],[105.61083984375,18.60040924686912],[105.6142578125,18.593866278119123],[105.63916015625,18.576776434369123],[105.66162109375,18.57013580936912],[105.6806640625,18.57721588749412],[105.695556640625,18.601336981244117],[105.69296875000003,18.60077545780662],[105.69052734375003,18.606952215619117],[105.688720703125,18.61542389530662],[105.688720703125,18.621844793744117],[105.69296875000003,18.62579987186912],[105.7,18.62738678593162],[105.70634765624999,18.63043854374412],[105.70908203125003,18.63886139530662],[105.71435546875,18.647723699994117],[105.7265625,18.65448639530662],[105.75068359375001,18.66278717655662]]]}},{"type":"Feature","properties":{"fillColor":"#00ffff"},"geometry":{"type":"MultiLineString","coordinates":[[[97.892822265625,23.29596588749412],[97.92578125,23.29743073124412],[97.943603515625,23.30133698124412],[97.993896484375,23.320428778119123],[98.03232421875003,23.327167059369117],[98.10898437500003,23.328485418744123],[98.146240234375,23.334588934369123],[98.21748046875001,23.36017487186912],[98.25546875000003,23.36627838749412],[98.28925781250001,23.35663483280662]]]}},{"type":"Feature","properties":{"fillColor":"#00ffff"},"geometry":{"type":"MultiLineString","coordinates":[[[96.68496093750002,21.88776276249412],[96.716552734375,21.89862702030662],[96.730712890625,21.906268621869117],[96.74306640625002,21.916522528119117],[96.75205078125003,21.93451569218162],[96.75048828125,21.97479889530662],[96.75419921874999,21.994403387494117],[96.765380859375,22.00836823124412],[96.77597656250003,22.00641510624412],[96.80136718750003,21.984979559369123],[96.81601562500003,21.97894928593162],[96.846923828125,21.97162506718162],[96.89492187500002,21.95136139530662],[96.930419921875,21.953729559369123],[96.95947265625,21.97138092655662],[96.973876953125,22.00372955936912],[96.9775390625,22.05988190311912],[96.974853515625,22.11225006718162],[96.96484375,22.163836981244117],[96.94677734375,22.21759674686912],[96.9404296875,22.25360748905662],[96.95361328125,22.272967840619117],[96.980712890625,22.27765534061912],[97.05908203125,22.25653717655662],[97.08144531250002,22.25324127811912],[97.14902343750003,22.25238678593162],[97.168701171875,22.247186590619123],[97.18955078125003,22.236102606244117],[97.24013671875002,22.22113678593162],[97.292724609375,22.233026434369123],[97.33134765624999,22.26752350468162],[97.340576171875,22.320331121869117],[97.315673828125,22.38629791874412],[97.305908203125,22.40253327030662],[97.28085937500003,22.431756903119123],[97.2421875,22.524530340619123],[97.23828125,22.56024811405662],[97.26035156250003,22.595575262494123],[97.302978515625,22.61774323124412],[97.35458984375003,22.63739655155662],[97.38876953125003,22.663202215619123],[97.37949218750003,22.703876043744117],[97.377197265625,22.70294830936912],[97.35498046875,22.715692449994123],[97.35195312500002,22.718377996869123],[97.32587890625001,22.72601959843162],[97.3154296875,22.730829168744123],[97.302978515625,22.74042389530662],[97.287353515625,22.755633856244117],[97.272705078125,22.77460358280662],[97.2646484375,22.79547760624412],[97.26865234375003,22.81659577030662],[97.27656250000001,22.82526276249412],[97.298095703125,22.839129949994117],[97.306884765625,22.847186590619117],[97.31093750000002,22.85419342655662],[97.318359375,22.87360260624412],[97.32285156250003,22.88214752811912],[97.36181640625,22.93121979374412],[97.37255859375,22.948993231244117],[97.3798828125,22.972284246869123],[97.37880859375002,22.99262116093162],[97.368896484375,23.03571198124412],[97.37587890625002,23.066034246869123],[97.398681640625,23.08136627811912],[97.42236328125,23.09259674686912],[97.432373046875,23.11029694218162],[97.4267578125,23.12311432499412],[97.40615234375002,23.14606354374412],[97.40185546875,23.159198309369117],[97.41015625,23.179217840619117],[97.428955078125,23.19354889530662],[97.45224609375003,23.201044012494123],[97.47412109375,23.20075104374412],[97.513427734375,23.193231512494123],[97.55576171875003,23.19000885624412],[97.59814453125,23.19232819218162],[97.63730468750003,23.20172760624412],[97.80097656250001,23.279901434369123],[97.85908203125001,23.29462311405662],[97.892822265625,23.29596588749412]]]}},{"type":"Feature","properties":{"fillColor":"#00ffff"},"geometry":{"type":"MultiLineString","coordinates":[[[95.987060546875,21.87372467655662],[95.98837890625003,21.85956452030662],[95.99179687500003,21.843133856244123],[95.99824218750001,21.82807037968162],[96.009033203125,21.81793854374412],[96.02285156250002,21.814081121869123],[96.03125,21.81745026249412],[96.03857421875,21.824335028119123],[96.04873046875002,21.83124420780662],[96.068115234375,21.83478424686912],[96.08056640625,21.828729559369123],[96.09228515625,21.812030340619117],[96.09072265625002,21.809100653119117],[96.08681640625002,21.80353424686912],[96.08486328125002,21.796893621869117],[96.0888671875,21.790643621869123],[96.09375,21.791278387494117],[96.107177734375,21.80109284061912],[96.11279296875,21.804315496869123],[96.12509765625003,21.80597565311912],[96.13330078125,21.80341217655662],[96.13906250000002,21.79682037968162],[96.14423828125001,21.78656647343162],[96.154541015625,21.77277252811912],[96.1630859375,21.775409246869117],[96.20351562500002,21.82843659061912],[96.21923828125,21.837762762494123],[96.239501953125,21.835321356244123],[96.249267578125,21.828876043744117],[96.2763671875,21.802508856244117],[96.30898437500002,21.78449127811912],[96.318603515625,21.77667877811912],[96.37998046875003,21.703973699994123],[96.39199218750002,21.697381903119123],[96.45458984375,21.685907293744123],[96.477294921875,21.68463776249412],[96.49765625000003,21.691522528119123],[96.51181640625003,21.709247137494117],[96.514404296875,21.73090241093162],[96.5107421875,21.776874090619117],[96.51621093750003,21.79498932499412],[96.52744140625003,21.80451080936912],[96.59423828125,21.81891510624412],[96.60361328125003,21.82306549686912],[96.61240234375003,21.83222077030662],[96.62353515625,21.85407135624412],[96.63193359375003,21.86408112186912],[96.64384765624999,21.87213776249412],[96.68496093750002,21.88776276249412]]]}},{"type":"Feature","properties":{"fillColor":"#00ffff"},"geometry":{"type":"MultiLineString","coordinates":[[[121.39580078124999,16.09992096561912],[121.43916015625001,16.09870026249412],[121.46259765625001,16.10150787968162],[121.48125,16.11054108280662],[121.48964843750002,16.11298248905662],[121.513671875,16.113788153119117],[121.51865234375003,16.11701080936912],[121.522216796875,16.117450262494117],[121.539794921875,16.14093659061912],[121.56650390625003,16.16889069218162],[121.56982421875,16.170917059369117],[121.57753906250002,16.17365143436912],[121.58076171875001,16.175653387494123],[121.58339843750002,16.17938873905662],[121.58740234375,16.188104559369123],[121.591064453125,16.19245026249412],[121.63593750000001,16.22431061405662],[121.649658203125,16.23651764530662]]]}},{"type":"Feature","properties":{"fillColor":"#00ffff"},"geometry":{"type":"MultiLineString","coordinates":[[[121.649658203125,16.23651764530662],[121.65859375000002,16.249627996869123],[121.66494140625002,16.26679108280662],[121.6689453125,16.28681061405662],[121.67011718750001,16.308856512494117],[121.694580078125,16.31903717655662],[121.70087890625001,16.322772528119117],[121.70361328125,16.32733795780662],[121.70458984375,16.33234284061912],[121.70429687500001,16.343280340619117],[121.705322265625,16.351336981244117],[121.70839843750002,16.35199616093162],[121.71259765625001,16.35077545780662],[121.718017578125,16.35321686405662],[121.7265625,16.36005280155662],[121.74013671875002,16.366229559369117],[121.74521484375003,16.373651434369123],[121.74658203125,16.384637762494123],[121.74433593750001,16.40900299686912],[121.74863281250003,16.418719793744117],[121.75068359375001,16.42658112186912],[121.74589843749999,16.451434637494117],[121.74521484375003,16.46308014530662],[121.74951171875,16.472919012494117],[121.76328125000003,16.48871491093162],[121.76650390625002,16.493768621869123],[121.7646484375,16.503290106244123],[121.76015625000002,16.513299871869123],[121.75439453125,16.52130768436912],[121.74863281250003,16.524530340619123],[121.74365234375,16.52655670780662],[121.73789062500003,16.53131744999412],[121.728271484375,16.54157135624412],[121.71992187500001,16.54706452030662],[121.71494140625003,16.54608795780662],[121.71044921875,16.54376862186912],[121.70429687500001,16.54498932499412],[121.68642578125002,16.559442449994123],[121.67929687500003,16.57477448124412],[121.68105468750002,16.59247467655662],[121.69003906250003,16.613885809369123],[121.680419921875,16.62189362186912],[121.6669921875,16.63776276249412],[121.65683593750003,16.65704987186912],[121.65664062500002,16.67536041874412],[121.67177734375002,16.68781159061912],[121.71572265625002,16.69489166874412],[121.724853515625,16.70636627811912],[121.72158203125002,16.71454498905662],[121.71533203125,16.723504949994123],[121.711181640625,16.732538153119123],[121.71425781250002,16.74079010624412],[121.72431640625001,16.745233465619123],[121.73486328125,16.743524481244123],[121.74550781250002,16.73956940311912],[121.75546875000003,16.73737213749412],[121.76914062500003,16.741961981244117],[121.766357421875,16.75348541874412],[121.76425781250003,16.76886627811912],[121.780029296875,16.78522369999412],[121.775,16.798944403119123],[121.7841796875,16.80878327030662],[121.81044921875002,16.822772528119117],[121.81640625,16.833612371869123],[121.82578125000003,16.86786530155662],[121.8271484375,16.87799713749412],[121.81875,16.90582916874412],[121.80410156250002,16.93500397343162],[121.79921875000002,16.96051666874412],[121.8203125,16.97760651249412],[121.83115234375003,16.974481512494123],[121.83173828125001,16.99433014530662],[121.82949218750002,17.01935455936912],[121.83095703125002,17.031610418744123],[121.83583984375002,17.03436920780662],[121.84130859375,17.04083893436912],[121.84580078125003,17.048846746869117],[121.84765625,17.05585358280662],[121.84658203125002,17.060174871869123],[121.84042968750003,17.072381903119123],[121.83779296875002,17.076288153119123],[121.83583984375002,17.08222077030662],[121.83945312500003,17.08734772343162],[121.84765625,17.09308502811912],[121.85625,17.12348053593162],[121.861328125,17.134051824994117],[121.87558593750003,17.15241119999412],[121.8818359375,17.16376373905662],[121.87841796875,17.16876862186912],[121.873046875,17.17499420780662],[121.86464843750002,17.199090887494123],[121.85761718750001,17.199823309369123],[121.845458984375,17.194940496869123],[121.83486328125002,17.198602606244123],[121.826171875,17.20722077030662],[121.8203125,17.217157293744123],[121.81884765625,17.22748444218162],[121.8232421875,17.246356512494117],[121.8203125,17.258172918744123],[121.8134765625,17.263202215619117],[121.80185546875003,17.26837799686912],[121.791015625,17.276141668744117],[121.78623046875003,17.288592840619117],[121.781982421875,17.305047918744123],[121.765869140625,17.34723541874412],[121.76650390625002,17.367450262494117]]]}},{"type":"Feature","properties":{"fillColor":"#00ffff"},"geometry":{"type":"MultiLineString","coordinates":[[[121.76650390625002,17.367450262494117],[121.790283203125,17.38910553593162],[121.7939453125,17.402850653119117],[121.76953125,17.40900299686912],[121.759765625,17.413690496869123],[121.75107421875003,17.42462799686912],[121.74658203125,17.437127996869123],[121.74863281250003,17.446551824994117],[121.75830078125,17.45648834843162],[121.76357421875002,17.46356842655662],[121.77988281250003,17.50470612186912],[121.77988281250003,17.51874420780662],[121.77285156250002,17.532733465619117],[121.75888671875003,17.552997137494117],[121.748779296875,17.574969793744117],[121.741455078125,17.583270574994117],[121.728271484375,17.58649323124412],[121.71279296875002,17.58685944218162],[121.703125,17.588739324994123],[121.69599609375001,17.59406159061912],[121.687255859375,17.60419342655662],[121.681640625,17.62421295780662],[121.69013671875001,17.64545319218162],[121.70742187500002,17.662225653119123],[121.73867187500002,17.67291901249412],[121.73789062500003,17.68219635624412],[121.724853515625,17.70319244999412],[121.718017578125,17.71149323124412],[121.70498046875002,17.72150299686912],[121.697509765625,17.73114655155662],[121.71787109375003,17.73798248905662],[121.71005859375003,17.75812409061912],[121.67636718750003,17.79999420780662],[121.68740234375002,17.80084869999412],[121.699462890625,17.80023834843162],[121.71230468750002,17.801044012494117],[121.724853515625,17.80621979374412],[121.716552734375,17.81867096561912],[121.70458984375,17.846307684369123],[121.697509765625,17.854022528119117],[121.682861328125,17.85602448124412],[121.66904296875003,17.85138580936912],[121.65566406250002,17.844842840619123],[121.64218750000003,17.84100983280662],[121.65292968750003,17.857440496869117],[121.65185546875,17.87140534061912],[121.64580078124999,17.88458893436912],[121.64218750000003,17.89874909061912],[121.646875,17.93512604374412],[121.646484375,17.95062897343162],[121.63916015625,17.95709869999412],[121.60488281250002,17.970819403119123],[121.60117187500003,18.003534246869123],[121.614013671875,18.04218170780662],[121.62919921874999,18.073749090619117],[121.66083984375001,18.11420319218162],[121.65966796875,18.125262762494117],[121.65234375,18.13886139530662],[121.64951171875003,18.156854559369123],[121.649658203125,18.193231512494123],[121.65283203125,18.210077215619123],[121.6669921875,18.24310944218162],[121.67011718750001,18.25873444218162],[121.66660156250003,18.271502996869117],[121.64218750000003,18.313983465619117]]]}},{"type":"Feature","properties":{"fillColor":"#00ffff"},"geometry":{"type":"MultiLineString","coordinates":[[[102.61191406250003,16.77155182499412],[102.61191406250003,16.77155182499412],[102.61191406250003,16.77155182499412],[102.61191406250003,16.77155182499412],[102.61191406250003,16.77155182499412],[102.63134765625,16.77216217655662],[102.65156250000001,16.76813385624412],[102.669677734375,16.76068756718162],[102.68154296875002,16.75104401249412],[102.687744140625,16.75104401249412],[102.696875,16.75897858280662],[102.69882812500003,16.753924871869117],[102.69843750000001,16.74396393436912],[102.701416015625,16.73737213749412],[102.7119140625,16.73468659061912],[102.71914062500002,16.73517487186912],[102.72597656250002,16.73676178593162],[102.73544921875003,16.73737213749412],[102.77011718750003,16.730585028119123],[102.77392578125,16.72601959843162],[102.77695312500003,16.71942780155662],[102.78164062500002,16.718377996869123],[102.790625,16.730585028119123],[102.79150390625,16.71137116093162],[102.805908203125,16.71576569218162],[102.82470703125,16.72931549686912],[102.839111328125,16.73737213749412],[102.8330078125,16.72870514530662],[102.832275390625,16.72113678593162],[102.83652343750003,16.71478912968162],[102.84531250000003,16.709491278119117],[102.82558593750002,16.69599030155662],[102.82275390625,16.68317291874412],[102.827880859375,16.667352606244123],[102.83164062500003,16.644891668744123],[102.85429687499999,16.62689850468162],[102.859619140625,16.620721746869123],[102.85908203125001,16.600946356244123],[102.86269531250002,16.59296295780662],[102.87255859375,16.600213934369123],[102.88623046875,16.58722565311912],[102.88242187500003,16.57636139530662],[102.88623046875,16.56549713749412],[102.88222656250002,16.55597565311912],[102.88681640625003,16.546014715619123],[102.896240234375,16.537372137494117],[102.90673828125,16.532001043744117],[102.89931640625002,16.524530340619123],[102.90234375,16.51752350468162],[102.90478515625,16.51581452030662],[102.904541015625,16.51508209843162],[102.89931640625002,16.510858465619123],[102.89931640625002,16.504022528119123],[102.90908203125002,16.498553778119117],[102.90839843750001,16.492450262494117],[102.90175781250002,16.48700592655662],[102.89306640625,16.483514715619123],[102.90380859375,16.471307684369123],[102.912353515625,16.458026434369117],[102.921630859375,16.45075104374412],[102.93466796875003,16.45624420780662],[102.95068359375,16.431903387494117],[102.95458984375,16.42206452030662],[102.9560546875,16.41474030155662],[102.95302734375002,16.40302155155662],[102.94091796875,16.38117096561912]]]}},{"type":"Feature","properties":{"fillColor":"#00ffff"},"geometry":{"type":"MultiLineString","coordinates":[[[99.1484375,2.415643621869108],[99.16884765625002,2.46039459843162],[99.20419921875003,2.498163153119108],[99.31679687500002,2.568622137494117],[99.329833984375,2.57208893436912],[99.36591796875001,2.572137762494108],[99.371337890625,2.575799871869108],[99.3798828125,2.585467840619117],[99.439697265625,2.607440496869117],[99.47216796875,2.63202545780662],[99.497802734375,2.66156647343162],[99.52675781250002,2.687860418744108],[99.5693359375,2.702997137494108],[99.60595703125,2.70172760624412],[99.61767578125,2.702997137494108],[99.626953125,2.707635809369108],[99.643310546875,2.72125885624412],[99.6484375,2.724139715619117],[99.66259765625,2.729364324994108],[99.67177734375002,2.74201080936912],[99.68603515625,2.77130768436912],[99.69765625000002,2.78400299686912],[99.71435546875,2.797381903119117],[99.73330078125002,2.80792877811912],[99.75146484375,2.812274481244117],[99.7548828125,2.81720612186912],[99.76796875000002,2.84638092655662],[99.77431640625002,2.854852606244108],[99.81513671875001,2.890985418744108],[99.830322265625,2.908465887494117],[99.84003906250001,2.92841217655662],[99.84365234375002,2.953143621869117],[99.82470703125,2.976434637494108],[99.8232421875,2.98358795780662],[99.83447265625,2.991473699994117],[99.84804687500002,2.991815496869108],[99.85761718750001,2.99506256718162],[99.85791015625,3.011493231244117]]]}},{"type":"Feature","properties":{"fillColor":"#00ffff"},"geometry":{"type":"MultiLineString","coordinates":[[[99.03916015625003,15.04364655155662],[99.04580078125002,15.032733465619117],[99.059814453125,15.015643621869117],[99.07412109375002,15.00360748905662],[99.08457031250003,14.98908112186912],[99.09130859375,14.96637604374412],[99.10292968750002,14.94110748905662],[99.108642578125,14.92255280155662],[99.08964843749999,14.906366278119123],[99.06875,14.890643621869117],[99.0615234375,14.874872137494123],[99.053125,14.85858795780662],[99.043212890625,14.843524481244117],[99.0375,14.826288153119123],[99.03662109375,14.81037018436912],[99.03701171875002,14.788446356244123],[99.03330078125003,14.764032293744123],[99.03359375000002,14.741717840619117],[99.0400390625,14.71442291874412],[99.04990234375003,14.57367584843162],[99.062255859375,14.531512762494117],[99.07958984375,14.49420807499412],[99.0986328125,14.46942780155662],[99.139892578125,14.423114324994117],[99.14931640625002,14.410516668744123]]]}},{"type":"Feature","properties":{"fillColor":"#00ffff"},"geometry":{"type":"MultiLineString","coordinates":[[[98.8916015625,16.175653387494123],[98.887939453125,16.10382721561912],[98.88095703125003,16.093133856244123],[98.86767578125,16.086932684369117],[98.85605468750003,16.071307684369117],[98.85107421875,16.051141668744123],[98.857421875,16.03107330936912],[98.8359375,16.01911041874412],[98.82343750000001,16.007928778119123],[98.81787109375,15.99384186405662],[98.81640625,15.973016668744123],[98.82363281250002,15.906122137494123],[98.82949218750002,15.887713934369117]]]}},{"type":"Feature","properties":{"fillColor":"#00ffff"},"geometry":{"type":"MultiLineString","coordinates":[[[99.14931640625002,14.410516668744123],[99.153076171875,14.40851471561912],[99.154541015625,14.40460846561912],[99.155517578125,14.39935944218162],[99.15839843750001,14.393670965619123],[99.16054687500002,14.38812897343162],[99.16269531250003,14.37250397343162],[99.165283203125,14.36640045780662],[99.17138671875,14.36139557499412],[99.18701171875,14.355731512494117],[99.19248046875003,14.35211823124412],[99.20859375000003,14.32221100468162],[99.216796875,14.31793854374412],[99.224609375,14.305438543744117],[99.239501953125,14.246942449994123],[99.247802734375,14.22919342655662],[99.23847656250001,14.21369049686912],[99.24501953125002,14.19818756718162],[99.25888671875003,14.186151434369123],[99.27138671875002,14.181415106244117],[99.27656250000001,14.178241278119117],[99.28701171875002,14.16412994999412],[99.29208984375003,14.16095612186912],[99.329833984375,14.14667389530662],[99.340576171875,14.140643621869117],[99.3603515625,14.12592194218162],[99.371337890625,14.11994049686912],[99.4072265625,14.113055731244117],[99.416015625,14.109149481244117],[99.431640625,14.09503815311912],[99.43740234375002,14.086297918744123],[99.439697265625,14.074969793744117],[99.44541015625003,14.06427643436912],[99.45849609375,14.062030340619117],[99.48056640625003,14.064715887494117],[99.48408203125001,14.06598541874412],[99.4892578125,14.06928131718162],[99.49521484375003,14.072040106244117],[99.501708984375,14.071551824994117],[99.50244140625,14.06806061405662],[99.5009765625,14.05487702030662],[99.501708984375,14.05109284061912],[99.52333984375002,14.034295965619123],[99.52773437500002,14.03400299686912],[99.53544921874999,14.01654694218162],[99.55410156250002,13.99884674686912],[99.576904296875,13.98407623905662],[99.59726562500003,13.975360418744117],[99.62832031250002,13.971795965619123],[99.63759765625002,13.969110418744123],[99.64443359375002,13.96332428593162],[99.661376953125,13.945086981244117],[99.6689453125,13.94122955936912]]]}},{"type":"Feature","properties":{"fillColor":"#00ffff"},"geometry":{"type":"MultiLineString","coordinates":[[[98.82949218750002,15.887713934369117],[98.850341796875,15.859979559369123],[98.85761718750001,15.84149811405662],[98.84677734375003,15.83307526249412],[98.839111328125,15.822137762494123],[98.80898437500002,15.764178778119117],[98.810302734375,15.749042059369117],[98.8203125,15.714129949994117],[98.82265625000002,15.692157293744117],[98.828857421875,15.677118231244123],[98.88251953125001,15.610858465619117],[98.89443359375002,15.590448309369123],[98.89707031250003,15.57294342655662],[98.83310546875003,15.53925202030662],[98.82265625000002,15.531366278119123],[98.81689453125,15.515985418744123],[98.820068359375,15.500995184369117],[98.826171875,15.48493073124412],[98.832763671875,15.447772528119117],[98.841064453125,15.434686590619123],[98.8642578125,15.41474030155662],[98.8876953125,15.38422272343162],[98.899658203125,15.362567449994117],[98.89501953125,15.352655340619123],[98.88593750000001,15.343768621869117],[98.890869140625,15.32330963749412],[98.90224609375002,15.300409246869123],[98.91259765625,15.28436920780662],[98.90156250000001,15.27387116093162],[98.903564453125,15.26141998905662],[98.91884765625002,15.229754949994117],[98.92080078125002,15.211053778119123],[98.92011718750001,15.193377996869117],[98.92236328125,15.176629949994123],[98.93251953125002,15.16083405155662],[98.93916015625001,15.15851471561912],[98.95947265625,15.15656159061912],[98.96591796875003,15.154071356244117],[98.968994140625,15.147333074994123],[98.97402343750002,15.119891668744117],[98.98505859375001,15.09674713749412],[98.991943359375,15.08746979374412],[99.03916015625003,15.04364655155662]]]}},{"type":"Feature","properties":{"fillColor":"#00ffff"},"geometry":{"type":"MultiLineString","coordinates":[[[99.6689453125,13.94122955936912],[99.7412109375,13.94867584843162],[99.74619140625003,13.951678778119117],[99.750244140625,13.95709869999412],[99.75507812500001,13.96149323124412],[99.76171875,13.961688543744117],[99.76650390625002,13.95734284061912],[99.767333984375,13.95172760624412],[99.76513671875,13.947870184369123],[99.76171875,13.94867584843162],[99.765869140625,13.94257233280662],[99.775390625,13.92072174686912],[99.796630859375,13.89642975468162],[99.8232421875,13.872919012494123],[99.8681640625,13.846942449994117],[99.87783203125002,13.83197662968162],[99.88037109375,13.810907293744123],[99.874267578125,13.78986237186912],[99.85107421875,13.749383856244123],[99.85683593750002,13.74079010624412],[99.86376953125,13.724237371869123],[99.865234375,13.70819733280662],[99.8544921875,13.70099518436912],[99.8388671875,13.696063543744117],[99.83203125,13.68353912968162],[99.83046875000002,13.667108465619123],[99.83056640625,13.650409246869117],[99.8271484375,13.64130280155662],[99.81201171875,13.61762116093162],[99.8095703125,13.60602448124412],[99.813232421875,13.60028717655662],[99.82753906250002,13.59296295780662],[99.83056640625,13.588641668744117],[99.82929687500001,13.56354401249412],[99.83056640625,13.557635809369117],[99.838623046875,13.550799871869117],[99.868896484375,13.533710028119117],[99.8818359375,13.53034088749412],[99.90283203125,13.531024481244117],[99.91015625,13.52619049686912],[99.9228515625,13.512958074994117],[99.95615234375003,13.449335028119123],[99.97705078125,13.42121002811912],[100.00136718750002,13.42047760624412],[99.997802734375,13.395379949994123],[99.99794921875002,13.38373444218162],[100.00136718750002,13.37201569218162]]]}},{"type":"Feature","properties":{"fillColor":"#00ffff"},"geometry":{"type":"MultiLineString","coordinates":[[[100.61259765624999,18.039667059369123],[100.590576171875,18.036004949994123],[100.56845703125003,18.02716705936912],[100.544921875,18.01276276249412],[100.52626953125002,17.99738190311912],[100.48583984375,17.937518621869117],[100.47412109375,17.910516668744123],[100.470703125,17.88690827030662],[100.48779296875,17.86334869999412],[100.511474609375,17.844256903119117],[100.525,17.82611725468162],[100.54013671875003,17.796747137494123],[100.55185546875003,17.77655670780662]]]}},{"type":"Feature","properties":{"fillColor":"#00ffff"},"geometry":{"type":"MultiLineString","coordinates":[[[101.1806640625,19.32758209843162],[101.1728515625,19.34393952030662],[101.162109375,19.415057684369117],[101.15234375,19.446161199994123],[101.11181640625,19.51312897343162],[101.10107421875,19.52399323124412],[101.074951171875,19.541620184369123],[101.06396484375,19.554071356244123],[101.05712890625,19.554071356244123],[101.046875,19.541131903119123],[101.02744140625003,19.52472565311912],[101.005615234375,19.51618073124412],[100.98818359375002,19.52680084843162]]]}},{"type":"Feature","properties":{"fillColor":"#00ffff"},"geometry":{"type":"MultiLineString","coordinates":[[[100.98818359375002,19.52680084843162],[100.98134765625002,19.52680084843162],[100.97265625,19.51715729374412],[100.96259765625001,19.515497137494123],[100.932373046875,19.52106354374412],[100.926513671875,19.52423737186912],[100.921630859375,19.525897528119117],[100.916259765625,19.52301666874412],[100.8876953125,19.49970123905662],[100.87978515625002,19.485711981244123],[100.873779296875,19.46979401249412],[100.87148437500002,19.457879949994123],[100.875244140625,19.44428131718162],[100.88134765625,19.431024481244123],[100.883544921875,19.420917059369117],[100.85400390625,19.404901434369123],[100.84628906250003,19.37689850468162],[100.846923828125,19.34479401249412],[100.8544921875,19.29218170780662],[100.850341796875,19.263934637494117],[100.837890625,19.240106512494123],[100.81630859375002,19.22516510624412],[100.81630859375002,19.21771881718162],[100.82382812500003,19.214374090619117],[100.82919921875003,19.20856354374412],[100.83740234375,19.19098541874412],[100.82177734375,19.18256256718162],[100.81455078125003,19.172967840619123],[100.80898437500002,19.12506744999412],[100.78964843750003,19.07367584843162],[100.7875,19.05524323124412],[100.78964843750003,19.012225653119117],[100.77656250000001,18.960077215619123],[100.77597656250003,18.943963934369123],[100.78037109375003,18.925799871869117],[100.78867187500003,18.909051824994123],[100.799072265625,18.894305731244117],[100.81005859375,18.88190338749412],[100.81943359375003,18.87824127811912],[100.82802734375002,18.88080475468162],[100.834228515625,18.88043854374412],[100.83740234375,18.86823151249412],[100.81005859375,18.84833405155662],[100.80517578125,18.83319733280662],[100.800537109375,18.795184637494117],[100.7958984375,18.77948639530662],[100.77587890625,18.75372955936912],[100.76884765624999,18.73688385624412],[100.77597656250003,18.724237371869123],[100.76845703125002,18.720819403119123],[100.76162109375002,18.716815496869117],[100.76230468750003,18.71246979374412],[100.76308593750002,18.71161530155662],[100.764892578125,18.711786199994123],[100.76845703125002,18.710565496869123],[100.76279296875003,18.69989655155662],[100.763671875,18.689569403119123],[100.76884765624999,18.679559637494123],[100.77597656250003,18.67023346561912],[100.76162109375002,18.66278717655662],[100.771875,18.65790436405662],[100.77597656250003,18.65656159061912],[100.7626953125,18.64130280155662],[100.767578125,18.594501043744117],[100.76162109375002,18.57343170780662],[100.76601562500002,18.57208893436912],[100.76914062500003,18.57062409061912],[100.771484375,18.568963934369123],[100.77294921875,18.567157293744117]]]}},{"type":"Feature","properties":{"fillColor":"#00ffff"},"geometry":{"type":"MultiLineString","coordinates":[[[100.55185546875003,17.77655670780662],[100.5556640625,17.77081940311912],[100.56044921875002,17.76679108280662],[100.56679687500002,17.765252996869123],[100.5673828125,17.75946686405662],[100.55136718750003,17.74725983280662],[100.53212890625002,17.73627350468162],[100.522705078125,17.734247137494123],[100.50527343750002,17.718768621869117],[100.46728515625,17.706805731244117],[100.43115234375,17.70587799686912],[100.4189453125,17.72370026249412],[100.412841796875,17.72370026249412],[100.405517578125,17.713885809369117],[100.397216796875,17.71124909061912],[100.38974609375003,17.71491119999412],[100.38486328125003,17.72370026249412],[100.37109375,17.695575262494117],[100.351318359375,17.680194403119117],[100.25537109375,17.644159246869123],[100.23779296875,17.64179108280662],[100.22763671875003,17.643329168744117],[100.22255859375002,17.64801666874412],[100.220703125,17.65546295780662],[100.220458984375,17.665643621869123],[100.21689453125003,17.66669342655662],[100.193115234375,17.669061590619123],[100.1474609375,17.65582916874412],[100.12636718750002,17.645868231244123],[100.117431640625,17.63117096561912],[100.114501953125,17.627460028119117],[100.1083984375,17.62213776249412],[100.10361328125003,17.613788153119117],[100.10439453125002,17.60077545780662],[100.10976562500002,17.59613678593162],[100.13857421875002,17.58026764530662],[100.131103515625,17.559833074994117],[100.127197265625,17.56256744999412],[100.117431640625,17.567254949994123],[100.11347656250001,17.54950592655662],[100.11660156250002,17.53693268436912],[100.1220703125,17.52313873905662],[100.1279296875,17.48114655155662],[100.13916015625,17.444354559369117],[100.13857421875002,17.42951080936912],[100.13232421875,17.421649481244117],[100.12460937500003,17.420184637494117],[100.116943359375,17.419940496869117],[100.110595703125,17.41583893436912],[100.11044921875003,17.40692780155662],[100.11572265625,17.398065496869123],[100.11767578125,17.391229559369123],[100.10751953125003,17.38849518436912],[100.08632812500002,17.376971746869117],[100.080078125,17.37482330936912],[100.07236328125003,17.369745184369123],[100.06943359375003,17.357782293744123],[100.07021484375002,17.333270574994117],[100.07382812500003,17.31415436405662],[100.087158203125,17.283954168744117],[100.09003906250001,17.26874420780662],[100.084716796875,17.250995184369117],[100.07363281250002,17.237909246869123],[100.06396484375,17.223749090619123],[100.06337890625002,17.20294830936912],[100.07753906250002,17.172479559369123],[100.10166015625003,17.143670965619123],[100.16660156250003,17.084979559369117],[100.17724609375,17.07025787968162],[100.18027343750003,17.056756903119123],[100.16513671875003,17.05206940311912],[100.16513671875003,17.045917059369117],[100.17666015625002,17.04144928593162],[100.199951171875,17.024774481244123],[100.199951171875,17.018573309369117],[100.186279296875,17.018573309369117],[100.186279296875,17.011102606244123],[100.201171875,17.001483465619117],[100.2080078125,16.98822662968162],[100.21259765625001,16.97284577030662],[100.220458984375,16.95648834843162]]]}},{"type":"Feature","properties":{"fillColor":"#00ffff"},"geometry":{"type":"MultiLineString","coordinates":[[[100.77294921875,18.567157293744117],[100.77412109375001,18.56305573124412],[100.77451171875003,18.55292389530662],[100.77597656250003,18.54669830936912],[100.7958984375,18.50885651249412],[100.80126953125,18.50299713749412],[100.82509765625002,18.49787018436912],[100.83056640625,18.494891668744117],[100.834228515625,18.46051666874412],[100.83740234375,18.45050690311912],[100.85302734375,18.422137762494117],[100.86240234375003,18.399530340619123],[100.861328125,18.389032293744123],[100.87490234375002,18.381708074994123],[100.88779296875003,18.364276434369117],[100.89697265625,18.343866278119123],[100.89951171875003,18.32758209843162],[100.89052734375002,18.30866119999412],[100.86347656250001,18.293573309369123],[100.85791015625,18.27606842655662],[100.853759765625,18.253924871869117],[100.84414062500002,18.239520574994117],[100.832763671875,18.226922918744123],[100.82373046875,18.210321356244123],[100.81982421875,18.18842194218162],[100.81972656250002,18.169940496869117],[100.8173828125,18.15363190311912],[100.806640625,18.138299871869123],[100.70332031250001,18.050409246869123],[100.673095703125,18.03766510624412],[100.6455078125,18.04645416874412],[100.637451171875,18.04218170780662],[100.62783203125002,18.040545965619117],[100.61259765624999,18.039667059369123]]]}},{"type":"Feature","properties":{"fillColor":"#00ffff"},"geometry":{"type":"MultiLineString","coordinates":[[[100.220458984375,16.95648834843162],[100.20673828125001,16.95648834843162],[100.20673828125001,16.949725653119117],[100.21748046875001,16.943963934369123],[100.21884765625003,16.93451569218162],[100.21767578125002,16.92243073124412],[100.220458984375,16.908710028119117],[100.22412109375,16.90631744999412],[100.23759765624999,16.902606512494117],[100.24091796875001,16.901239324994123],[100.24843750000002,16.87457916874412],[100.247802734375,16.869647528119117],[100.24355468750002,16.866229559369117],[100.23974609375,16.86188385624412],[100.24091796875001,16.85407135624412],[100.258056640625,16.84845612186912],[100.261962890625,16.84662506718162],[100.26845703125002,16.83832428593162],[100.27236328125002,16.83087799686912],[100.27285156250002,16.82294342655662],[100.26884765624999,16.813104559369123],[100.259375,16.804950262494117],[100.24853515625,16.80341217655662],[100.23720703125002,16.803241278119117],[100.227294921875,16.79889557499412],[100.21767578125002,16.78693268436912],[100.21689453125003,16.777704168744123],[100.23779296875,16.74017975468162],[100.282470703125,16.68280670780662],[100.27724609375002,16.674188543744123],[100.275,16.66913483280662],[100.26884765624999,16.66913483280662],[100.2548828125,16.676629949994123],[100.25390625,16.66058991093162],[100.261962890625,16.62445709843162],[100.26083984375003,16.61298248905662],[100.25576171875002,16.59357330936912],[100.254638671875,16.583514715619117],[100.256103515625,16.57221100468162],[100.261962890625,16.550897528119123],[100.261962890625,16.53815338749412],[100.271484375,16.54254791874412],[100.275,16.54498932499412],[100.279296875,16.539178778119123],[100.281494140625,16.53266022343162],[100.282470703125,16.51459381718162],[100.28671875000003,16.510126043744123],[100.296142578125,16.51141998905662],[100.30556640625002,16.51605866093162],[100.31396484375,16.525751043744123],[100.32285156250003,16.524676824994117],[100.33212890625003,16.521112371869123],[100.337158203125,16.518329168744117],[100.339111328125,16.50971100468162],[100.33652343750003,16.486835028119117],[100.337158203125,16.47736237186912],[100.34462890625002,16.46185944218162],[100.3818359375,16.418719793744117],[100.390380859375,16.40302155155662],[100.388427734375,16.38934967655662],[100.384033203125,16.37396881718162],[100.38486328125003,16.35321686405662],[100.388916015625,16.35101959843162],[100.39599609375,16.351190496869123],[100.40292968750003,16.348260809369123],[100.40810546875002,16.32636139530662],[100.4169921875,16.307977606244123],[100.4189453125,16.302020574994117],[100.42587890625003,16.250506903119117],[100.426513671875,16.23029205936912],[100.423583984375,16.21027252811912],[100.41464843750003,16.181903387494117],[100.40273437500002,16.110956121869123],[100.40595703125001,16.09992096561912],[100.40595703125001,16.093133856244123],[100.38876953125003,16.06769440311912],[100.375244140625,16.03778717655662],[100.3564453125,16.009784246869117],[100.32343750000001,15.990106512494123],[100.327392578125,15.980829168744123],[100.320556640625,15.969842840619123],[100.302978515625,15.94916412968162],[100.2998046875,15.93732330936912],[100.296142578125,15.89728424686912],[100.28867187500003,15.88971588749412],[100.255859375,15.875018621869117],[100.24843750000002,15.863788153119117],[100.2509765625,15.83576080936912],[100.24746093750002,15.82562897343162],[100.23476562500002,15.81879303593162],[100.23671875000002,15.81598541874412],[100.23720703125002,15.81488678593162],[100.238037109375,15.81403229374412],[100.24091796875001,15.81195709843162],[100.24091796875001,15.80573151249412],[100.23818359375002,15.80390045780662],[100.23671875000002,15.80402252811912],[100.23574218750002,15.803094793744123],[100.23476562500002,15.79828522343162],[100.227294921875,15.79828522343162],[100.22509765625,15.80280182499412],[100.22216796875,15.80768463749412],[100.220458984375,15.81195709843162],[100.21425781250002,15.81195709843162],[100.21748046875001,15.80231354374412],[100.224609375,15.79559967655662],[100.23164062500001,15.792108465619123],[100.23476562500002,15.792108465619123],[100.23291015625,15.78156159061912],[100.22802734375,15.77850983280662],[100.22294921874999,15.776141668744117],[100.220458984375,15.767596746869117],[100.21728515625,15.76239655155662],[100.203125,15.75690338749412],[100.199951171875,15.753924871869117],[100.19638671875003,15.754657293744117],[100.18857421875003,15.747821356244117],[100.18154296875002,15.739764715619117],[100.179443359375,15.73688385624412],[100.14072265625003,15.706561590619117]]]}},{"type":"Feature","properties":{"fillColor":"#00ffff"},"geometry":{"type":"MultiLineString","coordinates":[[[98.89560546875003,17.387323309369123],[98.89423828125001,17.373163153119123],[98.89755859375003,17.346942449994117],[98.919921875,17.303485418744117],[98.932373046875,17.24884674686912],[98.94863281250002,17.235858465619117],[98.95849609375,17.237665106244123],[98.958740234375,17.237665106244123]]]}},{"type":"Feature","properties":{"fillColor":"#00ffff"},"geometry":{"type":"MultiLineString","coordinates":[[[98.8642578125,19.780047918744117],[98.8642578125,19.780047918744117],[98.8642578125,19.780047918744117],[98.8642578125,19.780047918744117],[98.8642578125,19.780047918744117],[98.88232421875,19.77069733280662],[98.892578125,19.75324127811912],[98.897216796875,19.731219793744117],[98.8984375,19.708026434369117],[98.90156250000001,19.697137762494123],[98.915625,19.680438543744117],[98.91884765625002,19.67389557499412],[98.917724609375,19.640008856244123],[98.91884765625002,19.62921784061912],[98.92324218750002,19.615838934369123],[98.94052734375003,19.58283112186912],[98.94980468750003,19.57086823124412],[98.95351562500002,19.56329987186912],[98.95947265625,19.53790924686912],[98.96044921875,19.52960846561912]]]}},{"type":"Feature","properties":{"fillColor":"#00ffff"},"geometry":{"type":"MultiLineString","coordinates":[[[98.96044921875,19.52960846561912],[98.96181640625002,19.516229559369123],[98.96523437500002,19.50946686405662],[98.9697265625,19.504999090619123],[98.97402343750002,19.49884674686912],[98.988037109375,19.466180731244123],[98.99550781250002,19.43414948124412],[98.99375,19.398456121869117],[98.962890625,19.31232330936912],[98.96005859375003,19.28815338749412],[98.96992187500001,19.26923248905662],[98.97597656250002,19.25409577030662],[98.98037109375002,19.18353912968162],[98.99843750000002,19.149676824994117],[99.00429687500002,19.12970612186912],[98.997314453125,19.11188385624412],[98.9765625,19.099481512494123],[98.95947265625,19.096063543744123],[98.950439453125,19.087762762494123],[99,18.786737371869123],[98.983642578125,18.67999909061912],[98.977294921875,18.67023346561912],[98.96474609375002,18.662225653119123],[98.962890625,18.643182684369123],[98.96591796875003,18.601336981244117]]]}},{"type":"Feature","properties":{"fillColor":"#00ffff"},"geometry":{"type":"MultiLineString","coordinates":[[[98.95849609375,17.237665106244123],[98.97402343750002,17.237665106244123],[99.00449218750003,17.238544012494117],[99.014404296875,17.237665106244123],[99.025390625,17.23346588749412],[99.05224609375,17.217157293744123],[99.06093750000002,17.20551178593162],[99.08554687500003,17.150897528119117],[99.09023437500002,17.134051824994117],[99.0810546875,17.123163153119123],[99.06416015625001,17.10846588749412],[99.052734375,17.09039948124412],[99.05908203125,17.06976959843162],[99.107177734375,17.004657293744117],[99.117431640625,16.98383209843162],[99.11972656250003,16.96100494999412],[99.109619140625,16.951190496869117],[99.0966796875,16.941522528119123],[99.09023437500002,16.91925690311912],[99.093994140625,16.909295965619123],[99.10302734375,16.902118231244117],[99.12089843749999,16.891376043744117],[99.128173828125,16.88080475468162],[99.137939453125,16.84662506718162],[99.156982421875,16.81354401249412],[99.18642578125002,16.78327057499412],[99.254638671875,16.730585028119123],[99.28623046875003,16.69525787968162],[99.353759765625,16.64704010624412],[99.367919921875,16.641864324994117],[99.39179687500001,16.628192449994117],[99.40214843749999,16.628436590619117],[99.41982421875002,16.633172918744123],[99.429443359375,16.634393621869123],[99.445068359375,16.62518952030662],[99.46181640625002,16.604510809369117],[99.47509765625,16.582391668744123],[99.48056640625003,16.569208074994123],[99.48183593750002,16.56159088749412],[99.49755859375,16.51898834843162]]]}},{"type":"Feature","properties":{"fillColor":"#00ffff"},"geometry":{"type":"MultiLineString","coordinates":[[[98.96591796875003,18.601336981244117],[98.95849609375,18.58319733280662],[98.93212890625,18.545526434369123],[98.92626953125,18.52899811405662],[98.834228515625,18.48480866093162],[98.79384765625002,18.453387762494117],[98.77490234375,18.44306061405662],[98.715576171875,18.430780340619123],[98.69970703125,18.42255280155662],[98.707763671875,18.412713934369123],[98.70839843750002,18.401141668744117],[98.70400390625002,18.38922760624412],[98.6962890625,18.37848541874412],[98.691162109375,18.36640045780662],[98.695556640625,18.35578034061912],[98.70273437500003,18.34625885624412],[98.70654296875,18.33722565311912],[98.7021484375,18.33331940311912],[98.67587890625003,18.303094793744123],[98.67041015625,18.298846746869117],[98.662109375,18.29755280155662],[98.658203125,18.292254949994117],[98.656982421875,18.28632233280662],[98.65761718750002,18.27484772343162],[98.64511718750003,18.250751043744117],[98.64052734375002,18.22687409061912],[98.6376953125,18.12970612186912],[98.63427734375,18.126092840619123],[98.6240234375,18.13519928593162],[98.618896484375,18.125848699994123],[98.61835937500001,18.116815496869123],[98.62255859375,18.108270574994123],[98.630859375,18.100458074994123],[98.62392578125002,18.098895574994117],[98.62246093750002,18.09747955936912],[98.62197265625002,18.09760162968162],[98.61777343750003,18.100458074994123],[98.60556640625003,18.08808014530662],[98.60097656250002,18.08148834843162],[98.5966796875,18.073749090619117],[98.61679687500003,18.07440827030662],[98.617919921875,18.06232330936912],[98.615234375,18.04401276249412],[98.6240234375,18.02594635624412],[98.60908203125001,18.020135809369123],[98.603515625,18.01911041874412],[98.603515625,18.012323309369123],[98.61533203125003,18.01203034061912],[98.62353515625,18.007684637494123],[98.62851562500003,18.000506903119117],[98.630859375,17.991815496869123],[98.6337890625,17.99530670780662],[98.64121093750003,18.001483465619117],[98.64453125,18.00482819218162],[98.653564453125,17.98981354374412],[98.66552734375,17.98004791874412],[98.674072265625,17.970721746869117],[98.673095703125,17.95709869999412],[98.66572265625001,17.95709869999412],[98.64667968750001,17.94476959843162],[98.6328125,17.930047918744123],[98.64111328125,17.92291901249412],[98.645751953125,17.920770574994123],[98.648193359375,17.915545965619117],[98.6513671875,17.902460028119123],[98.64990234375,17.90094635624412],[98.6455078125,17.88934967655662],[98.64453125,17.88507721561912],[98.64638671875002,17.88153717655662],[98.65078125000002,17.88190338749412],[98.65537109375003,17.883075262494117],[98.658203125,17.881952215619123],[98.66933593750002,17.841815496869117],[98.69492187500003,17.80023834843162],[98.703125,17.78266022343162],[98.7109375,17.752069403119123],[98.74072265625,17.71063873905662],[98.745361328125,17.69782135624412],[98.745361328125,17.68427155155662],[98.73691406250003,17.67352936405662],[98.71640625000003,17.669061590619123],[98.704833984375,17.66388580936912],[98.698974609375,17.65180084843162],[98.699462890625,17.637958074994117],[98.70654296875,17.62750885624412],[98.69960937500002,17.609637762494117],[98.70263671875,17.59418366093162],[98.709228515625,17.57941315311912],[98.71279296875002,17.56354401249412],[98.71279296875002,17.494647528119117],[98.70751953125,17.47760651249412],[98.697998046875,17.46234772343162],[98.6923828125,17.446893621869123],[98.69970703125,17.42951080936912],[98.715576171875,17.41974518436912],[98.72910156250003,17.42413971561912],[98.74746093750002,17.443133856244117],[98.78164062500002,17.46430084843162],[98.81757812500001,17.47418854374412],[98.853759765625,17.469354559369123],[98.88818359375,17.446551824994117],[98.90009765625001,17.430536199994123],[98.90390625000003,17.416278387494117],[98.90234375,17.40253327030662],[98.89882812500002,17.39411041874412],[98.89560546875003,17.387323309369123]]]}},{"type":"Feature","properties":{"fillColor":"#00ffff"},"geometry":{"type":"MultiLineString","coordinates":[[[99.49755859375,16.51898834843162],[99.523193359375,16.46845123905662],[99.53662109375,16.44843170780662],[99.548828125,16.43634674686912],[99.540625,16.413836981244117],[99.560302734375,16.39008209843162],[99.59140625000003,16.37055084843162],[99.61767578125,16.36066315311912],[99.6552734375,16.354120184369123],[99.66650390625,16.34564850468162],[99.67919921875,16.326532293744123],[99.705322265625,16.27008698124412],[99.740234375,16.22272369999412],[99.75439453125,16.208368231244123],[99.791259765625,16.19354889530662],[99.80039062500003,16.173456121869123],[99.80322265625,16.15167877811912],[99.80332031250003,16.137811590619123],[99.861328125,16.07575104374412],[99.874267578125,16.058465887494123],[99.88037109375,16.04169342655662],[99.87939453125,16.023944403119117],[99.87158203125,16.00372955936912],[99.892578125,15.987567449994117],[99.97402343750002,15.94916412968162],[100.034912109375,15.90924713749412],[100.063232421875,15.881366278119117],[100.06337890625002,15.860370184369117],[100.0810546875,15.84198639530662],[100.0888671875,15.81549713749412],[100.09003906250001,15.767596746869117],[100.098388671875,15.75446198124412],[100.117919921875,15.73908112186912],[100.158935546875,15.71637604374412]]]}},{"type":"Feature","properties":{"fillColor":"#00ffff"},"geometry":{"type":"MultiLineString","coordinates":[[[96.90341796875003,25.63190338749412],[96.897216796875,25.66974518436912],[96.89404296875,25.67450592655662],[96.886962890625,25.68219635624412],[96.87998046875003,25.69220612186912],[96.87685546875002,25.70416901249412],[96.87998046875003,25.71332428593162],[96.89404296875,25.72308991093162],[96.897216796875,25.73151276249412],[96.898193359375,25.79596588749412],[96.90146484375003,25.814471746869117],[96.90781250000003,25.83161041874412],[96.917724609375,25.85162994999412]]]}},{"type":"Feature","properties":{"fillColor":"#00ffff"},"geometry":{"type":"MultiLineString","coordinates":[[[96.917724609375,25.85162994999412],[96.955078125,25.92865631718162],[96.97158203125002,25.93549225468162],[96.97929687499999,25.94037506718162],[96.987060546875,25.950555731244123],[96.999755859375,25.981317449994123],[97.01708984375,26.01166412968162],[97.020263671875,26.02887604374412],[97.01328125000003,26.05023834843162],[97.02714843749999,26.062518621869117],[97.03466796875,26.073993231244117],[97.05673828125003,26.125848699994116],[97.060791015625,26.140252996869116],[97.06171875000001,26.17719147343162],[97.05322265625,26.19135162968162],[97.01425781250003,26.227801824994117],[96.99326171875003,26.24079010624412],[96.95751953125,26.293085028119116],[96.95273437500003,26.29791901249412],[96.945068359375,26.303485418744117],[96.94003906250003,26.30463287968162],[96.921142578125,26.303485418744117],[96.91552734375,26.305536199994116],[96.9130859375,26.31000397343162],[96.912109375,26.31464264530662],[96.91083984375001,26.317157293744117],[96.85791015625,26.32965729374412],[96.848876953125,26.334491278119117],[96.8447265625,26.345819403119116],[96.834228515625,26.360467840619116],[96.81992187500003,26.373163153119116],[96.804443359375,26.378534246869116],[96.79355468750003,26.37506744999412],[96.783203125,26.36847565311912],[96.773193359375,26.36444733280662],[96.76318359375,26.36859772343162],[96.744873046875,26.384149481244116],[96.739013671875,26.392840887494117],[96.73281250000002,26.384540106244117],[96.72216796875,26.37763092655662],[96.709716796875,26.37323639530662],[96.69863281250002,26.37238190311912],[96.68564453125003,26.376971746869117],[96.67246093750003,26.39008209843162],[96.6611328125,26.392840887494117],[96.63496093750001,26.392840887494117],[96.623779296875,26.395770574994117],[96.60205078125,26.41058991093162],[96.57998046875002,26.41449616093162],[96.568359375,26.41950104374412],[96.54140625000002,26.449823309369116],[96.515625,26.48725006718162],[96.48691406250003,26.50983307499412],[96.45166015625,26.495868231244117],[96.44384765625,26.506122137494117],[96.435302734375,26.509637762494116],[96.4140625,26.508905340619116],[96.40380859375,26.51203034061912],[96.40634765625003,26.519891668744116],[96.41347656250002,26.52997467655662],[96.41748046875,26.53998444218162],[96.413818359375,26.55060455936912],[96.40478515625,26.550409246869116],[96.3935546875,26.54596588749412],[96.38330078125,26.54364655155662],[96.36767578125,26.545672918744117],[96.361083984375,26.548358465619117],[96.340576171875,26.575067449994116],[96.338134765625,26.58124420780662],[96.33486328125002,26.584002996869117],[96.32470703125,26.58466217655662],[96.2978515625,26.58100006718162],[96.28564453125,26.58344147343162],[96.29052734375,26.594842840619116],[96.30322265625,26.61749909061912],[96.30078125,26.63739655155662],[96.287109375,26.647235418744117],[96.26601562500002,26.63922760624412],[96.271484375,26.63373444218162],[96.2802734375,26.618768621869116],[96.26318359375,26.614618231244116],[96.25839843750003,26.600360418744117],[96.25087890625002,26.588397528119117],[96.22568359375003,26.591424871869116],[96.24755859375,26.54010651249412],[96.254638671875,26.511835028119116],[96.24609375,26.482196356244117],[96.244140625,26.48737213749412],[96.24208984375002,26.490594793744116],[96.240478515625,26.494647528119117],[96.2392578125,26.502069403119116],[96.23193359375,26.502069403119116],[96.2314453125,26.42035553593162],[96.2236328125,26.381610418744117],[96.20458984375,26.35871002811912],[96.193603515625,26.35736725468162],[96.16796875,26.36078522343162],[96.15732421875003,26.35871002811912],[96.151123046875,26.351825262494117],[96.14423828125001,26.34003327030662],[96.1416015625,26.32892487186912],[96.14707031250003,26.32391998905662],[96.15673828125,26.32074616093162],[96.17470703125002,26.306659246869117],[96.186279296875,26.30048248905662],[96.17822265625,26.29376862186912],[96.15732421875003,26.282977606244117],[96.13007812500001,26.27997467655662],[96.09140625000003,26.290399481244116],[96.06171875000001,26.275506903119116],[96.0517578125,26.276385809369117],[96.0439453125,26.275262762494116],[96.040625,26.265643621869117],[96.0390625,26.255877996869117],[96.020263671875,26.21234772343162],[96.00869140625002,26.194598699994117],[95.99335937500001,26.17987702030662],[95.9541015625,26.164911199994116],[95.93857421875003,26.144549871869117],[95.917236328125,26.104852606244116],[95.909912109375,26.099481512494116],[95.90009765625001,26.094110418744116],[95.89052734375002,26.08722565311912],[95.883056640625,26.076922918744117],[95.88134765625,26.06464264530662],[95.884033203125,26.03717682499412],[95.879638671875,26.025995184369116],[95.86171875000002,26.01508209843162],[95.83994140625003,26.01373932499412],[95.821875,26.02374909061912],[95.807861328125,26.068719793744116],[95.793212890625,26.058710028119116],[95.77490234375,26.036639715619117],[95.75888671875003,26.02228424686912]]]}},{"type":"Feature","properties":{"fillColor":"#00ffff"},"geometry":{"type":"MultiLineString","coordinates":[[[95.75888671875003,26.02228424686912],[95.74560546875,26.022821356244116],[95.73203125000003,26.027948309369116],[95.71923828125,26.031122137494116],[95.70761718750003,26.025995184369116],[95.70400390625002,26.01605866093162],[95.70947265625,25.99506256718162],[95.70419921875003,25.981317449994123],[95.686279296875,26.012225653119117],[95.67519531250002,26.02045319218162],[95.656494140625,26.01544830936912],[95.64208984375,26.000360418744116],[95.63925781250003,25.98322174686912],[95.639892578125,25.96674225468162],[95.63593750000001,25.95404694218162],[95.62324218750001,25.947626043744123],[95.60986328125,25.94830963749412],[95.59765625,25.94672272343162],[95.5888671875,25.93353912968162],[95.58876953125002,25.92401764530662],[95.593994140625,25.90277741093162],[95.595703125,25.899432684369117],[95.59072265625002,25.89362213749412],[95.57460937500002,25.88519928593162],[95.56777343750002,25.878924871869117],[95.5810546875,25.86896393436912],[95.577880859375,25.85260651249412],[95.563720703125,25.837274481244123],[95.53798828125002,25.828631903119117],[95.52988281250003,25.823504949994117],[95.52285156250002,25.81598541874412],[95.52001953125,25.806903387494117],[95.51904296875,25.792010809369117],[95.51611328125,25.78522369999412],[95.445068359375,25.746454168744123],[95.43740234375002,25.73151276249412],[95.43271484375003,25.71063873905662],[95.42324218750002,25.69623444218162],[95.41572265625001,25.68146393436912],[95.4169921875,25.659198309369117],[95.42275390625002,25.64862702030662],[95.44013671875001,25.629413153119117],[95.44482421875,25.61823151249412],[95.44384765625,25.60773346561912],[95.43369140625003,25.59711334843162],[95.42490234375003,25.56366608280662],[95.423828125,25.55304596561912],[95.42080078125002,25.54401276249412],[95.41357421875,25.54096100468162],[95.40478515625,25.53974030155662],[95.396484375,25.53632233280662],[95.38251953125001,25.525506903119123],[95.383056640625,25.521356512494123],[95.3828125,25.46430084843162],[95.37705078125003,25.42499420780662],[95.370361328125,25.40204498905662],[95.36152343750001,25.38544342655662],[95.345703125,25.377069403119123],[95.29736328125,25.36261627811912],[95.28720703125003,25.354754949994117],[95.28701171875002,25.334588934369123],[95.28378906250003,25.322284246869117],[95.2734375,25.31342194218162],[95.223388671875,25.287713934369123],[95.21767578125002,25.28302643436912],[95.200439453125,25.25360748905662],[95.20068359375,25.248309637494117],[95.15283203125,25.258661199994123],[95.1357421875,25.255145574994117],[95.12109375,25.24396393436912],[95.1123046875,25.23261139530662],[95.10048828125002,25.223895574994117],[95.077392578125,25.220331121869123],[95.07373046875,25.21576569218162],[95.068359375,25.19245026249412],[95.06591796875,25.16913483280662],[95.062255859375,25.16010162968162],[95.05078125,25.14044830936912],[95.043212890625,25.13544342655662],[95.0400390625,25.131610418744117],[95.039794921875,25.125506903119117],[95.04257812500003,25.11896393436912],[95.04755859375001,25.11115143436912],[95.04296875,25.101922918744123],[95.03701171875002,25.09308502811912],[95.03017578125002,25.08637116093162],[94.9990234375,25.07733795780662],[94.987060546875,25.06085846561912],[94.976318359375,24.988055731244117],[94.971923828125,24.98139069218162],[94.948974609375,24.98554108280662],[94.93398437500002,24.96515534061912],[94.921630859375,24.93903229374412],[94.90673828125,24.926141668744123],[94.89697265625,24.922870184369117],[94.882080078125,24.908319403119123],[94.86123046875002,24.90082428593162],[94.86337890625003,24.891620184369117],[94.87109375,24.88226959843162],[94.87568359375001,24.87775299686912],[94.91591796875002,24.85956452030662],[94.93593750000002,24.844354559369123],[94.93408203125,24.82684967655662],[94.92431640625,24.817987371869123],[94.91552734375,24.81293366093162],[94.90595703125001,24.81061432499412],[94.89306640625,24.810077215619117],[94.87880859375002,24.80634186405662],[94.877197265625,24.797235418744123],[94.87900390625003,24.78595612186912],[94.87568359375001,24.77533600468162],[94.84560546875002,24.759393621869123],[94.76572265625003,24.742547918744123],[94.73847656250001,24.726922918744123],[94.717041015625,24.69293854374412],[94.69765625000002,24.649530340619123],[94.68505859375,24.605487371869117],[94.683837890625,24.56989166874412],[94.69130859375002,24.55304596561912],[94.70302734375002,24.54364655155662],[94.71718750000002,24.535516668744123],[94.73232421875002,24.522723699994117],[94.718017578125,24.512958074994117],[94.723388671875,24.495477606244123],[94.73232421875002,24.47516510624412],[94.72861328125003,24.456903387494123],[94.708740234375,24.43219635624412],[94.71503906250001,24.42462799686912],[94.736083984375,24.423700262494123],[94.76025390625,24.419061590619123],[94.76708984375,24.413104559369117],[94.792724609375,24.362420965619123],[94.80029296875,24.351825262494117],[94.81103515625,24.34052155155662],[94.82265625000002,24.32526276249412],[94.8271484375,24.30756256718162],[94.82275390625,24.28998444218162],[94.807373046875,24.275018621869123],[94.78554687500002,24.269794012494117],[94.73398437500003,24.27179596561912],[94.71435546875,24.26508209843162],[94.69931640625003,24.254266668744123],[94.69287109375,24.246942449994123],[94.69003906250003,24.237811590619117],[94.697509765625,24.193133856244117],[94.68603515625,24.176288153119117],[94.664794921875,24.15924713749412],[94.64453125,24.15143463749412],[94.635498046875,24.162127996869117],[94.6259765625,24.18036530155662],[94.60664062500001,24.183612371869117],[94.59140625000003,24.17169830936912],[94.594482421875,24.14472077030662],[94.59951171875002,24.139178778119117],[94.60595703125,24.13519928593162],[94.61171875000002,24.12921784061912],[94.614990234375,24.11737702030662],[94.61318359375002,24.110467840619123],[94.603515625,24.09760162968162],[94.601318359375,24.08637116093162],[94.60693359375,24.066424871869117],[94.604736328125,24.05890534061912],[94.591064453125,24.05597565311912],[94.58212890625003,24.051874090619123],[94.55869140625003,24.03327057499412],[94.55341796875001,24.02802155155662],[94.561279296875,24.00189850468162],[94.62412109375003,23.96100494999412],[94.62246093750002,23.93305084843162],[94.60996093750003,23.92145416874412],[94.59326171875,23.91266510624412],[94.572998046875,23.907098699994123],[94.54042968750002,23.903583074994117],[94.528564453125,23.89960358280662],[94.51708984375,23.89411041874412],[94.50888671875003,23.888055731244123],[94.50634765625,23.87702057499412],[94.51425781250003,23.86615631718162],[94.532470703125,23.85053131718162],[94.54189453125002,23.83832428593162],[94.542724609375,23.83246491093162],[94.53994140625002,23.82318756718162],[94.5322265625,23.814715887494117],[94.51025390625,23.802850653119123],[94.50576171875002,23.79865143436912],[94.49677734375001,23.788348699994117],[94.4443359375,23.746844793744117],[94.433837890625,23.735370184369117],[94.42626953125,23.72370026249412],[94.42138671875,23.711932684369117],[94.418701171875,23.69989655155662]]]}},{"type":"Feature","properties":{"fillColor":"#00ffff"},"geometry":{"type":"MultiLineString","coordinates":[[[94.418701171875,23.69989655155662],[94.41855468750003,23.67365143436912],[94.428125,23.617303778119123],[94.43056640625002,23.562372137494123],[94.42841796875001,23.54328034061912],[94.42138671875,23.526874090619117],[94.406494140625,23.511004949994117],[94.39003906250002,23.499383856244123],[94.384375,23.49298737186912],[94.38232421875,23.48371002811912],[94.378173828125,23.47675202030662],[94.35703125000003,23.47162506718162],[94.34804687500002,23.466913153119123],[94.33798828125003,23.451922918744117],[94.32832031250001,23.43085358280662],[94.321875,23.40888092655662],[94.32080078125,23.39118073124412],[94.32373046875,23.38507721561912],[94.34130859375,23.357049871869123],[94.34238281250003,23.34564850468162],[94.34003906250001,23.33710358280662],[94.344482421875,23.331659246869123],[94.365478515625,23.329706121869123],[94.36972656250003,23.31378815311912],[94.30712890625,23.212420965619117],[94.33544921875,23.19391510624412],[94.34736328125001,23.11481354374412],[94.365478515625,23.09699127811912],[94.38417968750002,23.09186432499412],[94.40566406250002,23.07929108280662],[94.42490234375003,23.063495184369117],[94.43671875000001,23.048602606244117],[94.44082031250002,23.029071356244117],[94.43369140625003,23.01203034061912],[94.418212890625,22.99774811405662],[94.396484375,22.98651764530662],[94.392578125,22.99079010624412],[94.38496093750001,22.99701569218162],[94.37607421875003,23.00141022343162],[94.36855468750002,23.000116278119123],[94.36259765624999,22.98895905155662],[94.365625,22.978534246869117],[94.384765625,22.948016668744117],[94.40673828125,22.94318268436912],[94.451171875,22.94550202030662],[94.47451171875002,22.94415924686912],[94.496337890625,22.937274481244117],[94.512451171875,22.92340729374412],[94.51884765624999,22.90119049686912],[94.528076171875,22.88837311405662],[94.55009765624999,22.88458893436912],[94.5751953125,22.88641998905662],[94.594482421875,22.890252996869123],[94.59951171875002,22.893085028119117],[94.60927734375002,22.90155670780662],[94.614990234375,22.904559637494117],[94.619873046875,22.905047918744117],[94.630615234375,22.90387604374412],[94.65488281250003,22.90766022343162],[94.66064453125,22.91120026249412],[94.662841796875,22.921649481244117],[94.66259765625,22.948114324994123],[94.66572265625001,22.96954987186912],[94.677978515625,22.98322174686912],[94.70498046875002,22.98651764530662],[94.72802734375,22.98004791874412],[94.740234375,22.96625397343162],[94.74462890625,22.946307684369117],[94.745361328125,22.921649481244117],[94.74355468750002,22.916034246869117],[94.739990234375,22.91168854374412],[94.73828125,22.907245184369117],[94.741943359375,22.90119049686912],[94.758056640625,22.885760809369117],[94.76025390625,22.88068268436912],[94.759375,22.867694403119117],[94.756591796875,22.85822174686912],[94.751953125,22.85065338749412],[94.745361328125,22.843133856244123],[94.70322265625003,22.810809637494117],[94.69003906250003,22.794696356244117],[94.72861328125003,22.726434637494123],[94.74716796875003,22.723749090619123],[94.76416015625,22.71539948124412],[94.77626953125002,22.70062897343162],[94.780029296875,22.67865631718162],[94.76552734375002,22.643182684369123],[94.76064453125002,22.62055084843162],[94.77871093750002,22.600360418744117],[94.807373046875,22.54144928593162],[94.81308593750003,22.49518463749412],[94.81943359375003,22.470331121869123],[94.83134765624999,22.45954010624412],[94.84619140625,22.455682684369123],[94.903564453125,22.42475006718162]]]}},{"type":"Feature","properties":{"fillColor":"#00ffff"},"geometry":{"type":"MultiLineString","coordinates":[[[94.903564453125,22.42475006718162],[94.91015625,22.41791412968162],[94.9140625,22.40997955936912],[94.919677734375,22.40253327030662],[94.93017578125,22.396844793744123],[94.9755859375,22.396844793744123],[94.982177734375,22.39362213749412],[94.98759765624999,22.38580963749412],[94.99091796875001,22.37592194218162],[94.99462890625,22.352069403119117],[95.00058593750003,22.34393952030662],[95.01962890625003,22.32916901249412],[95.03037109375003,22.31073639530662],[95.04052734375,22.26837799686912],[95.05078125,22.25006744999412],[95.06494140625,22.231463934369117],[95.071533203125,22.216083074994117],[95.08115234375003,22.178338934369123],[95.11923828125003,22.11078522343162],[95.13515625000002,22.073358465619123],[95.1357421875,22.02753327030662],[95.13037109375,21.99005768436912],[95.12890625,21.94843170780662],[95.130615234375,21.92597077030662],[95.146875,21.839618231244117],[95.15214843749999,21.82330963749412],[95.16044921874999,21.810419012494123],[95.18896484375,21.780389715619123],[95.20673828125001,21.745868231244117],[95.21767578125002,21.73334381718162],[95.234375,21.72125885624412],[95.24257812500002,21.711932684369117],[95.245361328125,21.69867584843162],[95.24560546875,21.674676824994123],[95.24990234375002,21.654413153119123],[95.2685546875,21.62213776249412],[95.27294921875,21.599237371869123],[95.270751953125,21.57904694218162],[95.26132812500003,21.546991278119123],[95.25927734375,21.52667877811912],[95.27294921875,21.444696356244123]]]}},{"type":"Feature","properties":{"fillColor":"#00ffff"},"geometry":{"type":"MultiLineString","coordinates":[[[108.06650390625003,11.88544342655662],[108.07666015625,11.898700262494117],[108.08701171875003,11.90973541874412],[108.09248046875001,11.922381903119117],[108.08759765625001,11.94013092655662],[108.08115234375003,11.944940496869108],[108.072021484375,11.94818756718162],[108.06396484375,11.95343659061912],[108.060302734375,11.96430084843162],[108.056396484375,11.97174713749412],[108.03232421875003,11.99530670780662],[108.02294921875,12.00775787968162],[108.01992187500002,12.01508209843162],[108.017578125,12.04035065311912],[108.013916015625,12.046014715619108],[108.00742187500003,12.049335028119117],[107.99824218750001,12.056756903119108]]]}},{"type":"Feature","properties":{"fillColor":"#00ffff"},"geometry":{"type":"MultiLineString","coordinates":[[[107.99824218750001,12.056756903119108],[107.989013671875,12.064081121869108],[107.98525390625002,12.06464264530662],[107.984375,12.06732819218162],[107.984619140625,12.08100006718162],[107.98652343750001,12.091327215619117],[107.995361328125,12.114032293744117],[107.99824218750001,12.12567780155662],[108.00507812500001,12.12567780155662],[108.013916015625,12.12103912968162],[108.02412109375001,12.12799713749412],[108.03720703125003,12.138934637494117],[108.05341796875001,12.14618561405662],[108.094482421875,12.140252996869108],[108.11376953125,12.14337799686912],[108.12177734375001,12.16290924686912],[108.12363281250003,12.171258856244108],[108.127197265625,12.18036530155662],[108.1298828125,12.190204168744117],[108.128662109375,12.200799871869108],[108.12441406250002,12.20477936405662],[108.101318359375,12.22125885624412],[108.08349609375,12.251971746869117],[108.08076171875001,12.25946686405662],[108.07656250000002,12.26422760624412],[108.057861328125,12.27399323124412],[108.04638671875,12.290790106244117],[108.029541015625,12.29828522343162],[108.01015625000002,12.302508856244117],[107.994873046875,12.303827215619108],[107.978759765625,12.30707428593162],[107.967041015625,12.31525299686912],[107.941162109375,12.35382721561912],[107.934814453125,12.370135809369117],[107.93115234375,12.38837311405662],[107.92988281250001,12.40997955936912],[107.935302734375,12.42499420780662],[107.9482421875,12.436297918744117],[107.96396484375003,12.44037506718162],[107.977783203125,12.43353912968162],[107.988037109375,12.44586823124412],[108.00048828125,12.46698639530662],[108.005859375,12.486835028119117],[107.994873046875,12.495624090619117],[107.9892578125,12.49872467655662],[107.976318359375,12.51239655155662],[107.92246093750003,12.52973053593162],[107.91015625,12.537860418744117],[107.907958984375,12.54413483280662],[107.908935546875,12.55707428593162],[107.91162109375,12.566180731244117],[107.91650390625,12.572528387494117],[107.923828125,12.576288153119108],[107.93310546875,12.57758209843162],[107.946533203125,12.58490631718162],[107.947509765625,12.602313543744117],[107.93613281250003,12.63898346561912],[107.93339843749999,12.64435455936912],[107.9296875,12.64935944218162],[107.92578125,12.65595123905662],[107.92246093750003,12.66632721561912],[107.92099609375003,12.697772528119117],[107.91943359375,12.704461981244108],[107.91269531250003,12.71405670780662],[107.912353515625,12.72016022343162],[107.91464843750003,12.72528717655662],[107.916259765625,12.73212311405662],[107.91357421875,12.744159246869117],[107.906494140625,12.74982330936912],[107.87841796875,12.760516668744117],[107.872314453125,12.76105377811912],[107.86757812500002,12.764178778119117],[107.86181640625,12.77619049686912],[107.86347656250001,12.78510162968162],[107.86865234375,12.796649481244117],[107.86923828125003,12.806659246869117],[107.8583984375,12.810907293744108],[107.832763671875,12.81537506718162],[107.82900390625002,12.82733795780662],[107.830322265625,12.84454987186912],[107.82080078125,12.86493561405662],[107.81259765625003,12.86969635624412],[107.80517578125,12.86969635624412],[107.800537109375,12.867303778119108],[107.80029296875,12.86493561405662],[107.784423828125,12.87164948124412],[107.77744140625003,12.87641022343162],[107.782958984375,12.87860748905662],[107.78945312500002,12.886590887494108],[107.79296875,12.902362371869117],[107.79052734375,12.91315338749412],[107.77919921875002,12.906512762494117],[107.77294921875,12.906512762494117],[107.73505859375001,12.92487213749412]]]}},{"type":"Feature","properties":{"fillColor":"#00ffff"},"geometry":{"type":"MultiLineString","coordinates":[[[107.73505859375001,12.92487213749412],[107.71464843749999,12.933856512494117],[107.693115234375,12.937274481244117],[107.6826171875,12.946405340619108],[107.67509765624999,12.95954010624412],[107.6630859375,12.97479889530662],[107.646484375,12.98517487186912],[107.6337890625,12.984002996869108],[107.62119140625003,12.978290106244117],[107.60498046875,12.97479889530662],[107.563232421875,12.97479889530662],[107.55332031250003,12.97833893436912],[107.54736328125,12.98663971561912],[107.54306640625003,12.99591705936912],[107.5390625,13.00275299686912],[107.47412109375,13.043719793744117],[107.47060546875002,13.046649481244117],[107.44843750000001,13.058954168744108],[107.443359375,13.06073639530662],[107.44130859375002,13.06378815311912],[107.4306640625,13.06525299686912],[107.42597656250001,13.06757233280662],[107.42255859375001,13.07489655155662],[107.42470703125002,13.08124420780662],[107.428125,13.08685944218162],[107.42910156250002,13.09210846561912],[107.416259765625,13.130389715619117],[107.40576171875,13.14679596561912],[107.39179687500001,13.153583074994117],[107.37734375000002,13.237079168744117]]]}},{"type":"Feature","properties":{"fillColor":"#00ffff"},"geometry":{"type":"MultiLineString","coordinates":[[[104.264892578125,14.26007721561912],[104.228515625,14.28034088749412],[104.192138671875,14.28583405155662],[104.1552734375,14.279901434369123],[103.91875,14.177362371869123]]]}},{"type":"Feature","properties":{"fillColor":"#00ffff"},"geometry":{"type":"MultiLineString","coordinates":[[[103.91875,14.177362371869123],[103.85019531250003,14.14838287968162],[103.812744140625,14.124530340619117],[103.6865234375,13.99518463749412],[103.67236328125,13.985956121869123],[103.61591796875001,13.96662018436912],[103.59765625,13.95770905155662],[103.55458984375002,13.92291901249412],[103.53857421875,13.91425202030662],[103.51865234375003,13.909051824994123],[103.4794921875,13.904803778119117],[103.46054687500003,13.900165106244117],[103.43300781250002,13.887079168744123],[103.42031250000002,13.871942449994123],[103.41748046875,13.85028717655662],[103.419677734375,13.80658600468162],[103.41689453125002,13.773700262494117],[103.431396484375,13.71552155155662],[103.4296875,13.69708893436912],[103.41845703125,13.67572662968162],[103.40869140625,13.66315338749412],[103.40322265625002,13.64826080936912],[103.4052734375,13.42816803593162],[103.421875,13.38239166874412],[103.461181640625,13.356952215619117],[103.4716796875,13.357440496869117],[103.49765625000003,13.36286041874412],[103.506103515625,13.36249420780662],[103.51416015625,13.353534246869117],[103.52714843749999,13.311297918744117],[103.556884765625,13.27802155155662],[103.59794921874999,13.256952215619123],[103.68740234375002,13.22467682499412]]]}},{"type":"Feature","properties":{"fillColor":"#00ffff"},"geometry":{"type":"MultiLineString","coordinates":[[[101.75927734375,22.43414948124412],[101.7529296875,22.42194244999412],[101.75068359375001,22.405780340619117],[101.7529296875,22.374872137494123],[101.75888671875003,22.35809967655662],[101.7890625,22.311297918744117],[101.809814453125,22.258905340619123],[101.81904296875001,22.210077215619123],[101.81494140625,22.162713934369123],[101.79599609375003,22.11469147343162]]]}},{"type":"Feature","properties":{"fillColor":"#00ffff"},"geometry":{"type":"MultiLineString","coordinates":[[[101.79599609375003,22.11469147343162],[101.77880859375,22.070819403119117],[101.77548828125003,22.04498932499412],[101.78515625,22.030047918744117],[101.79443359375,22.03046295780662],[101.80078125,22.036493231244123],[101.80605468750002,22.044061590619123],[101.812255859375,22.04926178593162],[101.82343750000001,22.052850653119123],[101.83359375000003,22.05475494999412],[101.84414062500002,22.05499909061912],[101.86826171875003,22.05206940311912],[101.87636718750002,22.05194733280662],[101.90966796875,22.06183502811912],[101.949462890625,22.062127996869123],[101.96083984375002,22.064325262494123],[101.990625,22.07868073124412],[102.0146484375,22.083758856244117],[102.0654296875,22.08441803593162],[102.090576171875,22.089374090619117],[102.139892578125,22.106561590619123],[102.16015625,22.117694403119117],[102.17080078125002,22.12201569218162],[102.1826171875,22.124139715619123],[102.225830078125,22.11249420780662],[102.25390625,22.08002350468162],[102.3115234375,21.94476959843162],[102.31533203125002,21.91742584843162],[102.30527343750003,21.891131903119117],[102.28652343750002,21.87177155155662],[102.20839843750002,21.82062409061912],[102.198974609375,21.81281159061912],[102.19130859375002,21.803729559369117],[102.18671875000001,21.792840887494123],[102.18691406250002,21.77704498905662],[102.20371093750003,21.72882721561912],[102.208740234375,21.705829168744117],[102.21259765625001,21.69513580936912],[102.21923828125,21.685174871869123],[102.22841796875002,21.678827215619123],[102.249267578125,21.670672918744117],[102.25722656250002,21.662713934369123],[102.2578125,21.655292059369117],[102.25478515625002,21.64691803593162],[102.25234375000002,21.637469793744117],[102.25507812500001,21.627069403119123],[102.26210937500002,21.62152741093162],[102.292236328125,21.609881903119117],[102.31298828125,21.59271881718162],[102.32607421875002,21.57367584843162],[102.33251953125,21.55158112186912],[102.333251953125,21.504901434369117],[102.34218750000002,21.451678778119117],[102.34345703125001,21.425555731244117],[102.33994140625003,21.378534246869123],[102.3466796875,21.35211823124412],[102.353271484375,21.337762762494123],[102.35898437500003,21.32807037968162],[102.380859375,21.304315496869123],[102.38681640625003,21.29328034061912],[102.39052734375002,21.28876373905662],[102.401123046875,21.28204987186912],[102.41220703125003,21.279413153119123],[102.43701171875,21.277606512494117],[102.458740234375,21.26557037968162],[102.46865234375002,21.242938543744117],[102.47666015625003,21.135614324994123],[102.484619140625,21.106805731244123],[102.497802734375,21.085321356244123],[102.515869140625,21.076190496869117],[102.539794921875,21.073260809369117],[102.66152343750002,21.07453034061912],[102.68613281250003,21.06549713749412],[102.712158203125,21.046405340619117],[102.734375,21.022723699994117],[102.747802734375,20.999872137494123],[102.76923828125001,20.910907293744117],[102.768310546875,20.891131903119117],[102.756103515625,20.87824127811912],[102.72207031250002,20.85834381718162],[102.71630859375,20.85187409061912],[102.70673828125001,20.83673737186912],[102.70058593750002,20.830585028119117],[102.691162109375,20.82660553593162],[102.66806640625003,20.82074616093162],[102.66083984375001,20.816913153119117],[102.65283203125,20.792108465619123],[102.65771484375,20.76276276249412],[102.66650390625,20.73273346561912],[102.67011718750001,20.70612213749412],[102.66591796875002,20.687127996869123],[102.65214843749999,20.652362371869117],[102.64560546875003,20.608514715619123],[102.643310546875,20.60162994999412]]]}},{"type":"Feature","properties":{"fillColor":"#00ffff"},"geometry":{"type":"MultiLineString","coordinates":[[[102.643310546875,20.60162994999412],[102.63808593750002,20.59271881718162],[102.63076171875002,20.58515045780662],[102.62109375,20.57892487186912],[102.60849609375003,20.573993231244117],[102.600830078125,20.574579168744123],[102.59492187500001,20.57868073124412],[102.5888671875,20.581561590619117],[102.58056640625,20.57855866093162],[102.57666015625,20.571893621869123],[102.56982421875,20.54120514530662],[102.570556640625,20.50311920780662],[102.568115234375,20.48676178593162],[102.55722656250003,20.470233465619117],[102.466064453125,20.408954168744117],[102.441162109375,20.38153717655662],[102.43505859375,20.365594793744123],[102.432373046875,20.31525299686912],[102.42128906250002,20.29279205936912],[102.37832031250002,20.268573309369117],[102.35996093750003,20.25055573124412],[102.31904296875001,20.14630768436912],[102.302978515625,20.119159246869117],[102.279296875,20.088739324994123],[102.251708984375,20.062762762494117],[102.22421875000003,20.04865143436912]]]}},{"type":"Feature","properties":{"fillColor":"#00ffff"},"geometry":{"type":"MultiLineString","coordinates":[[[140.96885522593487,-6.341231915398625],[140.963623046875,-6.347979425005889],[140.96333509253898,-6.349109302971991]],[[140.96198033875936,-6.354425098754828],[140.95849609375,-6.36809661250588],[140.95361328125,-6.37004973750588],[140.95247139677474,-6.373338364794627]],[[140.96063584324148,-6.384528174582088],[140.96464843750005,-6.38787200313088],[140.966796875,-6.39373137813088],[140.96545066970117,-6.397442072223845]],[[140.9511384774961,-6.417227592373892],[140.95,-6.41887786250588],[140.952392578125,-6.431670831255886],[140.94130859375002,-6.43084075313088],[140.9387581459854,-6.43095882941628]],[[140.91831807393302,-6.435168308117776],[140.912109375,-6.43840911250588],[140.9228515625,-6.439776300005889],[140.9296875,-6.444854425005886],[140.932861328125,-6.453643487505886],[140.9328491227151,-6.454248875837025]],[[140.945460799627,-6.465431772202709],[140.9482421875,-6.465362237505886],[140.94832338244697,-6.465634064067456]],[[140.95260898328442,-6.481178728642634],[140.95091865717464,-6.491658750523371]],[[140.92122244174305,-6.515771066234733],[140.920654296875,-6.51628997188088],[140.91855468750003,-6.52776458125588],[140.91757812500003,-6.553057550005889],[140.9154554577104,-6.557153925477066]],[[140.89557214486467,-6.571493746838115],[140.896240234375,-6.57293059688088],[140.903076171875,-6.58196380000588],[140.90468750000002,-6.58928801875588],[140.89023437500003,-6.599639581255886],[140.88681785668425,-6.600373127835449]],[[140.87095966303477,-6.604133440651917],[140.85888671875,-6.60833098750588],[140.85858849519894,-6.608844594732697]],[[140.85345803947268,-6.617680379594614],[140.85009765625,-6.62346770625588],[140.86474609375,-6.63054778438088],[140.86495802812993,-6.635916788672356]],[[140.8654198138182,-6.649328893135739],[140.86283061486793,-6.659315803372436]],[[140.86156597113072,-6.66419371493021],[140.85693359375,-6.68206145625588],[140.8567473895334,-6.682467720001157]],[[140.85173438247654,-6.693405189943449],[140.8515625,-6.69378020625588],[140.84902343750002,-6.702666925005886],[140.85009765625,-6.71282317500588],[140.85050003497474,-6.713405565265355]],[[140.862874679248,-6.728297818876166],[140.87851562500003,-6.74212005000588],[140.88427734375,-6.75383880000588],[140.88251953125,-6.760577081255889],[140.872802734375,-6.773467706255886],[140.87060546875,-6.77825286250588],[140.87384804662332,-6.788675434241567]],[[140.89627326366542,-6.808400619862867],[140.9013671875,-6.81218840938088],[140.90634765625003,-6.82805755000588],[140.90720897882463,-6.839333045528142]],[[140.94124111366776,-6.871776108043039],[140.94277132854705,-6.885037970330438]],[[140.95908561603596,-6.896397752689036],[140.9619140625,-6.89788176875588],[140.97737708449222,-6.896420695811739]],[[140.9990337907601,-6.892858357109011],[141.0078125,-6.890948175005889]]]}},{"type":"Feature","properties":{"fillColor":"#00ffff"},"geometry":{"type":"MultiLineString","coordinates":[[[141.01474810930858,-6.891246933374927],[141.01944440000017,-6.898357205263142]]]}},{"type":"Feature","properties":{"fillColor":"#00ffff"},"geometry":{"type":"MultiLineString","coordinates":[[[107.36767578125,16.107440496869117],[107.31982421875,16.181903387494117],[107.293212890625,16.20917389530662],[107.25927734375,16.22760651249412],[107.24853515625,16.23029205936912],[107.2,16.22296784061912],[107.154052734375,16.20392487186912],[107.114990234375,16.17755768436912],[107.087158203125,16.14838287968162],[107.09628906250003,16.129169012494117],[107.08554687500003,16.12824127811912],[107.052978515625,16.14093659061912]]]}},{"type":"Feature","properties":{"fillColor":"#00ffff"},"geometry":{"type":"MultiLineString","coordinates":[[[107.052978515625,16.14093659061912],[107.05839843749999,16.107684637494117],[107.05224609375,16.075458074994117],[107.0361328125,16.046991278119123],[107.01132812500003,16.02484772343162],[106.9658203125,15.99957916874412],[106.9462890625,15.982782293744123],[106.929443359375,15.955926824994123],[106.91201171875002,15.901971746869123],[106.89882812500002,15.878192449994117],[106.874267578125,15.860370184369117],[106.841064453125,15.852899481244123],[106.7802734375,15.848504949994123],[106.7587890625,15.83307526249412],[106.76406250000002,15.82306549686912],[106.76845703125002,15.809100653119117],[106.771240234375,15.794208074994117],[106.7724609375,15.781268621869117],[106.76904296875,15.766961981244123],[106.757080078125,15.741083074994123],[106.7587890625,15.729364324994123],[106.76894531250002,15.725604559369117],[106.80429687500003,15.72235748905662],[106.81210937500003,15.71979401249412],[106.80898437500002,15.69110748905662],[106.814453125,15.682001043744123],[106.833251953125,15.68842194218162],[106.82949218750002,15.67182037968162],[106.799560546875,15.652606512494117],[106.792236328125,15.63751862186912],[106.78544921874999,15.54816315311912],[106.78916015625003,15.54181549686912],[106.797119140625,15.53900787968162],[106.80429687500003,15.53485748905662],[106.805908203125,15.52460358280662],[106.80078125,15.51984284061912],[106.7724609375,15.51093170780662],[106.751708984375,15.500262762494117],[106.74160156250002,15.48725006718162],[106.73085937500002,15.448846746869123],[106.735595703125,15.45087311405662],[106.74716796875003,15.45368073124412],[106.751953125,15.455682684369123],[106.75429687500002,15.43891022343162],[106.77382812500002,15.41718170780662],[106.778564453125,15.40448639530662],[106.779296875,15.375262762494117],[106.77197265625,15.369159246869117],[106.751953125,15.360126043744117],[106.725,15.34235260624412],[106.71152343750003,15.33063385624412],[106.71767578125002,15.317987371869123],[106.721923828125,15.301776434369117],[106.72929687499999,15.285516668744123],[106.741455078125,15.27814362186912],[106.76503906250002,15.26984284061912],[106.78037109375003,15.249286199994117],[106.803955078125,15.186297918744117],[106.806396484375,15.181903387494117],[106.80898437500002,15.178241278119117],[106.8173828125,15.161249090619123],[106.82587890625001,15.12103912968162],[106.833251953125,15.105585028119123],[106.84775390625003,15.09528229374412],[106.87685546875002,15.086200262494117],[106.887939453125,15.07208893436912],[106.86962890625,15.052118231244123],[106.87890625,14.99799225468162],[106.867431640625,14.96906159061912],[106.87246093750002,14.965106512494117],[106.881591796875,14.948602606244123],[106.86083984375,14.942743231244123],[106.844482421875,14.928338934369123],[106.83486328125002,14.90875885624412],[106.833251953125,14.88715241093162],[106.83759765625001,14.87885162968162],[106.84423828125,14.87250397343162],[106.846923828125,14.866473699994117],[106.84003906250001,14.85919830936912],[106.828857421875,14.85614655155662],[106.80410156250002,14.856708074994117],[106.792236328125,14.85236237186912],[106.81796875000003,14.84076569218162],[106.830078125,14.83087799686912],[106.833251953125,14.818231512494123],[106.826416015625,14.814569403119123],[106.796875,14.820819403119117],[106.781982421875,14.814813543744123],[106.755859375,14.79791901249412],[106.751953125,14.794305731244123],[106.74648437500002,14.76911041874412],[106.74453125000002,14.76361725468162],[106.73300781250003,14.75946686405662],[106.71982421875003,14.75946686405662],[106.708740234375,14.75568268436912],[106.7041015625,14.74005768436912],[106.69980468750003,14.73285553593162],[106.679443359375,14.70819733280662],[106.67246093750003,14.70282623905662],[106.662841796875,14.702167059369117],[106.65292968750003,14.699725653119117],[106.645263671875,14.694208074994123],[106.64208984375,14.68475983280662],[106.6376953125,14.68085358280662],[106.6162109375,14.681756903119123],[106.60791015625,14.68109772343162],[106.5947265625,14.67536041874412],[106.58681640625002,14.66742584843162],[106.584228515625,14.65888092655662],[106.58652343750003,14.649920965619117],[106.58652343750003,14.642938543744123],[106.56337890625002,14.635370184369123],[106.556884765625,14.624042059369117],[106.55244140625001,14.610467840619123],[106.5458984375,14.599139715619117],[106.52685546875,14.59772369999412],[106.51210937500002,14.59052155155662],[106.490625,14.57123444218162],[106.4833984375,14.56769440311912],[106.47666015625003,14.56708405155662],[106.471923828125,14.56427643436912],[106.47011718750002,14.554461981244117],[106.470703125,14.544794012494123],[106.47275390625003,14.53766510624412],[106.47714843750003,14.532831121869123],[106.484375,14.53021881718162],[106.484375,14.52399323124412],[106.46914062500002,14.524920965619117],[106.45634765624999,14.528094793744117],[106.445556640625,14.529315496869117],[106.43603515625,14.52399323124412],[106.43398437500002,14.519794012494117],[106.43222656250003,14.51264069218162],[106.43339843749999,14.50592682499412],[106.44482421875,14.49970123905662],[106.44052734375003,14.492792059369123],[106.43310546875,14.486835028119117],[106.42919921875,14.48615143436912],[106.41875,14.466669012494123],[106.3935546875,14.456317449994117],[106.3330078125,14.44830963749412]]]}},{"type":"Feature","properties":{"fillColor":"#00ffff"},"geometry":{"type":"MultiLineString","coordinates":[[[106.3330078125,14.44830963749412],[106.33535156250002,14.435565496869117],[106.33896484375003,14.427362371869123],[106.34130859375,14.41950104374412],[106.34033203125,14.407342840619123],[106.336181640625,14.39862702030662],[106.33017578125003,14.39130280155662],[106.32568359375,14.381708074994123],[106.326171875,14.36640045780662],[106.3310546875,14.35748932499412],[106.33896484375003,14.34943268436912],[106.34560546875002,14.339471746869123],[106.3466796875,14.32477448124412],[106.34072265625002,14.312518621869117],[106.33134765624999,14.311639715619123],[106.321044921875,14.31928131718162],[106.3125,14.33222077030662],[106.298828125,14.31793854374412],[106.3154296875,14.29694244999412],[106.32373046875,14.28925202030662],[106.3330078125,14.283807684369123],[106.34736328125001,14.280047918744117],[106.35761718750001,14.279413153119123],[106.36582031250003,14.27582428593162],[106.37451171875,14.26337311405662],[106.348388671875,14.245965887494123],[106.369140625,14.22284577030662],[106.42919921875,14.181415106244117],[106.4296875,14.158954168744117],[106.41513671875003,14.145526434369117],[106.3974609375,14.13373444218162],[106.388916015625,14.11627838749412],[106.386962890625,14.093133856244123],[106.38134765625,14.07489655155662],[106.372314453125,14.059198309369123],[106.34970703125003,14.031756903119117],[106.31591796875,13.99957916874412],[106.30722656250003,13.983758856244123],[106.30800781250002,13.96600983280662],[106.31171875000001,13.94879791874412],[106.3125,13.93439362186912],[106.30234375000003,13.91583893436912],[106.298828125,13.90643952030662],[106.29755859375001,13.885126043744123],[106.29550781250003,13.876483465619117],[106.28857421875,13.872919012494123],[106.26953125,13.845819403119123]]]}},{"type":"Feature","properties":{"fillColor":"#00ffff"},"geometry":{"type":"MultiLineString","coordinates":[[[106.26953125,13.845819403119123],[106.25039062500002,13.81830475468162],[106.252197265625,13.80475494999412],[106.25722656250002,13.79730866093162],[106.26093750000001,13.79010651249412],[106.2578125,13.777362371869117],[106.23046875,13.74262116093162],[106.2158203125,13.739129949994123],[106.20253906250002,13.740106512494123],[106.189697265625,13.73895905155662],[106.17597656250001,13.72894928593162],[106.17138671875,13.71954987186912],[106.16640625000002,13.69354889530662],[106.162353515625,13.68048737186912],[106.15761718750002,13.67475006718162],[106.13496093750001,13.653827215619117],[106.07724609375003,13.58649323124412],[106.05771484375003,13.57440827030662],[106.03183593750003,13.57123444218162]]]}},{"type":"Feature","properties":{"fillColor":"#00ffff"},"geometry":{"type":"MultiLineString","coordinates":[[[113.79736328125,2.708612371869108],[113.77783203125,2.70062897343162],[113.762939453125,2.681415106244117],[113.74306640625002,2.63922760624412],[113.73261718750001,2.623651434369108],[113.681396484375,2.574481512494117],[113.66259765625,2.55158112186912],[113.658935546875,2.541620184369108],[113.65322265625002,2.539178778119108],[113.55322265625,2.47724030155662],[113.542236328125,2.480487371869117]]]}},{"type":"Feature","properties":{"fillColor":"#00ffff"},"geometry":{"type":"MultiLineString","coordinates":[[[113.542236328125,2.480487371869117],[113.53261718750002,2.48456452030662],[113.511474609375,2.47284577030662],[113.48085937500002,2.44916412968162],[113.217041015625,2.31696198124412],[113.189453125,2.31256744999412],[113.12177734375001,2.28436920780662],[113.09814453125,2.27033112186912],[113.0830078125,2.26422760624412],[113.0830078125,2.257342840619117],[113.14101562500002,2.248309637494117],[113.15185546875,2.24433014530662],[113.15732421875003,2.22650787968162],[113.153564453125,2.20697662968162],[113.1435546875,2.190545965619108],[113.13134765625,2.182245184369108],[113.11347656250001,2.192889715619117],[113.0908203125,2.197381903119108],[113.0712890625,2.193475653119108],[113.06308593750003,2.178827215619108],[113.06191406250002,2.17023346561912],[113.060546875,2.16596100468162],[113.06298828125,2.16107819218162],[113.07275390625,2.15094635624412],[113.076416015625,2.14240143436912],[113.07763671875,2.129901434369117],[113.076171875,2.10651276249412],[113.060791015625,2.061297918744117],[113.03095703125001,2.034051824994108],[112.9912109375,2.02069733280662],[112.52431640625002,2.01715729374412],[112.504638671875,2.020282293744117],[112.47177734375003,2.034442449994117],[112.452392578125,2.03827545780662]]]}},{"type":"Feature","properties":{"fillColor":"#00ffff"},"geometry":{"type":"MultiLineString","coordinates":[[[112.452392578125,2.03827545780662],[112.44082031250002,2.037713934369108],[112.411376953125,2.03143952030662],[112.37353515625,2.03143952030662],[112.364013671875,2.03461334843162],[112.34560546875002,2.048700262494108],[112.33310546875003,2.05194733280662],[112.32138671875003,2.05280182499412],[112.29531250000002,2.058124090619117],[112.26406250000002,2.056903387494117],[112.25439453125,2.058124090619117],[112.24746093750002,2.06220123905662],[112.2294921875,2.07672760624412],[112.2236328125,2.079852606244117],[112.18710937500003,2.075311590619108],[112.172119140625,2.07843659061912],[112.15869140625,2.092889715619108],[112.15673828125,2.10138580936912],[112.15771484375,2.10871002811912],[112.15566406250002,2.116717840619117],[112.14453125,2.12702057499412],[112.10009765625,2.14130280155662],[112.09238281250003,2.13898346561912],[112.08359375000003,2.13483307499412],[112.074462890625,2.133075262494117],[112.065673828125,2.13788483280662],[112.056884765625,2.144305731244117],[112.044921875,2.14923737186912],[112.02099609375,2.15436432499412],[112.0078125,2.152362371869117],[111.98496093750003,2.14142487186912],[111.97314453125,2.14130280155662],[111.9599609375,2.15058014530662],[111.921630859375,2.199335028119108],[111.89667968750001,2.21295807499412],[111.8623046875,2.226092840619117],[111.83798828125003,2.241961981244117],[111.8427734375,2.26422760624412],[111.83740234375,2.27313873905662],[111.83134765624999,2.280389715619108],[111.82382812500003,2.286395574994117],[111.81494140625,2.291522528119117],[111.810302734375,2.27496979374412],[111.8095703125,2.25653717655662],[111.806640625,2.24030182499412],[111.79501953125003,2.23065827030662],[111.79677734375002,2.250751043744117],[111.78994140625002,2.25324127811912],[111.77509765625001,2.24433014530662],[111.76093750000001,2.250751043744117],[111.753662109375,2.257586981244117],[111.74658203125,2.266229559369108],[111.73349609375003,2.277850653119117],[111.72011718750002,2.282489324994117],[111.68212890625,2.287616278119117],[111.67148437500003,2.291522528119117],[111.668212890625,2.302362371869108],[111.6669921875,2.33551666874412],[111.665283203125,2.34613678593162],[111.642578125,2.367694403119117],[111.622314453125,2.35590241093162],[111.601318359375,2.334247137494117],[111.57587890625001,2.32623932499412],[111.560791015625,2.334247137494117],[111.55654296875002,2.34528229374412],[111.55341796875001,2.35712311405662],[111.54179687499999,2.367206121869117],[111.54072265625001,2.362811590619117],[111.525634765625,2.358417059369117],[111.49335937500001,2.35358307499412]]]}},{"type":"Feature","properties":{"fillColor":"#00ffff"},"geometry":{"type":"MultiLineString","coordinates":[[[111.67832031250003,2.291522528119117],[111.66904296875003,2.27326080936912],[111.642822265625,2.237323309369117],[111.63730468750003,2.21979401249412],[111.63759765625002,2.19403717655662],[111.63564453125002,2.18341705936912],[111.63046875000003,2.175409246869108],[111.62050781250002,2.170282293744108],[111.60898437500003,2.17059967655662],[111.599609375,2.17767975468162],[111.59580078125003,2.19281647343162],[111.59130859375,2.200555731244108],[111.58056640625,2.20453522343162],[111.568115234375,2.204217840619108],[111.55859375,2.199335028119108],[111.55488281250001,2.193475653119108],[111.54990234375003,2.17926666874412],[111.54794921875003,2.175409246869108],[111.5439453125,2.173602606244117],[111.53183593750003,2.170282293744108],[111.52744140625003,2.167987371869117],[111.509765625,2.153583074994117],[111.49609375,2.15082428593162],[111.48261718750001,2.160174871869117],[111.466064453125,2.182245184369108],[111.461181640625,2.149920965619117],[111.452392578125,2.13922760624412],[111.435302734375,2.15094635624412],[111.42080078125002,2.163836981244117],[111.40771484375,2.16681549686912],[111.3779296875,2.16181061405662]]]}},{"type":"Feature","properties":{"fillColor":"#00ffff"},"geometry":{"type":"MultiLineString","coordinates":[[[114.36474609375,1.35980866093162],[114.348388671875,1.353045965619117],[114.33056640625,1.342889715619108],[114.31601562500003,1.32831452030662],[114.31005859375,1.308368231244117],[114.30322265625,1.222674871869117],[114.29931640625,1.20648834843162],[114.29345703125,1.195428778119108],[114.27656250000001,1.17389557499412],[114.27011718750003,1.16034577030662],[114.2607421875,1.13043854374412],[114.25244140625,1.11823151249412]]]}},{"type":"Feature","properties":{"fillColor":"#00ffff"},"geometry":{"type":"MultiLineString","coordinates":[[[114.25244140625,1.11823151249412],[114.240478515625,1.110711981244108],[114.2275390625,1.10590241093162],[114.21533203125,1.09918854374412],[114.20546875000002,1.085956121869117],[114.20361328125,1.071893621869108],[114.211181640625,1.04535553593162],[114.21044921875,1.032001043744117],[114.20566406250003,1.024530340619108],[114.18505859375,1.00861237186912],[114.11376953125,0.93329498905662],[114.09970703125003,0.90497467655662],[114.09580078125003,0.869159246869117],[114.103271484375,0.834344793744108],[114.122802734375,0.80927155155662],[114.15371093750002,0.799823309369117],[114.22265625,0.807733465619108],[114.25546875000003,0.804950262494117],[114.269775390625,0.797137762494117],[114.31005859375,0.76337311405662],[114.322265625,0.76923248905662],[114.33144531250002,0.763299871869108],[114.34003906250001,0.752313543744108],[114.35097656250002,0.74286530155662],[114.361328125,0.74017975468162],[114.39404296875,0.742792059369108],[114.43994140625,0.73786041874412],[114.46240234375,0.73859284061912],[114.48388671875,0.74725983280662],[114.49091796875001,0.75372955936912],[114.50419921874999,0.768915106244108],[114.51210937500002,0.775262762494108],[114.52158203125003,0.77924225468162],[114.54160156250003,0.78363678593162],[114.55097656250001,0.78693268436912],[114.60800781250003,0.83014557499412],[114.732421875,0.880731512494108],[114.79843750000003,0.88849518436912],[114.84091796875003,0.89826080936912],[114.86123046875002,0.90058014530662],[114.90244140625003,0.90058014530662],[114.9125,0.89655182499412],[114.940673828125,0.87323639530662],[114.9619140625,0.87299225468162],[115.00927734375,0.881952215619108],[115.02597656250003,0.87665436405662],[115.03847656250002,0.857782293744108],[115.04296875,0.83637116093162],[115.04179687499999,0.81378815311912],[115.03681640625001,0.79132721561912],[115.03261718750002,0.78510162968162],[115.02685546875,0.77973053593162],[115.02412109375001,0.77313873905662],[115.029541015625,0.76337311405662],[115.03945312500002,0.760760809369117],[115.05322265625,0.76178619999412],[115.065673828125,0.75946686405662],[115.07099609375001,0.74664948124412],[115.07705078125002,0.73590729374412],[115.09169921875002,0.72308991093162],[115.12558593750003,0.701922918744117],[115.16757812500003,0.688006903119117],[115.191162109375,0.68329498905662],[115.2109375,0.68146393436912],[115.23574218750002,0.67352936405662],[115.236083984375,0.65460846561912],[115.22646484375002,0.631854559369117],[115.22060546875002,0.61249420780662],[115.227783203125,0.59162018436912],[115.24326171875003,0.584002996869117],[115.279296875,0.585223699994117],[115.29921875000002,0.583368231244108],[115.3154296875,0.57807037968162],[115.32802734375002,0.56964752811912],[115.337890625,0.55853912968162],[115.34384765625003,0.54437897343162],[115.34951171875002,0.525995184369108],[115.35703125000003,0.51007721561912],[115.36865234375,0.503290106244108],[115.46083984375002,0.497088934369117],[115.454833984375,0.48053619999412],[115.45546875000002,0.45978424686912],[115.45273437500003,0.44196198124412],[115.437255859375,0.43439362186912],[115.42578125,0.424432684369108],[115.42724609375,0.40155670780662],[115.44033203125002,0.35932037968162],[115.44394531250003,0.325946356244117],[115.44775390625,0.31830475468162],[115.458251953125,0.31708405155662],[115.469482421875,0.32196686405662],[115.478271484375,0.32233307499412],[115.48193359375,0.30780670780662]]]}},{"type":"Feature","properties":{"fillColor":"#00ffff"},"geometry":{"type":"MultiLineString","coordinates":[[[115.48193359375,0.30780670780662],[115.48125,0.27826569218162],[115.48691406250003,0.26715729374412],[115.50244140625,0.25690338749412],[115.5244140625,0.25079987186912],[115.54179687499999,0.24848053593162],[115.552978515625,0.241083074994108],[115.55703125000002,0.21906159061912],[115.54833984375,0.10053131718162],[115.55019531250002,0.091815496869117],[115.55869140625003,0.08063385624412],[115.566162109375,0.07965729374412],[115.57343750000001,0.083124090619108],[115.58115234375003,0.085565496869108],[115.598388671875,0.07514069218162],[115.61259765624999,0.05084869999412],[115.622314453125,0.023309637494108],[115.6259765625,0.003045965619108],[115.61953125000002,-0.01836516719338],[115.608642578125,-0.04375579219338],[115.6044921875,-0.061163018755892],[115.619140625,-0.058477471880892],[115.63134765625,-0.072588800005889],[115.64248046875002,-0.07610442500588],[115.66347656250002,-0.07268645625588],[115.67519531250002,-0.067608331255883],[115.67744140625001,-0.055498956255889],[115.67373046875002,-0.027715753130892],[115.67832031250003,-0.016729425005892],[115.68906250000003,-0.018047784380883],[115.70058593750002,-0.025127862505883],[115.70791015625002,-0.031133721880892],[115.71464843749999,-0.03801848750588],[115.72021484375,-0.04583098750588],[115.724609375,-0.054815362505892],[115.727783203125,-0.065264581255889],[115.73154296875003,-0.06267669063088],[115.741943359375,-0.058477471880892],[115.74814453125003,-0.071026300005883],[115.75986328125003,-0.07976653438088],[115.77099609375,-0.085479425005886],[115.776123046875,-0.089483331255892],[115.770751953125,-0.100616143755886],[115.75068359375001,-0.116534112505889],[115.751953125,-0.123907159380892],[115.7578125,-0.12639739375588],[115.77099609375,-0.12566497188088],[115.776123046875,-0.12737395625588],[115.78339843750001,-0.133330987505886],[115.789794921875,-0.14031340938088],[115.798583984375,-0.15300872188088],[115.803125,-0.16594817500588],[115.79931640625,-0.174834893755886],[115.782958984375,-0.175127862505889],[115.79287109375002,-0.18645598750588],[115.793212890625,-0.195147393755889],[115.79013671875003,-0.20232512813088],[115.789794921875,-0.209307550005889],[115.7939453125,-0.21672942500588],[115.79843750000003,-0.221514581255889],[115.81015625000003,-0.23040130000588],[115.81455078125003,-0.23211028438088],[115.827392578125,-0.235186456255889],[115.83144531250002,-0.23723723750588],[115.83310546875003,-0.24138762813088],[115.835693359375,-0.253741143755889],[115.83945312500003,-0.261748956255886],[115.84248046875001,-0.274248956255889],[115.844482421875,-0.278155206255889],[115.84931640625001,-0.279131768755889],[115.85986328125,-0.270830987505889],[115.865478515625,-0.271319268755889],[115.87216796875003,-0.280791925005886],[115.872802734375,-0.28923919063088],[115.874755859375,-0.29558684688088],[115.88593750000001,-0.298663018755889],[115.8955078125,-0.285479425005889],[115.904541015625,-0.276202081255889],[115.91328125000001,-0.271319268755889],[115.9248046875,-0.27556731563088],[115.94199218750003,-0.28484465938088],[115.96015625000001,-0.290850518755889],[115.975341796875,-0.284991143755889],[115.980712890625,-0.30071380000588],[115.98193359375,-0.30877044063088],[115.98154296875003,-0.31853606563088],[115.99951171875,-0.313799737505889],[116.050537109375,-0.31853606563088],[116.05849609375002,-0.316924737505886],[116.064453125,-0.31365325313088],[116.0703125,-0.311358331255889],[116.07773437500003,-0.312334893755889],[116.086181640625,-0.31853606563088],[116.091552734375,-0.33367278438088],[116.09824218750003,-0.339678643755889],[116.11464843750002,-0.34441497188088],[116.150634765625,-0.34954192500588],[116.167236328125,-0.35393645625588],[116.220703125,-0.37810637813088],[116.239501953125,-0.381182550005889],[116.30712890625,-0.381182550005889],[116.32236328125003,-0.37786223750588],[116.343994140625,-0.363311456255886],[116.3623046875,-0.36003997188088],[116.399658203125,-0.359893487505886],[116.434814453125,-0.355010675005886],[116.46054687500003,-0.33904387813088],[116.46875,-0.305498956255889],[116.4755859375,-0.305498956255889],[116.47900390625,-0.312530206255886],[116.4833984375,-0.317217706255889],[116.49560546875,-0.32586028438088],[116.50751953125001,-0.30950286250588],[116.52490234375,-0.296416925005886],[116.54550781250003,-0.28801848750588],[116.56777343750002,-0.284991143755889],[116.58515625000001,-0.279327081255886],[116.57949218750002,-0.24504973750588],[116.59853515625002,-0.223467706255889],[116.60800781250003,-0.220538018755889],[116.62548828125,-0.22039153438088],[116.63330078125,-0.21672942500588],[116.636474609375,-0.207354425005889],[116.63496093750001,-0.19597747188088],[116.63681640625003,-0.18645598750588],[116.65,-0.18254973750588],[116.66025390625003,-0.181963800005889],[116.66796875,-0.179522393755889],[116.67255859375001,-0.17424895625588],[116.67431640625,-0.16521575313088],[116.67822265625,-0.156768487505886],[116.6875,-0.156280206255886],[116.75400390625003,-0.172881768755886],[116.77509765625001,-0.184112237505886],[116.7841796875,-0.199248956255886],[116.78828125000001,-0.209795831255889],[116.806640625,-0.22844817500588],[116.810791015625,-0.24065520625588],[116.8095703125,-0.269854425005889],[116.810791015625,-0.278155206255889],[116.83603515625003,-0.32390715938088],[116.84433593750003,-0.329913018755889],[116.85888671875,-0.332061456255886],[116.90419921875002,-0.32805755000588],[116.947998046875,-0.31853606563088],[116.99990234375002,-0.288116143755886],[117.01318359375,-0.288116143755886],[117.0322265625,-0.313995050005886],[117.03359375000002,-0.31853606563088],[117.070556640625,-0.316729425005889],[117.07832031250001,-0.31853606563088],[117.07871093750003,-0.332842706255889],[117.06982421875,-0.35393645625588],[117.057373046875,-0.37297942500588],[117.04755859375001,-0.381182550005889],[117.03759765625,-0.376495050005886],[117.027587890625,-0.367217706255886],[117.01718750000003,-0.36052825313088],[117.00634765625,-0.36345794063088],[117.00244140625,-0.37200286250588],[117.001220703125,-0.384600518755889],[117.00253906250003,-0.408526300005889],[117.02685546875,-0.51824309688088],[117.030517578125,-0.551788018755886],[117.030029296875,-0.575030206255889],[117.032470703125,-0.587237237505889],[117.04335937500002,-0.592120050005889],[117.068115234375,-0.592803643755886],[117.086669921875,-0.58684661250588],[117.092041015625,-0.572295831255886],[117.093017578125,-0.55437590938088],[117.098876953125,-0.53826262813088],[117.102783203125,-0.53728606563088],[117.12451171875,-0.526690362505889],[117.12607421875003,-0.525225518755889],[117.14023437500003,-0.518389581255889],[117.14912109375001,-0.51628997188088],[117.16015625,-0.51775481563088],[117.1708984375,-0.526202081255889],[117.1904296875,-0.55291106563088],[117.218017578125,-0.563018487505886],[117.25507812500001,-0.582354425005889],[117.27382812500002,-0.58660247188088],[117.34169921875002,-0.579620050005886],[117.35947265625003,-0.58660247188088],[117.40214843749999,-0.555205987505886],[117.44140625,-0.51775481563088]]]}},{"type":"Feature","properties":{"fillColor":"#00ffff"},"geometry":{"type":"MultiLineString","coordinates":[[[138.2197265625,-3.88909270625588],[138.286376953125,-3.889190362505886],[138.32021484375002,-3.89373137813088],[138.34970703125003,-3.90496184688088],[138.368359375,-3.91594817500588],[138.384375,-3.923174737505889],[138.40146484375003,-3.92620208125588],[138.423583984375,-3.92473723750588],[138.473876953125,-3.91545989375588],[138.498779296875,-3.915557550005886],[138.52265625,-3.924639581255889],[138.531982421875,-3.93572356563088],[138.53818359375003,-3.945342706255886],[138.5546875,-3.94817473750588],[138.56894531250003,-3.952959893755889],[138.58349609375,-3.955108331255886],[138.60107421875,-3.950225518755886],[138.60292968750002,-3.942217706255889],[138.62441406250002,-3.93328215938088],[138.6318359375,-3.93108489375588],[138.65078125000002,-3.92864348750588],[138.659423828125,-3.92644622188088],[138.6689453125,-3.92131926875588],[138.71425781250002,-3.88250090938088],[138.730712890625,-3.873858331255889],[138.74853515625,-3.87004973750588],[138.76845703125002,-3.87004973750588],[138.7880859375,-3.87322356563088],[138.80517578125,-3.87981536250588],[138.832763671875,-3.89397551875588]]]}},{"type":"Feature","properties":{"fillColor":"#00ffff"},"geometry":{"type":"MultiLineString","coordinates":[[[138.832763671875,-3.89397551875588],[138.851318359375,-3.90569426875588],[138.859375,-3.91253020625588],[138.8662109375,-3.920245050005889],[138.886962890625,-3.95061614375588],[138.896240234375,-3.959795831255889],[138.90478515625,-3.972979425005889],[138.916259765625,-4.00847747188088],[138.92529296875,-4.02068450313088],[138.96640625000003,-4.047881768755886],[138.978759765625,-4.061065362505886],[138.982421875,-4.07268645625588],[138.982421875,-4.08538176875588],[138.984375,-4.102080987505886],[138.98974609375,-4.11345794063088],[139.00625,-4.135772393755886],[139.0125,-4.148272393755889],[139.034912109375,-4.23992278438088],[139.04345703125,-4.25237395625588],[139.05820312500003,-4.265655206255886],[139.06669921875005,-4.27703215938088],[139.07177734375,-4.292803643755889],[139.07373046875,-4.30950286250588],[139.07275390625,-4.323760675005886],[139.060302734375,-4.355010675005886],[139.06240234375002,-4.368194268755886],[139.08076171875,-4.37688567500588],[139.09375,-4.37712981563088],[139.12021484375003,-4.37249114375588],[139.1337890625,-4.372881768755889],[139.13720703125,-4.386748956255886],[139.14853515625003,-4.393096612505886],[139.17714843750002,-4.396319268755889],[139.19101562500003,-4.400909112505886],[139.21464843750005,-4.416045831255886],[139.228271484375,-4.42205169063088],[139.237060546875,-4.44939544063088],[139.254638671875,-4.471514581255889],[139.32412109375002,-4.520830987505889],[139.35107421875,-4.54607512813088],[139.37177734375,-4.57415130000588],[139.37734375000002,-4.599151300005886],[139.37070312500003,-4.601397393755889],[139.36757812500002,-4.605303643755889],[139.365234375,-4.609893487505886],[139.36093750000003,-4.614776300005886],[139.341015625,-4.624053643755886],[139.33056640625,-4.63176848750588],[139.3232421875,-4.639971612505889],[139.30605468750002,-4.672198175005889],[139.304443359375,-4.67693450313088],[139.3037109375,-4.68377044063088],[139.30458984375002,-4.69085051875588],[139.306396484375,-4.694854425005886],[139.30917968750003,-4.69841887813088],[139.31210937500003,-4.703643487505886],[139.31728515625002,-4.717120050005889],[139.319580078125,-4.72771575313088],[139.3173828125,-4.762725518755886],[139.31875,-4.77239348750588],[139.3234375,-4.78142669063088],[139.33251953125,-4.790557550005886],[139.340576171875,-4.80901458125588],[139.33935546875,-4.834502862505886],[139.32871093750003,-4.87615325313088],[139.29404296875003,-4.96306731563088],[139.287841796875,-4.99285247188088]]]}},{"type":"Feature","properties":{"fillColor":"#00ffff"},"geometry":{"type":"MultiLineString","coordinates":[[[139.287841796875,-4.99285247188088],[139.2880859375,-5.01043059688088],[139.289794921875,-5.022295831255889],[139.28798828125002,-5.032256768755886],[139.277587890625,-5.04436614375588],[139.2548828125,-5.05950286250588],[139.2443359375,-5.068194268755889],[139.239990234375,-5.07830169063088],[139.23984375000003,-5.094756768755886],[139.23837890625003,-5.106280206255889],[139.234375,-5.115069268755889],[139.226318359375,-5.12322356563088],[139.181396484375,-5.14373137813088],[139.15869140625,-5.150713800005889],[139.143310546875,-5.167315362505889],[139.12919921875005,-5.187530206255886],[139.1103515625,-5.205108331255886],[139.10595703125,-5.19426848750588],[139.10048828125002,-5.193682550005889],[139.0830078125,-5.205108331255886],[139.04580078125002,-5.223467706255889],[139.03798828125002,-5.228838800005889],[139.029541015625,-5.23674895625588],[139.01904296875,-5.24456145625588],[139.0078125,-5.250518487505886],[138.98251953125003,-5.256866143755886],[138.97568359375003,-5.26604583125588],[138.971923828125,-5.277373956255886],[138.96630859375,-5.287139581255886],[138.95205078125002,-5.296416925005886],[138.93955078125003,-5.29534270625588],[138.92431640625,-5.29021575313088],[138.90078125000002,-5.287139581255886],[138.90390625000003,-5.29729583125588],[138.876953125,-5.35540130000588],[138.87353515625,-5.37957122188088],[138.87890625,-5.398760675005889],[138.88662109375002,-5.41790130000588],[138.890625,-5.44158294063088],[138.88759765625002,-5.451006768755889],[138.8798828125,-5.451006768755889],[138.869873046875,-5.447295831255886],[138.85986328125,-5.44475676875588],[138.84902343750002,-5.44866301875588],[138.85400390625,-5.45671965938088],[138.8642578125,-5.46404387813088],[138.86953125000002,-5.46526458125588],[138.873046875,-5.47332122188088],[138.87646484375,-5.47551848750588],[138.878173828125,-5.47795989375588],[138.876953125,-5.486358331255886],[138.8564453125,-5.49309661250588],[138.85341796875002,-5.50139739375588],[138.84970703125003,-5.51531340938088],[138.8486328125,-5.52825286250588],[138.85625,-5.53899505000588],[138.85703125000003,-5.55046965938088],[138.8564453125,-5.57195403438088],[138.85302734375,-5.577178643755886],[138.844921875,-5.582061456255886],[138.8291015625,-5.58879973750588],[138.82119140625002,-5.58953215938088],[138.812744140625,-5.58855559688088],[138.8046875,-5.58855559688088],[138.798095703125,-5.59221770625588],[138.78085937500003,-5.60711028438088],[138.77734375,-5.609209893755889],[138.76865234375003,-5.61248137813088],[138.75869140625002,-5.61980559688088],[138.74599609375002,-5.62712981563088],[138.72929687500005,-5.63030364375588],[138.59873046875003,-5.62346770625588],[138.5888671875,-5.61956145625588],[138.565673828125,-5.601104425005886],[138.55478515625003,-5.59563567500588],[138.5390625,-5.594268487505886],[138.50048828125,-5.598467706255889],[138.48642578125003,-5.60295989375588],[138.47265625,-5.614092706255889],[138.447509765625,-5.644561456255886],[138.4318359375,-5.65764739375588],[138.41591796875002,-5.66472747188088],[138.36289062500003,-5.678741143755886]]]}},{"type":"Feature","properties":{"fillColor":"#00ffff"},"geometry":{"type":"MultiLineString","coordinates":[[[95.786865234375,20.21820709843162],[95.81582031250002,20.198846746869123],[95.83115234375003,20.19306061405662],[95.85205078125,20.190936590619117],[95.87158203125,20.19391510624412],[95.90839843750001,20.20514557499412],[95.93076171875003,20.204608465619117],[95.99091796875001,20.18060944218162],[96.00966796875002,20.176629949994123],[96.014892578125,20.17462799686912],[96.02011718750003,20.17011139530662],[96.02685546875,20.16559479374412],[96.03720703125003,20.163592840619117],[96.0830078125,20.163592840619117],[96.1005859375,20.16168854374412],[96.12099609375002,20.15595123905662],[96.14179687500001,20.146258856244117],[96.16074218750003,20.132586981244117]]]}},{"type":"Feature","properties":{"fillColor":"#00ffff"},"geometry":{"type":"MultiLineString","coordinates":[[[96.16074218750003,20.132586981244117],[96.1669921875,20.125360418744123],[96.174560546875,20.11212799686912],[96.18105468750002,20.10529205936912],[96.18984375000002,20.10053131718162],[96.209375,20.097284246869123],[96.21826171875,20.094745184369117],[96.24082031250003,20.06903717655662],[96.2470703125,20.02960846561912],[96.2392578125,19.94391510624412],[96.241455078125,19.884149481244123],[96.2392578125,19.861932684369123],[96.22802734375,19.839471746869123],[96.22568359375003,19.82782623905662],[96.23193359375,19.786883856244117],[96.247314453125,19.766131903119117],[96.28271484375,19.73126862186912],[96.2939453125,19.71112702030662],[96.296142578125,19.68805573124412],[96.29287109375002,19.668573309369123],[96.29179687499999,19.64984772343162],[96.30078125,19.62921784061912],[96.27822265625002,19.62287018436912],[96.283203125,19.59516022343162],[96.3076171875,19.53607819218162],[96.29052734375,19.49884674686912],[96.283203125,19.492303778119123],[96.27988281250003,19.477557684369117],[96.279541015625,19.461542059369123],[96.2802734375,19.451678778119117],[96.29179687499999,19.40289948124412],[96.30214843750002,19.37995026249412],[96.31787109375,19.35858795780662],[96.32119140625002,19.35053131718162],[96.31699218750003,19.34442780155662],[96.310791015625,19.338495184369123],[96.3076171875,19.330926824994123],[96.309814453125,19.323504949994117],[96.31904296875001,19.31720612186912],[96.32529296875003,19.29938385624412],[96.3349609375,19.28803131718162],[96.346435546875,19.28192780155662],[96.35595703125,19.28656647343162],[96.41123046875003,19.19696686405662],[96.42431640625,19.163104559369117],[96.43076171875003,19.158563543744123],[96.435546875,19.15424225468162],[96.43798828125,19.150018621869123],[96.436279296875,19.143817449994117],[96.431640625,19.13861725468162],[96.4267578125,19.13556549686912],[96.42431640625,19.135760809369117],[96.42431640625,19.11530182499412],[96.42597656250001,19.109002996869123],[96.43017578125,19.108758856244123],[96.434814453125,19.110126043744117],[96.43798828125,19.10846588749412],[96.44248046875003,19.08856842655662],[96.43798828125,19.032733465619117]]]}},{"type":"Feature","properties":{"fillColor":"#00ffff"},"geometry":{"type":"MultiLineString","coordinates":[[[96.43798828125,19.032733465619117],[96.45156250000002,19.033075262494123],[96.45742187500002,19.014764715619123],[96.45986328125002,18.951776434369123],[96.463134765625,18.941034246869123],[96.468994140625,18.936542059369117],[96.477783203125,18.93292877811912],[96.47998046875,18.92462799686912],[96.4794921875,18.90985748905662],[96.49863281250003,18.87592194218162],[96.50058593750003,18.85675690311912],[96.48261718750001,18.84833405155662],[96.45957031250003,18.844501043744117],[96.44931640625003,18.83344147343162],[96.44814453125002,18.81598541874412],[96.45751953125,18.76325104374412],[96.45849609375,18.738544012494117],[96.45693359375002,18.73187897343162],[96.45253906250002,18.72077057499412],[96.45166015625,18.71369049686912],[96.454833984375,18.692889715619117],[96.46337890625,18.679559637494123],[96.48574218750002,18.65656159061912],[96.50537109375,18.620868231244117],[96.52011718750003,18.602069403119117],[96.55839843749999,18.585321356244123],[96.578125,18.565301824994123],[96.59375,18.54254791874412],[96.60498046875,18.520282293744117],[96.60781250000002,18.51715729374412],[96.61591796875001,18.511981512494117],[96.61259765624999,18.50873444218162],[96.60595703125,18.50153229374412],[96.60244140625002,18.498309637494117],[96.60927734375002,18.48859284061912],[96.62978515625002,18.47101471561912],[96.63320312500002,18.46112702030662],[96.63720703125,18.43683502811912],[96.66679687499999,18.37543366093162],[96.671875,18.36762116093162],[96.67822265625,18.36115143436912],[96.67373046875002,18.354608465619123],[96.670654296875,18.34638092655662],[96.670654296875,18.337909246869117],[96.6748046875,18.330682684369123],[96.684814453125,18.319354559369117],[96.6845703125,18.313739324994117],[96.68017578125,18.30890534061912],[96.67822265625,18.299676824994123],[96.68173828125003,18.25873444218162],[96.69882812500003,18.196161199994123],[96.70546875000002,18.182391668744117],[96.717041015625,18.17059967655662],[96.72607421875,18.17121002811912],[96.73408203125001,18.175067449994117],[96.74267578125,18.172723699994123],[96.74589843749999,18.16571686405662],[96.73916015625002,18.150653387494117],[96.739013671875,18.14142487186912],[96.74335937500001,18.13764069218162],[96.750244140625,18.13641998905662],[96.75673828125002,18.13361237186912],[96.759521484375,18.125262762494117],[96.75742187500003,18.12262604374412],[96.7529296875,18.12067291874412],[96.74824218750001,18.11664459843162],[96.74648437500002,18.10785553593162],[96.75634765625,18.077167059369117],[96.77353515625003,18.05853912968162],[96.780517578125,18.05329010624412],[96.79501953125003,18.056170965619117],[96.803955078125,18.053973699994117],[96.807861328125,18.042743231244117],[96.80869140625003,18.01520416874412],[96.81259765625003,18.004413153119117],[96.821533203125,17.99799225468162],[96.81191406250002,17.993036199994123],[96.807861328125,17.991815496869123],[96.807861328125,17.984393621869117],[96.82832031250001,17.97638580936912],[96.83447265625,17.96002838749412],[96.835205078125,17.943866278119117],[96.838623046875,17.93659088749412],[96.85439453125002,17.939227606244117],[96.85791015625,17.935663153119123],[96.86318359375002,17.92291901249412],[96.8642578125,17.914422918744123],[96.86318359375002,17.881952215619123],[96.878662109375,17.79401276249412],[96.88720703125,17.77533600468162],[96.889892578125,17.765252996869123],[96.88955078125002,17.753924871869117],[96.884521484375,17.73444244999412],[96.883056640625,17.72370026249412],[96.88222656250002,17.720965887494117],[96.880859375,17.711444403119117],[96.881591796875,17.701190496869117],[96.886474609375,17.69635651249412],[96.8916015625,17.69391510624412],[96.897216796875,17.68781159061912],[96.90175781250002,17.68012116093162],[96.90341796875003,17.67279694218162],[96.90214843749999,17.656756903119117],[96.8837890625,17.56952545780662],[96.883056640625,17.457391668744123]]]}},{"type":"Feature","properties":{"fillColor":"#00ffff"},"geometry":{"type":"MultiLineString","coordinates":[[[102.790625,4.44000885624412],[102.70810546875003,4.44342682499412],[102.6865234375,4.447528387494117],[102.67734375000003,4.450799871869108],[102.66708984375003,4.45709869999412],[102.65869140625,4.467303778119117],[102.650390625,4.480975653119117],[102.64111328125,4.492938543744117],[102.629638671875,4.498065496869117]]]}},{"type":"Feature","properties":{"fillColor":"#00ffff"},"geometry":{"type":"MultiLineString","coordinates":[[[102.629638671875,4.498065496869117],[102.60703125000003,4.50104401249412],[102.579833984375,4.51227448124412],[102.56406250000003,4.511737371869117],[102.53378906250003,4.50031159061912],[102.51679687500001,4.500506903119117],[102.509521484375,4.51544830936912],[102.50498046875003,4.520624090619108],[102.49472656250003,4.51544830936912],[102.478759765625,4.501483465619117],[102.47519531250003,4.49140045780662],[102.477783203125,4.467547918744117],[102.47607421875,4.45709869999412],[102.46875,4.44855377811912],[102.441162109375,4.42914459843162],[102.396875,4.374383856244108],[102.38876953125003,4.35639069218162],[102.37919921874999,4.313104559369108],[102.366943359375,4.19537994999412],[102.358154296875,4.162860418744117],[102.34238281250003,4.13239166874412],[102.33134765624999,4.115594793744108],[102.32138671875003,4.10822174686912],[102.31728515625002,4.096307684369108],[102.324462890625,4.02570221561912],[102.33203125,4.00360748905662],[102.3375,3.99359772343162],[102.34511718750002,3.984149481244117],[102.35595703125,3.97296784061912],[102.36152343750001,3.96930573124412],[102.37568359375001,3.970477606244117],[102.39638671875002,3.96808502811912],[102.409912109375,3.96002838749412],[102.41757812500003,3.94513580936912],[102.427001953125,3.850946356244108],[102.42373046875002,3.84516022343162],[102.40966796875,3.83295319218162],[102.406494140625,3.823358465619108],[102.40869140625,3.81732819218162],[102.41357421875,3.814813543744108],[102.41845703125,3.81317780155662],[102.42080078125002,3.809686590619108],[102.41982421875002,3.802850653119108],[102.41787109375002,3.79999420780662],[102.41542968750002,3.797626043744117],[102.41328125000001,3.79230377811912],[102.403076171875,3.772723699994117],[102.38720703125,3.760028387494117],[102.37255859375,3.745624090619117],[102.3662109375,3.72064850468162],[102.369140625,3.70392487186912],[102.376953125,3.69049713749412],[102.42246093750003,3.65009186405662],[102.42880859375003,3.639422918744117],[102.4169921875,3.634637762494108],[102.407470703125,3.629266668744108],[102.40712890625002,3.616571356244108],[102.41328125000001,3.590594793744117],[102.4111328125,3.58673737186912],[102.40185546875,3.580829168744117],[102.399658203125,3.57697174686912],[102.402587890625,3.56989166874412],[102.409423828125,3.56537506718162],[102.41650390625,3.562127996869108],[102.42080078125002,3.558954168744108],[102.42822265625,3.53400299686912],[102.43310546875,3.499872137494108],[102.43349609375002,3.466327215619117],[102.427001953125,3.442889715619117],[102.42988281250001,3.43219635624412],[102.425537109375,3.38825104374412],[102.427001953125,3.36713287968162],[102.441162109375,3.360956121869108],[102.44150390625003,3.35602448124412],[102.44013671875001,3.344354559369108],[102.441162109375,3.339862371869117],[102.44960937500002,3.326532293744108],[102.45566406250003,3.32184479374412],[102.46484375,3.319940496869108],[102.47089843750001,3.32208893436912],[102.47988281250002,3.33148834843162],[102.4853515625,3.333612371869108],[102.49160156250002,3.33246491093162],[102.5009765625,3.32733795780662],[102.506103515625,3.32623932499412],[102.515380859375,3.32892487186912],[102.52041015625002,3.336053778119108],[102.52265625000001,3.34601471561912],[102.526123046875,3.38324616093162],[102.53515625,3.401385809369117],[102.55019531250002,3.41559479374412],[102.59326171875,3.44550202030662],[102.59794921874999,3.455438543744108],[102.59619140625,3.467792059369117],[102.59824218750003,3.49066803593162],[102.60800781250003,3.50665924686912],[102.625244140625,3.51740143436912],[102.645263671875,3.52350494999412],[102.673095703125,3.525897528119117],[102.68339843749999,3.52521393436912],[102.69179687500002,3.520379949994108],[102.69521484375002,3.50836823124412],[102.700439453125,3.50055573124412],[102.712158203125,3.500262762494117],[102.723876953125,3.502215887494117],[102.72929687499999,3.501239324994117]]]}},{"type":"Feature","properties":{"fillColor":"#00ffff"},"geometry":{"type":"MultiLineString","coordinates":[[[102.72929687499999,3.501239324994117],[102.74033203125003,3.50141022343162],[102.804443359375,3.47699616093162],[102.828125,3.487176824994108],[102.84072265625002,3.48114655155662],[102.849609375,3.469598699994108],[102.86269531250002,3.46332428593162],[102.870361328125,3.461542059369108],[102.87548828125,3.459002996869117],[102.88095703125003,3.459491278119117],[102.90009765625001,3.47699616093162],[102.90966796875,3.48212311405662],[102.92041015625,3.48407623905662],[102.93466796875003,3.48444244999412],[102.95595703125002,3.482440496869117],[102.99589843749999,3.47296784061912],[103.01279296875003,3.470819403119108],[103.01767578125003,3.46869537968162],[103.03457031250002,3.45783112186912],[103.040283203125,3.453143621869117],[103.05097656250001,3.44721100468162],[103.06005859375,3.45111725468162],[103.0712890625,3.46332428593162],[103.10068359375003,3.476825262494117],[103.11835937500001,3.48224518436912],[103.13671875,3.48444244999412],[103.15009765625001,3.490008856244117],[103.18115234375,3.51642487186912],[103.19482421875,3.525409246869117],[103.254638671875,3.54352448124412],[103.27392578125,3.545917059369117],[103.28359375000002,3.542743231244117],[103.302001953125,3.52863190311912],[103.30810546875,3.525409246869117],[103.31972656250002,3.52753327030662],[103.33535156250002,3.53693268436912],[103.34560546875002,3.539081121869117],[103.359375,3.534930731244117],[103.37509765625003,3.524286199994108],[103.38808593750002,3.50971100468162],[103.39345703125002,3.49408600468162],[103.40185546875,3.490350653119108],[103.40371266835852,3.490938275005828]],[[103.43207903577313,3.499913453690455],[103.44203478898818,3.503063475078075]]]}},{"type":"Feature","properties":{"fillColor":"#00ffff"},"geometry":{"type":"MultiLineString","coordinates":[[[140.99999999959138,-4.570084430711257],[140.991943359375,-4.56096770625588],[140.959228515625,-4.534014581255889],[140.94375,-4.51604583125588],[140.937255859375,-4.496416925005889],[140.936279296875,-4.477373956255889],[140.93251953125002,-4.454620050005886],[140.9259765625,-4.43279387813088],[140.91611328125003,-4.41692473750588],[140.92841796875,-4.402666925005889],[140.94404296875,-4.34856536250588],[140.9638671875,-4.314483331255886],[140.971435546875,-4.31047942500588],[140.98964843750002,-4.30559661250588],[140.99941406250002,-4.30022551875588],[140.9999999995068,-4.299514960818555]],[[140.99999999948824,-4.240127569749596],[140.99941406250002,-4.23870208125588],[140.994140625,-4.204620050005886],[140.99999999946797,-4.175323177665996]]]}},{"type":"Feature","properties":{"fillColor":"#00ffff"},"geometry":{"type":"MultiLineString","coordinates":[[[107.37734375000002,13.237079168744117],[107.369873046875,13.281122137494123],[107.37109375,13.29010651249412],[107.36572265625,13.29437897343162],[107.35605468750003,13.313104559369123],[107.350830078125,13.317401434369117],[107.327392578125,13.317499090619123],[107.31689453125,13.31561920780662],[107.306884765625,13.31061432499412],[107.29580078125002,13.32330963749412],[107.2822265625,13.35516998905662],[107.27197265625,13.365838934369123],[107.253662109375,13.369989324994123],[107.244873046875,13.36127350468162],[107.239501953125,13.34613678593162],[107.23105468750003,13.331073309369117],[107.20224609375003,13.315301824994123],[107.14208984375,13.323260809369117],[107.10761718750001,13.31061432499412],[107.090576171875,13.326776434369123],[107.03525390625003,13.40338776249412],[107.0283203125,13.417352606244123],[107.02392578125,13.442645574994117],[107.01523437500003,13.47333405155662],[107.01132812500003,13.48187897343162],[107.00507812500001,13.48187897343162],[106.99072265625,13.47455475468162],[106.98408203125001,13.48651764530662],[106.9794921875,13.50482819218162],[106.970458984375,13.51666901249412],[106.96044921875,13.51337311405662],[106.95058593750002,13.50324127811912],[106.9384765625,13.49640534061912],[106.92197265625003,13.50299713749412],[106.921630859375,13.498309637494117],[106.920654296875,13.497430731244123],[106.9189453125,13.49762604374412],[106.91572265625001,13.49616119999412],[106.921630859375,13.48297760624412],[106.91679687499999,13.479266668744117],[106.90810546875002,13.48041412968162],[106.90214843749999,13.48187897343162],[106.895751953125,13.485614324994117],[106.89306640625,13.491717840619117],[106.88857421875002,13.49384186405662],[106.8779296875,13.485614324994117],[106.8740234375,13.47003815311912],[106.880615234375,13.454950262494123],[106.8798828125,13.442499090619123],[106.853759765625,13.43475983280662],[106.83505859375003,13.435809637494117],[106.81982421875,13.442889715619117],[106.8095703125,13.45514557499412],[106.805908203125,13.47199127811912],[106.79736328125,13.478143621869123],[106.7783203125,13.48126862186912],[106.74453125000002,13.48187897343162],[106.73505859375001,13.47943756718162],[106.71533203125,13.47101471561912],[106.7041015625,13.468280340619117],[106.6591796875,13.468280340619117],[106.64316406250003,13.463153387494117],[106.63222656250002,13.453973699994123],[106.62001953125002,13.450311590619123],[106.60048828125002,13.46137116093162],[106.58935546875,13.477655340619123],[106.58095703125002,13.51557037968162],[106.56484375000002,13.541278387494117],[106.5615234375,13.54901764530662],[106.557373046875,13.55512116093162],[106.54931640625,13.557635809369117],[106.51171875,13.563836981244123],[106.477294921875,13.56012604374412],[106.47509765625,13.539081121869117],[106.48593750000003,13.51178619999412],[106.490625,13.48932526249412],[106.48720703125002,13.485711981244123],[106.47421875000003,13.47894928593162],[106.47011718750002,13.475702215619123],[106.46816406250002,13.467792059369117],[106.4677734375,13.44830963749412],[106.4638671875,13.440936590619117],[106.44580078125,13.432245184369123],[106.43916015625001,13.44122955936912],[106.43808593750003,13.456903387494123],[106.43603515625,13.468280340619117],[106.43056640625002,13.47125885624412],[106.415283203125,13.473504949994123],[106.40869140625,13.475702215619123],[106.40380859375,13.48053619999412],[106.39833984375002,13.49225494999412],[106.39501953125,13.49616119999412],[106.385498046875,13.501483465619117],[106.35927734375002,13.51007721561912]]]}},{"type":"Feature","properties":{"fillColor":"#00ffff"},"geometry":{"type":"MultiLineString","coordinates":[[[106.35927734375002,13.51007721561912],[106.34970703125003,13.512811590619123],[106.34033203125,13.51666901249412],[106.31699218750003,13.52936432499412],[106.279296875,13.55768463749412],[106.20429687500001,13.58270905155662],[106.18994140625,13.585711981244117],[106.15195312500003,13.585565496869123],[106.1376953125,13.58258698124412],[106.11279296875,13.569208074994123],[106.06103515625,13.55182526249412],[106.05410156250002,13.55097077030662],[106.0478515625,13.552118231244123],[106.04306640625003,13.55585358280662],[106.03964843750003,13.560419012494123],[106.03583984375001,13.56439850468162],[106.02978515625,13.56647369999412],[106.02294921875,13.565692449994117],[106.01572265625003,13.56293366093162],[105.98740234375003,13.54584381718162],[105.978515625,13.54205963749412],[105.97031250000003,13.54144928593162]]]}},{"type":"Feature","properties":{"fillColor":"#00ffff"},"geometry":{"type":"MultiLineString","coordinates":[[[111.81494140625,2.291522528119117],[111.82822265625003,2.313592840619108],[111.83095703125002,2.322040106244117],[111.8291015625,2.33307526249412],[111.82460937500002,2.341815496869117],[111.81689453125,2.349481512494108],[111.806884765625,2.35224030155662],[111.79501953125003,2.34613678593162],[111.787841796875,2.381366278119117],[111.81210937500003,2.40363190311912],[111.84482421875003,2.42291901249412],[111.86328125,2.44916412968162],[111.85546875,2.45246002811912],[111.8486328125,2.45722077030662],[111.83535156250002,2.46967194218162],[111.84423828125,2.486590887494117],[111.8486328125,2.504413153119117],[111.84658203125002,2.52191803593162],[111.83535156250002,2.53790924686912],[111.84140625000003,2.545282293744108],[111.837158203125,2.55170319218162],[111.81494140625,2.56586334843162],[111.833251953125,2.56928131718162],[111.84326171875,2.581659246869108],[111.84287109375003,2.59650299686912],[111.8291015625,2.607440496869117],[111.827392578125,2.59882233280662],[111.82343750000001,2.58832428593162],[111.82236328125003,2.57953522343162],[111.81201171875,2.59162018436912],[111.81171875000001,2.605585028119108],[111.82236328125003,2.634784246869117],[111.82265625000002,2.641131903119117],[111.82099609375001,2.656268621869117],[111.82236328125003,2.66205475468162],[111.827392578125,2.66498444218162],[111.83486328125002,2.665301824994117],[111.841064453125,2.66400787968162],[111.8427734375,2.66205475468162],[111.8525390625,2.682733465619108],[111.85,2.70282623905662],[111.838623046875,2.721307684369108],[111.82236328125003,2.73712799686912],[111.81201171875,2.74384186405662],[111.8056640625,2.74701569218162],[111.80068359375002,2.75202057499412],[111.786376953125,2.789911199994108],[111.7802734375,2.79755280155662],[111.76767578125003,2.805438543744117],[111.75507812500001,2.80914948124412],[111.7265625,2.81024811405662],[111.713134765625,2.812274481244117],[111.69775390625,2.818133856244117],[111.66512018523153,2.836126286781216]]]}},{"type":"Feature","properties":{"fillColor":"#00ffff"},"geometry":{"type":"MultiLineString","coordinates":[[[100.14072265625003,15.706561590619117],[100.134033203125,15.70331452030662],[100.130859375,15.702411199994117],[100.1279296875,15.70209381718162],[100.11835937500001,15.69660065311912],[100.096923828125,15.654315496869117],[100.10439453125002,15.654315496869117],[100.09560546875002,15.636102606244123],[100.09560546875002,15.622333074994117],[100.09814453125,15.60895416874412],[100.096923828125,15.59223053593162],[100.09335937500003,15.587665106244117],[100.07705078125002,15.573016668744117],[100.080322265625,15.56513092655662],[100.0859375,15.56281159061912],[100.09218750000002,15.56207916874412],[100.096923828125,15.558710028119123],[100.100341796875,15.557391668744117],[100.10488281250002,15.558710028119123],[100.10888671875,15.55914948124412],[100.110595703125,15.55499909061912],[100.10888671875,15.54657623905662],[100.10693359375,15.54315827030662],[100.10439453125002,15.545038153119123],[100.1025390625,15.544061590619123],[100.10009765625,15.53864166874412],[100.09794921874999,15.53217194218162],[100.096923828125,15.52802155155662],[100.09912109375,15.52326080936912],[100.103759765625,15.520038153119117],[100.1083984375,15.51825592655662],[100.110595703125,15.51776764530662],[100.110595703125,15.463153387494117],[100.12568359375001,15.46820709843162],[100.13076171875002,15.455926824994123],[100.12734375000002,15.43695709843162],[100.117431640625,15.421502996869123],[100.10800781250003,15.41852448124412],[100.09023437500002,15.42084381718162],[100.083251953125,15.41474030155662],[100.08359375000003,15.407586981244123],[100.09375,15.38837311405662],[100.096923828125,15.38056061405662],[100.09121093750002,15.383905340619123],[100.07021484375002,15.38678619999412],[100.07021484375002,15.38056061405662],[100.08681640625002,15.368524481244123],[100.092041015625,15.35346100468162],[100.088134765625,15.336542059369123],[100.06826171875002,15.30658600468162],[100.05839843749999,15.28717682499412],[100.0595703125,15.27167389530662],[100.083251953125,15.27069733280662],[100.07949218750002,15.263934637494117],[100.07861328125,15.255877996869117],[100.080322265625,15.24689362186912],[100.08388671875002,15.23737213749412],[100.11582031250003,15.18695709843162],[100.12148437500002,15.180438543744117],[100.12929687500002,15.17609284061912],[100.1416015625,15.17450592655662],[100.189697265625,15.18195221561912],[100.207763671875,15.181756903119123],[100.22705078125,15.17877838749412],[100.2421875,15.169452215619117],[100.251220703125,15.14276764530662],[100.26884765624999,15.119891668744117],[100.28867187500003,15.07208893436912],[100.29208984375003,15.074237371869117],[100.299560546875,15.07684967655662],[100.302978515625,15.07892487186912],[100.33134765624999,15.01459381718162],[100.333740234375,15.00324127811912],[100.345703125,14.99042389530662],[100.378662109375,14.913836981244117],[100.38486328125003,14.913836981244117],[100.3935546875,14.91889069218162],[100.40009765625001,14.90875885624412],[100.40439453125003,14.89191315311912],[100.40595703125001,14.876581121869123],[100.40966796875,14.86627838749412],[100.41855468750003,14.859491278119123],[100.4296875,14.855096746869123],[100.44013671875001,14.85236237186912],[100.44013671875001,14.846210028119117],[100.43798828125,14.831073309369117],[100.447021484375,14.76361725468162],[100.447021484375,14.71893952030662],[100.44921875,14.710956121869117],[100.46035156250002,14.68634674686912],[100.464111328125,14.68109772343162],[100.46445312500003,14.66974518436912],[100.447021484375,14.54450104374412],[100.45068359375,14.53412506718162],[100.45615234375003,14.524042059369123],[100.457275390625,14.51227448124412],[100.447021484375,14.49677155155662],[100.458251953125,14.48236725468162],[100.45947265625,14.466083074994117],[100.45263671875,14.451434637494117],[100.44013671875001,14.44208405155662],[100.44492187500003,14.42536041874412],[100.43955078125003,14.40778229374412],[100.430908203125,14.390985418744123],[100.426513671875,14.37628815311912],[100.43017578125,14.361932684369123],[100.450439453125,14.31891510624412],[100.460693359375,14.304950262494117],[100.46875,14.30231354374412],[100.47431640625001,14.306659246869117],[100.480224609375,14.30829498905662],[100.48847656250001,14.297479559369123],[100.490478515625,14.288202215619123],[100.48847656250001,14.253436590619117],[100.49091796875001,14.236932684369123],[100.5029296875,14.207635809369123],[100.50839843750003,14.188251043744117],[100.51210937500002,14.162713934369123],[100.51523437500003,14.15412018436912],[100.54306640625003,14.123065496869117],[100.54306640625003,14.09577057499412],[100.541015625,14.09235260624412],[100.53603515625002,14.09039948124412],[100.53115234375002,14.08771393436912],[100.52880859375,14.081805731244117],[100.531982421875,14.07489655155662],[100.5390625,14.07037994999412],[100.54628906250002,14.067254949994123],[100.55009765624999,14.064715887494117],[100.55283203125003,14.05560944218162],[100.552978515625,14.050653387494123],[100.55009765624999,14.03742096561912],[100.546630859375,14.032342840619123],[100.541259765625,14.020379949994123],[100.54111328125003,14.008172918744123],[100.57119140625002,13.99530670780662],[100.573974609375,13.977899481244123],[100.54248046875,13.83783600468162],[100.52880859375,13.80463287968162],[100.50839843750003,13.782586981244123],[100.498046875,13.767352606244117],[100.49472656250003,13.749383856244123],[100.501220703125,13.73969147343162],[100.51093750000001,13.72797272343162],[100.5126953125,13.71491119999412],[100.49472656250003,13.70099518436912],[100.49472656250003,13.69476959843162],[100.50839843750003,13.68842194218162],[100.529296875,13.681268621869123],[100.548583984375,13.68158600468162],[100.556884765625,13.697870184369123],[100.56113281250003,13.70355866093162],[100.570556640625,13.70795319218162],[100.57998046875002,13.709100653119123],[100.584228515625,13.704706121869123],[100.58632812500002,13.701288153119123],[100.59091796875003,13.699579168744123],[100.595703125,13.69708893436912],[100.59775390625003,13.691424871869117],[100.5966796875,13.685321356244117],[100.59433593750003,13.682147528119117],[100.592041015625,13.67999909061912],[100.59091796875003,13.67706940311912],[100.58310546875003,13.66351959843162],[100.54970703125002,13.657733465619117],[100.54306640625003,13.64020416874412],[100.5517578125,13.62665436405662],[100.58740234375,13.61664459843162],[100.59775390625003,13.61225006718162]]]}},{"type":"Feature","properties":{"fillColor":"#00ffff"},"geometry":{"type":"MultiLineString","coordinates":[[[100.083251953125,15.237176824994123],[100.07509765625002,15.22467682499412],[100.053955078125,15.17853424686912],[100.05244140625001,15.16339752811912],[100.0439453125,15.15314362186912],[100.03408203125002,15.144305731244117],[100.029296875,15.14350006718162],[100.0244140625,15.13825104374412],[100.01904296875,15.133563543744117],[100.01416015625,15.130731512494123],[100.015869140625,15.12494537968162],[100.02001953125,15.12006256718162],[100.0224609375,15.119891668744117],[100.02392578125,15.114129949994123],[100.02724609375002,15.10895416874412],[100.02978515625,15.10236237186912],[100.029296875,15.09259674686912],[100.02236328125002,15.08014557499412],[100.01416015625,15.07318756718162],[100.01093750000001,15.06659577030662],[100.01904296875,15.05499909061912],[100.02978515625,15.04950592655662],[100.04150390625,15.04584381718162],[100.047119140625,15.039911199994123],[100.03916015625003,15.02741119999412],[100.02431640625002,15.011249090619117],[100.017822265625,15.000848699994123],[100.015625,14.99017975468162],[100.02480468750002,14.974237371869123],[100.06191406250002,14.959100653119123],[100.07021484375002,14.93866608280662],[100.073974609375,14.90131256718162],[100.083251953125,14.86664459843162],[100.1015625,14.835223699994117],[100.10439453125002,14.825702215619117],[100.10205078125,14.81476471561912],[100.09228515625,14.80353424686912],[100.09003906250001,14.794305731244123],[100.096923828125,14.709002996869117],[100.102783203125,14.69537994999412],[100.1142578125,14.67938873905662],[100.12841796875,14.666131903119123],[100.1416015625,14.66058991093162],[100.14707031250003,14.65058014530662],[100.14794921875,14.628436590619117],[100.144775390625,14.59296295780662],[100.12158203125,14.52411530155662],[100.117431640625,14.48749420780662],[100.12490234375002,14.44830963749412],[100.136474609375,14.442743231244123],[100.13857421875002,14.44208405155662],[100.138671875,14.437274481244117],[100.13730468750003,14.42536041874412],[100.13857421875002,14.421014715619123],[100.14853515625003,14.40863678593162],[100.15517578125002,14.403338934369117],[100.162109375,14.401141668744117],[100.16103515625002,14.391620184369117],[100.144775390625,14.33222077030662],[100.14560546875003,14.32648346561912],[100.15195312500003,14.32330963749412],[100.15214843749999,14.31793854374412],[100.1494140625,14.31232330936912],[100.14111328125,14.302850653119123],[100.13857421875002,14.297479559369123],[100.1318359375,14.26581452030662],[100.12832031250002,14.23200104374412],[100.117431640625,14.19562409061912],[100.117431640625,14.174579168744117],[100.12841796875,14.15949127811912],[100.131103515625,14.15412018436912],[100.13144531250003,14.143817449994117],[100.128662109375,14.12763092655662],[100.131103515625,14.11994049686912],[100.137939453125,14.11298248905662],[100.145263671875,14.11054108280662],[100.152587890625,14.10919830936912],[100.158935546875,14.105731512494117],[100.1650390625,14.10040924686912],[100.16748046875,14.098895574994117],[100.16904296875003,14.095721746869117],[100.17255859375001,14.085223699994117],[100.17714843750002,14.013788153119123],[100.18349609375002,13.97968170780662],[100.199951171875,13.975360418744117],[100.214111328125,13.926874090619123],[100.22412109375,13.83551666874412],[100.220458984375,13.82453034061912],[100.21152343750003,13.81976959843162],[100.1982421875,13.815057684369123],[100.18916015625001,13.806512762494123],[100.193115234375,13.79035065311912],[100.20302734375002,13.787127996869117],[100.23427734375002,13.78937409061912],[100.24091796875001,13.78693268436912],[100.24746093750002,13.773797918744123],[100.26171875,13.773700262494117],[100.27597656250003,13.77692291874412],[100.282470703125,13.77362702030662],[100.27890625000003,13.754999090619123],[100.26953125,13.751581121869123],[100.25625,13.75311920780662],[100.24091796875001,13.749383856244123],[100.23789062500003,13.740985418744117],[100.235595703125,13.72833893436912],[100.2294921875,13.721063543744123],[100.21425781250002,13.72894928593162],[100.204833984375,13.71393463749412],[100.21425781250002,13.70868561405662],[100.24091796875001,13.70844147343162],[100.24326171875003,13.703387762494117],[100.24169921875,13.69550202030662],[100.2431640625,13.68903229374412],[100.254638671875,13.688006903119117],[100.25820312500002,13.691180731244117],[100.2607421875,13.698016668744117],[100.26210937500002,13.70648834843162],[100.261962890625,13.71466705936912],[100.27236328125002,13.70758698124412],[100.2734375,13.696405340619123],[100.26894531250002,13.68414948124412],[100.261962890625,13.673700262494123],[100.2666015625,13.66974518436912],[100.26679687500001,13.66913483280662],[100.26474609375003,13.66742584843162],[100.261962890625,13.660028387494123],[100.240478515625,13.666864324994123],[100.23095703125,13.667499090619117],[100.22089843750001,13.66376373905662],[100.22089843750001,13.65521881718162],[100.22675781250001,13.646014715619117],[100.23476562500002,13.64020416874412],[100.22451171875002,13.63434479374412],[100.220458984375,13.63275787968162],[100.220458984375,13.62653229374412],[100.22509765625,13.624383856244123],[100.229736328125,13.62103912968162],[100.23476562500002,13.61908600468162],[100.23476562500002,13.61225006718162],[100.22988281250002,13.59235260624412],[100.243896484375,13.565301824994123],[100.263427734375,13.537860418744117],[100.27316257766535,13.52003374368922]]]}},{"type":"Feature","properties":{"fillColor":"#00ffff"},"geometry":{"type":"MultiLineString","coordinates":[[[114.761962890625,1.76019928593162],[114.76953125,1.77789948124412],[114.787353515625,1.789081121869117],[114.82333984375003,1.80487702030662],[114.833984375,1.822040106244117],[114.85546875,1.87055084843162],[114.86835937500001,1.880633856244117],[114.88242187500003,1.88495514530662],[114.890380859375,1.89533112186912],[114.89599609375,1.907733465619117],[114.90244140625003,1.91815827030662],[114.91328125000001,1.92706940311912],[114.947509765625,1.94269440311912],[114.97324218750003,1.930780340619108],[114.99619140625003,1.944208074994108],[115.01962890625003,1.96527741093162],[115.046875,1.976190496869108],[115.057861328125,1.972186590619117],[115.070556640625,1.953876043744117],[115.084716796875,1.948846746869108]]]}},{"type":"Feature","properties":{"fillColor":"#00ffff"},"geometry":{"type":"MultiLineString","coordinates":[[[115.084716796875,1.948846746869108],[115.09482421875003,1.951434637494117],[115.13925781250003,1.969989324994117],[115.15009765625001,1.962030340619108],[115.162353515625,1.96552155155662],[115.18740234375002,1.98016998905662],[115.234375,1.987909246869108],[115.24912109375003,1.99335358280662],[115.26259765625002,2.002948309369117],[115.2841796875,2.02362702030662],[115.299560546875,2.03034088749412],[115.3203125,2.032245184369117],[115.3359375,2.027460028119108],[115.365478515625,2.005389715619117],[115.38232421875,1.998895574994108],[115.40156250000001,1.99970123905662],[115.480224609375,2.02667877811912],[115.49160156250002,2.02069733280662],[115.49560546875,1.993915106244117],[115.50244140625,1.96771881718162],[115.519775390625,1.95929596561912],[115.542236328125,1.96222565311912],[115.62636718750002,1.994647528119117],[115.64980468750002,1.997333074994117],[115.65595703125001,2.000360418744108],[115.658935546875,2.00800202030662],[115.66005859375002,2.02802155155662],[115.66259765625,2.04279205936912],[115.66904296875003,2.051141668744108],[115.68798828125,2.065545965619108],[115.697021484375,2.07782623905662],[115.708251953125,2.09686920780662],[115.71748046875001,2.118280340619108],[115.72158203125002,2.13788483280662],[115.72763671875003,2.152704168744108],[115.74179687500003,2.16315338749412],[115.7578125,2.172137762494117],[115.76923828125001,2.182245184369108],[115.772216796875,2.19074127811912],[115.77392578125,2.209588934369108],[115.776123046875,2.21637604374412],[115.78125,2.21771881718162],[115.794921875,2.224969793744108],[115.806640625,2.23309967655662],[115.80673828125003,2.23688385624412],[115.81162109375003,2.240350653119108],[115.8173828125,2.24701569218162],[115.82480468750003,2.25116608280662],[115.83447265625,2.24713776249412],[115.84267578125002,2.237909246869108],[115.84970703125003,2.226581121869117],[115.85507812500003,2.21442291874412],[115.85800781250003,2.20270416874412],[115.857177734375,2.17243073124412],[115.85800781250003,2.16181061405662],[115.86259765624999,2.150653387494117],[115.876220703125,2.12799713749412],[115.87919921874999,2.117059637494108],[115.88232421875,2.09332916874412],[115.8916015625,2.076190496869117],[115.90673828125,2.063104559369108],[115.92763671875002,2.05194733280662],[115.94921875,2.04462311405662],[115.96445312500003,2.04547760624412],[115.980712890625,2.04950592655662],[116.02890625000003,2.05451080936912],[116.044677734375,2.060565496869117],[116.057373046875,2.067401434369117],[116.071533203125,2.072381903119108],[116.09033203125,2.07416412968162],[116.102783203125,2.073504949994117],[116.11484375000003,2.07575104374412],[116.14697265625,2.09577057499412],[116.15634765625003,2.10419342655662],[116.16259765625,2.11566803593162],[116.167236328125,2.13446686405662],[116.174560546875,2.20575592655662],[116.18271484375003,2.23920319218162],[116.20126953125003,2.27167389530662],[116.19814453125002,2.311151434369108],[116.22080078125003,2.355731512494117],[116.27988281250003,2.42780182499412],[116.28515625,2.438104559369108],[116.28945312500002,2.44293854374412],[116.29248046875,2.44464752811912],[116.30019531250002,2.447137762494108],[116.3037109375,2.44916412968162],[116.33251953125,2.472919012494117],[116.334716796875,2.47711823124412],[116.35664062500001,2.48004791874412],[116.37177734375001,2.48847077030662],[116.38291015625003,2.501483465619117],[116.39306640625,2.518085028119117],[116.4,2.534540106244108],[116.404541015625,2.54230377811912],[116.41357421875,2.55158112186912],[116.4375,2.562616278119108],[116.449462890625,2.57062409061912],[116.46279296875002,2.60150787968162],[116.532470703125,2.685663153119108],[116.58144531250002,2.73358795780662],[116.59169921875002,2.74738190311912],[116.59970703125003,2.76105377811912],[116.618896484375,2.77875397343162],[116.64169921875003,2.795282293744108],[116.66064453125,2.805438543744117],[116.70107421875002,2.80805084843162],[116.7255859375,2.78742096561912],[116.7568359375,2.724139715619117],[116.77402343750003,2.70416901249412],[116.78525390625003,2.70636627811912],[116.79648437500003,2.71747467655662],[116.81416015625001,2.724139715619117],[116.8291015625,2.732684637494117],[116.84492187500001,2.75202057499412],[116.8857421875,2.82050202030662],[116.8994140625,2.82965729374412],[116.924072265625,2.832782293744117],[116.94384765625,2.830194403119108],[117.00996093750001,2.812274481244117],[117.07949218750002,2.807733465619108],[117.095458984375,2.80231354374412],[117.10976562500002,2.770282293744117],[117.11240234375003,2.76788971561912],[117.13349609375001,2.74396393436912],[117.15712890625002,2.74213287968162],[117.17431640625,2.75360748905662],[117.201904296875,2.791766668744117],[117.21083984375002,2.783710028119117],[117.22158203125002,2.770038153119117],[117.229736328125,2.76447174686912],[117.241455078125,2.761981512494117],[117.25048828125,2.764667059369117],[117.25849609375001,2.769061590619117],[117.26699218750002,2.77130768436912],[117.30087890625003,2.76850006718162],[117.31171875000001,2.77130768436912],[117.31748046875003,2.776385809369117],[117.32929687500001,2.79474518436912],[117.33554687500003,2.80231354374412],[117.332763671875,2.80512116093162],[117.33925781250002,2.82037994999412],[117.34814453125,2.83173248905662],[117.35263671875003,2.82282135624412],[117.355712890625,2.821161199994108],[117.373046875,2.86066315311912],[117.379638671875,2.88580963749412],[117.38720703125,2.89252350468162],[117.403564453125,2.89484284061912],[117.41611328125003,2.901385809369117],[117.423583984375,2.914081121869117],[117.432373046875,2.92230866093162],[117.4482421875,2.915301824994117],[117.47216796875,2.933368231244117],[117.48203125000003,2.936883856244108],[117.49599609375002,2.936395574994108],[117.509033203125,2.93305084843162],[117.52880859375,2.924676824994108],[117.54384765625002,2.922137762494117]]]}},{"type":"Feature","properties":{"fillColor":"#00ffff"},"geometry":{"type":"MultiLineString","coordinates":[[[114.83759765625001,0.56476471561912],[114.86767578125,0.49677155155662],[114.87636718750002,0.45612213749412],[114.88320312500002,0.43829987186912],[114.88271484375002,0.42291901249412],[114.864990234375,0.407098699994108],[114.846923828125,0.402606512494117],[114.81015625000003,0.40509674686912],[114.79296875,0.39679596561912],[114.78662109375,0.39679596561912],[114.76621093750003,0.400506903119108],[114.761962890625,0.39679596561912],[114.75966796875002,0.386346746869108],[114.747314453125,0.360858465619117],[114.741455078125,0.35187409061912],[114.72607421875,0.33966705936912],[114.7080078125,0.33051178593162],[114.693115234375,0.317645574994117],[114.68671875000001,0.294452215619117],[114.67841796875001,0.27301666874412],[114.662109375,0.266620184369117],[114.65126953125002,0.257684637494108],[114.658935546875,0.22894928593162]]]}},{"type":"Feature","properties":{"fillColor":"#00ffff"},"geometry":{"type":"MultiLineString","coordinates":[[[114.658935546875,0.22894928593162],[114.666259765625,0.216913153119108],[114.672119140625,0.20941803593162],[114.67509765624999,0.201532293744108],[114.673095703125,0.188006903119117],[114.66845703125,0.17938873905662],[114.659423828125,0.167987371869117],[114.649658203125,0.158075262494108],[114.64208984375,0.153827215619117],[114.600830078125,0.153827215619117],[114.59589843750001,0.15082428593162],[114.59003906250001,0.14398834843162],[114.58193359375002,0.13703034061912],[114.570068359375,0.13336823124412],[114.570556640625,0.135858465619108],[114.54345703125,0.14704010624412],[114.52822265625002,0.159930731244117],[114.51210937500002,0.17743561405662],[114.49453125000002,0.18317291874412],[114.47646484375002,0.17206452030662],[114.4599609375,0.15607330936912],[114.447265625,0.14704010624412],[114.43447265625002,0.15045807499412],[114.3857421875,0.17059967655662],[114.376220703125,0.178338934369108],[114.35400390625,0.176874090619108],[114.31005859375,0.167499090619117],[114.28847656250002,0.16705963749412],[114.278564453125,0.16583893436912],[114.2685546875,0.161249090619108],[114.264404296875,0.15570709843162],[114.2548828125,0.13727448124412],[114.244384765625,0.124139715619108],[114.23828125,0.104852606244108],[114.22939453125002,0.087762762494108],[114.2138671875,0.085565496869108],[114.2099609375,0.09210846561912],[114.20810546875003,0.113641668744108],[114.20644531250002,0.11908600468162],[114.193359375,0.120233465619108],[114.186279296875,0.11273834843162],[114.181640625,0.103290106244117],[114.17597656250001,0.09857819218162],[114.17138671875,0.08673737186912],[114.1767578125,0.060077215619117],[114.18603515625,0.03217194218162],[114.193359375,0.01666901249412],[114.22412109375,0.00018952030662],[114.26318359375,-0.01116301875588],[114.294921875,-0.02910735469338],[114.30322265625,-0.065264581255889],[114.296875,-0.08977630000588],[114.28662109375,-0.11370208125588],[114.271875,-0.13469817500588],[114.25205078125003,-0.15032317500588],[114.2265625,-0.15935637813088],[114.1728515625,-0.16863372188088],[114.14785156250002,-0.18035247188088],[114.114501953125,-0.20720794063088],[114.084375,-0.242510675005889],[114.070556640625,-0.28215911250588],[114.0869140625,-0.32219817500588],[114.08964843749999,-0.33904387813088],[114.06240234375002,-0.40105559688088],[114.06162109375003,-0.42156340938088],[114.06650390625003,-0.441924737505886],[114.07558593750002,-0.457549737505886],[114.0869140625,-0.46379973750588],[114.10107421875,-0.46941497188088],[114.11328125,-0.482745050005889],[114.13193359375003,-0.51091887813088],[114.15380859375,-0.53142669063088],[114.20498046875002,-0.56585051875588],[114.2275390625,-0.58660247188088],[114.239013671875,-0.60198333125588],[114.242919921875,-0.61345794063088],[114.24169921875,-0.65154387813088],[114.25058593750003,-0.65935637813088],[114.32099609375001,-0.69060637813088],[114.333984375,-0.699737237505886],[114.35791015625,-0.723174737505886],[114.3671875,-0.738799737505886],[114.37490234375002,-0.745147393755886],[114.3857421875,-0.743682550005886],[114.39072265625003,-0.73723723750588],[114.38916015625,-0.72893645625588],[114.37841796875,-0.709502862505886],[114.41103515625002,-0.712920831255886],[114.468017578125,-0.727373956255889],[114.50185546875002,-0.73064544063088],[114.4990234375,-0.726104425005886],[114.49560546875,-0.723174737505886],[114.509033203125,-0.71721770625588],[114.577880859375,-0.71453215938088],[114.58544921875,-0.711748956255889],[114.58388671875002,-0.685577081255886],[114.58964843749999,-0.67766692500588],[114.60009765625,-0.67131926875588],[114.60498046875,-0.66179778438088],[114.583251953125,-0.62737395625588],[114.58759765625001,-0.617510675005889],[114.60117187500003,-0.617022393755889],[114.617919921875,-0.62761809688088],[114.62265625000003,-0.618487237505889],[114.62763671875001,-0.616729425005886],[114.63906250000002,-0.620147393755886],[114.638671875,-0.62224700313088],[114.63906250000002,-0.626495050005886],[114.64111328125,-0.63128020625588],[114.645263671875,-0.633819268755886],[114.65048828125003,-0.63347747188088],[114.65595703125001,-0.628741143755889],[114.686279296875,-0.62127044063088],[114.69716796875002,-0.620147393755886],[114.70263671875,-0.622393487505889],[114.71142578125,-0.631670831255889],[114.71728515625,-0.633819268755886],[114.72324218750003,-0.631670831255889],[114.72910156250003,-0.626983331255886],[114.7333984375,-0.622393487505889],[114.734619140625,-0.620147393755886],[114.766357421875,-0.618682550005886],[114.78066406250002,-0.620635675005886],[114.79160156250003,-0.61956145625588],[114.796630859375,-0.620147393755886],[114.79794921875003,-0.62420012813088],[114.796630859375,-0.631377862505886],[114.79599609375003,-0.638213800005886],[114.80009765624999,-0.64128997188088],[114.8125,-0.64275481563088],[114.81669921874999,-0.64739348750588],[114.81435546875002,-0.65496184688088],[114.806640625,-0.66545989375588],[114.802978515625,-0.675127862505889],[114.80810546875,-0.68181731563088],[114.82333984375003,-0.68962981563088],[114.836669921875,-0.69890715938088],[114.84736328125001,-0.708526300005886],[114.85488281250002,-0.721514581255889],[114.85751953125003,-0.740264581255886],[114.861083984375,-0.746905206255889],[114.869873046875,-0.74895598750588],[114.88037109375,-0.75017669063088],[114.88916015625,-0.753936456255886],[114.89414062500003,-0.76287200313088],[114.89316406250003,-0.781084893755889],[114.89902343750003,-0.79143645625588],[114.90869140625,-0.794756768755889],[114.91552734375,-0.79021575313088],[114.919189453125,-0.78972747188088],[114.919677734375,-0.80510833125588],[114.914794921875,-0.81414153438088],[114.90673828125,-0.82537200313088],[114.90439453125003,-0.83513762813088],[114.935791015625,-0.84832122188088],[114.932373046875,-0.867705987505886],[114.91982421875002,-0.886748956255886],[114.91269531250003,-0.89446380000588],[114.9111328125,-0.908721612505886],[114.91416015625003,-0.919952081255886],[114.92148437500003,-0.92717864375588],[114.93320312500003,-0.929229425005886],[114.9091796875,-0.957061456255886],[114.837158203125,-0.96135833125588],[114.817138671875,-0.99065520625588],[114.81904296875001,-1.01116301875588],[114.82929687500001,-1.028155206255889],[114.85751953125003,-1.05901458125588],[114.889404296875,-1.114580987505889],[114.892822265625,-1.128448175005886],[114.884033203125,-1.14202239375588],[114.83759765625001,-1.183135675005886],[114.80341796875001,-1.237139581255889],[114.78330078125003,-1.254717706255889],[114.77724609375002,-1.26555755000588],[114.782958984375,-1.27800872188088],[114.79843750000003,-1.28508880000588],[114.813232421875,-1.28020598750588],[114.83759765625001,-1.257647393755889],[114.841796875,-1.27605559688088],[114.833984375,-1.31292083125588],[114.841064453125,-1.319659112505889],[114.88193359375003,-1.319659112505889],[114.89443359375002,-1.325518487505889],[114.8896484375,-1.33855559688088],[114.87177734375001,-1.360674737505889],[114.868896484375,-1.374541925005886],[114.870361328125,-1.380205987505889],[114.87568359375001,-1.38445403438088],[114.88535156250003,-1.39470794063088],[114.890625,-1.398955987505886],[114.90185546875,-1.410967706255889],[114.90927734375003,-1.42327239375588],[114.90244140625003,-1.42888762813088],[114.88818359375,-1.436358331255889],[114.881591796875,-1.453643487505886],[114.877197265625,-1.53679778438088],[114.87265625000003,-1.557452081255889],[114.86123046875002,-1.56609465938088]]]}},{"type":"Feature","properties":{"fillColor":"#00ffff"},"geometry":{"type":"MultiLineString","coordinates":[[[114.86123046875002,-1.56609465938088],[114.8466796875,-1.567413018755886],[114.84228515625,-1.57195403438088],[114.845458984375,-1.61150481563088],[114.84169921875002,-1.617022393755889],[114.83076171875001,-1.62810637813088],[114.82509765625002,-1.632354425005886],[114.818115234375,-1.63640715938088],[114.812255859375,-1.64153411250588],[114.809814453125,-1.64861419063088],[114.81289062500002,-1.65886809688088],[114.827392578125,-1.681475518755889],[114.83076171875001,-1.69329192500588],[114.828125,-1.717120050005889],[114.820556640625,-1.736651300005889],[114.7783203125,-1.818194268755889],[114.77480468750002,-1.839190362505889],[114.782958984375,-1.854034112505886],[114.79482421875002,-1.85588958125588],[114.818603515625,-1.845733331255886],[114.83076171875001,-1.847198175005886],[114.840576171875,-1.855987237505886],[114.84326171875,-1.865752862505886],[114.843017578125,-1.87639739375588],[114.844482421875,-1.888213800005886],[114.84765625,-1.89348723750588],[114.85546875,-1.89641692500588],[114.85751953125003,-1.90178801875588],[114.85664062500001,-1.90740325313088],[114.851318359375,-1.922393487505886],[114.85429687499999,-1.93425872188088],[114.85751953125003,-1.942705987505889],[114.88974609375003,-1.99724700313088],[114.892822265625,-2.01506926875588],[114.891357421875,-2.034698175005886],[114.886474609375,-2.056182550005886],[114.87890625,-2.07586028438088],[114.86835937500001,-2.09050872188088],[114.8623046875,-2.105303643755889],[114.86181640625,-2.12468840938088],[114.85908203125001,-2.141631768755886],[114.84794921874999,-2.14885833125588],[114.836669921875,-2.15081145625588],[114.834228515625,-2.156084893755889],[114.84511718750002,-2.20696380000588],[114.84794921874999,-2.21404387813088],[114.861083984375,-2.22771575313088],[114.86835937500001,-2.23064544063088],[114.88193359375003,-2.23137786250588],[114.88320312500002,-2.236358331255886],[114.88222656250002,-2.261553643755889],[114.88535156250003,-2.271807550005889],[114.87978515625002,-2.274737237505889],[114.87841796875,-2.279131768755889],[114.87880859375002,-2.28508880000588],[114.878662109375,-2.29290130000588],[114.878662109375,-2.28606536250588],[114.878662109375,-2.326495050005889],[114.88173828125002,-2.33587005000588],[114.89101562500002,-2.352373956255889],[114.89492187500002,-2.362823175005886],[114.8994140625,-2.367705987505886],[114.90390625000003,-2.374346612505889],[114.90585937500003,-2.38445403438088],[114.90771484375,-2.418780206255889],[114.90585937500003,-2.429522393755889],[114.90185546875,-2.44036223750588],[114.88535156250003,-2.47039153438088],[114.87216796875003,-2.507647393755889],[114.86835937500001,-2.51506926875588],[114.82177734375,-2.562041925005886],[114.809814453125,-2.58025481563088],[114.80097656250001,-2.599639581255886],[114.794677734375,-2.62151458125588],[114.790625,-2.644073175005886],[114.78916015625003,-2.66594817500588],[114.78515625,-2.68889739375588],[114.77490234375,-2.70525481563088],[114.74892578125002,-2.73113372188088],[114.7431640625,-2.74309661250588],[114.73652343750001,-2.764190362505886],[114.73525390625002,-2.784209893755886],[114.7451171875,-2.79314544063088],[114.76416015625,-2.797198175005889],[114.77236328125002,-2.80779387813088],[114.782958984375,-2.84099700313088],[114.79140625000002,-2.85320403438088],[114.797119140625,-2.85759856563088],[114.80097656250001,-2.862334893755886],[114.80341796875001,-2.87517669063088],[114.803125,-2.887237237505886],[114.79794921875003,-2.908038018755889],[114.796630859375,-2.91985442500588],[114.79238281250002,-2.927276300005886],[114.765380859375,-2.953936456255889],[114.760498046875,-2.963897393755886],[114.7626953125,-2.97307708125588],[114.76708984375,-2.98211028438088],[114.76884765624999,-2.991729425005886],[114.75625,-3.023760675005889],[114.732177734375,-3.043291925005889],[114.673095703125,-3.07366301875588],[114.65175781250002,-3.097979425005889],[114.638671875,-3.10979583125588],[114.621337890625,-3.11467864375588],[114.60761718750001,-3.12151458125588],[114.59531250000003,-3.137237237505886],[114.55673828125003,-3.214678643755889],[114.546875,-3.228350518755889],[114.54375,-3.23821380000588],[114.546875,-3.25017669063088],[114.55341796875001,-3.261553643755889],[114.56015625000003,-3.26921965938088],[114.56591796875,-3.27800872188088],[114.56728515625002,-3.28948333125588],[114.56386718750002,-3.31389739375588],[114.56064453125003,-3.32219817500588],[114.5517578125,-3.337725518755889],[114.55029296875,-3.34807708125588]]]}},{"type":"Feature","properties":{"fillColor":"#00ffff"},"geometry":{"type":"MultiLineString","coordinates":[[[100.55009765624999,-0.56560637813088],[100.571875,-0.558623956255886],[100.58974609375002,-0.556963800005889],[100.62880859375002,-0.558623956255886],[100.637451171875,-0.56096770625588],[100.65156250000001,-0.57073333125588],[100.66269531250003,-0.57293059688088],[100.68603515625,-0.57268645625588],[100.696875,-0.57439544063088],[100.70703125,-0.579131768755886],[100.77011718750003,-0.65862395625588],[100.806884765625,-0.68425872188088],[100.85166015625003,-0.665557550005886],[100.86611328125002,-0.652178643755889],[100.867431640625,-0.648955987505886],[100.86806640625002,-0.641436456255889],[100.8701171875,-0.63762786250588],[100.88828125000003,-0.62639739375588],[100.904541015625,-0.62932708125588],[100.937255859375,-0.64714934688088]]]}},{"type":"Feature","properties":{"fillColor":"#00ffff"},"geometry":{"type":"MultiLineString","coordinates":[[[100.937255859375,-0.64714934688088],[100.93994140625,-0.657745050005886],[100.97236328125001,-0.66741301875588],[101.00380859375002,-0.67156340938088],[101.02978515625,-0.66228606563088],[101.04628906250002,-0.63201262813088],[101.0498046875,-0.596221612505886],[101.05458984375002,-0.57903411250588],[101.06630859375002,-0.56804778438088],[101.08349609375,-0.566436456255886],[101.09951171875002,-0.57268645625588],[101.11474609375,-0.581377862505889],[101.12949218750003,-0.587432550005886],[101.13173828125002,-0.59832122188088],[101.15244140625003,-0.60662200313088],[101.19091796875,-0.632354425005886],[101.2109375,-0.642901300005889],[101.23720703125002,-0.64666106563088],[101.259521484375,-0.64080169063088],[101.28173828125,-0.632159112505889],[101.306640625,-0.62761809688088],[101.369140625,-0.623858331255889],[101.40380859375,-0.61492278438088],[101.415283203125,-0.61663176875588],[101.45400390625002,-0.65374114375588],[101.46240234375,-0.65886809688088],[101.471923828125,-0.661163018755886],[101.48505859375001,-0.661651300005886],[101.49755859375,-0.657061456255889],[101.501220703125,-0.64544036250588],[101.501220703125,-0.63176848750588],[101.50283203125002,-0.620147393755886],[101.511962890625,-0.60369231563088],[101.52744140625003,-0.58342864375588],[101.54677734375002,-0.565948175005886],[101.5673828125,-0.558623956255886],[101.58095703125002,-0.54900481563088],[101.63242187500003,-0.49041106563088],[101.66445312500002,-0.467803643755886],[101.67929687500003,-0.459502862505886],[101.697998046875,-0.456377862505889],[101.7431640625,-0.459795831255889],[101.76406250000002,-0.46599700313088],[101.78271484375,-0.47673919063088],[101.79160156250003,-0.48674895625588],[101.80039062500003,-0.504229425005889],[101.81064453125003,-0.51091887813088],[101.91357421875,-0.53313567500588],[101.9267578125,-0.53826262813088],[101.932373046875,-0.54265715938088],[101.94775390625,-0.558623956255886],[101.95556640625,-0.556963800005889],[101.97451171875002,-0.54558684688088],[101.978515625,-0.54802825313088],[101.98398437500003,-0.55242278438088],[101.98828125,-0.556670831255886],[101.98876953125,-0.558623956255886],[101.98759765624999,-0.55925872188088],[102.00380859375002,-0.55950286250588],[102.00244140625,-0.558623956255886],[102.00693359375003,-0.558135675005886],[102.01601562500002,-0.553545831255889],[102.02294921875,-0.551788018755886],[102.02841796875003,-0.553741143755886],[102.03759765625,-0.56389739375588],[102.04404296875003,-0.56560637813088],[102.063720703125,-0.55462005000588],[102.083984375,-0.53557708125588],[102.104736328125,-0.521319268755889],[102.1259765625,-0.525225518755889],[102.12880859375002,-0.498858331255889],[102.14218750000003,-0.495635675005886],[102.16044921874999,-0.49944426875588],[102.18759765625003,-0.490264581255886],[102.21621093750002,-0.487139581255889],[102.22216796875,-0.47991301875588],[102.22666015625003,-0.47014739375588],[102.24824218750001,-0.451202081255886],[102.25634765625,-0.441924737505886]]]}},{"type":"Feature","properties":{"fillColor":"#00ffff"},"geometry":{"type":"MultiLineString","coordinates":[[[102.25634765625,-0.441924737505886],[102.24892578125002,-0.419756768755889],[102.2734375,-0.40252044063088],[102.31093750000002,-0.39128997188088],[102.341552734375,-0.38738372188088],[102.39658203125003,-0.33587005000588],[102.41103515625002,-0.326983331255889],[102.42392578125003,-0.331573175005886],[102.43427734375001,-0.342803643755886],[102.441162109375,-0.35393645625588],[102.452392578125,-0.341631768755889],[102.45947265625,-0.344073175005889],[102.466064453125,-0.35295989375588],[102.47607421875,-0.36003997188088],[102.48291015625,-0.36077239375588],[102.49765625000003,-0.358916925005886],[102.509521484375,-0.36003997188088],[102.58349609375,-0.403155206255889],[102.59824218750003,-0.40105559688088],[102.61123046875002,-0.41301848750588],[102.62314453125003,-0.41130950313088],[102.634765625,-0.40642669063088],[102.64599609375,-0.408526300005889],[102.65195312500003,-0.419463800005886],[102.652587890625,-0.43303801875588],[102.65439453125003,-0.44451262813088],[102.66367187500003,-0.44939544063088],[102.67236328125,-0.445147393755889],[102.68154296875002,-0.43645598750588],[102.69033203125002,-0.42986419063088],[102.6982421875,-0.43206145625588],[102.7021484375,-0.442413018755886],[102.702880859375,-0.456377862505889],[102.701416015625,-0.482940362505886],[102.71142578125,-0.476885675005889],[102.726318359375,-0.45989348750588],[102.73544921875003,-0.456377862505889],[102.747802734375,-0.460479425005886],[102.75507812500001,-0.471026300005889],[102.760498046875,-0.48357512813088],[102.76679687500001,-0.49382903438088],[102.78525390625003,-0.509600518755889],[102.805908203125,-0.521514581255886],[102.82832031250001,-0.52922942500588],[102.85214843750003,-0.532061456255889],[102.89306640625,-0.52361419063088],[103.048583984375,-0.42571380000588],[103.16015625,-0.337725518755889],[103.189697265625,-0.32097747188088],[103.22265625,-0.312334893755889],[103.25732421875,-0.315459893755886],[103.34560546875002,-0.36003997188088]]]}},{"type":"Feature","properties":{"fillColor":"#00ffff"},"geometry":{"type":"MultiLineString","coordinates":[[[103.70013784614058,22.74591443881831],[103.72607421875,22.71649811405662],[103.73806147453394,22.706451241403176]],[[103.75893516893841,22.688956382423893],[103.7939453125,22.65961334843162],[103.80488281250001,22.647577215619123],[103.80927734375001,22.63898346561912],[103.82949218750002,22.609393621869117],[103.8359375,22.602899481244123],[103.84384765625003,22.599481512494123],[103.84722901417534,22.595890657393003]],[[103.84874831083823,22.594277230393395],[103.86630859375003,22.57562897343162],[103.87171773095201,22.573938618056]],[[103.90284990340469,22.557896646859554],[103.91493639113351,22.53672487696969]],[[103.91610266395642,22.534681929474143],[103.91679687499999,22.533465887494117],[103.92509765624999,22.528436590619123],[103.94033203125002,22.52484772343162],[103.95058593750002,22.51666901249412],[103.95096259674968,22.51625936895989]],[[103.9561753676151,22.510590112510183],[103.959228515625,22.50726959843162],[103.96933593750003,22.500506903119117],[103.97705078125,22.487665106244123],[103.988037109375,22.47577545780662],[104.0517578125,22.42413971561912]]]}},{"type":"Feature","properties":{"fillColor":"#00ffff"},"geometry":{"type":"MultiLineString","coordinates":[[[104.0517578125,22.42413971561912],[104.09912109375,22.383807684369117],[104.126953125,22.37018463749412],[104.1376953125,22.36163971561912],[104.18076171875003,22.316034246869123],[104.22265625,22.281366278119123],[104.23056640625003,22.276971746869123],[104.24365234375,22.271600653119123],[104.24990234375002,22.26776764530662],[104.255615234375,22.26178619999412],[104.26455078125002,22.24774811405662],[104.27099609375,22.24042389530662],[104.30810546875,22.21527741093162],[104.31884765625,22.20502350468162],[104.33251953125,22.175311590619117],[104.341796875,22.16474030155662],[104.35292968750002,22.171502996869123],[104.35976562500002,22.171502996869123],[104.3642578125,22.159686590619117],[104.36962890625,22.15265534061912],[104.384033203125,22.140497137494123],[104.40761718750002,22.109491278119123],[104.42148437500003,22.09845612186912],[104.46962890625002,22.068475653119123],[104.471435546875,22.064471746869117],[104.48642578125003,22.044549871869123],[104.490234375,22.04462311405662],[104.49335937500001,22.039081121869117],[104.59248046875001,21.959247137494117],[104.58740234375,21.949335028119123],[104.59433593750003,21.938104559369123],[104.62050781250002,21.91766998905662],[104.62490234375002,21.921991278119123],[104.62763671875001,21.92340729374412],[104.640380859375,21.92511627811912],[104.6455078125,21.904559637494117],[104.73652343750001,21.83576080936912],[104.75527343750002,21.81098053593162],[104.76708984375,21.799579168744117],[104.78125,21.794794012494123],[104.79150390625,21.79425690311912],[104.798828125,21.791864324994123],[104.80332031250003,21.78668854374412],[104.80478515625003,21.777704168744123],[104.80410156250002,21.766473699994123],[104.80341796875001,21.76312897343162],[104.812255859375,21.753778387494123],[104.846435546875,21.72589752811912],[104.8564453125,21.713153387494117],[104.863037109375,21.70770905155662],[104.87060546875,21.70538971561912],[104.87451171875,21.703241278119123],[104.8740234375,21.693866278119117],[104.87744140625,21.69171784061912],[104.88330078125,21.69281647343162],[104.88593750000001,21.69513580936912],[104.887939453125,21.69745514530662],[104.89072265625003,21.69855377811912],[104.90029296875002,21.69647858280662],[104.90585937500003,21.691278387494123],[104.91464843750003,21.678094793744123],[104.92080078125002,21.673358465619117],[104.926513671875,21.66974518436912],[104.93154296875002,21.66510651249412],[104.93515625000003,21.657586981244123],[104.935546875,21.647821356244123],[104.93076171875003,21.643915106244123],[104.92490234375003,21.640887762494117],[104.922119140625,21.633417059369123],[104.92099609375003,21.62030670780662],[104.92011718750001,21.61554596561912],[104.92275390625002,21.61530182499412],[104.93212890625,21.61603424686912],[104.943359375,21.614276434369117],[104.95332031250001,21.60968659061912],[104.962158203125,21.603143621869123],[105.048828125,21.503045965619123],[105.057373046875,21.49652741093162],[105.086669921875,21.480096746869123],[105.13710937500002,21.43183014530662],[105.15878906250003,21.40399811405662],[105.17539062500003,21.37641022343162],[105.18310546875,21.34808991093162],[105.1884765625,21.342303778119117],[105.199462890625,21.33991119999412],[105.20087890625001,21.34760162968162],[105.20068359375,21.35773346561912],[105.20576171875001,21.362811590619117],[105.211669921875,21.37348053593162],[105.21484375,21.39350006718162],[105.22451171875002,21.405047918744117],[105.25048828125,21.39008209843162],[105.25830078125,21.377313543744123],[105.274658203125,21.333612371869123],[105.27783203125,21.318377996869117],[105.275634765625,21.30902741093162],[105.266357421875,21.299823309369117],[105.26416015625,21.290790106244117],[105.26806640625,21.28400299686912],[105.29150390625,21.266620184369117],[105.302978515625,21.26093170780662],[105.31201171875,21.25934479374412],[105.32929687500001,21.260370184369123],[105.336181640625,21.26581452030662],[105.348388671875,21.29205963749412],[105.353515625,21.30133698124412],[105.37353515625,21.308954168744123],[105.39492187500002,21.311542059369117],[105.41445312500002,21.307147528119117],[105.42587890625003,21.29205963749412]]]}},{"type":"Feature","properties":{"fillColor":"#00ffff"},"geometry":{"type":"MultiLineString","coordinates":[[[106.5009765625,20.29950592655662],[106.492431640625,20.29022858280662],[106.48681640625,20.286395574994117],[106.48085937500002,20.28412506718162],[106.474609375,20.28314850468162],[106.461669921875,20.28327057499412],[106.455078125,20.28449127811912],[106.44980468750003,20.287225653119123],[106.409423828125,20.316278387494123],[106.39453125,20.33295319218162],[106.38623046875,20.340448309369123],[106.3544921875,20.35553619999412],[106.34912109375,20.364520574994117],[106.334228515625,20.365594793744123],[106.32275390625,20.360711981244123],[106.302001953125,20.341424871869123],[106.291259765625,20.33417389530662],[106.278076171875,20.32953522343162],[106.267333984375,20.33148834843162],[106.263916015625,20.34406159061912],[106.26806640625,20.35687897343162],[106.274658203125,20.367450262494117],[106.27978515625,20.378436590619117],[106.279296875,20.39252350468162],[106.27197265625,20.40607330936912],[106.26132812500003,20.41095612186912],[106.233642578125,20.40961334843162],[106.21933593750003,20.413592840619117],[106.2138671875,20.424335028119117],[106.2138671875,20.438592840619123],[106.21787109375003,20.46124909061912],[106.21748046875001,20.468524481244117],[106.21445312500003,20.474872137494117],[106.2080078125,20.480096746869123],[106.20166015625,20.482538153119123],[106.1953125,20.48419830936912],[106.189453125,20.486444403119123],[106.18408203125,20.49079010624412],[106.17744140625001,20.50372955936912],[106.17197265625003,20.532586981244123],[106.16757812500003,20.54633209843162],[106.158203125,20.55792877811912],[106.136474609375,20.575213934369117],[106.12998046875003,20.58869049686912],[106.12763671875001,20.616815496869123],[106.125,20.62506744999412],[106.112060546875,20.63153717655662],[106.076171875,20.61505768436912],[106.05927734375001,20.616571356244123],[106.05341796875001,20.622333074994117],[106.03125,20.653436590619123],[106.02675781250002,20.663202215619123],[106.02490234375,20.67365143436912],[106.02714843749999,20.684588934369117],[106.03095703125001,20.693963934369123],[106.03271484375,20.70184967655662],[106.02988281250003,20.708026434369117],[106.02001953125,20.71234772343162],[105.990478515625,20.714129949994117],[105.98105468750003,20.71710846561912],[105.96826171875,20.731708074994117],[105.96435546875,20.770868231244123],[105.95595703125002,20.786737371869123],[105.947265625,20.791131903119123],[105.92822265625,20.79584381718162],[105.92001953125003,20.801288153119117],[105.914794921875,20.809588934369117],[105.912109375,20.81940338749412],[105.9111328125,20.829706121869123],[105.911376953125,20.839618231244117],[105.91650390625,20.85590241093162],[105.923583984375,20.87213776249412],[105.924560546875,20.88666412968162],[105.91025390625003,20.89777252811912],[105.901123046875,20.901971746869123],[105.89609375000003,20.90717194218162],[105.89501953125,20.914325262494117],[105.89931640625002,20.933856512494117],[105.89589843750002,20.938592840619123],[105.89013671875,20.942645574994117],[105.884521484375,20.949823309369123],[105.885498046875,20.96674225468162],[105.89501953125,20.98395416874412],[105.90087890625,21.00043366093162],[105.89072265625003,21.015399481244117],[105.85947265625003,21.03058502811912],[105.85107421875,21.039667059369123],[105.846923828125,21.04987213749412],[105.841064453125,21.070819403119117],[105.83408203125003,21.079120184369117],[105.822509765625,21.08563873905662],[105.74892578125002,21.10919830936912],[105.73818359375002,21.11395905155662],[105.70849609375,21.13678619999412],[105.669921875,21.15753815311912],[105.65634765625003,21.16046784061912],[105.51406250000002,21.16742584843162],[105.50351562500003,21.16950104374412],[105.49423828125003,21.17365143436912],[105.47714843750003,21.18585846561912],[105.46533203125,21.19672272343162],[105.45556640625,21.208514715619117],[105.43984375000002,21.23590729374412],[105.433837890625,21.25250885624412],[105.42587890625003,21.29205963749412]]]}},{"type":"Feature","properties":{"fillColor":"#00ffff"},"geometry":{"type":"MultiLineString","coordinates":[[[113.46503906250001,1.20136139530662],[113.415283203125,1.16986725468162],[113.312744140625,1.08026764530662],[113.287109375,1.04743073124412],[113.27841796875003,1.01715729374412],[113.26406250000002,1.00983307499412],[113.23330078125002,0.96466705936912]]]}},{"type":"Feature","properties":{"fillColor":"#00ffff"},"geometry":{"type":"MultiLineString","coordinates":[[[113.23330078125002,0.96466705936912],[113.21748046875001,0.95368073124412],[113.20107421875002,0.95038483280662],[113.16367187500003,0.95014069218162],[113.13193359375003,0.94306061405662],[112.99560546875,0.884540106244117],[112.983642578125,0.883319403119117],[112.96347656250003,0.88666412968162],[112.95322265625003,0.886249090619117],[112.94443359375003,0.882440496869108],[112.927734375,0.870379949994117],[112.91845703125,0.86640045780662],[112.88369140625002,0.84699127811912],[112.87001953125002,0.836688543744117],[112.864501953125,0.82172272343162],[112.860595703125,0.81806061405662],[112.85175781250001,0.82221100468162],[112.84140625000003,0.828876043744117],[112.83349609375,0.83222077030662],[112.82363281250002,0.82977936405662],[112.81884765625,0.823993231244117],[112.815673828125,0.817157293744117],[112.810546875,0.811786199994117],[112.79257812500003,0.80609772343162],[112.77197265625,0.80621979374412],[112.7548828125,0.81513092655662],[112.747802734375,0.835956121869117],[112.73847656250001,0.84894440311912],[112.716796875,0.84674713749412],[112.67275390625002,0.83222077030662],[112.65087890625,0.831415106244108],[112.61660156250002,0.837909246869117],[112.59326171875,0.83966705936912],[112.5751953125,0.834735418744117],[112.5625,0.82306549686912],[112.55068359375002,0.80927155155662],[112.534912109375,0.79816315311912],[112.52695312500003,0.802362371869108],[112.52011718750003,0.804803778119108],[112.514404296875,0.804950262494117],[112.50820312500002,0.78766510624412],[112.50751953125001,0.78449127811912],[112.4951171875,0.784295965619108],[112.473876953125,0.789813543744117],[112.462890625,0.79132721561912],[112.453857421875,0.787713934369108],[112.443603515625,0.77924225468162],[112.43515625000003,0.768915106244108],[112.431884765625,0.760272528119117],[112.42626953125,0.75543854374412],[112.39990234375,0.73798248905662],[112.390869140625,0.72980377811912],[112.37451171875,0.69696686405662],[112.36347656250001,0.690204168744117],[112.31416015625001,0.68549225468162],[112.29296875,0.680780340619108],[112.27490234375,0.679803778119108],[112.26123046875,0.68829987186912],[112.24160156250002,0.677997137494117],[112.19257812500001,0.66730377811912],[112.175537109375,0.657245184369117],[112.16660156250003,0.650018621869108],[112.15673828125,0.647235418744117],[112.13427734375,0.64728424686912],[112.1318359375,0.643426824994108],[112.12451171875,0.634637762494108],[112.11435546875003,0.625360418744108],[112.103515625,0.61994049686912],[112.080078125,0.62128327030662],[112.04531250000002,0.642108465619117],[112.0244140625,0.64728424686912],[112.01845703125002,0.64508698124412],[112.00507812500001,0.635272528119117],[111.9970703125,0.633075262494117],[111.98984375000003,0.63617584843162],[111.98642578125003,0.64203522343162],[111.982421875,0.64520905155662],[111.97314453125,0.64044830936912],[111.96816406250002,0.632342840619117],[111.966552734375,0.622577215619117],[111.96328125000002,0.61322662968162],[111.95263671875,0.606317449994108],[111.94277343750002,0.609491278119108],[111.928955078125,0.61652252811912],[111.91650390625,0.617450262494117],[111.9111328125,0.60260651249412],[111.917724609375,0.594012762494117],[111.94921875,0.575799871869108],[111.95888671875002,0.56476471561912],[111.96142578125,0.54254791874412],[111.955078125,0.522821356244108],[111.94130859375002,0.50873444218162],[111.90273437500002,0.49872467655662],[111.89492187500002,0.48725006718162],[111.89101562500002,0.471795965619108],[111.8837890625,0.45551178593162],[111.86513671875002,0.44403717655662],[111.822998046875,0.45270416874412],[111.80126953125,0.441913153119117],[111.81591796875,0.42853424686912],[111.824462890625,0.42304108280662],[111.84238281250003,0.41840241093162],[111.84238281250003,0.41266510624412],[111.83798828125003,0.40497467655662],[111.83535156250002,0.39679596561912],[111.82832031250001,0.394647528119108],[111.80029296875,0.37128327030662],[111.798095703125,0.365497137494117],[111.794677734375,0.363788153119117],[111.78554687500002,0.35504791874412],[111.78134765625003,0.35187409061912],[111.7734375,0.35053131718162],[111.75507812500001,0.35297272343162],[111.74716796875003,0.35187409061912],[111.744384765625,0.34625885624412],[111.74335937500001,0.33710358280662],[111.74111328125002,0.32843659061912],[111.73349609375003,0.32453034061912],[111.728271484375,0.327508856244108],[111.72412109375,0.33478424686912],[111.72119140625,0.343768621869117],[111.71992187500001,0.35187409061912],[111.713134765625,0.35187409061912],[111.70839843750002,0.33930084843162],[111.709716796875,0.31940338749412],[111.70253906250002,0.30780670780662],[111.6943359375,0.30780670780662],[111.68789062500002,0.32050202030662],[111.68271484375003,0.33624909061912],[111.67832031250003,0.34564850468162],[111.66708984375003,0.34845612186912],[111.65341796875003,0.34784577030662],[111.64218750000003,0.348651434369117],[111.633056640625,0.36249420780662],[111.62363281250003,0.36481354374412],[111.6142578125,0.36249420780662],[111.61005859375001,0.355585028119108],[111.6142578125,0.33112213749412],[111.633056640625,0.28851959843162],[111.63730468750003,0.266473699994108],[111.6376953125,0.242450262494117],[111.6337890625,0.232196356244117],[111.62363281250003,0.22894928593162],[111.61767578125,0.23419830936912],[111.61582031250003,0.24530670780662],[111.616943359375,0.269891668744108],[111.60048828125002,0.264422918744117],[111.57949218750002,0.254266668744108],[111.56015625000003,0.24176666874412],[111.54794921875003,0.22894928593162],[111.544921875,0.21600983280662],[111.54179687499999,0.15753815311912]]]}},{"type":"Feature","properties":{"fillColor":"#00ffff"},"geometry":{"type":"MultiLineString","coordinates":[[[111.54179687499999,0.15753815311912],[111.5341796875,0.14838287968162],[111.5009765625,0.14679596561912],[111.49335937500001,0.13678619999412],[111.49912109375003,0.11713287968162],[111.500244140625,0.10919830936912],[111.49863281250003,0.10297272343162],[111.494873046875,0.095233465619117],[111.490625,0.088641668744117],[111.48720703125002,0.085565496869108],[111.468017578125,0.08942291874412],[111.450439453125,0.10382721561912],[111.43398437500002,0.120965887494108],[111.41757812500003,0.13336823124412],[111.398193359375,0.136346746869108],[111.38876953125003,0.127313543744108],[111.3896484375,0.111688543744108],[111.40087890625,0.09516022343162],[111.404541015625,0.079461981244108],[111.39111328125,0.064325262494108],[111.37089843749999,0.056024481244108],[111.353125,0.06073639530662],[111.345703125,0.06683991093162],[111.33193359375002,0.07526276249412],[111.32558593750002,0.08185455936912],[111.32138671875003,0.089862371869117],[111.318359375,0.10565827030662],[111.31513671875001,0.112323309369117],[111.31142578125002,0.10236237186912],[111.310791015625,0.079706121869108],[111.30771484375003,0.071307684369117],[111.296630859375,0.06391022343162],[111.28623046875003,0.06476471561912],[111.2705078125,0.071307684369117],[111.26816406250003,0.08100006718162],[111.26894531250002,0.126239324994117],[111.25996093750001,0.14020416874412],[111.23876953125,0.139178778119117],[111.2216796875,0.12396881718162],[111.21015625000001,0.10224030155662],[111.20595703125002,0.08185455936912],[111.195556640625,0.07208893436912],[111.17236328125,0.07929108280662],[111.13710937500002,0.09857819218162],[111.127197265625,0.095819403119108],[111.11289062500003,0.084002996869117],[111.10302734375,0.078143621869117],[111.09375,0.07575104374412],[111.0654296875,0.078143621869117],[111.060302734375,0.081317449994117],[111.0556640625,0.088397528119117],[111.04892578125003,0.095477606244117],[111.037841796875,0.09857819218162],[111.03271484375,0.09503815311912],[111.01220703125,0.05658600468162],[110.99960937500003,0.03974030155662],[110.98281250000002,0.031024481244117],[110.96240234375,0.04059479374412],[110.946533203125,0.04559967655662],[110.904296875,0.03278229374412],[110.88330078125,0.03034088749412],[110.86923828125003,0.034540106244108],[110.85908203125001,0.03974030155662],[110.85,0.04096100468162],[110.8388671875,0.03375885624412],[110.82509765625002,0.015008856244108],[110.816162109375,0.00653717655662],[110.804443359375,0.003045965619108],[110.78261718750002,0.000262762494117],[110.774658203125,0.001971746869117],[110.7666015625,0.010516668744117],[110.76230468750003,0.01935455936912],[110.754638671875,0.04621002811912],[110.75283203125002,0.057635809369117],[110.75791015625003,0.10126373905662],[110.756591796875,0.10919830936912],[110.74208984375002,0.11542389530662],[110.73261718750001,0.10907623905662],[110.727783203125,0.09601471561912],[110.72617187500003,0.08185455936912],[110.72265625,0.071795965619117],[110.71435546875,0.06439850468162],[110.705078125,0.058124090619117],[110.6982421875,0.051385809369108],[110.69443359375003,0.03754303593162],[110.69257812500001,0.02350494999412],[110.68671875000001,0.01813385624412],[110.67099609375003,0.03034088749412],[110.66259765625,0.022577215619108],[110.65810546875002,0.015252996869108],[110.65839843750001,0.00861237186912],[110.664794921875,0.003045965619108],[110.6625,-0.00090911250588],[110.66044921874999,-0.00335051875588],[110.65859375000002,-0.00603606563088],[110.65732421875003,-0.01067473750588],[110.63466796875002,0.006463934369108],[110.62744140625,0.02338287968162],[110.630615234375,0.06757233280662],[110.62939453125,0.08563873905662],[110.6240234375,0.10590241093162],[110.61152343750001,0.11994049686912],[110.58896484375003,0.11908600468162],[110.57666015625,0.091180731244108],[110.57119140625002,0.043231512494117],[110.560791015625,0.00604889530662],[110.534423828125,0.010516668744117],[110.53085937500003,0.01740143436912],[110.52968750000002,0.025653387494117],[110.527587890625,0.03302643436912],[110.520751953125,0.03717682499412],[110.511474609375,0.035174871869117],[110.50234375000002,0.028338934369117],[110.49550781250002,0.01996491093162],[110.49277343750003,0.01361725468162],[110.49208984375002,0.004266668744108],[110.48964843750002,-0.00591399531838],[110.484375,-0.01409270625588],[110.47607421875,-0.017461846880892],[110.462890625,-0.019024346880883],[110.459716796875,-0.02398040156838],[110.46054687500003,-0.032452081255883],[110.45634765624999,-0.05681731563088],[110.45634765624999,-0.06633880000588],[110.4541015625,-0.07537200313088],[110.445068359375,-0.085772393755889],[110.43496093750002,-0.091289971880883],[110.42421875000002,-0.09343840938088],[110.388916015625,-0.092022393755883],[110.369384765625,-0.086895440630883],[110.359375,-0.085772393755889],[110.34677734375003,-0.08757903438088],[110.326171875,-0.096416925005883],[110.314697265625,-0.099346612505883],[110.28955078125,-0.095049737505889],[110.27587890625,-0.08074309688088],[110.26699218750002,-0.06560637813088],[110.25634765625,-0.058477471880892],[110.24619140625003,-0.056280206255892],[110.22705078125,-0.04692962031838],[110.21542968750003,-0.04473235469338],[110.08056640625,-0.04363372188088],[110.036376953125,-0.04937102656838],[110,-0.065264581255889],[109.970458984375,-0.10369231563088],[109.94570312500002,-0.193877862505886],[109.91748046875,-0.23040130000588],[109.86806640625002,-0.260088800005889],[109.859375,-0.26287200313088],[109.84511718750002,-0.26384856563088],[109.787841796875,-0.253252862505889],[109.7734375,-0.257647393755889],[109.74609375,-0.302080987505889],[109.74277343750003,-0.31755950313088],[109.734619140625,-0.32122161250588],[109.72451171875002,-0.31707122188088],[109.71503906250001,-0.308916925005889],[109.70009765625002,-0.31194426875588],[109.65146484375003,-0.35051848750588],[109.6328125,-0.36003997188088],[109.61367187500002,-0.361163018755889],[109.60830078125002,-0.36003997188088],[109.60429687499999,-0.35564544063088],[109.603515625,-0.34905364375588],[109.603515625,-0.343096612505889],[109.60205078125,-0.339678643755889],[109.58203125,-0.33416106563088],[109.57871093750003,-0.34026458125588],[109.58017578125003,-0.351104425005886],[109.57421875,-0.36003997188088],[109.56103515625,-0.361651300005889],[109.55283203125003,-0.35588958125588],[109.54501953125003,-0.34880950313088],[109.533935546875,-0.346514581255889],[109.526123046875,-0.351104425005886],[109.52158203125003,-0.358916925005886],[109.5146484375,-0.365752862505886],[109.4990234375,-0.36687590938088],[109.503662109375,-0.377276300005889],[109.50644531250003,-0.381182550005889],[109.48837890625003,-0.38469817500588],[109.468017578125,-0.37420012813088],[109.451416015625,-0.35588958125588],[109.44443359375003,-0.33587005000588],[109.43740234375002,-0.32488372188088],[109.389892578125,-0.29119231563088],[109.374755859375,-0.276885675005886],[109.36660156250002,-0.272784112505889],[109.35205078125,-0.271319268755889],[109.339111328125,-0.27239348750588],[109.31640625,-0.27703215938088],[109.303955078125,-0.278155206255889],[109.27890625000003,-0.272979425005886],[109.23964843750002,-0.247100518755886],[109.21845703125001,-0.23723723750588]]]}},{"type":"Feature","properties":{"fillColor":"#00ffff"},"geometry":{"type":"MultiLineString","coordinates":[[[140.2951171875,-3.711260675005889],[140.2833984375,-3.72625090938088],[140.26435546875,-3.73162200313088],[140.24267578125,-3.72747161250588],[140.22294921875005,-3.714678643755889],[140.21142578125,-3.697784112505886],[140.20517578125003,-3.68352630000588],[140.19521484375002,-3.673370050005886],[140.17226562500002,-3.66961028438088],[140.1515625,-3.67180755000588],[140.11660156250002,-3.68157317500588],[140.09345703125,-3.683916925005889],[140.069580078125,-3.681182550005886],[140.05009765625005,-3.67449309688088],[140.01406250000002,-3.656573175005889],[140.00498046875003,-3.65374114375588],[139.97988281250002,-3.64910247188088],[139.97021484375,-3.642413018755889],[139.96474609375002,-3.636065362505889],[139.957275390625,-3.631182550005889],[139.94228515625002,-3.629229425005889]]]}},{"type":"Feature","properties":{"fillColor":"#00ffff"},"geometry":{"type":"MultiLineString","coordinates":[[[139.94228515625002,-3.629229425005889],[139.93320312500003,-3.62835051875588],[139.923095703125,-3.62542083125588],[139.91494140625002,-3.619952081255889],[139.9072265625,-3.60271575313088],[139.897216796875,-3.60271575313088],[139.87744140625,-3.60881926875588],[139.833984375,-3.60003020625588],[139.79990234375003,-3.585284112505889],[139.73974609375,-3.539873956255889],[139.73720703125002,-3.534698175005886],[139.7384765625,-3.53020598750588],[139.73779296875,-3.52678801875588],[139.73007812500003,-3.52556731563088],[139.72216796875,-3.52678801875588],[139.71005859375003,-3.53191497188088],[139.702392578125,-3.533038018755889],[139.59931640625,-3.531573175005889],[139.57587890625,-3.52361419063088],[139.569580078125,-3.50505950313088],[139.530517578125,-3.531280206255886],[139.52060546875003,-3.533038018755889],[139.51376953125003,-3.52141692500588],[139.51718750000003,-3.505205987505889],[139.52412109375,-3.488311456255886],[139.528076171875,-3.474639581255886],[139.52265625,-3.466338800005886],[139.5109375,-3.46965911250588],[139.499267578125,-3.48064544063088],[139.493896484375,-3.495147393755886],[139.48671875000002,-3.502471612505886],[139.47021484375,-3.498858331255889],[139.43857421875003,-3.48528411250588],[139.44599609375,-3.47649505000588],[139.44345703125003,-3.474639581255886],[139.39208984375,-3.48455169063088],[139.3798828125,-3.48528411250588],[139.373046875,-3.480987237505886],[139.37177734375,-3.47161223750588],[139.37646484375,-3.462237237505889],[139.3875,-3.45794036250588],[139.40087890625,-3.456377862505889],[139.408203125,-3.45208098750588],[139.40781250000003,-3.44548919063088],[139.39765625,-3.43743255000588],[139.37392578125002,-3.43352630000588],[139.35517578125,-3.443877862505886],[139.341552734375,-3.457842706255889],[139.33251953125,-3.46477630000588],[139.30117187500002,-3.46526458125588],[139.28505859375002,-3.463409112505886],[139.2666015625,-3.45794036250588],[139.2568359375,-3.451983331255889],[139.23935546875003,-3.435577081255886],[139.23251953125003,-3.43059661250588],[139.22011718750002,-3.42644622188088],[139.21240234375,-3.42693450313088],[139.205322265625,-3.429229425005886],[139.1953125,-3.43059661250588],[139.182373046875,-3.434600518755886],[139.16572265625,-3.44207122188088],[139.14794921875,-3.445342706255886],[139.13076171875002,-3.43743255000588],[139.125244140625,-3.42791106563088],[139.12656250000003,-3.419756768755889],[139.13027343750002,-3.41204192500588],[139.13076171875002,-3.40325286250588],[139.127197265625,-3.39568450313088],[139.11826171875003,-3.381670831255889],[139.116455078125,-3.37224700313088],[139.106640625,-3.36345794063088],[139.0888671875,-3.359405206255886],[139.079833984375,-3.35076262813088],[139.0966796875,-3.32756926875588],[139.08994140625003,-3.31682708125588],[139.08330078125005,-3.31560637813088],[139.07568359375,-3.318682550005889],[139.065673828125,-3.32073333125588],[139.0556640625,-3.31902434688088],[139.05283203125003,-3.314483331255886],[139.05214843750002,-3.307940362505889],[139.0458984375,-3.29094817500588],[139.04638671875,-3.28191497188088],[139.04384765625002,-3.27507903438088],[139.03115234375002,-3.27239348750588],[139.020263671875,-3.27141692500588],[139.00498046875003,-3.26702239375588],[138.9970703125,-3.266143487505886],[138.994873046875,-3.273272393755889],[138.981640625,-3.28606536250588],[138.966552734375,-3.29143645625588],[138.95947265625,-3.27605559688088],[138.893310546875,-3.22210051875588],[138.886474609375,-3.219073175005889],[138.88037109375,-3.22112395625588],[138.867919921875,-3.23064544063088],[138.86083984375,-3.22942473750588],[138.85400390625,-3.223174737505886],[138.8349609375,-3.21355559688088],[138.82568359375,-3.20745208125588],[138.818115234375,-3.20574309688088],[138.81484375000002,-3.214678643755889],[138.81171875,-3.218584893755889],[138.8048828125,-3.21721770625588],[138.798095703125,-3.211260675005889],[138.78896484375002,-3.17717864375588],[138.77509765625,-3.17424895625588],[138.7599609375,-3.17937590938088],[138.75,-3.18010833125588],[138.73916015625002,-3.174834893755886],[138.7294921875,-3.178545831255889],[138.72080078125003,-3.185577081255886],[138.71240234375,-3.19036223750588],[138.7021484375,-3.190459893755886]]]}},{"type":"Feature","properties":{"fillColor":"#00ffff"},"geometry":{"type":"MultiLineString","coordinates":[[[140.682861328125,-4.855791925005889],[140.70068359375,-4.862334893755886],[140.7125,-4.878252862505889],[140.72714843750003,-4.91033294063088],[140.74072265625,-4.92620208125588],[140.74658203125,-4.93499114375588],[140.7482421875,-4.945147393755889],[140.744140625,-4.956573175005886],[140.73017578125,-4.97576262813088],[140.72714843750003,-4.98943450313088],[140.73017578125,-5.06145598750588],[140.70546875000002,-5.149737237505889],[140.68857421875003,-5.18328215938088],[140.66552734375,-5.19768645625588],[140.650634765625,-5.198565362505889],[140.63662109375002,-5.20159270625588],[140.6232421875,-5.20794036250588],[140.61044921875003,-5.218780206255886],[140.60546875,-5.22722747188088],[140.60068359375003,-5.24602630000588],[140.59677734375003,-5.252959893755886]]]}},{"type":"Feature","properties":{"fillColor":"#00ffff"},"geometry":{"type":"MultiLineString","coordinates":[[[140.59677734375003,-5.252959893755886],[140.58828125000002,-5.258819268755886],[140.5712890625,-5.262725518755886],[140.5626953125,-5.266631768755886],[140.54648437500003,-5.280303643755886],[140.54091796875002,-5.29216887813088],[140.542236328125,-5.32488372188088],[140.53476562500003,-5.338702081255889],[140.50185546875002,-5.330596612505886],[140.4943359375,-5.345733331255886],[140.48623046875002,-5.347002862505889],[140.468017578125,-5.35540130000588],[140.44921875,-5.37004973750588],[140.43916015625,-5.390166925005886],[140.44033203125002,-5.400225518755889],[140.447265625,-5.41423919063088],[140.44599609375,-5.42424895625588],[140.44189453125,-5.43474700313088],[140.4375,-5.44231536250588],[140.430419921875,-5.44768645625588],[140.41875,-5.45159270625588],[140.41650390625,-5.46233489375588],[140.3525390625,-5.46990325313088],[140.336181640625,-5.48967864375588],[140.333740234375,-5.49871184688088],[140.315673828125,-5.52727630000588],[140.31396484375,-5.535479425005889],[140.31513671875,-5.54192473750588],[140.31396484375,-5.546221612505889],[140.30517578125,-5.54778411250588],[140.302734375,-5.55071380000588],[140.29648437500003,-5.56438567500588],[140.2951171875,-5.568877862505886],[140.2822265625,-5.556475518755889],[140.273681640625,-5.55657317500588],[140.26884765625005,-5.567217706255889],[140.26718750000003,-5.58562590938088],[140.26181640625003,-5.596026300005889],[140.226318359375,-5.63030364375588],[140.24267578125,-5.647491143755886],[140.24755859375,-5.659209893755886],[140.23720703125002,-5.66448333125588],[140.21396484375003,-5.666338800005889],[140.21523437500002,-5.67156340938088],[140.22666015625003,-5.679229425005886],[140.23378906250002,-5.68865325313088],[140.23671875000002,-5.698760675005886],[140.25,-5.722002862505889],[140.25351562500003,-5.73211028438088],[140.25419921875005,-5.74895598750588],[140.251953125,-5.76238372188088],[140.24746093750002,-5.77459075313088],[140.240625,-5.787432550005889],[140.23671875000002,-5.78508880000588],[140.226318359375,-5.780596612505889],[140.22900390625,-5.787139581255886],[140.23378906250002,-5.807940362505889],[140.21328125000002,-5.801104425005889],[140.21748046875,-5.81389739375588],[140.223876953125,-5.82683684688088],[140.233154296875,-5.836944268755886],[140.24677734375,-5.84197356563088],[140.2412109375,-5.84954192500588],[140.23720703125002,-5.85881926875588],[140.23886718750003,-5.86663176875588],[140.2501953125,-5.869952081255889],[140.263427734375,-5.87029387813088],[140.26884765625005,-5.87200286250588],[140.28603515625002,-5.88811614375588],[140.291259765625,-5.89885833125588],[140.2951171875,-5.904131768755889],[140.298828125,-5.90422942500588],[140.30166015625002,-5.899737237505889],[140.305419921875,-5.89641692500588],[140.312255859375,-5.90032317500588],[140.31416015625,-5.909698175005886],[140.30419921875,-5.936065362505886],[140.30136718750003,-5.94841887813088],[140.30136718750003,-6.03093840938088],[140.303125,-6.043487237505886],[140.30615234375,-6.05462005000588],[140.306640625,-6.06511809688088],[140.30136718750003,-6.076006768755889],[140.29150390625,-6.080108331255886],[140.279296875,-6.07903411250588],[140.26816406250003,-6.08147551875588],[140.2609375,-6.09587981563088],[140.27207031250003,-6.09734465938088],[140.280517578125,-6.10125090938088],[140.287841796875,-6.10759856563088],[140.2951171875,-6.116241143755886]]]}},{"type":"Feature","properties":{"fillColor":"#00ffff"},"geometry":{"type":"MultiLineString","coordinates":[[[140.2951171875,-6.116241143755886],[140.291259765625,-6.12273528438088],[140.29140625000002,-6.13762786250588],[140.28828125,-6.14421965938088],[140.28271484375,-6.14666106563088],[140.27402343750003,-6.14788176875588],[140.26718750000003,-6.147491143755886],[140.26718750000003,-6.14421965938088],[140.26064453125002,-6.148467706255886],[140.25634765625,-6.149444268755886],[140.25419921875005,-6.15300872188088],[140.25351562500003,-6.16472747188088],[140.25576171875002,-6.174346612505886],[140.26503906250002,-6.191924737505886],[140.28476562500003,-6.25774505000588],[140.284912109375,-6.26775481563088],[140.293212890625,-6.27629973750588],[140.29677734375002,-6.31633880000588],[140.308837890625,-6.32927825313088],[140.308837890625,-6.33538176875588],[140.296142578125,-6.35076262813088],[140.30136718750003,-6.37102630000588],[140.31884765625,-6.38201262813088],[140.343017578125,-6.36956145625588],[140.35048828125002,-6.38567473750588],[140.34931640625,-6.403838800005886],[140.3400390625,-6.418780206255889],[140.322509765625,-6.424834893755886],[140.322509765625,-6.431670831255886],[140.33798828125003,-6.437530206255886],[140.342041015625,-6.449541925005889],[140.34326171875,-6.46282317500588],[140.35048828125002,-6.473174737505886],[140.341796875,-6.486651300005889],[140.33349609375,-6.51018645625588],[140.3291015625,-6.53484465938088],[140.332763671875,-6.55144622188088],[140.38935546875,-6.61687590938088],[140.398193359375,-6.637725518755886],[140.39248046875002,-6.658233331255886],[140.37460937500003,-6.66936614375588],[140.35214843750003,-6.67742278438088],[140.332763671875,-6.68889739375588],[140.321875,-6.708038018755886],[140.315673828125,-6.75432708125588],[140.308837890625,-6.77483489375588],[140.29531250000002,-6.78801848750588],[140.27480468750002,-6.79900481563088],[140.25146484375,-6.80632903438088],[140.22998046875,-6.80901458125588],[140.208984375,-6.814288018755889],[140.1904296875,-6.827471612505889],[140.17539062500003,-6.845049737505889],[140.16542968750002,-6.863116143755889],[140.1642578125,-6.905303643755886],[140.16074218750003,-6.928545831255889],[140.08974609375002,-6.98040130000588],[140.08388671875002,-6.999541925005886],[140.084716796875,-7.024248956255889],[140.0908203125,-7.04851653438088],[140.100341796875,-7.06560637813088],[140.10302734375,-7.07976653438088],[140.09267578125002,-7.09465911250588],[140.07656250000002,-7.10784270625588],[140.05029296875,-7.123565362505886],[140.03525390625003,-7.13030364375588],[140.017578125,-7.13543059688088],[139.997314453125,-7.13738372188088],[139.98769531250002,-7.14031340938088],[139.98017578125,-7.147784112505889],[139.975341796875,-7.157745050005886],[139.9736328125,-7.16838958125588],[139.96816406250002,-7.17229583125588],[139.95517578125003,-7.17083098750588],[139.91220703125003,-7.16057708125588],[139.89697265625,-7.154815362505886],[139.88710937500002,-7.14470794063088],[139.880859375,-7.103838800005889],[139.8720703125,-7.08977630000588],[139.857177734375,-7.08171965938088],[139.791015625,-7.065459893755886],[139.76943359375002,-7.066436456255886],[139.76015625000002,-7.079424737505889],[139.75849609375,-7.146319268755889],[139.75390625,-7.16472747188088],[139.744140625,-7.17693450313088],[139.69082031250002,-7.222686456255886],[139.6796875,-7.26482512813088],[139.67501529709548,-7.267960834778211]],[[139.67261,-7.269575128130897],[139.66608396350858,-7.273955018393592]],[[139.66418551879482,-7.273845096383663],[139.65364494590744,-7.265582218268483]],[[139.6441459675602,-7.258135858270734],[139.63417968750002,-7.250323175005889],[139.62214678341016,-7.162035239183937]],[[139.6183670701432,-7.157956231740616],[139.5972995984833,-7.158380190148637]],[[139.56019233641018,-7.205443352354561],[139.55244140625,-7.224639581255886],[139.54843750000003,-7.24382903438088],[139.537353515625,-7.25554778438088],[139.52821465732703,-7.255015423703329]],[[139.47750036215646,-7.242579410595339],[139.47275390625003,-7.24041106563088],[139.47248196750155,-7.239753008723472]],[[139.46162336855204,-7.213476591393815],[139.45751953125,-7.20354583125588],[139.460693359375,-7.167022393755886],[139.453125,-7.13811614375588],[139.404541015625,-7.124346612505889],[139.39111328125,-7.122393487505889],[139.38922553817656,-7.121881100100241]],[[139.38292185823926,-7.185078650178915],[139.40194407274555,-7.189120111088404]],[[139.41251857241474,-7.199173850528745],[139.41455078125,-7.206573175005886],[139.40832965280413,-7.212868364504724]],[[139.36652388617347,-7.219300246039756],[139.36582031250003,-7.219268487505886],[139.35707473078537,-7.217300731620091]],[[139.3124344155696,-7.194482047366412],[139.307373046875,-7.19426848750588],[139.287841796875,-7.19939544063088],[139.27277680916202,-7.196873692687626]],[[139.25641592788446,-7.184877757217232],[139.2548828125,-7.18303801875588],[139.2470703125,-7.165069268755886],[139.239990234375,-7.158526300005889]]]}},{"type":"Feature","properties":{"fillColor":"#00ffff"},"geometry":{"type":"MultiLineString","coordinates":[[[138.7021484375,-3.190459893755886],[138.69589843750003,-3.18792083125588],[138.68906250000003,-3.18645598750588],[138.67763671875002,-3.19036223750588],[138.68544921875002,-3.213213800005889],[138.6767578125,-3.225616143755886],[138.6572265625,-3.23088958125588],[138.63330078125,-3.231963800005886],[138.6142578125,-3.23040130000588],[138.6015625,-3.22380950313088],[138.59384765625003,-3.20916106563088],[138.5888671875,-3.18352630000588],[138.58984375,-3.084795831255889],[138.5927734375,-3.076983331255889],[138.59873046875003,-3.07366301875588],[138.609619140625,-3.069854425005886],[138.60986328125,-3.06072356563088],[138.6025390625,-3.039580987505886],[138.5908203125,-2.98284270625588],[138.5888671875,-2.960772393755889],[138.58583984375002,-2.95281340938088],[138.570556640625,-2.928057550005889],[138.56494140625,-2.922881768755886],[138.55615234375,-2.92571380000588],[138.53896484375002,-2.93914153438088],[138.52744140625003,-2.943389581255886],[138.507080078125,-2.942901300005886],[138.490625,-2.93645598750588],[138.462890625,-2.91326262813088],[138.45576171875,-2.895049737505886],[138.4609375,-2.845733331255886],[138.459228515625,-2.82732512813088],[138.4443359375,-2.813018487505886],[138.4267578125,-2.801592706255889],[138.41933593750002,-2.78679778438088],[138.43496093750002,-2.76213958125588],[138.4267578125,-2.75554778438088],[138.42441406250003,-2.67644622188088],[138.41591796875002,-2.65837981563088],[138.3837890625,-2.61638762813088],[138.37314453125003,-2.608233331255889],[138.35546875,-2.58684661250588]]]}},{"type":"Feature","properties":{"fillColor":"#00ffff"},"geometry":{"type":"MultiLineString","coordinates":[[[138.35546875,-2.58684661250588],[138.27490234375,-2.494463800005889],[138.20175781250003,-2.38689544063088],[138.17578125,-2.363116143755889],[138.102294921875,-2.326495050005889],[138.0654296875,-2.31438567500588],[138.04775390625002,-2.304229425005886],[138.04013671875003,-2.28948333125588],[138.02988281250003,-2.28435637813088],[137.98154296875003,-2.283233331255886],[137.9658203125,-2.27922942500588],[137.9609375,-2.271026300005886],[137.95556640625,-2.247588800005886],[137.9521484375,-2.237627862505889],[137.94638671875003,-2.228350518755889],[137.92783203125003,-2.20720794063088],[137.90576171875,-2.15374114375588],[137.89462890625003,-2.15032317500588],[137.88134765625,-2.15056731563088],[137.8701171875,-2.14885833125588],[137.848388671875,-2.13201262813088],[137.82119140625002,-2.08953215938088],[137.80429687500003,-2.07000090938088],[137.7958984375,-2.052569268755889],[137.79345703125,-2.026202081255889],[137.799072265625,-2.00359465938088],[137.81484375000002,-1.998077081255886],[137.8203125,-2.005205987505889],[137.821533203125,-2.016631768755886],[137.82460937500002,-2.02752044063088],[137.83544921875,-2.032256768755886],[137.84335937500003,-2.027666925005889],[137.8458984375,-2.016924737505889],[137.84414062500002,-2.004424737505886],[137.8388671875,-1.994659112505886],[137.83837890625,-1.986651300005889],[137.846435546875,-1.976885675005889],[137.866455078125,-1.96013762813088],[137.87021484375003,-1.95208098750588],[137.87148437500002,-1.93938567500588],[137.8701171875,-1.915557550005886],[137.86660156250002,-1.897784112505889],[137.86083984375,-1.88396575313088],[137.85195312500002,-1.87151458125588],[137.8388671875,-1.857452081255886],[137.83408203125003,-1.843584893755889],[137.83984375,-1.82805755000588],[137.85595703125,-1.79949309688088],[137.84384765625003,-1.798370050005886],[137.83154296875,-1.795733331255889],[137.82275390625,-1.789873956255889],[137.82177734375,-1.77898528438088],[137.83046875000002,-1.77092864375588],[137.86142578125003,-1.767120050005886],[137.8732421875,-1.76189544063088],[137.88466796875002,-1.740264581255886],[137.83876953125002,-1.732452081255886],[137.82861328125,-1.703936456255889],[137.84345703125,-1.680205987505886],[137.87060546875,-1.652373956255886],[137.891357421875,-1.623565362505886],[137.88027343750002,-1.57341887813088],[137.888671875,-1.540850518755889],[137.91044921875005,-1.484209893755889]]]}},{"type":"Feature","properties":{"fillColor":"#00ffff"},"geometry":{"type":"MultiLineString","coordinates":[[[106.42236328125,10.31696198124412],[106.4125,10.323114324994108],[106.37890625,10.336297918744108],[106.366455078125,10.33856842655662],[106.35429687499999,10.338983465619108],[106.34228515625,10.337420965619117],[106.29238281250002,10.319598699994117],[106.279296875,10.31720612186912],[106.228271484375,10.31854889530662],[106.203857421875,10.315448309369117],[106.158203125,10.298114324994117],[106.14667968750001,10.29645416874412],[106.107177734375,10.296258856244108],[106.0830078125,10.301141668744108],[106.034912109375,10.31879303593162],[106.01914062500003,10.32123444218162],[106.00341796875,10.321063543744117],[105.98769531250002,10.318719793744108],[105.97314453125,10.313348699994108],[105.935546875,10.286639715619117]]]}},{"type":"Feature","properties":{"fillColor":"#00ffff"},"geometry":{"type":"MultiLineString","coordinates":[[[106.2919921875,10.261737371869117],[106.259765625,10.25787994999412],[106.24716796875003,10.25556061405662],[106.23740234375003,10.25055573124412],[106.2216796875,10.23895905155662],[106.2119140625,10.23688385624412],[106.19873046875,10.239032293744117],[106.1865234375,10.24445221561912],[106.17568359375002,10.25238678593162],[106.16640625000002,10.26215241093162],[106.14794921875,10.28974030155662],[106.13916015625,10.296502996869108]]]}},{"type":"Feature","properties":{"fillColor":"#00ffff"},"geometry":{"type":"MultiLineString","coordinates":[[[98.0220906267442,27.68825914089579],[98.04697265625003,27.60431549686912],[98.06162109375003,27.571551824994117],[98.080322265625,27.544940496869117],[98.0869140625,27.52936432499412],[98.09121093750002,27.483514715619116],[98.095458984375,27.462420965619117],[98.10205078125,27.44354889530662],[98.11005859375001,27.426874090619116],[98.18662109375003,27.31915924686912],[98.20566406250003,27.27667877811912],[98.2158203125,27.230243231244117],[98.227783203125,27.209979559369117],[98.25068359375001,27.20160553593162],[98.302001953125,27.146991278119117],[98.33974609375002,27.07062409061912],[98.349609375,27.06000397343162],[98.35732421875002,27.03558991093162],[98.364013671875,26.98932526249412],[98.357177734375,26.91022369999412],[98.35986328125,26.888202215619117],[98.373046875,26.84735748905662],[98.37753906250003,26.824823309369116],[98.37783203125002,26.78754303593162],[98.37001953125002,26.75763580936912],[98.35498046875,26.73126862186912],[98.3330078125,26.704706121869116],[98.34189453125003,26.642108465619117],[98.33701171875003,26.60321686405662],[98.30927734375001,26.591424871869116],[98.313720703125,26.57037994999412],[98.3056640625,26.54950592655662],[98.29404296875003,26.528094793744117],[98.28818359375003,26.505487371869116],[98.28095703125001,26.442889715619117]]]}},{"type":"Feature","properties":{"fillColor":"#00ffff"},"geometry":{"type":"MultiLineString","coordinates":[[[98.28095703125001,26.442889715619117],[98.2802734375,26.428485418744117],[98.28134765625003,26.413348699994117],[98.2841796875,26.403680731244116],[98.293701171875,26.380975653119116],[98.295654296875,26.37238190311912],[98.292236328125,26.361102606244117],[98.2783203125,26.34540436405662],[98.27509765625001,26.334491278119117],[98.27294921875,26.31366608280662],[98.116943359375,25.89252350468162],[98.0869140625,25.863641668744123],[98.076171875,25.843377996869123],[98.03427734375003,25.789569403119117],[98.009521484375,25.76764557499412],[97.94443359375003,25.72553131718162],[97.87099609375002,25.65912506718162],[97.863037109375,25.64960358280662],[97.85537109375002,25.63727448124412],[97.817138671875,25.59833405155662],[97.80224609375,25.59088776249412],[97.80029296875,25.594598699994123],[97.78134765625003,25.61286041874412],[97.77431640625002,25.61823151249412],[97.75068359375001,25.623163153119123],[97.739013671875,25.62750885624412],[97.73388671875,25.63556549686912],[97.72929687499999,25.65521881718162],[97.71787109375003,25.677020574994117],[97.7041015625,25.69611237186912],[97.6923828125,25.70758698124412],[97.66796875,25.715204168744123],[97.615625,25.70783112186912],[97.58935546875,25.70758698124412],[97.53701171875002,25.717645574994123],[97.508544921875,25.715838934369117],[97.486328125,25.70075104374412]]]}},{"type":"Feature","properties":{"fillColor":"#00ffff"},"geometry":{"type":"MultiLineString","coordinates":[[[97.486328125,25.70075104374412],[97.50048828125,25.69660065311912],[97.51611328125,25.694354559369117],[97.52880859375,25.68915436405662],[97.5341796875,25.676288153119117],[97.53076171875,25.66705963749412],[97.51357421875002,25.644061590619117],[97.50673828125002,25.63190338749412],[97.50146484375,25.605487371869117],[97.49677734375001,25.54877350468162],[97.486328125,25.52204010624412],[97.43886718750002,25.45477936405662],[97.40908203125002,25.397967840619117],[97.403564453125,25.38141510624412],[97.407470703125,25.36810944218162],[97.4189453125,25.354266668744117],[97.42431640625,25.340936590619123],[97.42050781250003,25.330194403119123],[97.40439453125003,25.32404205936912],[97.397705078125,25.327020574994123],[97.37880859375002,25.333270574994117],[97.37021484375003,25.337665106244117],[97.3466796875,25.366815496869123],[97.3369140625,25.36945221561912],[97.3251953125,25.365106512494123],[97.3134765625,25.357196356244117],[97.30820312500003,25.347919012494117],[97.30917968750003,25.34284088749412],[97.31386718750002,25.333270574994117],[97.31494140625,25.32709381718162],[97.313720703125,25.31867096561912],[97.310791015625,25.31781647343162],[97.30615234375,25.31903717655662],[97.30078125,25.31659577030662],[97.292236328125,25.310907293744123],[97.28271484375,25.30719635624412],[97.27402343750003,25.301288153119117],[97.267822265625,25.28925202030662],[97.26699218750002,25.27777741093162],[97.27294921875,25.256366278119117],[97.274658203125,25.244891668744117],[97.271484375,25.21735260624412],[97.26279296875003,25.207147528119123],[97.249755859375,25.20111725468162],[97.23300781250003,25.18622467655662],[97.22792968750002,25.168573309369123],[97.23154296875003,25.146112371869123],[97.24375,25.12677643436912],[97.264404296875,25.11859772343162],[97.30712890625,25.129510809369123],[97.31884765625,25.12689850468162],[97.31494140625,25.10431549686912],[97.29794921875003,25.08148834843162],[97.27988281250003,25.08661530155662],[97.25986328125003,25.098016668744123],[97.23681640625,25.09406159061912],[97.22617187500003,25.08954498905662],[97.21865234375002,25.08942291874412],[97.214111328125,25.086444403119117],[97.21259765625001,25.073260809369117],[97.21542968750003,25.060907293744123],[97.22910156250003,25.04596588749412],[97.23300781250003,25.036004949994123],[97.221923828125,24.99701569218162],[97.18857421875003,24.96942780155662],[97.116943359375,24.932977606244123]]]}},{"type":"Feature","properties":{"fillColor":"#00ffff"},"geometry":{"type":"MultiLineString","coordinates":[[[97.116943359375,24.932977606244123],[97.10146484375002,24.91620514530662],[97.09814453125,24.899774481244123],[97.102783203125,24.867792059369123],[97.093017578125,24.86054108280662],[97.048095703125,24.840106512494117],[97.034423828125,24.823114324994123],[97.034912109375,24.802752996869117],[97.05078125,24.757928778119123],[97.060546875,24.71637604374412],[97.102783203125,24.65180084843162],[97.111328125,24.63141510624412],[97.115478515625,24.61139557499412],[97.11806640625002,24.544549871869123],[97.11708984375002,24.533465887494117],[97.10693359375,24.51398346561912],[97.11093750000003,24.502704168744117],[97.12314453125003,24.487909246869123],[97.12158203125,24.37250397343162],[97.13681640625003,24.33710358280662],[97.18544921875002,24.28900787968162],[97.1884765625,24.281268621869117],[97.20498046875002,24.27045319218162],[97.20302734375002,24.24616119999412],[97.193115234375,24.220819403119123],[97.185302734375,24.20673248905662],[97.17626953125,24.194842840619117],[97.16357421875,24.18134186405662],[97.147216796875,24.17035553593162],[97.11279296875,24.16144440311912],[97.08408203125003,24.142206121869123],[97.06171875000001,24.13788483280662],[97.05029296875,24.13873932499412],[97.03076171875,24.143085028119117],[97.009521484375,24.145379949994123],[96.97607421875,24.14472077030662],[96.95615234375003,24.14008209843162],[96.9423828125,24.131708074994123],[96.92919921875,24.12811920780662],[96.91083984375001,24.13788483280662],[96.867431640625,24.186786199994117],[96.8369140625,24.19904205936912],[96.8212890625,24.212762762494123],[96.80839843749999,24.228631903119123],[96.80097656250001,24.24091217655662],[96.79091796875002,24.27741119999412],[96.781982421875,24.290399481244123],[96.75068359375001,24.299579168744117],[96.69863281250002,24.32965729374412],[96.65273437500002,24.34662506718162],[96.640625,24.35419342655662],[96.633544921875,24.357294012494123],[96.62246093750002,24.35883209843162],[96.61093750000003,24.35895416874412],[96.60244140625002,24.35761139530662],[96.59189453125003,24.352411199994123],[96.588623046875,24.34686920780662],[96.587158203125,24.33978912968162],[96.58193359375002,24.32965729374412],[96.56757812500001,24.31415436405662],[96.55126953125,24.30353424686912],[96.53232421875003,24.297479559369123],[96.50996093750001,24.295526434369123],[96.49091796875001,24.299188543744123],[96.47265625,24.30585358280662],[96.454833984375,24.30927155155662],[96.43798828125,24.302997137494117],[96.44638671875003,24.275165106244117],[96.431396484375,24.25324127811912],[96.38330078125,24.221063543744123],[96.36259765624999,24.200213934369117],[96.30322265625,24.11395905155662],[96.29501953125003,24.096210028119117],[96.289794921875,24.07514069218162],[96.287109375,24.04852936405662],[96.28994140625002,23.97028229374412],[96.2802734375,23.94611237186912]]]}},{"type":"Feature","properties":{"fillColor":"#00ffff"},"geometry":{"type":"MultiLineString","coordinates":[[[96.2802734375,23.94611237186912],[96.2744140625,23.94000885624412],[96.27099609375,23.93207428593162],[96.25039062500002,23.85761139530662],[96.245361328125,23.844989324994117],[96.23779296875,23.83405182499412],[96.228759765625,23.82941315311912],[96.221435546875,23.824237371869117],[96.21669921875002,23.81207916874412],[96.20498046875002,23.76850006718162],[96.20029296875003,23.761590887494123],[96.19150390625003,23.754266668744123],[96.1806640625,23.752215887494117],[96.167236328125,23.75263092655662],[96.155517578125,23.74970123905662],[96.15048828125003,23.73725006718162],[96.14794921875,23.71308014530662],[96.14013671875,23.691034246869123],[96.12734375000002,23.67072174686912],[96.109619140625,23.65192291874412],[96.05703125000002,23.60907623905662],[96.034912109375,23.585223699994117],[96.020263671875,23.555047918744123],[96.01230468750003,23.51422760624412],[96.006591796875,23.38495514530662],[95.978125,23.261737371869117],[95.96484375,22.769061590619117],[95.96201171875003,22.759393621869123],[95.955078125,22.75031159061912],[95.94345703125003,22.744256903119123],[95.92011718750001,22.74323151249412],[95.91044921874999,22.73944733280662],[95.90126953125002,22.70722077030662],[95.9169921875,22.66168854374412],[95.98525390625002,22.55011627811912],[95.990234375,22.529315496869117],[95.982421875,22.51044342655662],[95.969482421875,22.491961981244117],[95.96474609375002,22.47260162968162],[95.96376953125002,22.39252350468162],[95.970458984375,22.374383856244123],[95.989501953125,22.352801824994117],[96.0126953125,22.33185455936912],[96.013671875,22.323016668744117],[96.006591796875,22.308710028119123],[96.00146484375,22.30280182499412],[95.99589843749999,22.29840729374412],[95.990478515625,22.29230377811912],[95.986083984375,22.281366278119123],[95.984619140625,22.27081940311912],[95.98779296875,22.21649811405662],[96.00039062500002,22.15790436405662],[96.00751953125001,22.08942291874412],[96.025,22.058221746869123],[96.048095703125,21.994012762494123],[96.05126953125,21.95636627811912],[96.041259765625,21.923456121869123],[96.02099609375,21.89655182499412],[95.992919921875,21.876727606244117],[95.97314453125,21.86725494999412],[95.95546875000002,21.86090729374412],[95.9365234375,21.85736725468162],[95.913818359375,21.85626862186912],[95.90087890625,21.863397528119123],[95.848876953125,21.91083405155662],[95.814697265625,21.925555731244117],[95.77646484375003,21.931512762494123],[95.52685546875,21.922137762494117],[95.511962890625,21.917499090619117],[95.50576171875002,21.90778229374412],[95.49941406250002,21.88996002811912],[95.4716796875,21.85687897343162],[95.46533203125,21.839471746869123],[95.46152343750003,21.811297918744117],[95.450439453125,21.78082916874412],[95.43203125000002,21.756366278119117],[95.40673828125,21.74640534061912],[95.38710937500002,21.73309967655662],[95.36835937500001,21.665301824994117],[95.35546875,21.63654205936912],[95.35546875,21.63031647343162],[95.348876953125,21.62128327030662],[95.34228515625,21.608905340619117],[95.33701171875003,21.595965887494117],[95.327392578125,21.54596588749412],[95.324462890625,21.537469793744123],[95.33017578125003,21.46393463749412],[95.3212890625,21.465838934369117],[95.31337890625002,21.45209381718162],[95.30556640625002,21.450458074994117],[95.296875,21.452997137494123],[95.28720703125003,21.452167059369117],[95.28037109375003,21.448504949994117],[95.27548828125003,21.445086981244117],[95.27197265625,21.441766668744123],[95.26914062500003,21.43842194218162]]]}},{"type":"Feature","properties":{"fillColor":"#00ffff"},"geometry":{"type":"MultiLineString","coordinates":[[[95.26914062500003,21.43842194218162],[95.25546875000003,21.42108795780662],[95.19101562500003,21.370233465619123],[95.15859375000002,21.32965729374412],[95.1416015625,21.31391022343162],[95.11865234375,21.30756256718162],[95.077392578125,21.30133698124412],[95.06943359375003,21.30329010624412],[95.056396484375,21.312274481244117],[95.04755859375001,21.31500885624412],[95.021875,21.31122467655662],[95.002197265625,21.29669830936912],[94.98974609375,21.27509186405662],[94.985595703125,21.24982330936912],[94.975,21.24420807499412],[94.90976562500003,21.225604559369117],[94.863037109375,21.22601959843162],[94.859619140625,21.227167059369123],[94.85595703125,21.227557684369117],[94.848388671875,21.225604559369117],[94.843017578125,21.22247955936912],[94.833740234375,21.213739324994123],[94.8193359375,21.204364324994117],[94.809814453125,21.18598053593162],[94.80332031250003,21.16351959843162],[94.79990234375003,21.143670965619123],[94.80097656250001,21.099627996869117],[94.817138671875,21.015741278119123],[94.8203125,20.97235748905662],[94.806396484375,20.92450592655662],[94.77646484375003,20.891131903119117],[94.742919921875,20.86420319218162],[94.718017578125,20.835809637494123],[94.713134765625,20.813836981244123],[94.71875,20.79608795780662],[94.72763671875003,20.77997467655662],[94.73232421875002,20.763202215619117],[94.73398437500003,20.74555084843162],[94.744873046875,20.70648834843162],[94.752197265625,20.691180731244117],[94.76669921875003,20.67291901249412],[94.782470703125,20.658075262494123],[94.794921875,20.643426824994123],[94.79990234375003,20.62604401249412],[94.802978515625,20.60614655155662],[94.81640625,20.565936590619117],[94.8203125,20.54718659061912],[94.81845703125003,20.515252996869123],[94.8203125,20.506219793744123],[94.82861328125,20.496112371869117],[94.83837890625,20.491717840619117],[94.848876953125,20.488544012494117],[94.858642578125,20.48200104374412],[94.86923828125003,20.46393463749412],[94.88925781250003,20.396356512494123],[94.90517578125002,20.364862371869123],[94.90869140625,20.34381744999412],[94.90009765625001,20.32465241093162],[94.896484375,20.310419012494123],[94.89667968750001,20.24555084843162],[94.8994140625,20.23602936405662],[94.90839843750001,20.216815496869117],[94.90976562500003,20.204608465619117],[94.90761718750002,20.19977448124412],[94.898681640625,20.19049713749412],[94.89667968750001,20.184100653119117],[94.89794921875,20.17731354374412],[94.90009765625001,20.172967840619123],[94.902587890625,20.16986725468162],[94.903564453125,20.16705963749412],[94.90673828125,20.146600653119123],[94.91445312500002,20.12433502811912],[94.925537109375,20.103778387494117],[94.937744140625,20.088495184369123],[94.96728515625,20.066424871869117],[94.985595703125,20.057391668744117],[95.00253906250003,20.053729559369117],[95.01083984375003,20.049188543744123],[95.01699218750002,20.038592840619117],[95.01923828125001,20.02619049686912],[95.01621093750003,20.016473699994123],[95.01083984375003,20.00543854374412],[95.01406250000002,19.996454168744123],[95.02646484375003,19.984881903119117],[95.03310546875002,19.98053619999412],[95.05029296875,19.97272369999412],[95.05380859375003,19.968377996869123],[95.04755859375001,19.93768952030662],[95.048583984375,19.92438385624412],[95.05214843750002,19.91510651249412],[95.06191406250002,19.91022369999412],[95.08115234375003,19.91034577030662]]]}},{"type":"Feature","properties":{"fillColor":"#00ffff"},"geometry":{"type":"MultiLineString","coordinates":[[[95.08115234375003,19.91034577030662],[95.11259765624999,19.890741278119123],[95.14218750000003,19.860858465619117],[95.16015625,19.82306549686912],[95.15625,19.780047918744117],[95.138671875,19.75079987186912],[95.1357421875,19.73908112186912],[95.138427734375,19.72675202030662],[95.15283203125,19.708270574994117],[95.15625,19.701190496869117],[95.169921875,19.62238190311912],[95.16445312500002,19.50055573124412],[95.169921875,19.457879949994123],[95.19394531250003,19.39667389530662],[95.197265625,19.37225983280662],[95.195556640625,19.350848699994117],[95.187255859375,19.32001373905662],[95.17490234375003,19.152948309369123],[95.169921875,19.135760809369117],[95.15488281250003,19.116229559369117],[95.139404296875,19.10687897343162],[95.12705078125003,19.09564850468162],[95.11269531250002,19.015155340619117],[95.115234375,18.99176666874412],[95.12587890625002,18.95075104374412],[95.13417968750002,18.93085358280662],[95.146240234375,18.913202215619123],[95.193359375,18.865838934369123],[95.2041015625,18.84833405155662],[95.213134765625,18.80548737186912],[95.20458984375,18.76788971561912],[95.18564453125003,18.737567449994117],[95.1630859375,18.716815496869117],[95.15283203125,18.710809637494123],[95.1220703125,18.697528387494117],[95.11728515625003,18.69684479374412],[95.106201171875,18.69843170780662],[95.1015625,18.697528387494117],[95.099365234375,18.69330475468162],[95.09521484375,18.679461981244117],[95.079833984375,18.66705963749412],[95.07587890625001,18.64508698124412],[95.07373046875,18.601336981244117],[95.06650390625003,18.579706121869123],[95.06298828125,18.561786199994117],[95.06748046875003,18.54376862186912],[95.08457031250003,18.522235418744117],[95.1630859375,18.46417877811912],[95.179443359375,18.447626043744123],[95.1923828125,18.430047918744123],[95.20087890625001,18.40985748905662],[95.2041015625,18.385614324994123],[95.20986328125002,18.36322662968162],[95.22412109375,18.34857819218162],[95.2421875,18.33954498905662],[95.25927734375,18.33380768436912],[95.287353515625,18.32001373905662],[95.31171875000001,18.300067449994117],[95.35546875,18.25128815311912],[95.361083984375,18.24664948124412],[95.377197265625,18.23615143436912],[95.3828125,18.23078034061912],[95.38779296875003,18.21991608280662],[95.394775390625,18.19525787968162],[95.39990234375,18.18610260624412],[95.403564453125,18.17670319218162],[95.40283203125,18.154559637494117],[95.40673828125,18.14508698124412],[95.412353515625,18.135858465619123],[95.45029296875003,18.033075262494123],[95.45458984375,17.996356512494117],[95.44482421875,17.95709869999412],[95.43984375000002,17.94940827030662],[95.42861328125002,17.93854401249412],[95.423828125,17.92914459843162],[95.42421875000002,17.92108795780662],[95.43369140625003,17.87592194218162],[95.43984375000002,17.86664459843162],[95.45449218750002,17.85028717655662],[95.45908203125003,17.839960028119123],[95.457763671875,17.82953522343162],[95.45107421875002,17.81305573124412],[95.44970703125,17.77020905155662],[95.45810546875003,17.72601959843162],[95.47353515625002,17.685907293744123],[95.49257812500002,17.655389715619123],[95.50244140625,17.645282293744117],[95.5166015625,17.634051824994117],[95.53310546875002,17.625018621869117],[95.55068359375002,17.62128327030662],[95.56552734375003,17.614276434369117],[95.56142578125002,17.597430731244117],[95.541015625,17.559833074994117],[95.540283203125,17.54425690311912],[95.54248046875,17.521112371869123],[95.5478515625,17.50006744999412],[95.55751953125002,17.49091217655662],[95.570068359375,17.484393621869117],[95.60410156250003,17.45331452030662],[95.623046875,17.443133856244117],[95.6484375,17.440057684369123],[95.6650390625,17.44074127811912],[95.67421875000002,17.43659088749412],[95.677001953125,17.418963934369117],[95.66982421875002,17.408075262494123],[95.623046875,17.38104889530662],[95.6103515625,17.36603424686912],[95.59951171875002,17.34552643436912],[95.59169921875002,17.32318756718162],[95.5888671875,17.30255768436912],[95.5888671875,17.26190827030662],[95.59130859375,17.25141022343162],[95.639892578125,17.14765045780662],[95.646484375,17.10993073124412],[95.63593750000001,17.07318756718162],[95.59580078125003,17.03644440311912],[95.57167968750002,17.018817449994117],[95.56093750000002,17.01483795780662],[95.56308593750003,16.981708074994117],[95.5673828125,16.96405670780662],[95.5751953125,16.942254949994123],[95.61220703125002,16.879754949994123],[95.61259765624999,16.864032293744117],[95.59326171875,16.84894440311912],[95.57568359375,16.847674871869117],[95.556884765625,16.85016510624412],[95.53369140625,16.84662506718162],[95.521484375,16.83783600468162],[95.49228515625003,16.811297918744117],[95.47519531250003,16.805682684369117],[95.4501953125,16.80377838749412],[95.43310546875,16.79816315311912],[95.4033203125,16.77777741093162],[95.388671875,16.772479559369117],[95.34853515625002,16.764764715619123],[95.3349609375,16.75787994999412],[95.33115234375003,16.74347565311912],[95.33251953125,16.719598699994123],[95.33847656250003,16.694208074994123],[95.3486328125,16.67536041874412],[95.32373046875,16.66144440311912],[95.32333984375003,16.647577215619123],[95.327880859375,16.63129303593162],[95.31757812500001,16.61017487186912],[95.30224609375,16.60211823124412],[95.28173828125,16.596063543744123],[95.2626953125,16.58771393436912],[95.251708984375,16.57294342655662],[95.253173828125,16.563348699994123],[95.26455078125002,16.54498932499412],[95.26611328125,16.53815338749412],[95.25888671875003,16.52924225468162],[95.23085937500002,16.508172918744123],[95.221435546875,16.504022528119123],[95.20068359375,16.49909088749412],[95.188232421875,16.486346746869117],[95.177734375,16.468768621869117],[95.1630859375,16.44940827030662],[95.080078125,16.39386627811912],[95.06064453125003,16.36749909061912],[95.0506978680458,16.332591488236563]],[[95.0443136539139,16.310186224896896],[95.0400390625,16.295184637494117],[95.03378906250003,16.281268621869117],[95.03370399103973,16.281203068632333]],[[95.01741388476691,16.26865045474937],[95.007080078125,16.26068756718162],[95.00485483840374,16.259185530369773]]]}},{"type":"Feature","properties":{"fillColor":"#00ffff"},"geometry":{"type":"MultiLineString","coordinates":[[[98.87888419526796,24.154620649931086],[98.87390229330927,24.151425557580122]],[[98.82964900552605,24.132456754896392],[98.81757812500001,24.12921784061912],[98.7158203125,24.12152741093162],[98.70486699079345,24.116924849903793]],[[98.6676646232452,24.105005087917583],[98.64003906250002,24.100946356244123],[98.61220703125002,24.087762762494123],[98.5966796875,24.083270574994117],[98.58486328125002,24.07599518436912],[98.54443359375,24.059198309369123],[98.53183593750003,24.05597565311912],[98.51025390625,24.053338934369123],[98.492919921875,24.04669830936912],[98.431884765625,24.00006744999412],[98.41757812500003,23.982684637494117],[98.41162109375,23.96344635624412],[98.415283203125,23.919940496869117],[98.42539062500003,23.878436590619117],[98.44492187500003,23.84149811405662],[98.473388671875,23.814227606244117],[98.54892578125003,23.768573309369117],[98.57470703125,23.744989324994123],[98.6,23.70966217655662],[98.63759765625002,23.637567449994123],[98.64892578125,23.608905340619117],[98.64912109375001,23.596795965619123],[98.64453125,23.58295319218162],[98.63818359375,23.575311590619123],[98.62929687500002,23.56708405155662],[98.621337890625,23.55744049686912],[98.61337890625003,23.53375885624412],[98.59423828125,23.517450262494123],[98.58984375,23.504169012494117],[98.5927734375,23.49017975468162],[98.599853515625,23.474725653119123],[98.61777343750003,23.445819403119117],[98.60683593750002,23.426532293744117],[98.617919921875,23.41925690311912],[98.63906250000002,23.420428778119117],[98.658203125,23.42597077030662],[98.72021484375,23.388055731244123],[98.733154296875,23.30182526249412],[98.731201171875,23.27655670780662],[98.72421875000003,23.262323309369123],[98.710693359375,23.25604889530662],[98.68916015625001,23.254657293744117],[98.68339843749999,23.251483465619117],[98.6650390625,23.23737213749412],[98.64980468750002,23.23297760624412],[98.64052734375002,23.22785065311912],[98.63427734375,23.226678778119123],[98.62646484375,23.228534246869117],[98.61679687500003,23.23725006718162],[98.6103515625,23.240350653119123],[98.58847656250003,23.24127838749412],[98.55419921875,23.229852606244123],[98.53183593750003,23.226678778119123],[98.52646484375003,23.223504949994123],[98.516357421875,23.20941803593162],[98.51093750000001,23.20624420780662],[98.5,23.20746491093162],[98.47861328125003,23.21222565311912],[98.46630859375,23.212420965619117],[98.44345703125003,23.20551178593162],[98.446044921875,23.19513580936912],[98.458740234375,23.184100653119117],[98.47119140625,23.170038153119123],[98.482421875,23.16437409061912],[98.4951171875,23.15973541874412],[98.50419921874999,23.15778229374412],[98.51601562500002,23.15277741093162],[98.52412109375001,23.14118073124412],[98.53525390625003,23.11749909061912],[98.55927734375001,23.09271881718162],[98.564697265625,23.076434637494117],[98.54511718750001,23.06903717655662],[98.52714843749999,23.065301824994123],[98.51132812500003,23.055682684369117],[98.49951171875,23.042499090619117],[98.49365234375,23.028094793744117],[98.49648437500002,23.01361725468162],[98.50507812500001,22.989520574994117],[98.517578125,22.97016022343162],[98.53183593750003,22.97003815311912],[98.54892578125003,22.974725653119123],[98.56630859375002,22.963983465619123],[98.58984375,22.938739324994117],[98.6552734375,22.90985748905662],[98.6650390625,22.90119049686912],[98.66455078125,22.87616608280662],[98.6611328125,22.859247137494123],[98.651123046875,22.847040106244123],[98.630859375,22.836297918744123],[98.611328125,22.830829168744117],[98.54511718750001,22.822626043744123],[98.54052734375,22.81830475468162],[98.524658203125,22.79132721561912],[98.52197265625,22.781610418744123],[98.527587890625,22.77033112186912],[98.54150390625,22.75372955936912],[98.54892578125003,22.737323309369117],[98.548095703125,22.73029205936912],[98.5439453125,22.72382233280662],[98.54150390625,22.709344793744123],[98.54453125000003,22.700702215619117],[98.558837890625,22.68585846561912],[98.563232421875,22.67865631718162],[98.56298828125,22.66913483280662],[98.55966796875003,22.66132233280662],[98.55615234375,22.65534088749412],[98.55517578125,22.65131256718162],[98.558837890625,22.639276434369123],[98.562744140625,22.637811590619123],[98.572509765625,22.637713934369117],[98.57832031250001,22.634881903119123],[98.58076171875001,22.628192449994117],[98.58261718750003,22.620233465619123],[98.59072265625002,22.606463934369117],[98.59492187500001,22.58808014530662],[98.60009765625,22.57929108280662],[98.61240234375003,22.563495184369117],[98.61630859375003,22.55463287968162],[98.62167968750003,22.528094793744117],[98.639404296875,22.49628327030662],[98.64453125,22.48004791874412],[98.6416015625,22.459979559369117],[98.62246093750002,22.429950262494117],[98.61777343750003,22.41486237186912],[98.61318359375002,22.38165924686912],[98.60107421875,22.34662506718162],[98.58535156250002,22.31403229374412],[98.56884765625,22.288202215619123],[98.57832031250001,22.27313873905662],[98.631103515625,22.15827057499412],[98.64345703125002,22.139422918744117],[98.6982421875,22.08698151249412],[98.72011718750002,22.07379791874412],[98.744140625,22.068475653119123],[98.75634765625,22.063251043744117],[98.767822265625,22.051776434369117],[98.7744140625,22.04022858280662],[98.771484375,22.03497955936912],[98.7568359375,22.03485748905662],[98.74570312500003,22.03290436405662],[98.738037109375,22.026727606244123],[98.733154296875,22.01386139530662],[98.74072265625,22.00702545780662],[98.73476562500002,21.998309637494117],[98.72607421875,21.980096746869123],[98.72021484375,21.972284246869123],[98.71328125000002,21.967645574994123],[98.69716796875002,21.961200262494117],[98.67138671875,21.94293854374412],[98.62900390625003,21.92645905155662],[98.5693359375,21.89362213749412],[98.5546875,21.87897369999412],[98.54892578125003,21.85932037968162],[98.55117187500002,21.83832428593162],[98.58544921875,21.71527741093162],[98.6357421875,21.64752838749412],[98.64453125,21.63031647343162],[98.64853515625003,21.58136627811912],[98.61835937500001,21.56207916874412],[98.582275390625,21.547723699994123],[98.56884765625,21.51361725468162],[98.578125,21.492938543744117],[98.61074218750002,21.45551178593162],[98.625244140625,21.417010809369117],[98.642333984375,21.40680573124412],[98.66103515625002,21.39948151249412],[98.673095703125,21.39008209843162],[98.6767578125,21.372919012494123],[98.6787109375,21.304461981244117],[98.68349609375002,21.29083893436912],[98.70615234375003,21.258661199994123],[98.71279296875002,21.239276434369117],[98.71083984375002,21.22101471561912],[98.70556640625,21.199725653119117],[98.703125,21.17853424686912],[98.709716796875,21.16046784061912],[98.72646484375002,21.14288971561912],[98.782958984375,21.10211823124412],[98.80166015625002,21.074725653119117],[98.79638671875,21.04340241093162],[98.77382812500002,21.01398346561912],[98.74072265625,20.99225494999412],[98.71240234375,20.98981354374412],[98.67343750000003,20.99225494999412],[98.638916015625,20.99054596561912],[98.607421875,20.96039459843162],[98.53066406250002,20.962762762494123],[98.50791015625003,20.95123932499412]]]}},{"type":"Feature","properties":{"fillColor":"#00ffff"},"geometry":{"type":"MultiLineString","coordinates":[[[98.50791015625003,20.95123932499412],[98.49453125000002,20.924090887494117],[98.49169921875,20.87677643436912],[98.50048828125,20.78742096561912],[98.51230468750003,20.74799225468162],[98.593017578125,20.61188385624412],[98.64980468750002,20.48493073124412],[98.65615234375002,20.460956121869117],[98.6591796875,20.436542059369117],[98.65478515625,20.42023346561912],[98.64501953125,20.40131256718162],[98.64414062500003,20.37750885624412],[98.64931640625002,20.353778387494117],[98.658203125,20.33490631718162],[98.673583984375,20.317254949994123],[98.68691406250002,20.30658600468162],[98.6962890625,20.29389069218162],[98.69970703125,20.27008698124412],[98.69589843750003,20.224627996869117],[98.689453125,20.201434637494117],[98.6787109375,20.184100653119117],[98.66123046875003,20.172235418744123],[98.622802734375,20.157001043744117],[98.60693359375,20.14655182499412],[98.599853515625,20.14472077030662],[98.56591796875,20.14996979374412],[98.53525390625003,20.12946198124412],[98.50537109375,20.095575262494123],[98.48847656250001,20.08502838749412],[98.46259765625001,20.081073309369117],[98.39980468750002,20.080340887494117],[98.37753906250003,20.074823309369123],[98.34326171875,20.057489324994123],[98.2763671875,20.014422918744117],[98.233642578125,19.999139715619123],[98.140869140625,19.990008856244117]]]}},{"type":"Feature","properties":{"fillColor":"#00ffff"},"geometry":{"type":"MultiLineString","coordinates":[[[98.140869140625,19.990008856244117],[98.020263671875,19.953241278119123],[97.99677734375001,19.95136139530662],[97.978271484375,19.95392487186912],[97.940673828125,19.96417877811912],[97.917724609375,19.964960028119123],[97.87705078125003,19.950799871869123],[97.8583984375,19.92401764530662],[97.84716796875,19.89191315311912],[97.82949218750002,19.861932684369123],[97.81484375000002,19.851678778119123],[97.80097656250001,19.85065338749412],[97.764404296875,19.855731512494117],[97.75107421875003,19.84650299686912],[97.74589843749999,19.82489655155662],[97.743896484375,19.79975006718162],[97.740234375,19.780047918744117],[97.693603515625,19.72016022343162],[97.681884765625,19.71112702030662],[97.66328125000001,19.705340887494117],[97.65537109375003,19.69049713749412],[97.65087890625,19.649676824994117],[97.63720703125,19.60871002811912],[97.63496093750001,19.595965887494117],[97.63720703125,19.56403229374412],[97.633056640625,19.54718659061912],[97.60302734375,19.48578522343162],[97.58544921875,19.41950104374412],[97.5791015625,19.40949127811912],[97.55810546875,19.40460846561912],[97.53916015625003,19.391864324994117],[97.525634765625,19.374286199994117],[97.5205078125,19.354852606244123],[97.52236328125002,19.34796784061912],[97.53095703125001,19.330682684369123]]]}},{"type":"Feature","properties":{"fillColor":"#00ffff"},"geometry":{"type":"MultiLineString","coordinates":[[[97.53095703125001,19.330682684369123],[97.5341796875,19.320672918744123],[97.53457031250002,19.15045807499412],[97.528564453125,19.13727448124412],[97.510498046875,19.118670965619117],[97.503662109375,19.103876043744123],[97.489990234375,19.05036041874412],[97.47666015625003,18.901727606244123],[97.4658203125,18.86200592655662],[97.46005859375003,18.85175202030662],[97.44130859375002,18.82782623905662],[97.431640625,18.820428778119123],[97.386962890625,18.82355377811912],[97.36572265625,18.856073309369123],[97.351318359375,18.871698309369123],[97.33486328125002,18.87506744999412],[97.32724609375003,18.850848699994117],[97.33486328125002,18.710565496869123],[97.35976562500002,18.62421295780662],[97.36279296875,18.587665106244117],[97.345458984375,18.56159088749412],[97.35732421875002,18.54010651249412],[97.378662109375,18.52094147343162],[97.39003906250002,18.50202057499412],[97.39443359375002,18.487323309369117],[97.417236328125,18.44135162968162],[97.44277343750002,18.40350983280662],[97.446044921875,18.38141510624412],[97.446533203125,18.35846588749412],[97.4521484375,18.33380768436912],[97.46621093750002,18.31159088749412],[97.48593750000003,18.292352606244123],[97.50771484375002,18.276727606244123],[97.52792968750003,18.26557037968162],[97.53720703125003,18.27277252811912],[97.54150390625,18.28046295780662],[97.56015625000003,18.32843659061912],[97.56201171875,18.330682684369123],[97.57333984375003,18.333270574994117],[97.624267578125,18.31354401249412],[97.63720703125,18.306512762494123],[97.643310546875,18.29157135624412],[97.642822265625,18.273211981244117],[97.63525390625,18.25775787968162],[97.620361328125,18.25128815311912],[97.61757812500002,18.24188873905662],[97.62851562500003,18.221063543744123],[97.68007812500002,18.152850653119117],[97.683837890625,18.14630768436912],[97.68496093750002,18.140399481244117],[97.68496093750002,18.13178131718162],[97.68701171875,18.12006256718162],[97.69638671875003,18.10175202030662],[97.69843750000001,18.090838934369117],[97.69765625000002,18.08490631718162],[97.69326171875002,18.075311590619123],[97.6923828125,18.070331121869117],[97.69384765625,18.06171295780662],[97.697265625,18.060907293744123],[97.701904296875,18.06207916874412],[97.7060546875,18.059442449994123],[97.71962890625002,18.05329010624412],[97.72177734375003,18.04913971561912],[97.724853515625,18.03693268436912],[97.73935546875003,18.00311920780662],[97.74365234375,17.99799225468162],[97.74677734375001,17.992694403119117],[97.75136718750002,17.980975653119117],[97.75380859375002,17.969256903119117],[97.75048828125,17.963885809369117],[97.74716796875003,17.961053778119123],[97.71962890625002,17.94342682499412],[97.69140625,17.89581940311912],[97.68505859375,17.880877996869117],[97.69843750000001,17.83356354374412]]]}},{"type":"Feature","properties":{"fillColor":"#00ffff"},"geometry":{"type":"MultiLineString","coordinates":[[[97.69843750000001,17.83356354374412],[97.67578125,17.83051178593162],[97.67597656250001,17.81525299686912],[97.68603515625,17.79462311405662],[97.6923828125,17.77521393436912],[97.695068359375,17.752460028119117],[97.712890625,17.69013092655662],[97.720703125,17.591669012494123],[97.72402343750002,17.58185455936912],[97.7294921875,17.57306549686912],[97.737060546875,17.56354401249412],[97.74365234375,17.55267975468162],[97.75390625,17.51886627811912],[97.771240234375,17.49262116093162],[97.77431640625002,17.48407623905662],[97.772705078125,17.47247955936912],[97.7607421875,17.446551824994117],[97.761474609375,17.41901276249412],[97.75996093750001,17.405633856244123],[97.75048828125,17.39813873905662],[97.72646484375002,17.38849518436912],[97.69052734375003,17.36139557499412],[97.6748046875,17.32343170780662],[97.671875,17.237665106244123],[97.676513671875,17.199335028119123],[97.67421875000002,17.182977606244123],[97.6552734375,17.173114324994117],[97.65214843749999,17.16522858280662],[97.65087890625,17.155047918744117],[97.65087890625,17.12641022343162],[97.61318359375002,17.055536199994123],[97.60976562500002,17.035028387494123],[97.61259765624999,17.010858465619123],[97.63720703125,16.95648834843162],[97.64003906250002,16.93256256718162],[97.63496093750001,16.91266510624412],[97.6279296875,16.89337799686912],[97.61660156250002,16.82929108280662],[97.619140625,16.818866278119117],[97.62919921874999,16.802118231244123],[97.63037109375,16.791376043744123],[97.62451171875,16.77118561405662],[97.60664062500001,16.72980377811912],[97.60302734375,16.70636627811912],[97.60537109375002,16.684344793744117],[97.61142578125003,16.665399481244123],[97.62021484375003,16.64899323124412],[97.65625,16.599969793744123],[97.66425781250001,16.585565496869123],[97.67204227712344,16.56001125959742]]]}},{"type":"Feature","properties":{"fillColor":"#00ffff"},"geometry":{"type":"MultiLineString","coordinates":[[[101.16949755605367,21.604583821506672],[101.167236328125,21.60040924686912],[101.1616767520202,21.592459053039253]],[[101.15570438929963,21.562451779031075],[101.15869140625,21.552850653119123],[101.16083984375001,21.53485748905662],[101.15683593750003,21.519891668744123],[101.142822265625,21.51361725468162],[101.003173828125,21.40619537968162],[100.90966796875,21.36029694218162],[100.895751953125,21.355975653119117],[100.862060546875,21.323504949994117],[100.85107421875,21.31500885624412],[100.81416015625001,21.300409246869123],[100.79160156250003,21.29755280155662],[100.772216796875,21.304461981244117],[100.7646484375,21.30939362186912],[100.75634765625,21.312616278119123],[100.74746093750002,21.314471746869117],[100.738037109375,21.31500885624412],[100.72509765625,21.311883856244123],[100.7216796875,21.30390045780662],[100.72216796875,21.29291412968162],[100.720703125,21.28082916874412],[100.68916015625001,21.159540106244123],[100.63720703125,21.06989166874412],[100.62509765625003,21.05426666874412],[100.6064453125,21.04413483280662],[100.5615234375,21.035272528119123],[100.54306640625003,21.027606512494117],[100.55556640625002,21.00006744999412],[100.556884765625,20.99225494999412],[100.55166015625002,20.98554108280662],[100.532958984375,20.973651434369117],[100.52880859375,20.968622137494123],[100.52675781250002,20.947137762494123],[100.517333984375,20.906512762494117],[100.51523437500003,20.886737371869117],[100.533935546875,20.87409088749412],[100.62255859375,20.88873932499412],[100.65175781250002,20.88300202030662],[100.65175781250002,20.87677643436912],[100.626220703125,20.85370514530662],[100.59853515625002,20.83368561405662],[100.568603515625,20.817987371869123],[100.536376953125,20.807879949994117],[100.51308593750002,20.807245184369123],[100.470458984375,20.818475653119123],[100.38339843750003,20.831903387494123],[100.364501953125,20.828387762494117],[100.350830078125,20.81549713749412],[100.34169921875002,20.799676824994123],[100.32929687500001,20.78620026249412],[100.289794921875,20.77521393436912],[100.27431640625002,20.762225653119117],[100.24843750000002,20.732196356244117],[100.221435546875,20.70978424686912],[100.2109375,20.69757721561912],[100.20673828125001,20.68097565311912],[100.20205078125002,20.668085028119123],[100.1796875,20.63837311405662],[100.17255859375001,20.622333074994117],[100.17255859375001,20.609247137494123],[100.15976562500003,20.582879949994123],[100.14882812500002,20.54828522343162],[100.13632812500003,20.45941803593162],[100.12705078125003,20.42804596561912],[100.12490234375002,20.406610418744123],[100.12070312500003,20.38898346561912],[100.11083984375,20.37506744999412],[100.09931640625001,20.362420965619123],[100.0966796875,20.34857819218162],[100.09716796875,20.33515045780662],[100.098876953125,20.317987371869123],[100.096923828125,20.28339264530662],[100.1025390625,20.263788153119123],[100.1162109375,20.24823639530662],[100.13427734375,20.239276434369117],[100.15214843749999,20.23932526249412],[100.16738281250002,20.25385162968162],[100.16689453125002,20.29279205936912],[100.17597656250001,20.300799871869117],[100.17919921875,20.30267975468162],[100.201416015625,20.31049225468162],[100.20673828125001,20.31134674686912],[100.20888671875002,20.31317780155662],[100.220458984375,20.34918854374412],[100.239990234375,20.37299225468162],[100.27001953125,20.39203522343162],[100.30605468750002,20.39984772343162],[100.343994140625,20.390155340619117],[100.36386718750003,20.369159246869117],[100.42138671875,20.25031159061912],[100.447021484375,20.21820709843162],[100.45175781250003,20.210467840619117],[100.45693359375002,20.19660065311912],[100.460693359375,20.190936590619117],[100.46835937500003,20.185907293744123],[100.48525390625002,20.178973699994117],[100.48847656250001,20.17352936405662],[100.49599609375002,20.16510651249412],[100.512451171875,20.15546295780662],[100.52880859375,20.14996979374412],[100.536376953125,20.153680731244123],[100.54179687499999,20.16693756718162],[100.5546875,20.17035553593162],[100.57041015625003,20.167987371869117],[100.584228515625,20.163592840619117],[100.594482421875,20.12836334843162],[100.584228515625,20.01276276249412],[100.593017578125,19.81940338749412],[100.6015625,19.802850653119123],[100.62167968750003,19.810419012494123],[100.63193359375003,19.815936590619117],[100.64179687500001,19.81647369999412],[100.655517578125,19.81354401249412],[100.66884765625002,19.815057684369123],[100.67822265625,19.81879303593162],[100.74853515625,19.858026434369123],[100.779541015625,19.884881903119123],[100.79208984375003,19.89105866093162],[100.805908203125,19.89203522343162],[100.927978515625,19.873309637494117],[100.97451171875002,19.85956452030662],[101.009375,19.83405182499412],[101.01308593750002,19.84113190311912],[101.01953125,19.85016510624412],[101.02236328125002,19.855731512494117],[101.02978515625,19.855731512494117],[101.043212890625,19.84088776249412],[101.0595703125,19.84589264530662],[101.084375,19.868768621869123],[101.109375,19.88568756718162],[101.11865234375,19.889276434369123],[101.13134765625,19.88873932499412],[101.14199218750002,19.88385651249412],[101.150390625,19.87824127811912],[101.16953125000003,19.869012762494123],[101.234619140625,19.82782623905662],[101.25791015625003,19.82135651249412],[101.55947265625002,19.823504949994117],[101.596923828125,19.83136627811912],[101.618896484375,19.855731512494117],[101.60683593750002,19.863153387494123],[101.619384765625,19.87445709843162],[101.64111328125,19.884784246869117],[101.65634765625003,19.889276434369123],[101.66650390625,19.89508698124412],[101.69580078125,19.92230866093162],[101.70761718750003,19.93085358280662],[101.748046875,19.941180731244117],[101.82929687500001,19.94806549686912],[101.865234375,19.957538153119117],[101.898681640625,19.979364324994123],[101.9501953125,20.034198309369117],[101.97451171875002,20.053729559369117],[101.9921875,20.059588934369117],[102.047119140625,20.053729559369117],[102.06357421875003,20.05817291874412],[102.119140625,20.088495184369123],[102.157958984375,20.09223053593162],[102.190673828125,20.080682684369123],[102.216796875,20.057489324994123],[102.23583984375,20.02643463749412],[102.24648437500002,19.98810455936912],[102.24091796875001,19.95880768436912],[102.22236328125001,19.935809637494117],[102.19423828125002,19.91657135624412],[102.18496093750002,19.912372137494117],[102.16738281250002,19.906756903119117],[102.16015625,19.90289948124412],[102.14150390625002,19.879266668744123],[102.13623046875,19.875604559369123],[102.127197265625,19.87348053593162],[102.11767578125,19.86408112186912],[102.10849609375003,19.861932684369123],[102.0859375,19.860223699994123],[102.04541015625,19.85199616093162],[102.038818359375,19.84882233280662],[102.02978515625,19.84149811405662],[102.02382812500002,19.832049871869117],[102.01162109375002,19.805926824994117],[102.005859375,19.80048248905662],[101.9931640625,19.79437897343162],[101.8935546875,19.70563385624412],[101.8857421875,19.68720123905662],[101.876708984375,19.67938873905662],[101.83554687500003,19.657977606244117],[101.82431640625003,19.649676824994117],[101.81494140625,19.615008856244117],[101.81669921874999,19.48151276249412],[101.82089843750003,19.467157293744123],[101.8291015625,19.454120184369117],[101.84130859375,19.44086334843162],[101.85693359375,19.43121979374412],[101.89638671875002,19.41437409061912],[101.90625,19.40326569218162],[101.8994140625,19.393426824994123],[101.8662109375,19.36029694218162],[101.8583984375,19.34491608280662],[101.853271484375,19.325458074994117],[101.830322265625,19.29230377811912],[101.82431640625003,19.27912018436912],[101.823974609375,19.26019928593162],[101.83056640625,19.200946356244117],[101.82871093750003,19.180780340619123],[101.8203125,19.14728424686912],[101.80859375,19.032586981244123],[101.80488281250001,19.021258856244117],[101.803125,19.01056549686912],[101.806884765625,19.00202057499412],[101.812255859375,18.99433014530662],[101.81494140625,18.98505280155662],[101.81689453125,18.96442291874412],[101.81591796875,18.941278387494123],[101.8056640625,18.904169012494123],[101.80322265625,18.885614324994123],[101.808837890625,18.87030670780662],[101.85097656250002,18.826678778119117],[101.86171875000002,18.79340241093162],[101.85429687499999,18.76337311405662],[101.82431640625003,18.703729559369123],[101.819580078125,18.68268463749412],[101.81513671875001,18.64081452030662],[101.81064453125003,18.621844793744117],[101.779296875,18.568866278119117],[101.76376953125003,18.549579168744117],[101.74257812500002,18.50226471561912],[101.732177734375,18.491473699994117],[101.72998046875,18.48847077030662],[101.70761718750003,18.47101471561912],[101.696044921875,18.46674225468162],[101.68320312500003,18.46442291874412],[101.670654296875,18.465350653119117],[101.65976562500003,18.47101471561912],[101.64453125,18.457635809369123],[101.62636718750002,18.421161199994117],[101.61513671875002,18.405536199994117],[101.593017578125,18.39093659061912],[101.57773437500003,18.38507721561912],[101.57421875,18.375751043744117],[101.57343750000001,18.36444733280662],[101.571044921875,18.35492584843162],[101.5615234375,18.341327215619117],[101.54697265625003,18.32538483280662],[101.52988281250003,18.31207916874412],[101.512451171875,18.306512762494123],[101.490478515625,18.30304596561912],[101.481201171875,18.293817449994123],[101.47617187500003,18.28070709843162],[101.46738281250003,18.26557037968162],[101.42080078125002,18.214715887494123],[101.40322265625002,18.18219635624412],[101.39912109375001,18.14142487186912],[101.404296875,18.127801824994123],[101.42294921875003,18.09638092655662],[101.427001953125,18.084002996869117],[101.43320312500003,18.012323309369123],[101.430908203125,17.98261139530662],[101.424560546875,17.95465729374412],[101.423583984375,17.92890045780662],[101.44482421875,17.894891668744123],[101.449462890625,17.88483307499412],[101.45634765624999,17.87738678593162],[101.47119140625,17.874530340619117],[101.495361328125,17.87909577030662],[101.50419921874999,17.875848699994123],[101.509033203125,17.860858465619117],[101.51572265625003,17.860858465619117],[101.523193359375,17.86664459843162],[101.537353515625,17.87360260624412],[101.55117187500002,17.87518952030662],[101.557373046875,17.86456940311912],[101.5546875,17.85712311405662],[101.53681640625001,17.82672760624412],[101.53681640625001,17.82050202030662],[101.54345703125,17.815545965619123],[101.55019531250002,17.81391022343162],[101.55703125000002,17.815545965619123],[101.56357421875003,17.82050202030662]]]}},{"type":"Feature","properties":{"fillColor":"#00ffff"},"geometry":{"type":"MultiLineString","coordinates":[[[101.56357421875003,17.82050202030662],[101.56357421875003,17.82050202030662],[101.56357421875003,17.82050202030662],[101.56357421875003,17.82050202030662],[101.56357421875003,17.82050202030662],[101.57021484375002,17.829120184369117],[101.57480468750003,17.839960028119123],[101.57724609375003,17.85309479374412],[101.57724609375003,17.868280340619123],[101.6,17.85455963749412],[101.61083984375,17.865741278119117],[101.619384765625,17.88483307499412],[101.63583984375003,17.89496491093162],[101.728759765625,17.912372137494117],[101.73232421875002,17.93219635624412],[101.756591796875,17.99799225468162],[101.765380859375,18.04047272343162],[101.77353515625003,18.05878327030662],[101.79013671875003,18.073749090619117],[101.79638671875,18.073749090619117],[101.8056640625,18.06256744999412],[101.84492187500001,18.05231354374412],[101.883544921875,18.03107330936912],[101.90380859375,18.03729889530662],[102.07089843750003,18.20868561405662],[102.078125,18.21405670780662],[102.1533203125,18.210321356244123],[102.171630859375,18.20050690311912],[102.178125,18.18622467655662],[102.181640625,18.169452215619117],[102.191162109375,18.15228912968162],[102.221435546875,18.13178131718162],[102.22519531250003,18.12836334843162],[102.23281250000002,18.124383856244123],[102.25634765625,18.094256903119117],[102.306396484375,18.051629949994123],[102.336181640625,18.037225653119123],[102.3662109375,18.03900787968162],[102.38486328125003,18.016229559369123],[102.41201171875002,17.994403387494117],[102.445068359375,17.977899481244123],[102.48164062500001,17.971307684369123],[102.56728515625002,17.97101471561912],[102.59931640625001,17.95538971561912],[102.61191406250003,17.91547272343162],[102.59521484375,17.85028717655662],[102.59492187500001,17.84100983280662],[102.60888671875,17.83722565311912],[102.66025390625003,17.81305573124412],[102.68251953125002,17.810321356244117],[102.68251953125002,17.81757233280662],[102.673095703125,17.831903387494123],[102.66708984375003,17.85028717655662],[102.67275390625002,17.86554596561912],[102.6865234375,17.873651434369123],[102.72177734375003,17.881952215619123],[102.737060546875,17.890643621869117],[102.77353515625003,17.92291901249412],[102.83164062500003,17.953387762494117],[102.83759765625001,17.96393463749412],[102.852294921875,17.97223541874412],[102.93837890625002,18.00910065311912],[102.95458984375,18.012323309369123],[102.97255859375002,18.007928778119123],[103.00341796875,17.98871491093162],[103.02001953125,17.984393621869117],[103.03759765625,17.99091217655662],[103.049072265625,18.005145574994117],[103.057861328125,18.01947662968162],[103.06787109375,18.02594635624412],[103.07275390625,18.035760809369123],[103.064453125,18.094256903119117],[103.06591796875,18.11249420780662],[103.071044921875,18.125751043744117],[103.07968750000003,18.135028387494117],[103.09228515625,18.14142487186912]]]}},{"type":"Feature","properties":{"fillColor":"#00ffff"},"geometry":{"type":"MultiLineString","coordinates":[[[103.09033203125,18.13703034061912],[103.088623046875,18.135028387494117],[103.10986328125,18.141961981244123],[103.12646484375,18.15204498905662],[103.13818359375,18.166864324994123],[103.144775390625,18.18817780155662],[103.150634765625,18.221698309369117],[103.156982421875,18.237176824994123],[103.16787109375002,18.24994537968162],[103.17626953125,18.25507233280662],[103.184814453125,18.257928778119123],[103.21474609375002,18.262469793744117],[103.236328125,18.27020905155662],[103.27304687500003,18.276239324994123],[103.2861328125,18.280536199994117],[103.29501953125003,18.287958074994123],[103.29599609375003,18.29706452030662],[103.2900390625,18.30536530155662],[103.24824218750001,18.33283112186912],[103.23974609375,18.336200262494117],[103.23769531250002,18.34174225468162],[103.23505859375001,18.345477606244117],[103.233154296875,18.349481512494123],[103.23349609375003,18.35602448124412],[103.24365234375,18.38031647343162],[103.260498046875,18.400409246869117],[103.28212890625002,18.41571686405662],[103.30654296875002,18.42584869999412],[103.38623046875,18.441669012494117],[103.396240234375,18.44159577030662],[103.45107421875002,18.42548248905662],[103.46962890625002,18.42218659061912],[103.47431640625001,18.42230866093162],[103.48876953125,18.42462799686912],[103.497314453125,18.423944403119123],[103.52285156250002,18.41791412968162],[103.54843750000003,18.41559479374412],[103.60664062500001,18.40058014530662],[103.62099609375002,18.39093659061912],[103.629638671875,18.383417059369123],[103.63818359375,18.378192449994117],[103.69521484375002,18.353387762494123],[103.708740234375,18.34992096561912],[103.76669921875003,18.34686920780662],[103.78427734375003,18.344110418744123],[103.80097656250001,18.33844635624412],[103.81689453125,18.330585028119117],[103.83173828125001,18.32086823124412],[103.841796875,18.30927155155662],[103.848388671875,18.29657623905662],[103.857421875,18.286639715619117],[103.87353515625,18.283465887494117],[103.880859375,18.28461334843162],[103.885498046875,18.28717682499412],[103.88925781250003,18.29132721561912],[103.893310546875,18.29743073124412],[103.90976562500003,18.31549713749412],[103.92910156250002,18.327752996869123],[103.95087890625001,18.33319733280662],[103.975,18.33087799686912],[103.999755859375,18.31867096561912],[104.018310546875,18.299335028119117],[104.068115234375,18.215594793744117],[104.110595703125,18.11481354374412],[104.12197265625002,18.095477606244117],[104.13525390625,18.07990143436912],[104.19775390625,18.025751043744123],[104.21044921875,18.00885651249412],[104.25478515625002,17.915155340619123],[104.263916015625,17.88483307499412],[104.26992187500002,17.87421295780662],[104.27783203125,17.864862371869123],[104.28720703125003,17.85687897343162],[104.352294921875,17.81952545780662],[104.367431640625,17.80072662968162],[104.389892578125,17.75739166874412],[104.404541015625,17.740106512494123],[104.40859375000002,17.733905340619117],[104.411376953125,17.727557684369117],[104.41748046875,17.70783112186912],[104.421875,17.699969793744117],[104.45166015625,17.666131903119123],[104.48085937500002,17.64057037968162],[104.63613281250002,17.56268952030662],[104.654541015625,17.55621979374412],[104.70224609375003,17.52753327030662],[104.71425781250002,17.51544830936912],[104.73388671875,17.48712799686912],[104.749267578125,17.45831940311912],[104.75634765625,17.45014069218162],[104.764404296875,17.44464752811912],[104.78125,17.435419012494123],[104.78857421875,17.429217840619117],[104.792236328125,17.423700262494123],[104.81601562500003,17.37299225468162],[104.81894531250003,17.36127350468162],[104.81982421875,17.34906647343162],[104.81601562500003,17.300311590619117]]]}},{"type":"Feature","properties":{"fillColor":"#00ffff"},"geometry":{"type":"MultiLineString","coordinates":[[[104.81601562500003,17.300311590619117],[104.81796875000003,17.24042389530662],[104.81396484375,17.194208074994123],[104.80947265625002,17.17182037968162],[104.744873046875,17.025018621869123],[104.739990234375,17.00275299686912],[104.749267578125,16.91095612186912],[104.75283203125002,16.900018621869123],[104.7625,16.87921784061912],[104.76601562500002,16.86835358280662],[104.76679687500001,16.856317449994123],[104.76503906250002,16.844842840619123],[104.75791015625003,16.822137762494123],[104.75595703125003,16.81000397343162],[104.756591796875,16.79865143436912],[104.778076171875,16.71600983280662],[104.778564453125,16.705096746869117],[104.77724609375002,16.694208074994123],[104.76318359375,16.65692780155662],[104.75283203125002,16.615008856244117],[104.748046875,16.57208893436912],[104.7490234375,16.54950592655662],[104.75419921874999,16.52912018436912],[104.76474609375003,16.51154205936912],[104.78232421875003,16.497333074994117],[104.838623046875,16.467889715619123],[104.85507812500003,16.45429108280662],[104.86855468750002,16.43866608280662],[104.87919921874999,16.42206452030662],[104.88730468750003,16.40412018436912],[104.89667968750001,16.372919012494123],[104.9013671875,16.36261627811912],[104.90771484375,16.35358307499412],[104.91679687499999,16.34577057499412],[104.94375,16.33100006718162],[104.95175781250003,16.324579168744123],[104.97128906250003,16.30451080936912],[104.97900390625,16.298846746869117],[105.007080078125,16.28375885624412],[105.01513671875,16.276874090619117],[105.02597656250003,16.257831121869117],[105.029296875,16.23615143436912],[105.028564453125,16.191669012494117],[105.03232421875003,16.16547272343162],[105.042236328125,16.14166901249412],[105.057861328125,16.121356512494117],[105.078857421875,16.10565827030662],[105.237060546875,16.05097077030662],[105.2470703125,16.049335028119117],[105.28828125000001,16.047626043744117],[105.404541015625,16.01898834843162],[105.41416015625003,16.01544830936912],[105.421630859375,16.01007721561912],[105.42343750000003,16.00238678593162],[105.417724609375,15.99494049686912],[105.406982421875,15.98908112186912],[105.38613281250002,15.980975653119117],[105.36220703125002,15.95502350468162],[105.3603515625,15.919549871869123],[105.3720703125,15.882342840619117],[105.41171875000003,15.79999420780662],[105.42246093750003,15.784051824994123],[105.435302734375,15.771844793744123],[105.44775390625,15.76508209843162],[105.46201171875003,15.76300690311912],[105.503173828125,15.766376043744117],[105.525,15.763690496869117],[105.568115234375,15.74957916874412],[105.61259765624999,15.721698309369117],[105.64072265625003,15.68219635624412],[105.65048828125003,15.63483307499412],[105.640380859375,15.583514715619117],[105.61591796875001,15.52142975468162],[105.61181640625,15.499627996869123],[105.60996093750003,15.45734284061912],[105.60400390625,15.43939850468162],[105.58798828125003,15.42401764530662],[105.55244140625001,15.40216705936912],[105.505859375,15.38776276249412],[105.48593750000003,15.37506744999412],[105.47705078125,15.353045965619117],[105.48291015625,15.334735418744117],[105.498779296875,15.324823309369123],[105.51904296875,15.32123444218162],[105.53818359375003,15.32172272343162],[105.59335937500003,15.33185455936912],[105.61386718750003,15.32941315311912],[105.63251953125001,15.32013580936912],[105.648193359375,15.30585358280662],[105.65966796875,15.28851959843162],[105.6625,15.279657293744123],[105.6650390625,15.25238678593162],[105.669189453125,15.24054596561912],[105.675537109375,15.229754949994117],[105.76669921875003,15.132928778119123]]]}},{"type":"Feature","properties":{"fillColor":"#00ffff"},"geometry":{"type":"MultiLineString","coordinates":[[[105.78173828125,15.12055084843162],[105.781494140625,15.12140534061912],[105.78115234375002,15.12213776249412],[105.78076171875,15.12274811405662],[105.78017578125002,15.123309637494117],[105.798828125,15.11176178593162],[105.81777343750002,15.103143621869123],[105.83388671875002,15.091913153119123],[105.84423828125,15.072528387494117],[105.85009765625,15.050799871869117],[105.85507812500003,15.04120514530662],[105.86289062500003,15.03278229374412],[105.89003906250002,15.012958074994117],[105.89697265625,15.00360748905662],[105.903076171875,14.981219793744117],[105.896240234375,14.911883856244117],[105.904296875,14.867206121869117],[105.90195312500003,14.83478424686912],[105.903076171875,14.82404205936912],[105.907470703125,14.813836981244123],[105.92841796875001,14.788592840619117],[105.93369140625003,14.77777741093162],[105.93544921875002,14.766473699994123],[105.9345703125,14.754901434369117],[105.931884765625,14.743182684369117],[105.928125,14.73224518436912],[105.923095703125,14.721942449994117],[105.91689453125002,14.71246979374412],[105.88320312500002,14.68085358280662],[105.876708984375,14.67108795780662],[105.87314453125003,14.659442449994117],[105.87246093750002,14.64752838749412],[105.8740234375,14.623407293744123],[105.873046875,14.610711981244123],[105.87021484375003,14.598895574994117],[105.8525390625,14.552118231244123],[105.84921875000003,14.52777741093162],[105.851318359375,14.477801824994117],[105.8798828125,14.35516998905662],[105.88007812500001,14.32221100468162],[105.869873046875,14.291131903119123],[105.841796875,14.23065827030662],[105.8375,14.21332428593162],[105.8359375,14.19550202030662],[105.84003906250001,14.172870184369117],[105.84023437500002,14.165399481244123],[105.83779296875002,14.157733465619117],[105.824462890625,14.13739655155662],[105.82080078125,14.12933991093162],[105.818115234375,14.12067291874412],[105.81640625,14.111688543744123],[105.81591796875,14.102899481244123],[105.8193359375,14.086932684369117],[105.82705078125002,14.07099030155662],[105.83759765625001,14.057001043744123],[105.85761718750001,14.041522528119117],[105.86318359375002,14.035516668744123],[105.872802734375,14.021014715619117],[105.87939453125,14.01386139530662],[105.88710937500002,14.010028387494117],[105.92011718750001,14.004510809369123],[105.93349609375002,14.00018952030662],[105.946044921875,13.99371979374412],[105.96826171875,13.97650787968162],[105.97304687500002,13.97174713749412],[105.976318359375,13.96613190311912],[105.97792968750002,13.958026434369117],[105.9765625,13.95062897343162],[105.971435546875,13.935809637494117],[105.97226562500003,13.91974518436912],[105.98046875,13.90802643436912],[105.991455078125,13.89777252811912],[106.00068359375001,13.88593170780662],[106.00332031250002,13.876483465619117],[106.00146484375,13.86835358280662],[105.98583984375,13.84442780155662],[105.98232421875002,13.83527252811912],[105.975,13.79743073124412],[105.97519531250003,13.77863190311912],[105.98125,13.76190827030662],[105.99462890625,13.74957916874412],[105.99560546875,13.74555084843162],[106.007080078125,13.738641668744123],[106.01708984375,13.727313543744117],[106.03164062500002,13.70209381718162],[106.03671875000003,13.686297918744117],[106.03681640625001,13.671258856244123],[106.03261718750002,13.656610418744123],[106.02099609375,13.633905340619123],[106.01943359375002,13.62592194218162],[106.017822265625,13.609002996869123],[106.016357421875,13.602557684369117],[106.01376953125003,13.597040106244123],[106.0068359375,13.586542059369123],[105.94423828125002,13.513934637494117],[105.93603515625,13.496210028119123],[105.92910156250002,13.466669012494123],[105.92568359375002,13.45722077030662],[105.90771484375,13.423602606244117],[105.90488281250003,13.40643952030662],[105.912353515625,13.388202215619117],[105.94931640625003,13.350116278119117]]]}},{"type":"Feature","properties":{"fillColor":"#00ffff"},"geometry":{"type":"MultiLineString","coordinates":[[[104.951171875,11.59088776249412],[104.95087890625001,11.58795807499412],[104.94921875,11.581903387494108],[104.94921875,11.579364324994117],[104.95,11.576922918744117],[104.953125,11.572772528119117],[104.95458984375,11.57037994999412],[104.95644531250002,11.56464264530662],[104.95673828125001,11.55878327030662],[104.95546875000002,11.55304596561912],[104.95263671875,11.54767487186912],[104.94277343750002,11.53632233280662],[104.9404296875,11.531610418744108],[104.939453125,11.52655670780662],[104.94013671875001,11.51044342655662],[104.94326171875002,11.49445221561912],[104.951416015625,11.480731512494117],[104.96347656250003,11.47077057499412],[104.97929687499999,11.46588776249412],[105.01914062500003,11.464960028119108],[105.037353515625,11.459491278119117],[105.05039062500003,11.44403717655662],[105.05224609375,11.43475983280662],[105.049560546875,11.42682526249412],[105.04384765625002,11.41998932499412],[105.028076171875,11.407098699994108],[105.020751953125,11.39911530155662],[105.015625,11.38971588749412],[105.013671875,11.378534246869108],[105.01923828125001,11.359735418744108],[105.046630859375,11.332782293744117],[105.056640625,11.31635162968162],[105.057861328125,11.29901764530662],[105.0439453125,11.24518463749412],[105.04296875,11.23432037968162],[105.04296875,11.22467682499412],[105.045654296875,11.215594793744117],[105.05224609375,11.206561590619117],[105.06484375000002,11.193622137494117],[105.06875,11.186542059369117],[105.07119140625002,11.17658112186912],[105.07119140625002,11.05109284061912],[105.06435546875002,11.006708074994108],[105.06396484375,10.995135809369117],[105.06513671875001,10.98432037968162],[105.068603515625,10.97394440311912],[105.07480468750003,10.96417877811912],[105.083251953125,10.955926824994108],[105.092041015625,10.951678778119117],[105.10166015625003,10.94989655155662],[105.11328125,10.94904205936912],[105.11318359375002,10.93036530155662],[105.09736328125001,10.898944403119117],[105.1,10.88104889530662],[105.105712890625,10.870477606244108],[105.10908203125001,10.861444403119108],[105.10888671875,10.85224030155662],[105.10341796875002,10.841083074994117],[105.09003906250001,10.823504949994117],[105.08632812500002,10.813836981244108],[105.08798828125003,10.80341217655662],[105.09365234375002,10.79486725468162],[105.12294921875002,10.76227448124412],[105.12783203125002,10.753436590619117],[105.130615234375,10.74384186405662],[105.13320312500002,10.721551824994108],[105.13525390625,10.71185944218162],[105.14013671875,10.70368073124412],[105.14882812500002,10.69733307499412],[105.16083984375001,10.692987371869108],[105.197998046875,10.684930731244108],[105.21435546875,10.674335028119117],[105.22021484375,10.659051824994108],[105.22402343750002,10.622430731244108],[105.23046875,10.606317449994108],[105.24082031250003,10.59027741093162],[105.25332031250002,10.57575104374412],[105.2666015625,10.56439850468162],[105.28330078125003,10.55805084843162],[105.320556640625,10.553485418744117],[105.334716796875,10.545038153119108],[105.34248046875001,10.52960846561912],[105.346923828125,10.477899481244108],[105.349609375,10.47150299686912],[105.35302734375,10.46698639530662],[105.35751953125003,10.463495184369108],[105.41083984375001,10.434588934369117],[105.43916015625001,10.41498444218162],[105.4443359375,10.40900299686912],[105.46015625000001,10.381708074994108],[105.47802734375,10.36139557499412],[105.490478515625,10.35077545780662],[105.49570312500003,10.34821198124412],[105.50156250000003,10.336542059369108],[105.60537109375002,10.22858307499412],[105.66347656250002,10.147723699994117],[105.708984375,10.108514715619108],[105.77919921875002,10.064227606244117],[105.81093750000002,10.036883856244117],[105.81826171875002,10.02887604374412],[105.83798828125003,10.004999090619108]]]}},{"type":"Feature","properties":{"fillColor":"#00ffff"},"geometry":{"type":"MultiLineString","coordinates":[[[104.95,11.592547918744117],[104.95654296875,11.580682684369108],[104.96435546875,11.57001373905662],[104.97373046875003,11.561053778119117],[104.98544921875003,11.55414459843162],[105.04375,11.53876373905662],[105.06679687500002,11.527215887494108],[105.08828125000002,11.51276276249412],[105.111083984375,11.500995184369117],[105.13486328125003,11.491717840619117],[105.15771484375,11.479510809369117],[105.25039062500002,11.40875885624412],[105.258056640625,11.39752838749412],[105.26318359375,11.38410065311912],[105.268310546875,11.341327215619117],[105.2890625,11.260516668744117],[105.290283203125,11.233026434369108],[105.28183593750003,11.21027252811912],[105.249267578125,11.17548248905662],[105.236328125,11.154901434369108],[105.221923828125,11.10407135624412],[105.19912109375002,11.05036041874412],[105.193603515625,11.02228424686912],[105.19404296875001,10.99433014530662],[105.215576171875,10.84528229374412],[105.219482421875,10.830194403119108],[105.22744140625002,10.81671784061912],[105.2412109375,10.80585358280662],[105.25742187500003,10.80084869999412],[105.3037109375,10.799090887494117],[105.314453125,10.79706452030662],[105.32431640625003,10.79291412968162],[105.332763671875,10.785760809369108],[105.34794921874999,10.76471588749412],[105.359619140625,10.74152252811912],[105.37705078125003,10.668817449994108],[105.37802734375003,10.65790436405662],[105.375244140625,10.627460028119117],[105.37802734375003,10.61212799686912],[105.386962890625,10.59918854374412],[105.40292968750003,10.586932684369117],[105.50400390625003,10.53754303593162],[105.5146484375,10.52973053593162],[105.52392578125,10.520379949994108],[105.53173828125,10.50910065311912],[105.5498046875,10.47431061405662],[105.55771484375003,10.46393463749412],[105.56630859375002,10.45636627811912],[105.63134765625,10.41705963749412],[105.644775390625,10.413202215619108],[105.68603515625,10.41071198124412],[105.699462890625,10.40778229374412],[105.71142578125,10.40228912968162],[105.7216796875,10.39459869999412],[105.766357421875,10.34430573124412],[105.78212890625002,10.330682684369108],[105.79970703125002,10.319696356244108],[105.84755859375002,10.301629949994108],[105.8974609375,10.29022858280662],[105.95468750000003,10.288446356244108],[105.98427734375002,10.28412506718162],[106.07275390625,10.26056549686912],[106.100341796875,10.249042059369117],[106.11865234375,10.237567449994117]]]}},{"type":"Feature","properties":{"fillColor":"#00ffff"},"geometry":{"type":"MultiLineString","coordinates":[[[105.94931640625003,13.350116278119117],[105.95634765624999,13.33258698124412],[105.96103515625003,13.269305731244117],[105.9677734375,13.248553778119117],[105.98134765625002,13.229266668744117],[106.03212890625002,13.18317291874412],[106.037841796875,13.174579168744117],[106.042724609375,13.164911199994108],[106.0458984375,13.15473053593162],[106.047119140625,13.14447662968162],[106.04599609375003,13.13507721561912],[106.0380859375,13.107782293744108],[106.03720703125003,13.08551666874412],[106.044189453125,13.04437897343162],[106.04306640625003,13.035028387494108],[106.03925781250001,13.02558014530662],[106.02060546875003,12.997430731244108],[106.0166015625,12.986444403119108],[106.01503906250002,12.945086981244117],[106.01132812500003,12.93183014530662],[106.00673828125002,12.924676824994108],[105.9892578125,12.907831121869108],[105.9833984375,12.89972565311912],[105.974609375,12.880389715619117],[105.96464843749999,12.851190496869108],[105.96015625000001,12.83063385624412],[105.95888671875002,12.809686590619108],[105.9609375,12.78888580936912],[105.9658203125,12.77509186405662],[105.97402343750002,12.76361725468162],[105.99375,12.742547918744108],[106.00263671875001,12.728534246869117],[106.00732421875,12.71356842655662],[106.01679687500001,12.59821198124412],[106.014892578125,12.58283112186912],[106,12.537372137494117],[105.998046875,12.52326080936912],[106,12.50946686405662],[106.00693359375003,12.49530670780662],[106.02509765625001,12.46857330936912],[106.032470703125,12.454608465619117],[106.0375,12.438739324994117],[106.04970703125002,12.34552643436912],[106.048095703125,12.33112213749412],[106.0439453125,12.31659577030662],[106.037109375,12.30121491093162],[106.027587890625,12.286639715619117],[106.015625,12.27423737186912],[106.00107421875003,12.26569244999412],[105.98330078125002,12.261737371869117],[105.92783203125003,12.265155340619117],[105.8271484375,12.254169012494117],[105.808837890625,12.25495026249412],[105.60410156250003,12.300311590619117],[105.58779296875002,12.29987213749412],[105.572021484375,12.294061590619108],[105.55839843749999,12.282733465619117],[105.54833984375,12.267938543744108],[105.54140625000002,12.25116608280662],[105.53720703125003,12.23395416874412],[105.534912109375,12.20746491093162],[105.536376953125,12.19428131718162],[105.54013671875003,12.18158600468162],[105.55263671875002,12.16266510624412],[105.55712890625,12.152606512494117],[105.556640625,12.14166901249412],[105.552978515625,12.135370184369108],[105.54189453125002,12.125018621869117],[105.53759765625,12.11896393436912],[105.531494140625,12.09735748905662],[105.52919921875002,12.07575104374412],[105.523681640625,12.05573151249412],[105.50839843750003,12.03876373905662],[105.48886718750003,12.02680084843162],[105.48046875,12.01947662968162],[105.47451171875002,12.00946686405662],[105.47207031250002,11.99835846561912],[105.47021484375,11.963641668744117],[105.46738281250003,11.953387762494117],[105.46328125000002,11.94379303593162],[105.45751953125,11.935077215619117],[105.45029296875003,11.92719147343162],[105.430908203125,11.914569403119117],[105.41044921874999,11.91083405155662],[105.38974609375003,11.91474030155662],[105.34658203125002,11.93488190311912],[105.325439453125,11.93671295780662],[105.27939453125003,11.92865631718162],[105.25478515625002,11.92914459843162],[105.2080078125,11.94147369999412],[105.18349609375002,11.94025299686912],[105.173828125,11.93707916874412],[105.16425781250001,11.932635809369117],[105.155517578125,11.92670319218162],[105.14853515625003,11.91925690311912],[105.14394531250002,11.91010162968162],[105.13593750000001,11.87995026249412],[105.12167968750003,11.859637762494117],[105.100830078125,11.849969793744108],[105.07656250000002,11.84747955936912],[105.02783203125,11.85016510624412],[105.01611328125,11.84918854374412],[105.00439453125,11.845819403119108],[104.99326171875003,11.839471746869108],[104.984375,11.83038971561912],[104.98037109375002,11.81928131718162],[104.98378906250002,11.80695221561912],[104.99404296875002,11.79767487186912],[105.00751953125001,11.789569403119117],[105.018310546875,11.78034088749412],[105.02001953125,11.76776764530662],[105.0146484375,11.758417059369108],[104.9599609375,11.708270574994117],[104.95224609375003,11.69794342655662],[104.94677734375,11.68500397343162],[104.947021484375,11.673602606244117],[104.95361328125,11.64923737186912],[104.95498046875002,11.635858465619108],[104.952392578125,11.594989324994117]]]}},{"type":"Feature","properties":{"fillColor":"#00ffff"},"geometry":{"type":"MultiLineString","coordinates":[[[95.60664062500001,16.85785553593162],[95.618896484375,16.83991119999412],[95.634521484375,16.831317449994117],[95.65214843749999,16.82465241093162],[95.66679687499999,16.81622955936912],[95.66933593750002,16.80121491093162],[95.65634765625003,16.75714752811912],[95.66328125000001,16.73737213749412],[95.68300781250002,16.72528717655662],[95.70419921875003,16.721698309369117],[95.742431640625,16.723749090619123],[95.75830078125,16.71771881718162],[95.76806640625,16.702508856244123],[95.780029296875,16.66229889530662],[95.78212890625002,16.651483465619123],[95.78271484375,16.643670965619123],[95.78554687500002,16.638202215619117],[95.79433593750002,16.634393621869123],[95.80859375,16.63519928593162],[95.818603515625,16.642450262494123],[95.82753906250002,16.650897528119117],[95.83837890625,16.65485260624412],[95.85205078125,16.66242096561912],[95.859375,16.662372137494117],[95.86630859375003,16.64044830936912],[95.884033203125,16.625360418744123],[95.889892578125,16.613885809369123],[95.88857421875002,16.610223699994123],[95.883056640625,16.57977936405662],[95.883056640625,16.535028387494123],[95.87558593750003,16.52484772343162],[95.84248046875001,16.50653717655662],[95.834716796875,16.497186590619123],[95.83925781250002,16.480340887494123],[95.85107421875,16.470575262494123],[95.86328125,16.464715887494123],[95.86875,16.45966217655662],[95.86865234375,16.44794342655662],[95.87050781250002,16.43317291874412],[95.87753906250003,16.42059967655662],[95.893310546875,16.415301824994117],[95.90634765625003,16.41339752811912],[95.91415138744982,16.411359934165546]],[[95.95309884413241,16.401660874867147],[95.98330078125002,16.402215887494123],[95.98491523182432,16.401623349783343]],[[95.99356700400011,16.39844796531456],[95.9970703125,16.39716217655662],[96.00253118212466,16.39151927794447]]]}},{"type":"Feature","properties":{"fillColor":"#00ffff"},"geometry":{"type":"MultiLineString","coordinates":[[[95.45107421875002,17.82050202030662],[95.42763671875002,17.84467194218162],[95.38779296875003,17.82440827030662],[95.324462890625,17.761835028119123],[95.30527343750003,17.74994537968162],[95.2724609375,17.75531647343162],[95.25546875000003,17.748163153119123],[95.197265625,17.676532293744117],[95.20947265625,17.66376373905662],[95.21445312500003,17.645038153119117],[95.2109375,17.63165924686912],[95.197265625,17.634881903119123],[95.171630859375,17.61920807499412],[95.16074218750003,17.60944244999412],[95.15625,17.597040106244123],[95.159423828125,17.583612371869123],[95.16591796875002,17.568133856244117],[95.169921875,17.55341217655662],[95.16650390625,17.54242584843162],[95.123779296875,17.50995514530662],[95.10908203125001,17.488397528119123],[95.115234375,17.463641668744117],[95.09824218750003,17.46796295780662],[95.08544921875,17.459833074994123],[95.07558593750002,17.445086981244117],[95.06748046875003,17.42951080936912],[95.092041015625,17.42975494999412],[95.08945312500003,17.407342840619123],[95.07509765625002,17.38043854374412],[95.06406250000003,17.367450262494117],[95.023193359375,17.340838934369117],[95,17.333612371869123],[94.99912109375003,17.353778387494117],[94.98105468750003,17.358514715619123],[94.9609375,17.353876043744123],[94.944580078125,17.343133856244123],[94.937744140625,17.32953522343162],[94.937744140625,17.29913971561912],[94.936279296875,17.293475653119117],[94.93076171875003,17.28534577030662],[94.93017578125,17.27863190311912],[94.95517578125003,17.239129949994123],[94.95703125,17.228631903119123],[94.93701171875,17.21918366093162],[94.93056640625002,17.20807526249412],[94.92587890625003,17.195331121869117],[94.92031250000002,17.18585846561912],[94.9150390625,17.17963287968162],[94.908203125,17.167499090619117],[94.903564453125,17.16193268436912],[94.8974609375,17.15790436405662],[94.87568359375001,17.148309637494123],[94.87568359375001,17.13544342655662],[94.868896484375,17.11469147343162],[94.859375,17.095331121869123],[94.85175781250001,17.08685944218162],[94.84248046875001,17.08502838749412],[94.832275390625,17.08038971561912],[94.82382812500003,17.074823309369123],[94.8203125,17.06976959843162],[94.82333984375003,17.05902741093162],[94.830078125,17.047381903119117],[94.837158203125,17.03912994999412],[94.841552734375,17.038446356244123],[94.826416015625,17.02606842655662],[94.805908203125,17.02814362186912],[94.787841796875,17.027850653119117],[94.780029296875,17.00800202030662],[94.77646484375003,17.00299713749412],[94.748779296875,16.980731512494117],[94.7412109375,16.97064850468162],[94.74130859375003,16.962420965619117],[94.744140625,16.95368073124412],[94.745361328125,16.942254949994123],[94.73652343750001,16.84186432499412],[94.724853515625,16.78522369999412],[94.72675781250001,16.76434967655662],[94.74169921875,16.74030182499412],[94.745361328125,16.720331121869123],[94.7421875,16.714471746869123],[94.74164220377682,16.71409452139966]],[[94.7354898794097,16.70983846139226],[94.73505859375001,16.70954010624412],[94.72802734375,16.703143621869117],[94.7261659425367,16.697015316336074]],[[94.72515703251896,16.69044102011853],[94.72646484375002,16.68073151249412],[94.732421875,16.65863678593162],[94.73232421875002,16.64801666874412],[94.73068916580156,16.645022754223636]],[[94.72757916202828,16.639328085152293],[94.72509765625,16.634784246869117],[94.71708918155196,16.62519991102081]],[[94.69459975575067,16.564577725840522],[94.69277343750002,16.55719635624412],[94.686279296875,16.544940496869117],[94.68400910779604,16.54177418052216]]]}},{"type":"Feature","properties":{"fillColor":"#00ffff"},"geometry":{"type":"MultiLineString","coordinates":[[[95.45029296875003,17.79132721561912],[95.46640625000003,17.801288153119117],[95.486328125,17.82697174686912],[95.49257812500002,17.84381744999412],[95.48681640625,17.877704168744117],[95.486083984375,17.893817449994117],[95.49257812500002,17.90924713749412],[95.5107421875,17.91058991093162],[95.53720703125003,17.925409246869123],[95.55751953125002,17.92914459843162],[95.573974609375,17.921161199994117],[95.5810546875,17.905536199994117],[95.58740234375,17.89508698124412],[95.60244140625002,17.902460028119123],[95.609619140625,17.88532135624412],[95.60888671875,17.865985418744117],[95.60244140625002,17.823602606244123],[95.60429687499999,17.814715887494117],[95.61435546875003,17.789813543744117],[95.625244140625,17.773553778119123],[95.630615234375,17.75556061405662],[95.63593750000001,17.744745184369123],[95.64443359375002,17.734491278119123],[95.6513671875,17.73053619999412],[95.65908203125002,17.72833893436912],[95.6826171875,17.71857330936912],[95.686279296875,17.718622137494123],[95.685546875,17.717059637494117],[95.68447265625002,17.706903387494123],[95.68115234375,17.697528387494117],[95.66660156250003,17.695428778119123],[95.66328125000001,17.68646881718162],[95.666259765625,17.68158600468162],[95.68447265625002,17.662225653119123],[95.71259765625001,17.615497137494117],[95.7216796875,17.60761139530662],[95.72714843750003,17.59857819218162],[95.72109375000002,17.55206940311912],[95.724853515625,17.53192780155662],[95.73769531250002,17.52338287968162],[95.7587890625,17.513544012494123],[95.7783203125,17.50006744999412],[95.786865234375,17.48041412968162],[95.78330078125003,17.46906159061912],[95.77783203125,17.45929596561912],[95.77773437500002,17.452508856244123],[95.79052734375,17.449969793744117],[95.79824218750002,17.44635651249412],[95.80224609375,17.43756744999412],[95.807373046875,17.41583893436912],[95.81093750000002,17.410516668744123],[95.821533203125,17.40033600468162],[95.80869140625003,17.393329168744117],[95.81162109375003,17.38580963749412],[95.83154296875,17.364032293744117],[95.83984375,17.351581121869117],[95.84228515625,17.341083074994117],[95.84218750000002,17.325799871869123],[95.84775390625003,17.30084869999412],[95.855224609375,17.27985260624412],[95.866455078125,17.26129791874412],[95.883056640625,17.243915106244117],[95.892578125,17.23834869999412],[95.90126953125002,17.234637762494117],[95.90771484375,17.22797272343162],[95.91044921874999,17.21381256718162],[95.91425781250001,17.200702215619117],[95.924072265625,17.19122955936912],[95.94521484375002,17.17621491093162],[95.95751953125,17.15753815311912],[95.95634765624999,17.14362213749412],[95.94775390625,17.128778387494123],[95.938232421875,17.107294012494123],[95.943359375,17.098651434369117],[95.94345703125003,17.073846746869123],[95.94521484375002,17.059588934369117],[95.949462890625,17.04682037968162],[95.955078125,17.03815338749412],[95.96240234375,17.03143952030662],[95.97236328125001,17.024774481244123],[96.02490234375,17.00006744999412],[96.05029296875,16.98065827030662],[96.061279296875,16.95307037968162],[96.08408203125003,16.91583893436912],[96.08701171875003,16.900409246869117],[96.100341796875,16.86188385624412],[96.11367187500002,16.83783600468162],[96.11875,16.821161199994123],[96.12002038055788,16.813538916646937]],[[96.12317034681504,16.787174765738836],[96.12900390625003,16.77667877811912],[96.14404296875,16.77155182499412],[96.15781250000003,16.769647528119123],[96.171142578125,16.77155182499412]]]}},{"type":"Feature","properties":{"fillColor":"#00ffff"},"geometry":{"type":"MultiLineString","coordinates":[[[95.46523437500002,17.706903387494123],[95.449462890625,17.71027252811912],[95.431884765625,17.70600006718162],[95.418701171875,17.707294012494117],[95.418212890625,17.707879949994123],[95.38593750000001,17.72162506718162],[95.375244140625,17.69696686405662],[95.373779296875,17.65949127811912],[95.369140625,17.634881903119123],[95.3525390625,17.628680731244117],[95.32861328125,17.64398834843162],[95.31396484375,17.634881903119123],[95.30800781250002,17.618426824994117],[95.31582031250002,17.606561590619123],[95.327880859375,17.595233465619117],[95.3349609375,17.58026764530662],[95.32509765625002,17.552997137494117],[95.27529296875002,17.51593659061912],[95.26611328125,17.49835846561912],[95.27695312500003,17.48444244999412],[95.341796875,17.457391668744123],[95.32753906250002,17.43939850468162],[95.3251953125,17.43024323124412],[95.31982421875,17.43024323124412],[95.31308593750003,17.43231842655662],[95.30712890625,17.42951080936912],[95.30244140625001,17.415790106244117],[95.30527343750003,17.405047918744117],[95.31093750000002,17.39533112186912],[95.318603515625,17.37262604374412],[95.327392578125,17.362665106244123],[95.33291015625002,17.35260651249412],[95.32753906250002,17.340106512494117],[95.317138671875,17.334588934369123],[95.30224609375,17.33270905155662],[95.26943359375002,17.333270574994117],[95.26083984375003,17.338641668744117],[95.26162109375002,17.350360418744117],[95.26796875000002,17.362079168744117],[95.28134765625003,17.370624090619117],[95.27968750000002,17.37775299686912],[95.275390625,17.385028387494117],[95.27294921875,17.38849518436912],[95.265380859375,17.393915106244123],[95.26357421875002,17.39276764530662],[95.26308593750002,17.38764069218162],[95.25927734375,17.38104889530662],[95.24951171875,17.370233465619123],[95.2431640625,17.358758856244123],[95.23974609375,17.34552643436912],[95.23876953125,17.32953522343162],[95.24404296875002,17.32062409061912],[95.27001953125,17.30878327030662],[95.27978515625,17.29913971561912],[95.263671875,17.302118231244123],[95.24550781250002,17.30939362186912],[95.228125,17.31403229374412],[95.21464843749999,17.30939362186912],[95.21347656250003,17.29608795780662],[95.225830078125,17.28131744999412],[95.24179687500003,17.26605866093162],[95.251708984375,17.251336981244123],[95.251220703125,17.236688543744123],[95.2470703125,17.22089264530662],[95.24619140625003,17.208124090619123],[95.25546875000003,17.20294830936912],[95.26552734375002,17.195575262494117],[95.26015625000002,17.179315496869123],[95.24560546875,17.163104559369117],[95.21572265625002,17.15143463749412],[95.20449218750002,17.14081452030662],[95.19589843750003,17.127215887494117],[95.19101562500003,17.11420319218162],[95.19082031250002,17.09369537968162],[95.1982421875,17.077655340619117],[95.20712890625003,17.063592840619123],[95.21142578125,17.04901764530662],[95.20566406250003,17.01666901249412],[95.19140625,16.98126862186912],[95.17333984375,16.949725653119117],[95.15625,16.929217840619117],[95.16708984375003,16.919305731244123],[95.17578125,16.906024481244117],[95.18154296875002,16.891473699994123],[95.18359375,16.87799713749412],[95.18896484375,16.874627996869123],[95.20068359375,16.87128327030662],[95.21230468750002,16.86444733280662],[95.21992187500001,16.844012762494117],[95.229736328125,16.83344147343162],[95.23193359375,16.826190496869117],[95.22998046875,16.824969793744117],[95.220458984375,16.81683991093162],[95.21767578125002,16.813104559369123],[95.197265625,16.75787994999412],[95.19228515625002,16.73309967655662],[95.19101562500003,16.70636627811912],[95.187744140625,16.702264715619123],[95.17988281250001,16.703876043744117],[95.16650390625,16.709491278119117],[95.157470703125,16.706659246869123],[95.1572265625,16.70001862186912],[95.1630859375,16.68585846561912],[95.158935546875,16.66120026249412],[95.148681640625,16.64618561405662],[95.13535156250003,16.63483307499412],[95.1220703125,16.620721746869123],[95.13232421875,16.59564850468162],[95.1298828125,16.578485418744123],[95.11572265625,16.568622137494117],[95.09130859375,16.56549713749412],[95.05078125,16.56549713749412],[95.03759765625,16.56134674686912],[95.03525390625003,16.552118231244123],[95.0380859375,16.54279205936912],[95.0400390625,16.53815338749412],[95.02695312500003,16.524286199994123],[95.00869140625002,16.51080963749412],[94.99257812500002,16.49481842655662],[94.985595703125,16.473651434369117],[94.98183593750002,16.45282623905662],[94.964111328125,16.40936920780662],[94.95166015625,16.346063543744123],[94.94521484375002,16.329706121869123],[94.93408203125,16.31561920780662],[94.87568359375001,16.27130768436912],[94.8662109375,16.257831121869117],[94.857421875,16.241815496869123],[94.8466796875,16.22846100468162],[94.84633925119512,16.22832131478478]],[[94.83858209390947,16.225138350789848],[94.81972656250002,16.217401434369123],[94.81704898282106,16.214410750614814]],[[94.793701171875,16.165612587650077],[94.793701171875,16.16205475468162]]]}},{"type":"Feature","properties":{"fillColor":"#00ffff"},"geometry":{"type":"MultiLineString","coordinates":[[[95.47900390625,16.805682684369117],[95.4794921875,16.782098699994123],[95.48291015625,16.76532623905662],[95.480712890625,16.749872137494123],[95.46533203125,16.730585028119123],[95.455078125,16.72589752811912],[95.446044921875,16.72577545780662],[95.43984375000002,16.722040106244123],[95.43740234375002,16.70636627811912],[95.43857421875003,16.698260809369117],[95.44082031250002,16.69489166874412],[95.441162109375,16.69135162968162],[95.43740234375002,16.68280670780662],[95.432861328125,16.68134186405662],[95.42597656250001,16.682879949994117],[95.419677734375,16.68341705936912],[95.4169921875,16.679071356244123],[95.41269531250003,16.589129949994117],[95.40439453125003,16.54450104374412],[95.3896484375,16.504022528119123],[95.384521484375,16.50897858280662],[95.369140625,16.518329168744117],[95.372802734375,16.50177643436912],[95.3759765625,16.493768621869123],[95.37929687500002,16.490350653119123],[95.38339843750003,16.485223699994123],[95.38173828125002,16.473651434369117],[95.3759765625,16.45282623905662],[95.3486328125,16.401629949994117],[95.34326171875,16.399188543744117],[95.3251953125,16.39350006718162],[95.3212890625,16.39105866093162],[95.310546875,16.356952215619117],[95.299072265625,16.34125397343162],[95.28916015625003,16.32233307499412],[95.2822265625,16.303583074994123],[95.27285156250002,16.230340887494123],[95.27451171875003,16.18439362186912],[95.27158203125003,16.16901276249412],[95.26171875,16.15595123905662],[95.25716459191969,16.150238210393365]],[[95.22597103076961,16.112388528309314],[95.21826432892466,16.1038959456841]],[[95.21503604782029,16.10033846486185],[95.21297967048687,16.098072391155615]],[[95.20331777670641,16.086003010342722],[95.1907622465573,16.05913033229403]],[[95.18476304808652,16.044723695377623],[95.169921875,16.03851959843162],[95.15908203125002,16.03632233280662],[95.14990234375,16.037713934369123],[95.142333984375,16.03754303593162],[95.14113335119669,16.035989978089017]]]}},{"type":"Feature","properties":{"fillColor":"#00ffff"},"geometry":{"type":"MultiLineString","coordinates":[[[98.26667528226733,27.66537324361787],[98.266123046875,27.664973144531245],[98.2635546875,27.66270751953125],[98.26356445312499,27.660673828124995],[98.2623046875,27.65981201171875],[98.26197265624998,27.6569189453125],[98.26037109375,27.654338378906246],[98.25556640625,27.65142822265625],[98.25396484375,27.64943359375],[98.25301757812498,27.64685546875],[98.251416015625,27.64423095703125],[98.246630859375,27.640505371093745],[98.24052734375,27.63704345703125],[98.23763671875,27.6358544921875],[98.23445312499999,27.63615234375],[98.229609375,27.638967285156248],[98.22798828125,27.6395458984375],[98.225244140625,27.6374462890625],[98.22501953125,27.63876953125],[98.22166015624998,27.6368798828125],[98.215830078125,27.63408935546875],[98.209375,27.6327294921875],[98.207392578125,27.628759765625],[98.203486328125,27.62763916015625],[98.19673828125,27.62886962890625],[98.18807617187498,27.630698242187496],[98.181923828125,27.62877197265625],[98.17859375,27.62677978515625],[98.174501953125,27.62800048828125],[98.16779296875,27.63180908203125],[98.151845703125,27.642609863281248],[98.14841796874998,27.64512939453125],[98.14708007812499,27.64697021484375],[98.14716796875,27.6527099609375],[98.1456640625,27.66046875],[98.14219726562499,27.665380859375],[98.1406640625,27.669990234375],[98.140087890625,27.67487060546875],[98.135693359375,27.6826708984375],[98.133212890625,27.69072998046875],[98.12978515625,27.6973583984375],[98.12958984375,27.701030273437496],[98.12599609375,27.70285888671875],[98.121455078125,27.7008984375],[98.1147265625,27.70385986328125],[98.110576171875,27.7072509765625],[98.108349609375,27.70850830078125],[98.10462890625,27.708269042968748],[98.10188476562499,27.70716064453125],[98.089951171875,27.706721191406245],[98.077978515625,27.703698730468748],[98.067001953125,27.702109375],[98.05896484374999,27.70363037109375],[98.0463671875,27.701770019531246],[98.036015625,27.698720703125],[98.02851562499998,27.6930810546875],[98.0216796875,27.68799072265625]]]}}]}