{
  "type": "FeatureCollection",
  "name": "泛亚铁路西线",
  "features": [
    {
      "type": "Feature",
      "properties": {},
      "geometry": {
        "type": "MultiPolygon",
        "coordinates": [
          [
            [
              [95.963986135105273, 21.59032039609593, 0.0],
              [95.953472715914785, 21.576719552357563, 0.0],
              [95.843444902261652, 21.476259374674271, 0.0],
              [95.841393323573442, 21.474485784410511, 0.0],
              [95.684195776180459, 21.345869609270796, 0.0],
              [95.451662030166034, 21.141809383176497, 0.0],
              [95.358568315206767, 21.048715668217231, 0.0],
              [95.278554059743243, 20.954581250024841, 0.0],
              [95.277096768436579, 20.952941116061254, 0.0],
              [95.216309807679892, 20.887478235246355, 0.0],
              [95.112569408508179, 20.755444999936902, 0.0],
              [95.036253962626034, 20.655280977216595, 0.0],
              [95.026298576691289, 20.645445945582015, 0.0],
              [94.858864947219132, 20.52106667797413, 0.0],
              [94.855825848420167, 20.51897844144937, 0.0],
              [94.660391784306057, 20.395044644694078, 0.0],
              [94.450591059666237, 20.251998696076026, 0.0],
              [94.44478489820915, 20.248588703666407, 0.0],
              [94.205593998963209, 20.128993254043436, 0.0],
              [94.199953811446761, 20.126593226319372, 0.0],
              [93.903357096381811, 20.021349230651161, 0.0],
              [93.893035171004783, 20.01888172459352, 0.0],
              [93.744736813472301, 19.999746452653845, 0.0],
              [93.738338246590786, 19.999335345985546, 0.0],
              [93.628310432937653, 19.999335345985546, 0.0],
              [93.619621166242197, 20.000096168044649, 0.0],
              [93.538296260498583, 20.014447621999405, 0.0],
              [93.523505800708719, 20.019542689980149, 0.0],
              [93.511013700140097, 20.02895889101389, 0.0],
              [93.502042772633985, 20.041774501736917, 0.0],
              [93.497471155078784, 20.056735040880049, 0.0],
              [93.497746349253148, 20.072376066635755, 0.0],
              [93.502841417233881, 20.08716652642563, 0.0],
              [93.512257618267626, 20.099658626994245, 0.0],
              [93.525073228990649, 20.108629554500364, 0.0],
              [93.540033768133782, 20.113201172055561, 0.0],
              [93.555674793889494, 20.112925977881201, 0.0],
              [93.632688374631527, 20.099335345985548, 0.0],
              [93.735125756388584, 20.099335345985548, 0.0],
              [93.874945395618838, 20.117376589757193, 0.0],
              [94.16361903869435, 20.219809172783993, 0.0],
              [94.397045391447989, 20.336522349160813, 0.0],
              [94.604745368538516, 20.47813596990434, 0.0],
              [94.606135108502684, 20.479050031686445, 0.0],
              [94.800713569559562, 20.60244125089325, 0.0],
              [94.960993477665141, 20.721506325485969, 0.0],
              [95.033251878381492, 20.816345476426172, 0.0],
              [95.033707547441992, 20.816934393259626, 0.0],
              [95.13895154311021, 20.950881296837352, 0.0],
              [95.141627785470021, 20.954012774209119, 0.0],
              [95.203070776829406, 21.020182149519236, 0.0],
              [95.28368503371091, 21.115022451732766, 0.0],
              [95.286426660539561, 21.117995369787316, 0.0],
              [95.382103020237935, 21.213671729485693, 0.0],
              [95.384478864776824, 21.215897674879887, 0.0],
              [95.618885946037835, 21.421601848231393, 0.0],
              [95.620203551045407, 21.42271842873804, 0.0],
              [95.777019697037503, 21.551022548186118, 0.0],
              [95.87960237434109, 21.644684992680702, 0.0],
              [96.032444237787814, 21.934510271625935, 0.0],
              [96.033867448506498, 21.941215310903349, 0.0],
              [96.035079361911727, 21.945828981192264, 0.0],
              [96.038135473022848, 21.955550092303373, 0.0],
              [96.044604602825871, 21.96884157377438, 0.0],
              [96.054677388603778, 21.979660635969172, 0.0],
              [96.067473416017194, 21.987061636073044, 0.0],
              [96.081874245116111, 21.990397687836165, 0.0],
              [96.096621167861144, 21.989377202826699, 0.0],
              [96.110425225811909, 21.984089376790024, 0.0],
              [96.11756277454954, 21.978520643828443, 0.0],
              [96.117834905120844, 21.978369479228078, 0.0],
              [96.119124104791453, 21.97765346861971, 0.0],
              [96.127759428227165, 21.973888882076011, 0.0],
              [96.128296621225402, 21.973650925945766, 0.0],
              [96.139406899003191, 21.968651203723542, 0.0],
              [96.13984116838472, 21.968453281074282, 0.0],
              [96.150673946162499, 21.963453558852059, 0.0],
              [96.156561991052882, 21.960240471864005, 0.0],
              [96.165730046608431, 21.954407138530669, 0.0],
              [96.166624758340774, 21.953824349024668, 0.0],
              [96.17579114722966, 21.947713237913558, 0.0],
              [96.178477521458603, 21.945791131153857, 0.0],
              [96.186811410347488, 21.939401686709413, 0.0],
              [96.187623085717888, 21.938765995996299, 0.0],
              [96.192252943267775, 21.93506232603082, 0.0],
              [96.198059192475981, 21.931998078011187, 0.0],
              [96.199011458088336, 21.931482257882958, 0.0],
              [96.205548624329268, 21.927849111103619, 0.0],
              [96.207365924485813, 21.926839694623222, 0.0],
              [96.213395029894841, 21.924057934266827, 0.0],
              [96.215772844252726, 21.923333894266467, 0.0],
              [96.216182765837431, 21.923333955750095, 0.0],
              [96.219942384375628, 21.92596497442312, 0.0],
              [96.222484625439492, 21.927631286700901, 0.0],
              [96.231096847661703, 21.932909064478679, 0.0],
              [96.247721767482972, 21.939366562749662, 0.0],
              [96.265555512029295, 21.939578219168379, 0.0],
              [96.280484016641097, 21.934183792246611, 0.0],
              [96.283666071854881, 21.935510272102164, 0.0],
              [96.29846397629143, 21.936773746569177, 0.0],
              [96.30653161773283, 21.939518039923342, 0.0],
              [96.309185557984719, 21.939731648751877, 0.0],
              [96.314424210049935, 21.946471580370776, 0.0],
              [96.321059349662221, 21.953637286969133, 0.0],
              [96.327700334016825, 21.961076315847357, 0.0],
              [96.328361911983819, 21.961802895945297, 0.0],
              [96.333978383875561, 21.967850739490732, 0.0],
              [96.338931282702404, 21.974310826964931, 0.0],
              [96.341314889787029, 21.977190140729821, 0.0],
              [96.348259612009258, 21.9849679185076, 0.0],
              [96.349539773285514, 21.986348421969897, 0.0],
              [96.356107438235213, 21.993168708850138, 0.0],
              [96.360916368685437, 21.998555072571467, 0.0],
              [96.365956209699391, 22.0053479017642, 0.0],
              [96.367065512329575, 22.006787609855447, 0.0],
              [96.373164405521166, 22.014412306402253, 0.0],
              [96.377342801853572, 22.020043876311316, 0.0],
              [96.377252788011546, 22.029152922584096, 0.0],
              [96.38002697623476, 22.04089477714167, 0.0],
              [96.383915865123654, 22.051451443808336, 0.0],
              [96.391740297216259, 22.065340086141433, 0.0],
              [96.403538425860447, 22.076060174010649, 0.0],
              [96.418111013170304, 22.082522048547133, 0.0],
              [96.428666290948073, 22.085299270769358, 0.0],
              [96.441084274393774, 22.086944072091484, 0.0],
              [96.453098869326993, 22.085501430189414, 0.0],
              [96.454483802813343, 22.08767771655592, 0.0],
              [96.471138652960676, 22.103825709410987, 0.0],
              [96.474471709113132, 22.105804824329951, 0.0],
              [96.480025598841451, 22.10910282826244, 0.0],
              [96.48374051167923, 22.111101834745607, 0.0],
              [96.492906900568116, 22.115546279190053, 0.0],
              [96.501999201758437, 22.118910285273383, 0.0],
              [96.512556146202883, 22.12168778527338, 0.0],
              [96.52636586514852, 22.123321498635622, 0.0],
              [96.531870007453904, 22.123201721108988, 0.0],
              [96.537038829750841, 22.128569909994283, 0.0],
              [96.551274917478295, 22.13889589293575, 0.0],
              [96.555667278828864, 22.14013024780105, 0.0],
              [96.558360344159141, 22.152286379052452, 0.0],
              [96.562249233048021, 22.162841934608004, 0.0],
              [96.570510702171021, 22.177270037417351, 0.0],
              [96.573736776190501, 22.18008074592305, 0.0],
              [96.573624627079653, 22.182829170074413, 0.0],
              [96.573902404857421, 22.194773336741079, 0.0],
              [96.576145374716944, 22.208461990005954, 0.0],
              [96.580033985828067, 22.220963101117068, 0.0],
              [96.581942028428898, 22.226089670687831, 0.0],
              [96.586663695095567, 22.236922726243385, 0.0],
              [96.591389799300217, 22.247761860107602, 0.0],
              [96.595243627777862, 22.254939778568541, 0.0],
              [96.601354738888972, 22.264384500790765, 0.0],
              [96.603650887479873, 22.267640939230308, 0.0],
              [96.610038943035434, 22.275974550341417, 0.0],
              [96.616425262572633, 22.282856908346645, 0.0],
              [96.621397616001914, 22.287295459298633, 0.0],
              [96.623854942375772, 22.289490397741734, 0.0],
              [96.631023704983448, 22.296129675123659, 0.0],
              [96.631708689809884, 22.296752386486119, 0.0],
              [96.639488967587653, 22.303694886486117, 0.0],
              [96.639551719861615, 22.303750786958588, 0.0],
              [96.645845330972733, 22.309347731403037, 0.0],
              [96.647022154011964, 22.310393232008735, 0.0],
              [96.654752994209474, 22.317296014427324, 0.0],
              [96.661928792106195, 22.322631286700918, 0.0],
              [96.670541014328421, 22.327909064478696, 0.0],
              [96.679682035782719, 22.332304325469476, 0.0],
              [96.685222240803384, 22.334305275700711, 0.0],
              [96.685915395707212, 22.334716694300592, 0.0],
              [96.688046619275426, 22.336611509921148, 0.0],
              [96.693635303452055, 22.342631184857513, 0.0],
              [96.696309848941951, 22.345302010395002, 0.0],
              [96.703809848941944, 22.352245621506114, 0.0],
              [96.716481282759091, 22.360793233087193, 0.0],
              [96.725924338314655, 22.365238788642746, 0.0],
              [96.730246335122715, 22.367031494696022, 0.0],
              [96.740247446233838, 22.370641216918248, 0.0],
              [96.748604400342586, 22.372862565750079, 0.0],
              [96.755209812470028, 22.374018347737081, 0.0],
              [96.758669545689344, 22.375303563794692, 0.0],
              [96.766207947277508, 22.378851255582756, 0.0],
              [96.775652883709412, 22.383296225666374, 0.0],
              [96.784218910745636, 22.386409477779782, 0.0],
              [96.794774188523405, 22.389187255557562, 0.0],
              [96.802646924779111, 22.390597611640256, 0.0],
              [96.813575911196963, 22.391663243123283, 0.0],
              [96.823455384511547, 22.3992426108871, 0.0],
              [96.837100522795595, 22.404403509151887, 0.0],
              [96.845989133906713, 22.406346286929665, 0.0],
              [96.859161075633182, 22.407437129408226, 0.0],
              [96.872158640412522, 22.405038526488742, 0.0],
              [96.876251756574035, 22.403704571492288, 0.0],
              [96.876597051344149, 22.403720663086151, 0.0],
              [96.88184577037832, 22.413169354654148, 0.0],
              [96.895334977294098, 22.428723410935635, 0.0],
              [96.903391088405215, 22.434835077602301, 0.0],
              [96.904239935737721, 22.435406311754484, 0.0],
              [96.904214083078514, 22.435658388108081, 0.0],
              [96.902905680117925, 22.445863407839411, 0.0],
              [96.902819459482728, 22.45786742884669, 0.0],
              [96.904208348371625, 22.470089651068911, 0.0],
              [96.906802606366682, 22.481264040542737, 0.0],
              [96.91096982858889, 22.492929873876072, 0.0],
              [96.916076232450138, 22.503270874611999, 0.0],
              [96.921961302683215, 22.512366785663588, 0.0],
              [96.921987221730717, 22.512594679049073, 0.0],
              [96.929122866260414, 22.533212322384461, 0.0],
              [96.934954810704852, 22.54265787794002, 0.0],
              [96.947938924127811, 22.556716275346542, 0.0],
              [96.952012428722881, 22.559702235523854, 0.0],
              [96.956264544987107, 22.562820417115347, 0.0],
              [96.96132118365108, 22.566079758728598, 0.0],
              [96.96758374403025, 22.569602118720631, 0.0],
              [96.970426827960623, 22.571687146693566, 0.0],
              [96.971177440785397, 22.572237855448165, 0.0],
              [96.976583196023995, 22.577243340111451, 0.0],
              [96.989271235289266, 22.585800024474128, 0.0],
              [96.998717068622597, 22.590243357807463, 0.0],
              [97.011378803164035, 22.594250308431256, 0.0],
              [97.022490192052928, 22.596195308431255, 0.0],
              [97.026373171393587, 22.596719153306214, 0.0],
              [97.029279722876169, 22.596995835913596, 0.0],
              [97.035724025135011, 22.600738138157656, 0.0],
              [97.051059399888132, 22.606535453040582, 0.0],
              [97.067445569990596, 22.607060817717691, 0.0],
              [97.079228084380134, 22.605488768464475, 0.0],
              [97.090345627989706, 22.604331873184588, 0.0],
              [97.099965091832644, 22.603912799151079, 0.0],
              [97.110528616098307, 22.604152873791787, 0.0],
              [97.120356633966878, 22.604377131290423, 0.0],
              [97.12889505261623, 22.605393203109696, 0.0],
              [97.131874586774359, 22.605839712207466, 0.0],
              [97.138048080564957, 22.606766410492071, 0.0],
              [97.147971886935039, 22.60875107252058, 0.0],
              [97.150359171982856, 22.609168607938017, 0.0],
              [97.161470560871749, 22.610835552382458, 0.0],
              [97.16997540534075, 22.611377076276533, 0.0],
              [97.181638936423496, 22.611123499202815, 0.0],
              [97.18622159835472, 22.611227960690442, 0.0],
              [97.191137543957979, 22.616522230479383, 0.0],
              [97.191759767586674, 22.617180285590255, 0.0],
              [97.198981156475554, 22.624680285590255, 0.0],
              [97.209478909783485, 22.632996981007409, 0.0],
              [97.211993970051054, 22.634489769507077, 0.0],
              [97.218358475340139, 22.638269223648837, 0.0],
              [97.225719215214397, 22.641786245488902, 0.0],
              [97.235310867247961, 22.649385279015824, 0.0],
              [97.244200589470182, 22.654662223460267, 0.0],
              [97.261100744393943, 22.660917661989888, 0.0],
              [97.267444837390101, 22.662028278765124, 0.0],
              [97.276169460196655, 22.670667127849708, 0.0],
              [97.284225571307772, 22.676778516738594, 0.0],
              [97.29863424201254, 22.684378171286809, 0.0],
              [97.308634242012545, 22.687711226842367, 0.0],
              [97.315818469159225, 22.689526971745707, 0.0],
              [97.326929858048103, 22.691473082856817, 0.0],
              [97.330816776808746, 22.691997684540691, 0.0],
              [97.342483999030975, 22.693108517874027, 0.0],
              [97.346088069208818, 22.693320727511168, 0.0],
              [97.352420813926926, 22.693464516137318, 0.0],
              [97.355117126522117, 22.694173825593122, 0.0],
              [97.360819916650513, 22.6962335844898, 0.0],
              [97.36427717076154, 22.697860683112918, 0.0],
              [97.364508486183652, 22.698022634828327, 0.0],
              [97.366682040961578, 22.699544084039822, 0.0],
              [97.37084649861265, 22.703262185127766, 0.0],
              [97.376760038913972, 22.709403387974444, 0.0],
              [97.378809706226875, 22.711413164081868, 0.0],
              [97.386310817337986, 22.718357330748535, 0.0],
              [97.403292087839247, 22.728692554069433, 0.0],
              [97.413292087839253, 22.732304498513876, 0.0],
              [97.414461645902335, 22.732710639002995, 0.0],
              [97.420573530731545, 22.734748613100976, 0.0],
              [97.422006934965978, 22.736899045226323, 0.0],
              [97.431903859176657, 22.747827422449085, 0.0],
              [97.444557797962659, 22.755394216403921, 0.0],
              [97.454074521972487, 22.757753180061112, 0.0],
              [97.462408972676641, 22.763564498756388, 0.0],
              [97.481364535441514, 22.767765451489463, 0.0],
              [97.489891243998812, 22.767959042131693, 0.0],
              [97.488419543811361, 22.780990173952571, 0.0],
              [97.488974821589139, 22.79043378506368, 0.0],
              [97.492072352520054, 22.805055595058782, 0.0],
              [97.499353234982308, 22.818108593793617, 0.0],
              [97.502956347185048, 22.822762359539258, 0.0],
              [97.506005851657434, 22.826704455994278, 0.0],
              [97.51301912114937, 22.83407805578851, 0.0],
              [97.520798565593822, 22.840744444677402, 0.0],
              [97.527806395625575, 22.845770237192049, 0.0],
              [97.532967357439489, 22.848834558269054, 0.0],
              [97.533081877634558, 22.848932752914092, 0.0],
              [97.533368178669932, 22.849853026692177, 0.0],
              [97.545097050628172, 22.869684109438357, 0.0],
              [97.55231955062817, 22.877183553882798, 0.0],
              [97.558756979861897, 22.882813497626294, 0.0],
              [97.559960134802083, 22.883696198996983, 0.0],
              [97.559440533374257, 22.893284532343461, 0.0],
              [97.563564544613499, 22.908561242343733, 0.0],
              [97.564857322391276, 22.911436242343733, 0.0],
              [97.568572327940657, 22.919689653969463, 0.0],
              [97.575652087022334, 22.931051871161181, 0.0],
              [97.585492905102967, 22.940128283870525, 0.0],
              [97.589475592526583, 22.942916218173096, 0.0],
              [97.591830728175211, 22.945452127962433, 0.0],
              [97.597345321441864, 22.952345426991815, 0.0],
              [97.610862168494279, 22.964103699554318, 0.0],
              [97.619750224049838, 22.969380921776541, 0.0],
              [97.629466741913703, 22.973822615698317, 0.0],
              [97.639004096127209, 22.977001468865058, 0.0],
              [97.644268587005527, 22.982466376815843, 0.0],
              [97.655107768254908, 22.990980007302277, 0.0],
              [97.667859586821109, 22.996210769911208, 0.0],
              [97.672639532158612, 22.997436365495293, 0.0],
              [97.675677035784005, 23.001233403236945, 0.0],
              [97.680193566263952, 23.005416868212265, 0.0],
              [97.697306135306377, 23.243723176958579, 0.0],
              [97.697383057629267, 23.244668729228451, 0.0],
              [97.716518329568942, 23.455156720564872, 0.0],
              [97.716894405009796, 23.458232792475442, 0.0],
              [97.736029676949471, 23.582612060083331, 0.0],
              [97.755164948889146, 23.706991327691217, 0.0],
              [97.756076408764415, 23.711515249730336, 0.0],
              [97.794346952643764, 23.864597425247737, 0.0],
              [97.797544920651262, 23.873614917262479, 0.0],
              [97.831031646545696, 23.945372187036263, 0.0],
              [97.840173026338277, 23.958751701103832, 0.0],
              [97.93846159129312, 24.061720673913648, 0.0],
              [98.017917079899064, 24.169219276145235, 0.0],
              [98.023564754674013, 24.175631815948432, 0.0],
              [98.133592568327146, 24.280875811616646, 0.0],
              [98.14062396333415, 24.286482352717126, 0.0],
              [98.365463408625331, 24.434780710249605, 0.0],
              [98.367941332389606, 24.436313390565793, 0.0],
              [98.54791025872251, 24.540505926863791, 0.0],
              [98.703497728427976, 24.648945678476689, 0.0],
              [98.903871963370634, 24.796840947124849, 0.0],
              [98.905727685065628, 24.798146655142478, 0.0],
              [99.35540657564799, 25.099527188192358, 0.0],
              [99.356620912857792, 25.100315813838993, 0.0],
              [99.653217627922757, 25.286884715250824, 0.0],
              [99.654646632583621, 25.287750622652194, 0.0],
              [99.826864080040693, 25.388210800335486, 0.0],
              [99.830366850378255, 25.390071938778519, 0.0],
              [99.959529935971062, 25.452261572582461, 0.0],
              [99.968768664919168, 25.455636135724351, 0.0],
              [100.133607141696061, 25.498023172609841, 0.0],
              [100.207639262061136, 25.525785217746744, 0.0],
              [100.21457395192401, 25.527827577064432, 0.0],
              [100.324601765577142, 25.551746666989025, 0.0],
              [100.346304302973138, 25.551644491582458, 0.0],
              [100.55679229430956, 25.503806311733268, 0.0],
              [100.561522627430961, 25.50248383384622, 0.0],
              [100.604576989295225, 25.488132379891464, 0.0],
              [100.612470592146124, 25.484721769985047, 0.0],
              [100.674294910401912, 25.4514317524627, 0.0],
              [100.803555008911758, 25.384573080819678, 0.0],
              [100.989471275658204, 25.370969451545548, 0.0],
              [100.990062485262655, 25.370922665726269, 0.0],
              [101.207281385745262, 25.35243595079158, 0.0],
              [101.328978501735691, 25.379479754345006, 0.0],
              [101.334049981717897, 25.380335770350872, 0.0],
              [101.538527432824822, 25.404112218154001, 0.0],
              [101.707714352626724, 25.432310038120985, 0.0],
              [101.882930331919809, 25.474930141192278, 0.0],
              [101.889931701134174, 25.476114261711945, 0.0],
              [102.038230058666656, 25.490465715666701, 0.0],
              [102.061168581467413, 25.487298448566001, 0.0],
              [102.233103613639088, 25.420434824943683, 0.0],
              [102.385902063463561, 25.363135406259502, 0.0],
              [102.396080901195404, 25.357921462097941, 0.0],
              [102.510892532833452, 25.281380374339239, 0.0],
              [102.523410314889858, 25.269437811524842, 0.0],
              [102.590383766678727, 25.178545269811387, 0.0],
              [102.59437688593016, 25.172172639550521, 0.0],
              [102.639642888173569, 25.086167235288023, 0.0],
              [102.711224591639294, 25.00195346650484, 0.0],
              [102.773386766852994, 24.968800306390861, 0.0],
              [102.881144567265267, 24.918616109531577, 0.0],
              [102.894117845185946, 24.909874743590436, 0.0],
              [102.903754935060263, 24.897552247200551, 0.0],
              [102.909112491385756, 24.882854832164448, 0.0],
              [102.909666079220983, 24.867221183868772, 0.0],
              [102.905361509531588, 24.852181632734734, 0.0],
              [102.89662014359044, 24.839208354814051, 0.0],
              [102.884297647200555, 24.829571264939741, 0.0],
              [102.869600232164458, 24.824213708614252, 0.0],
              [102.853966583868782, 24.823660120779017, 0.0],
              [102.838927032734745, 24.82796469046842, 0.0],
              [102.729942562912385, 24.878720163086133, 0.0],
              [102.727521918412933, 24.879928225558888, 0.0],
              [102.655764648639149, 24.918198769438241, 0.0],
              [102.641197094515888, 24.929933995492284, 0.0],
              [102.55987218877226, 25.025610355190658, 0.0],
              [102.553723243541128, 25.034705454553809, 0.0],
              [102.507641321307062, 25.12226110679854, 0.0],
              [102.448114722210562, 25.203047205572361, 0.0],
              [102.345400184471572, 25.271523564065028, 0.0],
              [102.197707543787317, 25.326908304321623, 0.0],
              [102.197141402808995, 25.327124529623013, 0.0],
              [102.036016262633964, 25.38978430635775, 0.0],
              [101.90310695261276, 25.376922115065376, 0.0],
              [101.729564224392576, 25.334709019011818, 0.0],
              [101.725966594800468, 25.333972702978308, 0.0],
              [101.553749147343396, 25.305269795068796, 0.0],
              [101.55130424088685, 25.304924122245339, 0.0],
              [101.348157850076802, 25.281302448895332, 0.0],
              [101.221508461924742, 25.253158140417099, 0.0],
              [101.206421947513789, 25.252147593065999, 0.0],
              [100.981877968288842, 25.271257718957482, 0.0],
              [100.786037174445397, 25.28558753314115, 0.0],
              [100.766714810417284, 25.291043337162929, 0.0],
              [100.627984088854632, 25.362800606936709, 0.0],
              [100.627250243646571, 25.363187934098399, 0.0],
              [100.568860228503709, 25.394628711483019, 0.0],
              [100.532232499932704, 25.40683795434002, 0.0],
              [100.334982103144398, 25.451667589973731, 0.0],
              [100.239358277946209, 25.430879801887169, 0.0],
              [100.166210518461284, 25.403449392080326, 0.0],
              [100.161106398372397, 25.401841204328935, 0.0],
              [99.998458898628087, 25.360017561537536, 0.0],
              [99.875536737657256, 25.300832817366398, 0.0],
              [99.70575547262618, 25.201793746098279, 0.0],
              [99.410478903369011, 25.016055258984892, 0.0],
              [98.962344149589271, 24.715709626132519, 0.0],
              [98.762336837687783, 24.568085181633794, 0.0],
              [98.761233855930328, 24.567293977274584, 0.0],
              [98.603367862428001, 24.457266163621451, 0.0],
              [98.599830042870678, 24.455014757685895, 0.0],
              [98.419306259093801, 24.350500988130854, 0.0],
              [98.199452258812897, 24.205490902839195, 0.0],
              [98.095785837934599, 24.106331717651262, 0.0],
              [98.017009788302076, 23.999752356383727, 0.0],
              [98.012968758435946, 23.994948122103789, 0.0],
              [97.918177810980779, 23.895643320007913, 0.0],
              [97.890195593120538, 23.835681424593115, 0.0],
              [97.853650885638984, 23.689502594666909, 0.0],
              [97.834866846714533, 23.567406341657939, 0.0],
              [97.815967298761265, 23.444559279961695, 0.0],
              [97.797015324753033, 23.236087565871173, 0.0],
              [97.777371304868495, 22.962528764967747, 0.0],
              [97.774101944534564, 22.947992801663858, 0.0],
              [97.766694624757932, 22.935065521985134, 0.0],
              [97.755807065005499, 22.924894780183166, 0.0],
              [97.742406006313402, 22.918383668749915, 0.0],
              [97.734423581070416, 22.917151260825403, 0.0],
              [97.728588303964159, 22.91211720959426, 0.0],
              [97.716928504077757, 22.9064579298384, 0.0],
              [97.707729358070011, 22.903390014389245, 0.0],
              [97.705926769784284, 22.901061273724608, 0.0],
              [97.692210639564166, 22.888850850020042, 0.0],
              [97.675011283683318, 22.882415880513992, 0.0],
              [97.668541845632532, 22.881283158693119, 0.0],
              [97.666359564710007, 22.878752412394959, 0.0],
              [97.661025727688013, 22.873009163794137, 0.0],
              [97.661069662477502, 22.872129734014369, 0.0],
              [97.659679940255273, 22.859906400681037, 0.0],
              [97.653705973713855, 22.841269173809142, 0.0],
              [97.648149862602736, 22.831270007142475, 0.0],
              [97.637740388785218, 22.818254843837774, 0.0],
              [97.629962055451884, 22.811311510504442, 0.0],
              [97.626242186804745, 22.80829816904037, 0.0],
              [97.624677567267852, 22.807150277140757, 0.0],
              [97.613856256806216, 22.78847109442005, 0.0],
              [97.606632923472887, 22.780694705531161, 0.0],
              [97.605144719538245, 22.779264503795741, 0.0],
              [97.607205917744395, 22.771809496997239, 0.0],
              [97.606363739372355, 22.755788064002004, 0.0],
              [97.600490693991844, 22.740858130392319, 0.0],
              [97.595211527325176, 22.731968963725652, 0.0],
              [97.581793475753969, 22.717182890976996, 0.0],
              [97.580512983094522, 22.716243672362896, 0.0],
              [97.579500304614157, 22.713585976733487, 0.0],
              [97.570076019653484, 22.698090522397241, 0.0],
              [97.563132130764586, 22.690312466841686, 0.0],
              [97.550350533027498, 22.680034661976784, 0.0],
              [97.541461644138607, 22.675033550865678, 0.0],
              [97.538232053227944, 22.673368009412936, 0.0],
              [97.528788164339048, 22.668924398301819, 0.0],
              [97.511108248493557, 22.66429671321654, 0.0],
              [97.497760404941047, 22.665792163617997, 0.0],
              [97.497009955910045, 22.665248483045257, 0.0],
              [97.492222226260679, 22.663911464582423, 0.0],
              [97.486914376016315, 22.658196354569689, 0.0],
              [97.477861517384113, 22.65051925698797, 0.0],
              [97.467254126609475, 22.645192406356703, 0.0],
              [97.457253293276139, 22.641582406356704, 0.0],
              [97.456093076319874, 22.64117963877478, 0.0],
              [97.446956649556398, 22.638133147943815, 0.0],
              [97.441570794419349, 22.632539945358886, 0.0],
              [97.438854134494235, 22.629923773111432, 0.0],
              [97.431076634494232, 22.622979884222545, 0.0],
              [97.426449284919002, 22.619315554702496, 0.0],
              [97.42185998277607, 22.616103126497901, 0.0],
              [97.418121513816345, 22.613485698505002, 0.0],
              [97.410736240043164, 22.609204571151729, 0.0],
              [97.401291517820937, 22.604759571151728, 0.0],
              [97.396985272574511, 22.602973128516432, 0.0],
              [97.38698499479672, 22.599361184071988, 0.0],
              [97.382720252961263, 22.598032963149691, 0.0],
              [97.372165252961281, 22.595256296483026, 0.0],
              [97.360579708568949, 22.593623994711052, 0.0],
              [97.350163910205481, 22.593387497993813, 0.0],
              [97.342248645020874, 22.592633887559234, 0.0],
              [97.339702671731857, 22.592187971485565, 0.0],
              [97.339256357157694, 22.591611550791949, 0.0],
              [97.328398183363248, 22.581263089341746, 0.0],
              [97.3249737389188, 22.578865589341746, 0.0],
              [97.320059172034604, 22.575425948077221, 0.0],
              [97.304114395307636, 22.568036143698649, 0.0],
              [97.293558284196521, 22.565258088143093, 0.0],
              [97.289859995167831, 22.564449229071972, 0.0],
              [97.289627825033136, 22.564208111801594, 0.0],
              [97.271018268119278, 22.552017025865339, 0.0],
              [97.266065604517664, 22.550177659157033, 0.0],
              [97.264109879737731, 22.548146479826407, 0.0],
              [97.257195511597558, 22.540699991742837, 0.0],
              [97.254526410925436, 22.538034588139265, 0.0],
              [97.247026410925443, 22.531089865917039, 0.0],
              [97.232387612218133, 22.521665826178658, 0.0],
              [97.223777056662584, 22.51805582617866, 0.0],
              [97.217166631574898, 22.515812770282174, 0.0],
              [97.206609687130452, 22.513035270282174, 0.0],
              [97.195027228605625, 22.511402707390257, 0.0],
              [97.182804728605618, 22.511124096279147, 0.0],
              [97.180578483548118, 22.511122923723462, 0.0],
              [97.172077397879974, 22.511307746005141, 0.0],
              [97.166393976006219, 22.510455111954382, 0.0],
              [97.156472279731602, 22.508470871923866, 0.0],
              [97.154089248291228, 22.50805397482501, 0.0],
              [97.146713137180114, 22.506946752602786, 0.0],
              [97.14296602238818, 22.506385213356211, 0.0],
              [97.14146414658407, 22.506183364372919, 0.0],
              [97.1297974799174, 22.504795031039585, 0.0],
              [97.125029778855264, 22.504457733876901, 0.0],
              [97.112807556633044, 22.504178844988012, 0.0],
              [97.100580488906232, 22.503900963191818, 0.0],
              [97.097268247728437, 22.503935436326394, 0.0],
              [97.084490469950666, 22.504492102993062, 0.0],
              [97.081491593892878, 22.504713257114243, 0.0],
              [97.070527791812268, 22.505854153999572, 0.0],
              [97.064069295598728, 22.502814571151738, 0.0],
              [97.047515995273073, 22.498279735582674, 0.0],
              [97.037801366469324, 22.497354973422684, 0.0],
              [97.037418569567748, 22.497287966500238, 0.0],
              [97.037025970642674, 22.496924437666323, 0.0],
              [97.032632240344185, 22.49329833813562, 0.0],
              [97.029577240344182, 22.491056949246733, 0.0],
              [97.024291325374037, 22.487180424868338, 0.0],
              [97.019233538571143, 22.483920241271402, 0.0],
              [97.01866526592319, 22.48360061787162, 0.0],
              [97.017234905753455, 22.477546320877739, 0.0],
              [97.011881178419529, 22.466988680266493, 0.0],
              [97.005960543996267, 22.458106921198954, 0.0],
              [97.00318895933286, 22.453823185139413, 0.0],
              [97.002916943760511, 22.453061697471639, 0.0],
              [97.002862623973542, 22.452583683346422, 0.0],
              [97.0034826532154, 22.447747703271698, 0.0],
              [97.003627709592379, 22.446490351065499, 0.0],
              [97.00473882070348, 22.43565646217661, 0.0],
              [97.004943182903716, 22.428178150277127, 0.0],
              [97.004387905125952, 22.416511761388236, 0.0],
              [97.00153200750637, 22.402073378046524, 0.0],
              [96.999497563061922, 22.396376433602079, 0.0],
              [96.997365398983774, 22.390406096364238, 0.0],
              [96.991756626571785, 22.379302190946255, 0.0],
              [96.983580246934991, 22.36992659179014, 0.0],
              [96.975802746935003, 22.362981869567921, 0.0],
              [96.968021750406407, 22.357281353505407, 0.0],
              [96.965342472430834, 22.355691016211278, 0.0],
              [96.964675408831525, 22.353382001218552, 0.0],
              [96.961561549985518, 22.340927863167583, 0.0],
              [96.956084856575174, 22.327591985675021, 0.0],
              [96.947030813371327, 22.316373068576201, 0.0],
              [96.939531646704665, 22.309427235242868, 0.0],
              [96.926690265850837, 22.300796381509151, 0.0],
              [96.91182508686596, 22.296504627537455, 0.0],
              [96.896359555873829, 22.296962939153456, 0.0],
              [96.885998411776669, 22.300631792010787, 0.0],
              [96.873920232073104, 22.292467494191463, 0.0],
              [96.865586620961992, 22.288578883080348, 0.0],
              [96.853017371889067, 22.284629370496859, 0.0],
              [96.839852852009869, 22.284100136848668, 0.0],
              [96.827007124869994, 22.287027928875446, 0.0],
              [96.817334627763373, 22.290627081267502, 0.0],
              [96.815267481185984, 22.291175547173637, 0.0],
              [96.814094347969615, 22.290866819781765, 0.0],
              [96.808789894068354, 22.288370441000289, 0.0],
              [96.799345877150728, 22.283925936303259, 0.0],
              [96.795466377585413, 22.282295887178559, 0.0],
              [96.785744710918735, 22.278684498289675, 0.0],
              [96.776951155212956, 22.276303267583256, 0.0],
              [96.770114923847729, 22.27510709800012, 0.0],
              [96.766398872241638, 22.273765855620908, 0.0],
              [96.766071557573611, 22.27361176402076, 0.0],
              [96.765634046259493, 22.273206709564498, 0.0],
              [96.760249974325703, 22.267407426253595, 0.0],
              [96.759683834870813, 22.266798169404183, 0.0],
              [96.756278446207446, 22.263466859203312, 0.0],
              [96.748778446207439, 22.256798803647758, 0.0],
              [96.741076808184289, 22.251169226502249, 0.0],
              [96.732186252628722, 22.245892282057806, 0.0],
              [96.723650464217258, 22.241862063419411, 0.0],
              [96.718445865251297, 22.239982323686753, 0.0],
              [96.718007491928901, 22.239713677927323, 0.0],
              [96.713578394679402, 22.235758985572676, 0.0],
              [96.713484970981455, 22.235675778402886, 0.0],
              [96.712289683231262, 22.234613882230079, 0.0],
              [96.706036901984248, 22.229053248017863, 0.0],
              [96.698633351702327, 22.222446909619627, 0.0],
              [96.691473795016549, 22.215816158209673, 0.0],
              [96.690817520652786, 22.215219085634075, 0.0],
              [96.688170298430563, 22.212853252300743, 0.0],
              [96.687985069556404, 22.212688536519604, 0.0],
              [96.687914923093487, 22.212626469082583, 0.0],
              [96.686535753808712, 22.211395359261257, 0.0],
              [96.684229337914005, 22.208386497963822, 0.0],
              [96.681421656182735, 22.20404722584815, 0.0],
              [96.67833325302017, 22.196964095612099, 0.0],
              [96.674707418178272, 22.18864523851131, 0.0],
              [96.673712545678328, 22.185446921346674, 0.0],
              [96.673672137281869, 22.183709400707709, 0.0],
              [96.674447254687905, 22.176341520072047, 0.0],
              [96.674708151326499, 22.169947801390382, 0.0],
              [96.674430373548731, 22.158003356945937, 0.0],
              [96.671430022249723, 22.142068954325797, 0.0],
              [96.663488472065112, 22.127932509389264, 0.0],
              [96.658114738398524, 22.121214838497508, 0.0],
              [96.658183994883387, 22.120688385581094, 0.0],
              [96.658152226131335, 22.107408400033666, 0.0],
              [96.654625648274518, 22.094605186608387, 0.0],
              [96.649902314941187, 22.083494631052833, 0.0],
              [96.642734407507888, 22.071577199594831, 0.0],
              [96.63256126156368, 22.062095049462798, 0.0],
              [96.624228483785913, 22.056261993907242, 0.0],
              [96.605366699457107, 22.048195478457114, 0.0],
              [96.597324527862156, 22.046586038866675, 0.0],
              [96.596181877622953, 22.045306550308354, 0.0],
              [96.580181154280822, 22.033371720395792, 0.0],
              [96.570736987614168, 22.028926720395791, 0.0],
              [96.554299442658717, 22.024402657192606, 0.0],
              [96.542910553769815, 22.023291546081495, 0.0],
              [96.536967745962571, 22.023067112475484, 0.0],
              [96.531859937312902, 22.023178265249637, 0.0],
              [96.530370336206076, 22.021059421792906, 0.0],
              [96.523703947317188, 22.012448032904015, 0.0],
              [96.510290481331253, 22.000422587182754, 0.0],
              [96.501677425775696, 21.99514480940498, 0.0],
              [96.496843847465698, 21.992536745851051, 0.0],
              [96.487400791910133, 21.988092856962162, 0.0],
              [96.475934342111145, 21.984308176715178, 0.0],
              [96.471566005145448, 21.98397238806459, 0.0],
              [96.465709343600992, 21.971317360929721, 0.0],
              [96.464944899156549, 21.970287083151941, 0.0],
              [96.464874475835956, 21.970192403994744, 0.0],
              [96.464815031391495, 21.970112681772523, 0.0],
              [96.46481476168934, 21.970112369924465, 0.0],
              [96.459321129589298, 21.962707992737247, 0.0],
              [96.452931941515516, 21.954096756163477, 0.0],
              [96.451823098781531, 21.952657667922324, 0.0],
              [96.445724446727368, 21.945033272839996, 0.0],
              [96.439877123633934, 21.937152098235796, 0.0],
              [96.437020216010893, 21.933644900013014, 0.0],
              [96.43007549378865, 21.925866288901904, 0.0],
              [96.428793560047794, 21.924483800252325, 0.0],
              [96.422224971771996, 21.917662554530715, 0.0],
              [96.417152986803714, 21.911982158582088, 0.0],
              [96.411902050630914, 21.905133339701734, 0.0],
              [96.408860032460609, 21.901530992943592, 0.0],
              [96.401971891491883, 21.894113810110543, 0.0],
              [96.395355221538708, 21.886702017485977, 0.0],
              [96.394743289950043, 21.886028975184779, 0.0],
              [96.390736568881209, 21.881701863883666, 0.0],
              [96.386972812496268, 21.875887170680066, 0.0],
              [96.384682462914171, 21.872639421484617, 0.0],
              [96.378294685136396, 21.864305532595729, 0.0],
              [96.361510275619253, 21.850274603053194, 0.0],
              [96.352343886730367, 21.845552103053194, 0.0],
              [96.340167050732333, 21.841163274941955, 0.0],
              [96.327271640787458, 21.840047233066944, 0.0],
              [96.326229084824732, 21.840092581293828, 0.0],
              [96.316983314049011, 21.837017515615134, 0.0],
              [96.305967211074275, 21.836349670529003, 0.0],
              [96.295566200050501, 21.832415949121224, 0.0],
              [96.284455922272727, 21.830470949121221, 0.0],
              [96.267527901206847, 21.830416665126442, 0.0],
              [96.259869275517048, 21.833099925014164, 0.0],
              [96.25431282568897, 21.830405222214253, 0.0],
              [96.252943716704962, 21.829740700093872, 0.0],
              [96.237017231744147, 21.82507227016718, 0.0],
              [96.225350842855249, 21.8236844923894, 0.0],
              [96.219452221659665, 21.823334445006857, 0.0],
              [96.208340277215228, 21.823332778340191, 0.0],
              [96.193768117770873, 21.825501086621355, 0.0],
              [96.180991173326433, 21.829391642176912, 0.0],
              [96.174608534520331, 21.831822775270254, 0.0],
              [96.163774090075876, 21.836821664159142, 0.0],
              [96.160442821209642, 21.838512370341377, 0.0],
              [96.156986154542977, 21.840432370341375, 0.0],
              [96.150906325843067, 21.843811341918141, 0.0],
              [96.141385251968458, 21.848836088655474, 0.0],
              [96.133488580948764, 21.854011504003697, 0.0],
              [96.125558363760106, 21.860355307653137, 0.0],
              [96.11894501396138, 21.865425645366305, 0.0],
              [96.111635252297631, 21.870298967485233, 0.0],
              [96.097364670170421, 21.843238479262581, 0.0],
              [96.101704494955285, 21.83976153077754, 0.0],
              [96.11029293299454, 21.826686510679274, 0.0],
              [96.114180988550089, 21.818075121790386, 0.0],
              [96.114637927279745, 21.817031539933172, 0.0],
              [96.118420558582542, 21.808117517912098, 0.0],
              [96.121434298699967, 21.80122656969564, 0.0],
              [96.124532288577328, 21.795397822967089, 0.0],
              [96.12465963786579, 21.795158003574386, 0.0],
              [96.128988304508127, 21.787942116281602, 0.0],
              [96.132141769659142, 21.781745558507776, 0.0],
              [96.135416333454188, 21.77402552345222, 0.0],
              [96.136194358837656, 21.772470785931432, 0.0],
              [96.136295466650267, 21.772267465574451, 0.0],
              [96.13901888708051, 21.766820624713933, 0.0],
              [96.143284787100214, 21.759041630560361, 0.0],
              [96.145473043001331, 21.754527993838792, 0.0],
              [96.148380908411639, 21.747673947362028, 0.0],
              [96.151895579751312, 21.741265217785546, 0.0],
              [96.15562860099844, 21.73261098099357, 0.0],
              [96.158683600998444, 21.723166536549126, 0.0],
              [96.158810631206819, 21.722768145043716, 0.0],
              [96.161672372358566, 21.713661777163779, 0.0],
              [96.164796611449702, 21.704549651785225, 0.0],
              [96.165199030037968, 21.703324704370996, 0.0],
              [96.167528478630544, 21.69591299576609, 0.0],
              [96.170472667387926, 21.688973978301242, 0.0],
              [96.172016647418843, 21.684835529661587, 0.0],
              [96.173621091863296, 21.679876362994921, 0.0],
              [96.175073979092787, 21.675383320841291, 0.0],
              [96.176737966223541, 21.668692428570061, 0.0],
              [96.178238928756144, 21.660190724749668, 0.0],
              [96.180231286793543, 21.650981420613096, 0.0],
              [96.182421872113011, 21.641112958478768, 0.0],
              [96.182737541938891, 21.639577488689579, 0.0],
              [96.184683097494428, 21.629299710911802, 0.0],
              [96.18514965935249, 21.626358055408481, 0.0],
              [96.186527415026859, 21.615611285597289, 0.0],
              [96.187316255533617, 21.60962447626709, 0.0],
              [96.187907646646238, 21.605121398558641, 0.0],
              [96.187928016836963, 21.60496436527816, 0.0],
              [96.189315794614743, 21.594131587500382, 0.0],
              [96.189445824190017, 21.593017607942915, 0.0],
              [96.190558046412235, 21.582462330165139, 0.0],
              [96.190774072269789, 21.579656415893826, 0.0],
              [96.191329072269795, 21.568267249227159, 0.0],
              [96.19133201967712, 21.563461229524531, 0.0],
              [96.190806495840789, 21.552397833232735, 0.0],
              [96.190541960931057, 21.541056063817695, 0.0],
              [96.190235944953585, 21.536577574748971, 0.0],
              [96.188847333842475, 21.524355352526751, 0.0],
              [96.188597038218873, 21.522472051304124, 0.0],
              [96.186651204885536, 21.509694829081901, 0.0],
              [96.186484524654176, 21.508671705529053, 0.0],
              [96.185467580209732, 21.502812816640166, 0.0],
              [96.18426093891668, 21.495883142209056, 0.0],
              [96.183531677938177, 21.491679443915757, 0.0],
              [96.183482138254291, 21.491398637770718, 0.0],
              [96.183465174198673, 21.491304057351062, 0.0],
              [96.182302154385653, 21.484614240738676, 0.0],
              [96.18113774598369, 21.474141780124132, 0.0],
              [96.180170213869587, 21.463490938738151, 0.0],
              [96.179693625211698, 21.453491623060778, 0.0],
              [96.179430301052946, 21.442423046409004, 0.0],
              [96.179390348414572, 21.441286996081072, 0.0],
              [96.178860863114849, 21.429913641263816, 0.0],
              [96.178769385655983, 21.426041579513662, 0.0],
              [96.178596579753162, 21.418805923724989, 0.0],
              [96.17855429401483, 21.417622594721511, 0.0],
              [96.178027854380232, 21.406562095365071, 0.0],
              [96.1777918131381, 21.396432816552121, 0.0],
              [96.178039876155793, 21.386529853706886, 0.0],
              [96.178041332545035, 21.384085259955341, 0.0],
              [96.177763412996583, 21.372435937564731, 0.0],
              [96.17748714807847, 21.360508837686375, 0.0],
              [96.177443616980327, 21.359281165561711, 0.0],
              [96.17693983555165, 21.34873395316059, 0.0],
              [96.176915398648987, 21.348218848975481, 0.0],
              [96.176720164030144, 21.340019512847718, 0.0],
              [96.176652827562506, 21.337158128630215, 0.0],
              [96.176612619558696, 21.336010269384854, 0.0],
              [96.176147242934661, 21.326009439694708, 0.0],
              [96.176364675919601, 21.319065038113699, 0.0],
              [96.176225545763202, 21.313458580294594, 0.0],
              [96.175391934652097, 21.303179691405706, 0.0],
              [96.174846351934235, 21.298829881732555, 0.0],
              [96.172623851934233, 21.285775159510333, 0.0],
              [96.172593643296537, 21.285599607929132, 0.0],
              [96.170371421074321, 21.272821830151351, 0.0],
              [96.168198284011552, 21.264573063347857, 0.0],
              [96.164031895122662, 21.252906396681194, 0.0],
              [96.159124255312094, 21.24287331991377, 0.0],
              [96.153289533089861, 21.23370693102488, 0.0],
              [96.151267562803682, 21.230767449022782, 0.0],
              [96.145949175922851, 21.223597710298982, 0.0],
              [96.145795771198379, 21.223356498541911, 0.0],
              [96.145762767546643, 21.223304674338603, 0.0],
              [96.145642489768875, 21.223116063227494, 0.0],
              [96.145640739438605, 21.223114174890103, 0.0],
              [96.143290550916092, 21.219420311084509, 0.0],
              [96.140305606942903, 21.212397326617285, 0.0],
              [96.137006358311154, 21.204355794659794, 0.0],
              [96.134145935758724, 21.194455212108302, 0.0],
              [96.133197879420109, 21.191517152694626, 0.0],
              [96.129031490531219, 21.179850763805739, 0.0],
              [96.124863329780297, 21.168181469377576, 0.0],
              [96.124694100285282, 21.167715009836382, 0.0],
              [96.121426036071782, 21.158844549828309, 0.0],
              [96.120109783106415, 21.15428754169702, 0.0],
              [96.120029198755901, 21.150899288384423, 0.0],
              [96.120495349383887, 21.141319951393942, 0.0],
              [96.120538765828215, 21.140141766870752, 0.0],
              [96.12081709916157, 21.129030100204087, 0.0],
              [96.120093396956506, 21.119211177586955, 0.0],
              [96.117871174734262, 21.106433122031397, 0.0],
              [96.116922837069737, 21.102118872142078, 0.0],
              [96.113590059291965, 21.089618872142079, 0.0],
              [96.113314011910319, 21.088624834762669, 0.0],
              [96.109703734132552, 21.07612594587378, 0.0],
              [96.107226336987708, 21.067553094984685, 0.0],
              [96.106094818958653, 21.063633123924966, 0.0],
              [96.102477790094881, 21.051121414423516, 0.0],
              [96.099013242515213, 21.039121241423569, 0.0],
              [96.096038974436482, 21.027969656849695, 0.0],
              [96.093806989537839, 21.018230842537879, 0.0],
              [96.093193093361293, 21.012830961695069, 0.0],
              [96.093551712599677, 21.005497421848457, 0.0],
              [96.093596776288962, 21.00184654022787, 0.0],
              [96.093523135102558, 20.998801228008496, 0.0],
              [96.093352823051063, 20.991636749217271, 0.0],
              [96.093347684202399, 20.991420666788937, 0.0],
              [96.093580916676871, 20.982119504529809, 0.0],
              [96.094106466250167, 20.971318999789997, 0.0],
              [96.094149969081101, 20.97013724961667, 0.0],
              [96.094363409644544, 20.96159108091037, 0.0],
              [96.095415018988277, 20.953388528029294, 0.0],
              [96.096526701899734, 20.944949198088437, 0.0],
              [96.098284509981269, 20.936816945294549, 0.0],
              [96.100475454768826, 20.926958926002875, 0.0],
              [96.100536765309542, 20.926679285433242, 0.0],
              [96.102759265309558, 20.916401785433241, 0.0],
              [96.102969651277775, 20.915377130552415, 0.0],
              [96.10481527926548, 20.905885367133301, 0.0],
              [96.106894893652907, 20.89626139556098, 0.0],
              [96.109085790475064, 20.886408108091295, 0.0],
              [96.110218270926723, 20.877994232254025, 0.0],
              [96.110774382037832, 20.866605898920692, 0.0],
              [96.110777206511912, 20.861787090964224, 0.0],
              [96.110441928734133, 20.854751813186446, 0.0],
              [96.110221055849934, 20.850118761196388, 0.0],
              [96.109656417064301, 20.84464160653134, 0.0],
              [96.108033734601591, 20.834445033312711, 0.0],
              [96.108012689216167, 20.834073647227278, 0.0],
              [96.106686840368539, 20.822412643630813, 0.0],
              [96.105627716313677, 20.810754329634946, 0.0],
              [96.105513167175801, 20.809633685860085, 0.0],
              [96.104807140515192, 20.803419408391179, 0.0],
              [96.105427332332582, 20.798584094417848, 0.0],
              [96.105817994212003, 20.793472633893572, 0.0],
              [96.106031689235763, 20.7849246192477, 0.0],
              [96.107083906552546, 20.776714840447248, 0.0],
              [96.108461276376943, 20.766240545204592, 0.0],
              [96.108481530574835, 20.766084624745272, 0.0],
              [96.109713197241518, 20.756484902523052, 0.0],
              [96.109737610299874, 20.756285177408635, 0.0],
              [96.109858977533491, 20.755354307033308, 0.0],
              [96.110263025415577, 20.750138329538995, 0.0],
              [96.110474508274848, 20.741670335691573, 0.0],
              [96.111516994932231, 20.733735911907559, 0.0],
              [96.111535994657814, 20.733589633672203, 0.0],
              [96.112926827991132, 20.722756578116648, 0.0],
              [96.113098346679138, 20.721236994427755, 0.0],
              [96.114126032836921, 20.710686872284302, 0.0],
              [96.11441558660627, 20.708486344124644, 0.0],
              [96.115405155880012, 20.700968617180664, 0.0],
              [96.115817066295776, 20.695696689367931, 0.0],
              [96.115896270646687, 20.692537991425592, 0.0],
              [96.117021546150156, 20.688536886827091, 0.0],
              [96.118462043176677, 20.681519384477074, 0.0],
              [96.11966651688391, 20.672360611722624, 0.0],
              [96.121350225640995, 20.663465129305767, 0.0],
              [96.121795192574993, 20.66068928325128, 0.0],
              [96.12318408146389, 20.650134005473504, 0.0],
              [96.123549061862775, 20.646106871106046, 0.0],
              [96.124104339640567, 20.634996315550488, 0.0],
              [96.123847294930769, 20.626858288698632, 0.0],
              [96.122459239375203, 20.61463634425419, 0.0],
              [96.117254783695486, 20.597434135362167, 0.0],
              [96.111975339251046, 20.587155524251056, 0.0],
              [96.107182528951242, 20.579582393950353, 0.0],
              [96.106654442700886, 20.578893443019886, 0.0],
              [96.108616915288408, 20.576589626328779, 0.0],
              [96.116977892869471, 20.562737165753322, 0.0],
              [96.119740038785579, 20.555832217325129, 0.0],
              [96.120863572475017, 20.553025324053117, 0.0],
              [96.124428354573737, 20.535702084250097, 0.0],
              [96.124557799018191, 20.530556250916764, 0.0],
              [96.124642956611737, 20.527143949686458, 0.0],
              [96.12492971620425, 20.524906054183376, 0.0],
              [96.128834807900219, 20.520322244207161, 0.0],
              [96.134174888324182, 20.514312734238903, 0.0],
              [96.140009708655526, 20.508477913907551, 0.0],
              [96.146878765438728, 20.501872543510594, 0.0],
              [96.153331484896086, 20.494292821018689, 0.0],
              [96.157441368267342, 20.488356353627029, 0.0],
              [96.158317357694159, 20.487092382723986, 0.0],
              [96.160465377291573, 20.483711299557946, 0.0],
              [96.165463710624906, 20.475099910669059, 0.0],
              [96.168026172899516, 20.470045447665143, 0.0],
              [96.171915617343956, 20.461157669887367, 0.0],
              [96.17214030017071, 20.460636204749555, 0.0],
              [96.176029189059605, 20.451467593638441, 0.0],
              [96.179125044243577, 20.441249177600085, 0.0],
              [96.180925950926735, 20.431741736881353, 0.0],
              [96.18297603176272, 20.422510218260797, 0.0],
              [96.185197845814443, 20.412511360797922, 0.0],
              [96.185981371190266, 20.408031919990691, 0.0],
              [96.187167367754299, 20.398793182074012, 0.0],
              [96.188703241665451, 20.390888755940814, 0.0],
              [96.190786284379328, 20.381259498018064, 0.0],
              [96.191983455691485, 20.375866758867495, 0.0],
              [96.193102436285869, 20.37322940719022, 0.0],
              [96.196617573397106, 20.366819621554932, 0.0],
              [96.198880234170161, 20.362692708810872, 0.0],
              [96.20194469017531, 20.359095547248586, 0.0],
              [96.205119966962101, 20.355370111102431, 0.0],
              [96.208347318886624, 20.351579415423092, 0.0],
              [96.210769217104939, 20.348497786112073, 0.0],
              [96.216603939327157, 20.340442786112074, 0.0],
              [96.219952712333722, 20.335151230864998, 0.0],
              [96.224674934555949, 20.326539286420552, 0.0],
              [96.227155542047484, 20.32132105382945, 0.0],
              [96.230766930936369, 20.312432998273895, 0.0],
              [96.233314136987488, 20.304184009212104, 0.0],
              [96.235520248098595, 20.293986786989883, 0.0],
              [96.235699087404043, 20.293123377376766, 0.0],
              [96.235715198515166, 20.293041988487875, 0.0],
              [96.23624009873221, 20.289852162254917, 0.0],
              [96.237628154287776, 20.279297440032696, 0.0],
              [96.237998466056823, 20.270401040992802, 0.0],
              [96.23755779377862, 20.261142073330895, 0.0],
              [96.237996320686392, 20.252162128720272, 0.0],
              [96.237735773588611, 20.244075011792148, 0.0],
              [96.236599421828942, 20.234080204110295, 0.0],
              [96.236583076630126, 20.233386353702887, 0.0],
              [96.236417786423402, 20.226487459061051, 0.0],
              [96.236882033705299, 20.217225204811101, 0.0],
              [96.236888018753788, 20.212341648434553, 0.0],
              [96.236448016138723, 20.203110604560752, 0.0],
              [96.236815241727527, 20.195748605851882, 0.0],
              [96.237496733145619, 20.189115161933866, 0.0],
              [96.239087490946133, 20.181954762887045, 0.0],
              [96.239147972274168, 20.181678842168381, 0.0],
              [96.241370194496398, 20.171402175501715, 0.0],
              [96.241581044988223, 20.170375081505991, 0.0],
              [96.24298764254074, 20.163138911842339, 0.0],
              [96.245135728467943, 20.156305300062112, 0.0],
              [96.248127239639231, 20.14706049186141, 0.0],
              [96.248256955805545, 20.146653702429088, 0.0],
              [96.251310659790377, 20.136934114782221, 0.0],
              [96.254366030190653, 20.12721258267602, 0.0],
              [96.255746704156792, 20.121766929735127, 0.0],
              [96.257154619794534, 20.114528059388544, 0.0],
              [96.259103225109044, 20.108326561016334, 0.0],
              [96.259358851425802, 20.107514571539571, 0.0],
              [96.261483246985733, 20.096775865381602, 0.0],
              [96.2618481437989, 20.092524283038774, 0.0],
              [96.26319258951257, 20.088244555892057, 0.0],
              [96.265703092987621, 20.080485543924926, 0.0],
              [96.268742114503581, 20.072770726975051, 0.0],
              [96.269794554729145, 20.069833386561353, 0.0],
              [96.272849832506921, 20.060387831005798, 0.0],
              [96.274147043087339, 20.055567896544289, 0.0],
              [96.276369543087341, 20.045290396544289, 0.0],
              [96.277483579413229, 20.035970614140346, 0.0],
              [96.277745407276029, 20.025487278119911, 0.0],
              [96.278270931978284, 20.015001684247981, 0.0],
              [96.278274285040567, 20.014933860648746, 0.0],
              [96.278829562818331, 20.003545249537634, 0.0],
              [96.277528938535823, 19.989528154900565, 0.0],
              [96.277264569656467, 19.988417916686611, 0.0],
              [96.274751311971471, 19.977862678840722, 0.0],
              [96.271545688673484, 19.969190456863103, 0.0],
              [96.272225286985886, 19.962734102995821, 0.0],
              [96.272437744521795, 19.959994327980688, 0.0],
              [96.272992744521801, 19.948882939091799, 0.0],
              [96.271091398544939, 19.932514015087026, 0.0],
              [96.267481120767144, 19.920014570642582, 0.0],
              [96.266879338852874, 19.918079133614786, 0.0],
              [96.262990727741766, 19.906412189170339, 0.0],
              [96.257738249703337, 19.89537697713515, 0.0],
              [96.25492015862271, 19.890948889101566, 0.0],
              [96.2526434108172, 19.884573418431561, 0.0],
              [96.251572379256245, 19.881831856871631, 0.0],
              [96.248735656158502, 19.875157214288713, 0.0],
              [96.247463144790686, 19.869176538111116, 0.0],
              [96.246345979316899, 19.8593516003376, 0.0],
              [96.24592736672669, 19.856437337984104, 0.0],
              [96.243796102749741, 19.844176906822959, 0.0],
              [96.242073065828691, 19.832857819091661, 0.0],
              [96.240854856001675, 19.822134697063678, 0.0],
              [96.239892132142316, 19.811547862681035, 0.0],
              [96.239601165477723, 19.80542239453785, 0.0],
              [96.240406744937872, 19.799294927551223, 0.0],
              [96.240558441032178, 19.798013305987297, 0.0],
              [96.241186726464392, 19.792046400250506, 0.0],
              [96.242311636291092, 19.788261924565127, 0.0],
              [96.24513105000527, 19.781105501784715, 0.0],
              [96.246184156553994, 19.778166536549126, 0.0],
              [96.248558180337554, 19.770827310449732, 0.0],
              [96.250603781807655, 19.766006422488978, 0.0],
              [96.253319116335305, 19.761054307822331, 0.0],
              [96.254120843362003, 19.759591942330964, 0.0],
              [96.256306376334692, 19.75508327161651, 0.0],
              [96.257508634523347, 19.752249463190257, 0.0],
              [96.257655622828324, 19.752065704839243, 0.0],
              [96.264299755990635, 19.741142729696513, 0.0],
              [96.267898143067598, 19.733047539420333, 0.0],
              [96.271618831966364, 19.72626227745825, 0.0],
              [96.273584906752887, 19.722263937523362, 0.0],
              [96.277473795641768, 19.713375604190031, 0.0],
              [96.277695690725324, 19.712860601981426, 0.0],
              [96.281584579614218, 19.703693657536981, 0.0],
              [96.283126949299728, 19.699559394449849, 0.0],
              [96.286183060410835, 19.69011439444985, 0.0],
              [96.286687638109271, 19.68845754162605, 0.0],
              [96.289465138109264, 19.678736152737162, 0.0],
              [96.290961625866387, 19.671522834681255, 0.0],
              [96.292350514755285, 19.66096700134792, 0.0],
              [96.292721238459279, 19.652067316943732, 0.0],
              [96.292165960681501, 19.640400928054845, 0.0],
              [96.291171314606274, 19.632579352273254, 0.0],
              [96.29037187016182, 19.62874240782881, 0.0],
              [96.28886303280197, 19.621502317697317, 0.0],
              [96.288196381522994, 19.615639570751085, 0.0],
              [96.288251853956936, 19.614533412809916, 0.0],
              [96.28935754586594, 19.610773684346441, 0.0],
              [96.290982951558945, 19.603025042864818, 0.0],
              [96.292081837047974, 19.59445395582755, 0.0],
              [96.293809353009195, 19.58668013400208, 0.0],
              [96.294725150742863, 19.581069008288075, 0.0],
              [96.295553467635514, 19.57320175754138, 0.0],
              [96.297204378371134, 19.565566089025253, 0.0],
              [96.297906325888235, 19.561522447850827, 0.0],
              [96.299095432365704, 19.552485238622157, 0.0],
              [96.299790323977746, 19.548911845515246, 0.0],
              [96.300748368618386, 19.543981423391362, 0.0],
              [96.300905071058224, 19.543136242266101, 0.0],
              [96.302381503576882, 19.534772579214732, 0.0],
              [96.304365141177044, 19.525844225880387, 0.0],
              [96.304684275049297, 19.524292019537999, 0.0],
              [96.306041854475964, 19.517114191760513, 0.0],
              [96.306546655233745, 19.515554192128562, 0.0],
              [96.306599170984001, 19.515391870965416, 0.0],
              [96.308126949299719, 19.510670227783184, 0.0],
              [96.309424835445085, 19.505849459771053, 0.0],
              [96.311648168778419, 19.495571959771052, 0.0],
              [96.312504786915625, 19.490225652098847, 0.0],
              [96.313023502379295, 19.485289667871218, 0.0],
              [96.313614161534943, 19.479678405892649, 0.0],
              [96.313826571193786, 19.47693973995052, 0.0],
              [96.314313262157796, 19.467200807858852, 0.0],
              [96.315212622168161, 19.458657562280418, 0.0],
              [96.316516925842834, 19.448744332631378, 0.0],
              [96.316928488833952, 19.443473957813705, 0.0],
              [96.31714261304171, 19.434925444158107, 0.0],
              [96.318205389856956, 19.426636635220639, 0.0],
              [96.318549071193786, 19.422773351061569, 0.0],
              [96.319035765579386, 19.413034350501714, 0.0],
              [96.319935222413235, 19.404489960308638, 0.0],
              [96.32050800626152, 19.400135399535635, 0.0],
              [96.321086576913586, 19.395739537061299, 0.0],
              [96.322226018998975, 19.389392123644718, 0.0],
              [96.324238906305894, 19.383171602972521, 0.0],
              [96.325796543127836, 19.377069832637559, 0.0],
              [96.326200087052328, 19.374936147477491, 0.0],
              [96.326835761144324, 19.373814200281711, 0.0],
              [96.32717242572005, 19.373210299211049, 0.0],
              [96.33189492572005, 19.364599743655489, 0.0],
              [96.33408514612384, 19.360082143586819, 0.0],
              [96.337973757234948, 19.350915476920154, 0.0],
              [96.341024524590225, 19.34093476597176, 0.0],
              [96.342969524590231, 19.330934210416206, 0.0],
              [96.343653250129094, 19.326240002369659, 0.0],
              [96.344681715308809, 19.315690322017325, 0.0],
              [96.345961375111315, 19.305970739267902, 0.0],
              [96.34735063907489, 19.29541050086879, 0.0],
              [96.347762284731772, 19.290133503112095, 0.0],
              [96.347974988207568, 19.281591194847785, 0.0],
              [96.348533007142024, 19.277241368658501, 0.0],
              [96.350190860309624, 19.271602080602808, 0.0],
              [96.351029037640629, 19.268351412979804, 0.0],
              [96.351707670505107, 19.265299091250469, 0.0],
              [96.353005203703802, 19.262932799238101, 0.0],
              [96.357726420775009, 19.254326379245384, 0.0],
              [96.358322573342051, 19.253206157234025, 0.0],
              [96.362316742164467, 19.245465489014872, 0.0],
              [96.366555690388267, 19.237985681487899, 0.0],
              [96.369084431890215, 19.232861327172124, 0.0],
              [96.371992430426886, 19.226006966907029, 0.0],
              [96.375507295619329, 19.219597677110485, 0.0],
              [96.375785812727386, 19.219082677381898, 0.0],
              [96.380206478917685, 19.210792892051927, 0.0],
              [96.384236480253819, 19.203271494410924, 0.0],
              [96.388842188882379, 19.194871319160729, 0.0],
              [96.390805008153492, 19.190879895225525, 0.0],
              [96.392290841486826, 19.187484895225523, 0.0],
              [96.39469864506421, 19.181979518900164, 0.0],
              [96.396963234607952, 19.175684758627565, 0.0],
              [96.399741845719049, 19.165963091960897, 0.0],
              [96.400477286163522, 19.163064572738438, 0.0],
              [96.40269867505242, 19.153064017182881, 0.0],
              [96.403613455381318, 19.147457614154465, 0.0],
              [96.40466566859979, 19.137464349948214, 0.0],
              [96.405982694345383, 19.127191549132636, 0.0],
              [96.406372930144059, 19.122085471828605, 0.0],
              [96.406635699706271, 19.111595931191054, 0.0],
              [96.407033971076928, 19.103621744898966, 0.0],
              [96.407159632474233, 19.101112677926562, 0.0],
              [96.407206636526695, 19.099859996205659, 0.0],
              [96.407418006051401, 19.09139654039204, 0.0],
              [96.408461370287284, 19.083466554853661, 0.0],
              [96.409367998204317, 19.076574985742845, 0.0],
              [96.410208954446446, 19.07363252163465, 0.0],
              [96.411858432750776, 19.069862016188662, 0.0],
              [96.41456412360219, 19.06492792210793, 0.0],
              [96.418766045921444, 19.058515346341135, 0.0],
              [96.42044583151467, 19.055762017487897, 0.0],
              [96.422819389885376, 19.051573385068984, 0.0],
              [96.426119180371813, 19.047699431037916, 0.0],
              [96.42921759341543, 19.043662522581339, 0.0],
              [96.434772698853564, 19.035606939161589, 0.0],
              [96.439185508865194, 19.029207990042856, 0.0],
              [96.443694838179027, 19.023673058394305, 0.0],
              [96.448114566609604, 19.01848487370312, 0.0],
              [96.453543632132934, 19.013264819163556, 0.0],
              [96.460767267181922, 19.006318738453022, 0.0],
              [96.463409246783442, 19.003577163288135, 0.0],
              [96.469082999543573, 18.997222079043329, 0.0],
              [96.474930359961348, 18.991600508012844, 0.0],
              [96.478340413020675, 18.987978877778463, 0.0],
              [96.479383190798458, 18.9867547111118, 0.0],
              [96.484730706339889, 18.980476347294637, 0.0],
              [96.490166876209315, 18.972707281719966, 0.0],
              [96.494889376209301, 18.964373948386633, 0.0],
              [96.500017014083383, 18.951354308882244, 0.0],
              [96.501336025553442, 18.937423627214287, 0.0],
              [96.498743103697961, 18.923672974893634, 0.0],
              [96.492494701685104, 18.911285135942236, 0.0],
              [96.492508037439748, 18.911275941302812, 0.0],
              [96.487113870773101, 18.903452330191698, 0.0],
              [96.487042151364861, 18.903348589747793, 0.0],
              [96.486926040253749, 18.903181089747797, 0.0],
              [96.479962794706267, 18.896442370375166, 0.0],
              [96.478706129966653, 18.889213837422506, 0.0],
              [96.478129356746336, 18.886383331402666, 0.0],
              [96.477270467857437, 18.882713609180446, 0.0],
              [96.476752324357065, 18.880500582238355, 0.0],
              [96.475099625995369, 18.87344019580247, 0.0],
              [96.472157264196582, 18.860599096514783, 0.0],
              [96.469655148628902, 18.848843680817627, 0.0],
              [96.467594741077761, 18.836991892978062, 0.0],
              [96.466008576842128, 18.827872191178301, 0.0],
              [96.465819473104773, 18.819921883901706, 0.0],
              [96.465774098464166, 18.818672037946452, 0.0],
              [96.465217987353057, 18.807284260168675, 0.0],
              [96.465072197423183, 18.805196676369722, 0.0],
              [96.464058627550259, 18.794046394197775, 0.0],
              [96.463670540009772, 18.785892478889888, 0.0],
              [96.464104068083685, 18.777217579962269, 0.0],
              [96.464150804751057, 18.775970211610545, 0.0],
              [96.464428304751053, 18.764858267166101, 0.0],
              [96.464387341505983, 18.76123270307216, 0.0],
              [96.463948136292345, 18.752005658474026, 0.0],
              [96.464382211451962, 18.743333044932896, 0.0],
              [96.464429106103537, 18.742083158230809, 0.0],
              [96.46470688388132, 18.730971491564141, 0.0],
              [96.4647225, 18.729721944444442, 0.0],
              [96.4647225, 18.719444166666666, 0.0],
              [96.463589437792578, 18.713063416414101, 0.0],
              [96.463826159539877, 18.708331584106034, 0.0],
              [96.463872996553121, 18.707082818020933, 0.0],
              [96.464150774330903, 18.695970595798709, 0.0],
              [96.464152220552975, 18.693530887245952, 0.0],
              [96.463874442775193, 18.681865053912624, 0.0],
              [96.463832125565006, 18.680679280304631, 0.0],
              [96.463363302333619, 18.670824606595005, 0.0],
              [96.463595524636645, 18.661526416283273, 0.0],
              [96.463596973104757, 18.659089106123929, 0.0],
              [96.463348839613218, 18.648657067440006, 0.0],
              [96.463579144973806, 18.639665475868622, 0.0],
              [96.46394450934396, 18.632354715768116, 0.0],
              [96.465324412627169, 18.624667978424515, 0.0],
              [96.46583624750707, 18.621068866773399, 0.0],
              [96.466664549570112, 18.613201963900377, 0.0],
              [96.468315430494215, 18.605566639626346, 0.0],
              [96.469155396479053, 18.600371113937481, 0.0],
              [96.469982653059745, 18.592714697989447, 0.0],
              [96.471262295304612, 18.586799630051473, 0.0],
              [96.473524922982364, 18.579103934712986, 0.0],
              [96.474364630786965, 18.575846800668742, 0.0],
              [96.476263364200307, 18.567302500308728, 0.0],
              [96.47863147515983, 18.559014111950365, 0.0],
              [96.479364694587503, 18.556124291340094, 0.0],
              [96.48158674131794, 18.546124803297332, 0.0],
              [96.483809065879953, 18.536125592669595, 0.0],
              [96.484128951411606, 18.534570039784203, 0.0],
              [96.485925305662022, 18.525072567519068, 0.0],
              [96.487975582394483, 18.515846962854372, 0.0],
              [96.488601501388473, 18.512494363784864, 0.0],
              [96.489349001388476, 18.50756380822931, 0.0],
              [96.489369208905202, 18.507425208828963, 0.0],
              [96.489990283439511, 18.503328957348899, 0.0],
              [96.49023555491118, 18.490188253376779, 0.0],
              [96.489097450784953, 18.480172709445188, 0.0],
              [96.488904100393086, 18.472237214533138, 0.0],
              [96.489086738999788, 18.464924723050526, 0.0],
              [96.489644107658563, 18.460577247512081, 0.0],
              [96.490408878551122, 18.457977546417624, 0.0],
              [96.493030596714064, 18.45198486049388, 0.0],
              [96.493251589093745, 18.451471936787271, 0.0],
              [96.49714047798264, 18.442305270120603, 0.0],
              [96.497434512669656, 18.441597134918553, 0.0],
              [96.499956077134954, 18.435390400970451, 0.0],
              [96.503285979543591, 18.429317511532417, 0.0],
              [96.503874313846026, 18.428211917454924, 0.0],
              [96.507871478757281, 18.420468144248019, 0.0],
              [96.512112933512313, 18.412982915907609, 0.0],
              [96.513043288540885, 18.411263522042614, 0.0],
              [96.516024728554143, 18.405486446222437, 0.0],
              [96.519538260415004, 18.400392510094388, 0.0],
              [96.524855255996926, 18.392947227223129, 0.0],
              [96.528594529524412, 18.386825839371294, 0.0],
              [96.53275469746265, 18.378767528568673, 0.0],
              [96.537005689229218, 18.371012939174886, 0.0],
              [96.541553824333675, 18.362988973931511, 0.0],
              [96.542486286949028, 18.361266063389753, 0.0],
              [96.544430221718741, 18.357499811251991, 0.0],
              [96.54692943424152, 18.352658558905095, 0.0],
              [96.548308374491839, 18.349763193827208, 0.0],
              [96.551555839192602, 18.34234018540656, 0.0],
              [96.554976498986818, 18.335711400874729, 0.0],
              [96.55939557975131, 18.327653551118871, 0.0],
              [96.559671329846353, 18.32714375620159, 0.0],
              [96.563979609240292, 18.319067280432357, 0.0],
              [96.564273808746762, 18.318530865455116, 0.0],
              [96.568564661536854, 18.31070475129021, 0.0],
              [96.568838370227894, 18.310198645957357, 0.0],
              [96.571944608658413, 18.30437517683378, 0.0],
              [96.57588482523245, 18.298660897351809, 0.0],
              [96.578561314608891, 18.294321410322226, 0.0],
              [96.582341932603271, 18.287428192476842, 0.0],
              [96.585993683917806, 18.281853981209242, 0.0],
              [96.590963845508668, 18.274896202251863, 0.0],
              [96.59210111203457, 18.273234368421051, 0.0],
              [96.597053950676951, 18.265674772598445, 0.0],
              [96.602272341870517, 18.258107609571056, 0.0],
              [96.60293388981232, 18.257123535087761, 0.0],
              [96.608211667590098, 18.249067979532203, 0.0],
              [96.609889098431509, 18.246318392831132, 0.0],
              [96.613817288953754, 18.239386699656183, 0.0],
              [96.617886007403101, 18.233176437731203, 0.0],
              [96.622871630413641, 18.225947757952742, 0.0],
              [96.628188261178053, 18.218503464621705, 0.0],
              [96.629321912374081, 18.216846801775397, 0.0],
              [96.634273480505598, 18.209289666371284, 0.0],
              [96.635821900394774, 18.207044902152624, 0.0],
              [96.638358768414705, 18.20336681806539, 0.0],
              [96.642861571024994, 18.197840037206944, 0.0],
              [96.648894586968595, 18.190758325709329, 0.0],
              [96.649595360386968, 18.189917258669219, 0.0],
              [96.655706471498078, 18.182417258669219, 0.0],
              [96.657631262950161, 18.179895706761503, 0.0],
              [96.661737651839047, 18.174146817872611, 0.0],
              [96.663193446617171, 18.172107702847214, 0.0],
              [96.664323284451001, 18.170456242682889, 0.0],
              [96.669600784450992, 18.162400964905114, 0.0],
              [96.671617851174886, 18.159042121554926, 0.0],
              [96.675111610223865, 18.152671318409382, 0.0],
              [96.67921612294667, 18.14671968260517, 0.0],
              [96.68217198849888, 18.141864500647156, 0.0],
              [96.686616710721097, 18.133531445091599, 0.0],
              [96.689019938894162, 18.12832772400694, 0.0],
              [96.691344149430194, 18.122428258758955, 0.0],
              [96.694335433512308, 18.117149304796499, 0.0],
              [96.695265788540894, 18.115429910931496, 0.0],
              [96.69942043511351, 18.107379536565674, 0.0],
              [96.70383964794226, 18.099321965877728, 0.0],
              [96.704117417457979, 18.098808418630451, 0.0],
              [96.705900473013529, 18.095465363074897, 0.0],
              [96.708425875753193, 18.090729080315068, 0.0],
              [96.713007017841548, 18.082375454888254, 0.0],
              [96.713283703094177, 18.081863889995951, 0.0],
              [96.717728425316409, 18.073530556662622, 0.0],
              [96.719639839656224, 18.069528996900974, 0.0],
              [96.721779607685434, 18.064485716496684, 0.0],
              [96.724603227529542, 18.060175159627462, 0.0],
              [96.726277560096094, 18.057430470171138, 0.0],
              [96.730206258457926, 18.050498343034011, 0.0],
              [96.73427657982397, 18.044285420268835, 0.0],
              [96.739495273046103, 18.036717414827166, 0.0],
              [96.740156773129371, 18.035733359355067, 0.0],
              [96.745434273129376, 18.027677803799513, 0.0],
              [96.747663410651754, 18.023927995932926, 0.0],
              [96.747728132873959, 18.023807440377372, 0.0],
              [96.747820961177823, 18.023633712474606, 0.0],
              [96.747889813472625, 18.023504242710967, 0.0],
              [96.750832385042955, 18.017987777078929, 0.0],
              [96.754772135974846, 18.01227485258147, 0.0],
              [96.755433000778993, 18.011291836429802, 0.0],
              [96.760160363315379, 18.004076899006488, 0.0],
              [96.765131314376049, 17.99711746809756, 0.0],
              [96.773637939949452, 17.977000105243249, 0.0],
              [96.774749051060553, 17.970888994132135, 0.0],
              [96.775363127842652, 17.957562286499353, 0.0],
              [96.768784047080274, 17.882789246715728, 0.0],
              [96.764757292625461, 17.834468193258143, 0.0],
              [96.760656771601134, 17.818395166511955, 0.0],
              [96.715793563883281, 17.716965305584633, 0.0],
              [96.685427864867947, 17.604178423527649, 0.0],
              [96.828793081789854, 17.538830116072234, 0.0],
              [96.82989969313924, 17.538309264320954, 0.0],
              [96.839622193139249, 17.533587042098731, 0.0],
              [96.850730130950666, 17.526197474414626, 0.0],
              [96.851128050647432, 17.526400120098785, 0.0],
              [96.868158173793077, 17.528557297882333, 0.0],
              [96.880104007126405, 17.528001186771224, 0.0],
              [96.894964109430944, 17.525009172130861, 0.0],
              [96.895783539552298, 17.524709259044879, 0.0],
              [96.906346858527399, 17.520844345666415, 0.0],
              [96.920246090172554, 17.513055809562633, 0.0],
              [96.930989517963411, 17.501290237146968, 0.0],
              [96.936267017963416, 17.493235237146965, 0.0],
              [96.94201583818861, 17.481226338894292, 0.0],
              [96.945071949299717, 17.471781338894292, 0.0],
              [96.94745990793156, 17.458397430390193, 0.0],
              [96.946154224143257, 17.44486500477176, 0.0],
              [96.943654224143259, 17.43430972699398, 0.0],
              [96.942891361370371, 17.431465170182573, 0.0],
              [96.941854977294426, 17.428010758098431, 0.0],
              [96.941860351180807, 17.427800966738392, 0.0],
              [96.942104368619738, 17.425946434202572, 0.0],
              [96.942412292879084, 17.425164911490008, 0.0],
              [96.945370242563442, 17.419618547864033, 0.0],
              [96.948019039616966, 17.414788131870083, 0.0],
              [96.950603664887197, 17.41467065157326, 0.0],
              [96.966253428426711, 17.411400591857891, 0.0],
              [96.980070981308444, 17.403357978989856, 0.0],
              [96.987848481308447, 17.396969090100967, 0.0],
              [97.000540999413104, 17.381267158616605, 0.0],
              [97.004985999413094, 17.372655769727714, 0.0],
              [97.007178495354395, 17.367392279033712, 0.0],
              [97.013329609186059, 17.365690979518551, 0.0],
              [97.015480786695647, 17.365043637397189, 0.0],
              [97.026007726523957, 17.361616102218889, 0.0],
              [97.037343594857347, 17.358658919175397, 0.0],
              [97.052153524521088, 17.352081630686431, 0.0],
              [97.06104324674331, 17.346248297353096, 0.0],
              [97.072379335036061, 17.336021786114838, 0.0],
              [97.078488779480509, 17.328521230559286, 0.0],
              [97.081541873362994, 17.324349828707142, 0.0],
              [97.086820484474103, 17.316294828707139, 0.0],
              [97.088403400483514, 17.313878672324844, 0.0],
              [97.096626690121994, 17.310589027546087, 0.0],
              [97.099926371489872, 17.309128789312307, 0.0],
              [97.109481128935101, 17.304481178032493, 0.0],
              [97.11930357187002, 17.300087933925216, 0.0],
              [97.124244105899791, 17.297539674820598, 0.0],
              [97.133687994788673, 17.29198328593171, 0.0],
              [97.13637484277136, 17.290285243435438, 0.0],
              [97.144986231660255, 17.284451910102103, 0.0],
              [97.152299783503793, 17.278410894614861, 0.0],
              [97.159244505726008, 17.271466172392639, 0.0],
              [97.165050011835547, 17.264497182605176, 0.0],
              [97.170605289613334, 17.256441904827401, 0.0],
              [97.1757670634086, 17.246876155235224, 0.0],
              [97.178644258412078, 17.239794595130878, 0.0],
              [97.180826161397874, 17.239476414202986, 0.0],
              [97.181999213505961, 17.239291098123218, 0.0],
              [97.195054491283742, 17.23706943145655, 0.0],
              [97.205235922706592, 17.234201890099815, 0.0],
              [97.216347033817698, 17.22975744565537, 0.0],
              [97.222584847630785, 17.226745539236042, 0.0],
              [97.226090530466138, 17.22474224897606, 0.0],
              [97.227452040790567, 17.225120435783214, 0.0],
              [97.239642617222998, 17.226930251148126, 0.0],
              [97.251309839445213, 17.227208306703684, 0.0],
              [97.271068843827166, 17.22364705494439, 0.0],
              [97.282179121604955, 17.21920344383328, 0.0],
              [97.29165778207097, 17.214172122991528, 0.0],
              [97.30026833762652, 17.208337956324861, 0.0],
              [97.31098426652909, 17.198527666774719, 0.0],
              [97.317095091447797, 17.191027740246074, 0.0],
              [97.323205915942523, 17.18352809200255, 0.0],
              [97.327946519873421, 17.176592877771405, 0.0],
              [97.33266818654009, 17.168259544438072, 0.0],
              [97.337240838343774, 17.157351340121068, 0.0],
              [97.339967085200698, 17.147812610365452, 0.0],
              [97.342690826018398, 17.13855042061811, 0.0],
              [97.343802259276131, 17.133989987533464, 0.0],
              [97.345289759276142, 17.126341931977908, 0.0],
              [97.345747405974009, 17.123988360367242, 0.0],
              [97.347691627632869, 17.113988077627198, 0.0],
              [97.349635966772752, 17.103989769760478, 0.0],
              [97.351580814096081, 17.093990554730539, 0.0],
              [97.352226236754248, 17.089674800964307, 0.0],
              [97.353108141074358, 17.081290421638943, 0.0],
              [97.354635966622908, 17.07343393719761, 0.0],
              [97.356132147351673, 17.065741491291384, 0.0],
              [97.357433943272881, 17.061315072696971, 0.0],
              [97.360197140857522, 17.054799762358975, 0.0],
              [97.360486937713603, 17.054101827052794, 0.0],
              [97.364099159935833, 17.045213215941679, 0.0],
              [97.367712495522767, 17.036318852347804, 0.0],
              [97.367910547734681, 17.035823785185507, 0.0],
              [97.371423447120108, 17.026905053094488, 0.0],
              [97.37463818632402, 17.018991724967229, 0.0],
              [97.374687634274679, 17.018870394347566, 0.0],
              [97.374712644163992, 17.018808910753052, 0.0],
              [97.374938199719551, 17.018253355197494, 0.0],
              [97.375131252974214, 17.017770670363507, 0.0],
              [97.37804340008357, 17.010378296932021, 0.0],
              [97.380075937711894, 17.006186839039486, 0.0],
              [97.383319851344055, 17.001405741638145, 0.0],
              [97.386375458452761, 16.996265238055081, 0.0],
              [97.390664658121921, 16.987954930451824, 0.0],
              [97.394950369760878, 16.979919723329221, 0.0],
              [97.398909893540548, 16.970123953109905, 0.0],
              [97.401633977327151, 16.960588706332146, 0.0],
              [97.40435656044211, 16.951331923741257, 0.0],
              [97.40713432076312, 16.941889149428643, 0.0],
              [97.409283782953239, 16.934583169776147, 0.0],
              [97.412077505763435, 16.927489989887409, 0.0],
              [97.414637212905376, 16.918707289265431, 0.0],
              [97.416580491786291, 16.908709871964653, 0.0],
              [97.418524881363709, 16.898713565765348, 0.0],
              [97.419428328272659, 16.890447228082365, 0.0],
              [97.419705828272669, 16.879613339193476, 0.0],
              [97.419934216458856, 16.870469075498779, 0.0],
              [97.420836247507083, 16.861901922328954, 0.0],
              [97.42140112493729, 16.856535728090886, 0.0],
              [97.422850003136759, 16.852057101860872, 0.0],
              [97.423245123556768, 16.850777475629211, 0.0],
              [97.426023456890093, 16.841332753406988, 0.0],
              [97.428172173791339, 16.834027116131665, 0.0],
              [97.430868446645079, 16.827182523789627, 0.0],
              [97.433627041328748, 16.820391188912399, 0.0],
              [97.434375669939939, 16.81854939081235, 0.0],
              [97.437990522235893, 16.809650205274458, 0.0],
              [97.438186808529707, 16.809159559252528, 0.0],
              [97.440852255820417, 16.802393423822299, 0.0],
              [97.443553418704099, 16.79718442414131, 0.0],
              [97.443597440583588, 16.797099331704391, 0.0],
              [97.448042162805805, 16.788487665037724, 0.0],
              [97.449934345326383, 16.784374640863732, 0.0],
              [97.453545229450597, 16.775486438899009, 0.0],
              [97.457156669108556, 16.766598236796888, 0.0],
              [97.458911678513871, 16.761509094137157, 0.0],
              [97.461688345180534, 16.751787983026045, 0.0],
              [97.46269213601721, 16.747597724814426, 0.0],
              [97.46418704889156, 16.739908503000418, 0.0],
              [97.466301009934, 16.732722684016029, 0.0],
              [97.469079282099798, 16.723276281260048, 0.0],
              [97.471153169967877, 16.71622667981768, 0.0],
              [97.473824843097461, 16.709648735665432, 0.0],
              [97.474020317672284, 16.709160095871404, 0.0],
              [97.477631706561183, 16.699992873649183, 0.0],
              [97.479079821232574, 16.695774170376062, 0.0],
              [97.481857321232553, 16.686330281487173, 0.0],
              [97.484143737671133, 16.678555230897555, 0.0],
              [97.487121123883966, 16.67054003667689, 0.0],
              [97.489956804969296, 16.662979086835236, 0.0],
              [97.493308834375512, 16.655316587043309, 0.0],
              [97.495924666945172, 16.64773027541267, 0.0],
              [97.496637173635577, 16.644959653563333, 0.0],
              [97.501385051751114, 16.643990912407048, 0.0],
              [97.504989672691636, 16.643114997312082, 0.0],
              [97.513598474418586, 16.640681561954082, 0.0],
              [97.517762276052906, 16.639505070766255, 0.0],
              [97.526040708430131, 16.636350410761466, 0.0],
              [97.536318208430131, 16.631350410761463, 0.0],
              [97.542486851702918, 16.627784823413304, 0.0],
              [97.549780069377078, 16.622844256601777, 0.0],
              [97.5556719368806, 16.6193781769542, 0.0],
              [97.562512901634008, 16.616235285815431, 0.0],
              [97.57245934561665, 16.612256409806673, 0.0],
              [97.586426839954214, 16.603797034058253, 0.0],
              [97.594205173287548, 16.597130367391586, 0.0],
              [97.600431245260665, 16.590746904752773, 0.0],
              [97.604932176966727, 16.585222122594079, 0.0],
              [97.606979560431327, 16.583175066697727, 0.0],
              [97.609435075950245, 16.581456344975727, 0.0],
              [97.620377066023579, 16.582238986655575, 0.0],
              [97.636995004050604, 16.577536929260532, 0.0],
              [97.651021911732343, 16.56746165909518, 0.0],
              [97.688243856176783, 16.529406659095184, 0.0],
              [97.70017504528488, 16.509512472037777, 0.0],
              [97.701160323062652, 16.506394972037775, 0.0],
              [97.701848485670254, 16.504214449777507, 0.0],
              [97.703195377149086, 16.498973812017823, 0.0],
              [97.70514009937132, 16.48925186757338, 0.0],
              [97.705192669185209, 16.488985299986489, 0.0],
              [97.707136558074097, 16.478985299986491, 0.0],
              [97.707998797602016, 16.467068559858497, 0.0],
              [97.707443797602011, 16.455401893191826, 0.0],
              [97.705450779529684, 16.443609172280411, 0.0],
              [97.701839390640785, 16.43138722783597, 0.0],
              [97.700044100465234, 16.426328341444353, 0.0],
              [97.699258090049298, 16.424441539085599, 0.0],
              [97.698760472458048, 16.422998448071009, 0.0],
              [97.698638293839039, 16.42194813207394, 0.0],
              [97.699169644549499, 16.41689840022029, 0.0],
              [97.69972273113224, 16.411640468432257, 0.0],
              [97.700272898964187, 16.406418257836286, 0.0],
              [97.701007369948755, 16.399625732124903, 0.0],
              [97.702090111406861, 16.395295036977792, 0.0],
              [97.703667328846905, 16.390112010671068, 0.0],
              [97.704070740684074, 16.388713558571425, 0.0],
              [97.704774521174429, 16.386133420965667, 0.0],
              [97.706620978995048, 16.379854836517097, 0.0],
              [97.706643792332741, 16.379826839366903, 0.0],
              [97.710219317751779, 16.376102327514317, 0.0],
              [97.71615157572883, 16.371017141482401, 0.0],
              [97.718236456247354, 16.369125584683371, 0.0],
              [97.725181456247356, 16.362458640238927, 0.0],
              [97.732378840006518, 16.353789576016268, 0.0],
              [97.737656340006524, 16.34573429823849, 0.0],
              [97.743801330634113, 16.332441649532921, 0.0],
              [97.746579108411893, 16.322997205088477, 0.0],
              [97.747691397041677, 16.318433430055013, 0.0],
              [97.74918741143712, 16.310740527005375, 0.0],
              [97.751301712532609, 16.303551184346443, 0.0],
              [97.753058191951524, 16.294679700106666, 0.0],
              [97.754169580840411, 16.284124144551111, 0.0],
              [97.754289240815297, 16.282825141912195, 0.0],
              [97.754899830716127, 16.275093783817756, 0.0],
              [97.755375313042748, 16.272647815215862, 0.0],
              [97.756303430400337, 16.270363251591714, 0.0],
              [97.759708504263088, 16.263766333290015, 0.0],
              [97.761600674519642, 16.259653655235358, 0.0],
              [97.765212063408541, 16.25076504412425, 0.0],
              [97.768824565319704, 16.241870680109812, 0.0],
              [97.770835076700905, 16.23584983190942, 0.0],
              [97.773335076700903, 16.226405109687196, 0.0],
              [97.774984041255166, 16.214862971828605, 0.0],
              [97.775262374588507, 16.203752138495275, 0.0],
              [97.775218551602123, 16.200061382641408, 0.0],
              [97.774663973457933, 16.188704165192071, 0.0],
              [97.774110466953559, 16.177068616298108, 0.0],
              [97.773832313459494, 16.173669401535737, 0.0],
              [97.772852388066326, 16.165242043154421, 0.0],
              [97.773039404036695, 16.157948607325583, 0.0],
              [97.772999132560315, 16.154286427205928, 0.0],
              [97.772628262843043, 16.146505573127637, 0.0],
              [97.773321185711609, 16.140096036593466, 0.0],
              [97.773336091638456, 16.139956319907512, 0.0],
              [97.774218795561779, 16.131570853311988, 0.0],
              [97.775428832417376, 16.125349411318524, 0.0],
              [97.777502019643265, 16.117517831395642, 0.0],
              [97.77824827438063, 16.11426310017481, 0.0],
              [97.779743165478351, 16.106572677995771, 0.0],
              [97.781856998512467, 16.099385434296465, 0.0],
              [97.782969075455242, 16.094822552109026, 0.0],
              [97.78491369466137, 16.084823359593468, 0.0],
              [97.786858591873852, 16.074823888063872, 0.0],
              [97.78748910076051, 16.07064802933613, 0.0],
              [97.788484333639047, 16.061435464594371, 0.0],
              [97.789713510015659, 16.053327273752643, 0.0],
              [97.790221627169302, 16.043452425216049, 0.0],
              [97.789665516058193, 16.031785758549383, 0.0],
              [97.787671532799536, 16.019993752748778, 0.0],
              [97.785943231122502, 16.014146507884508, 0.0],
              [97.784062428839405, 16.007779541041259, 0.0],
              [97.780053745574193, 15.998090294621159, 0.0],
              [97.777290399131431, 15.992999797113384, 0.0],
              [97.776421854119278, 15.990060460434929, 0.0],
              [97.776152954989783, 15.987794032343777, 0.0],
              [97.776195239721076, 15.987402888008234, 0.0],
              [97.776339873529537, 15.986896687712772, 0.0],
              [97.777700705499825, 15.984344858887326, 0.0],
              [97.778273005956549, 15.983273066241301, 0.0],
              [97.779175476247715, 15.981498814396618, 0.0],
              [97.783341865136606, 15.972887703285505, 0.0],
              [97.784656457114068, 15.969930190474177, 0.0],
              [97.78826756822518, 15.961041579363068, 0.0],
              [97.791884999814741, 15.939784820058838, 0.0],
              [97.791329230126053, 15.928397512979263, 0.0],
              [97.790774015928463, 15.917009372644234, 0.0],
              [97.790498671529605, 15.913668858722566, 0.0],
              [97.789516915750681, 15.905226151726065, 0.0],
              [97.789706221093184, 15.89765355941466, 0.0],
              [97.789983326592008, 15.886835627028153, 0.0],
              [97.790210861038659, 15.877761762488298, 0.0],
              [97.791099347537383, 15.869537760738771, 0.0],
              [97.791233431871589, 15.868103444186882, 0.0],
              [97.792015729542271, 15.858197120934102, 0.0],
              [97.793051174279356, 15.848360395931831, 0.0],
              [97.79415493101537, 15.838153197923212, 0.0],
              [97.794170009208102, 15.838011880773598, 0.0],
              [97.795281120319217, 15.827456047440265, 0.0],
              [97.795539436022224, 15.823502359314062, 0.0],
              [97.79576614967911, 15.814652129893284, 0.0],
              [97.796669887310827, 15.806068316476606, 0.0],
              [97.796929134968792, 15.802081447473617, 0.0],
              [97.79720623629818, 15.79098657652783, 0.0],
              [97.797449261025761, 15.781498881432364, 0.0],
              [97.798121245573469, 15.772990137404264, 0.0],
              [97.799154962069835, 15.763430132955856, 0.0],
              [97.799429226853093, 15.759299707518363, 0.0],
              [97.799654291079079, 15.750261661487199, 0.0],
              [97.800543285937266, 15.742044177664463, 0.0],
              [97.800558441032194, 15.74190219487612, 0.0],
              [97.801194427648056, 15.73586215002995, 0.0],
              [97.802177410019652, 15.73251947910296, 0.0],
              [97.804633696115502, 15.725970133316633, 0.0],
              [97.807990046286534, 15.717708983753321, 0.0],
              [97.808189273274152, 15.717210972993081, 0.0],
              [97.811799551051934, 15.708044028548636, 0.0],
              [97.813244898822916, 15.703833239571516, 0.0],
              [97.81602323215624, 15.694389072904851, 0.0],
              [97.818801886189661, 15.68494164953292, 0.0],
              [97.819168779410887, 15.683628313029725, 0.0],
              [97.821668779410885, 15.674184146363057, 0.0],
              [97.822363237454979, 15.671192010161263, 0.0],
              [97.823871699824508, 15.663647327195285, 0.0],
              [97.826023232156217, 15.656333795127141, 0.0],
              [97.827136858239442, 15.651764669258872, 0.0],
              [97.828632273637538, 15.644072862667754, 0.0],
              [97.830304094115959, 15.638387770167764, 0.0],
              [97.833099594099622, 15.630701809200762, 0.0],
              [97.834079992685048, 15.627717642840398, 0.0],
              [97.836857492685056, 15.618272642840399, 0.0],
              [97.837916998223946, 15.613975428450084, 0.0],
              [97.839427433967344, 15.606425838311889, 0.0],
              [97.841579992685055, 15.599105976173732, 0.0],
              [97.84293095541058, 15.59321878289089, 0.0],
              [97.844099875960509, 15.586204480180982, 0.0],
              [97.844676070834979, 15.584245302368815, 0.0],
              [97.845556471800379, 15.582539742145997, 0.0],
              [97.846777216349921, 15.580740526983291, 0.0],
              [97.850159281302766, 15.577217536785534, 0.0],
              [97.856742813762963, 15.570634530965785, 0.0],
              [97.860150065317683, 15.566862128362441, 0.0],
              [97.866261176428807, 15.559362406140217, 0.0],
              [97.872221955826859, 15.550137542737062, 0.0],
              [97.876388344715735, 15.541804209403731, 0.0],
              [97.8807465977319, 15.528991088018978, 0.0],
              [97.882691597731892, 15.518991365796756, 0.0],
              [97.883551768897064, 15.507004007448517, 0.0],
              [97.883104100447227, 15.497845137836562, 0.0],
              [97.883103717801262, 15.497836303705926, 0.0],
              [97.883090621337658, 15.497552587146002, 0.0],
              [97.88299534355987, 15.495608420479332, 0.0],
              [97.882720646792819, 15.492280790424626, 0.0],
              [97.881331839575452, 15.48033704835527, 0.0],
              [97.879943310094248, 15.468392750545382, 0.0],
              [97.878677552735439, 15.45750749020376, 0.0],
              [97.877968425337102, 15.447819311819389, 0.0],
              [97.877443463369261, 15.436789595636364, 0.0],
              [97.877165501513986, 15.43339276336269, 0.0],
              [97.875776890402861, 15.421448318918246, 0.0],
              [97.875760769557488, 15.421311300193985, 0.0],
              [97.874371880668605, 15.409645189082871, 0.0],
              [97.867481590996178, 15.38963970439298, 0.0],
              [97.861925479885073, 15.380472759948537, 0.0],
              [97.849167988874015, 15.366390366705517, 0.0],
              [97.848611111111097, 15.365972673577225, 0.0],
              [97.848611111111097, 15.362585315476077, 0.0],
              [97.848872462960273, 15.352391809302841, 0.0],
              [97.84915079929813, 15.341248763276278, 0.0],
              [97.848945823031315, 15.336736185827915, 0.0],
              [97.850426732225927, 15.334918706361805, 0.0],
              [97.856537548373097, 15.327420431685681, 0.0],
              [97.859839584662097, 15.322868024083228, 0.0],
              [97.864838751328762, 15.315090246305452, 0.0],
              [97.870746434754835, 15.302162573235334, 0.0],
              [97.873523934754829, 15.29271812879089, 0.0],
              [97.874635841486096, 15.2881556522773, 0.0],
              [97.875729220172801, 15.282533208897846, 0.0],
              [97.875842300851303, 15.282502973919485, 0.0],
              [98.221883358769787, 15.175817746531774, 0.0],
              [98.437730648999448, 15.14766375215399, 0.0],
              [98.4423447449755, 15.146840374384253, 0.0],
              [98.652832736311922, 15.099002194535066, 0.0],
              [98.662807246455202, 15.095596000132915, 0.0],
              [98.930701053610662, 14.971216732525027, 0.0],
              [98.939365041342128, 14.966075091210921, 0.0],
              [99.15942066864838, 14.803425279723685, 0.0],
              [99.162083536598971, 14.801313438538342, 0.0],
              [99.353250421559906, 14.638821586321539, 0.0],
              [99.525280502431244, 14.49546318559544, 0.0],
              [99.525810851120823, 14.495014951733834, 0.0],
              [99.658521149845299, 14.381263267112853, 0.0],
              [100.114765655975063, 14.039079887515507, 0.0],
              [100.227214014635678, 13.968799663352623, 0.0],
              [100.469534328139446, 13.826142726967193, 0.0],
              [100.481607654272437, 13.816195254192124, 0.0],
              [100.490016131625993, 13.803003782435002, 0.0],
              [100.493936679851444, 13.787859584861801, 0.0],
              [100.492985528372415, 13.772245081046815, 0.0],
              [100.487255782522752, 13.757688727416102, 0.0],
              [100.47730830974767, 13.745615401283114, 0.0],
              [100.464116837990559, 13.737206923929559, 0.0],
              [100.448972640417352, 13.733286375704106, 0.0],
              [100.433358136602365, 13.734237527183131, 0.0],
              [100.418801782971656, 13.739967273032805, 0.0],
              [100.17591007163206, 13.8829605983224, 0.0],
              [100.174776397215794, 13.883648410089339, 0.0],
              [100.059964765577746, 13.955405679863119, 0.0],
              [100.056464712577906, 13.957805595063375, 0.0],
              [99.597218186025742, 14.302240489977521, 0.0],
              [99.59467861735294, 14.304277659859256, 0.0],
              [99.460995331827377, 14.418863333166881, 0.0],
              [99.289044615007711, 14.562155597183262, 0.0],
              [99.288671413986151, 14.562469695275158, 0.0],
              [99.098614220904253, 14.724018309394779, 0.0],
              [98.883997600061861, 14.882647985669598, 0.0],
              [98.625502857807462, 15.002663401716275, 0.0],
              [98.422470365577183, 15.048807149950431, 0.0],
              [98.204741103286409, 15.077206618944881, 0.0],
              [98.196477150527386, 15.079005887806929, 0.0],
              [97.84818707472445, 15.186384492407866, 0.0],
              [97.837808073177086, 15.188743302786577, 0.0],
              [97.820217329504558, 15.196537313534492, 0.0],
              [97.811883718393446, 15.202370369090046, 0.0],
              [97.805197817419341, 15.207979837922608, 0.0],
              [97.798253928530443, 15.214924560144828, 0.0],
              [97.788891520150202, 15.227914116628574, 0.0],
              [97.784724297927994, 15.236247172184132, 0.0],
              [97.780363141760532, 15.249068664074526, 0.0],
              [97.77841920568936, 15.259067477985427, 0.0],
              [97.776923421896214, 15.266759195216789, 0.0],
              [97.776896161415223, 15.266851890121636, 0.0],
              [97.772907451626892, 15.271746234980982, 0.0],
              [97.766793528501907, 15.279249685775225, 0.0],
              [97.763496354008964, 15.283795453767615, 0.0],
              [97.758496354008955, 15.29157323154539, 0.0],
              [97.752587002699173, 15.304502794911592, 0.0],
              [97.749809224921407, 15.31394723935604, 0.0],
              [97.748112115577129, 15.333830465955623, 0.0],
              [97.749093984239963, 15.342274732829708, 0.0],
              [97.748904891186399, 15.349845269136216, 0.0],
              [97.74862753703971, 15.360662912919377, 0.0],
              [97.748611111111103, 15.361944444444443, 0.0],
              [97.748611111111103, 15.372777777777777, 0.0],
              [97.748945757504899, 15.378552953201217, 0.0],
              [97.750334646393796, 15.390497119867881, 0.0],
              [97.754253393871295, 15.404902331648483, 0.0],
              [97.758419782760186, 15.414347053870706, 0.0],
              [97.771038409579333, 15.431617127102633, 0.0],
              [97.776887029572706, 15.436790707343684, 0.0],
              [97.777637598727935, 15.443246893315786, 0.0],
              [97.778111814408504, 15.453210404363631, 0.0],
              [97.778188680133454, 15.454483325029233, 0.0],
              [97.779022291244573, 15.465872213918123, 0.0],
              [97.779223535282682, 15.467997397645659, 0.0],
              [97.780612334835837, 15.47994079604279, 0.0],
              [97.782000856572409, 15.491885027232392, 0.0],
              [97.78319581778922, 15.502161693870075, 0.0],
              [97.783215902553067, 15.502574913191847, 0.0],
              [97.783223589108232, 15.502732174604331, 0.0],
              [97.779089964014801, 15.506865469034214, 0.0],
              [97.778374494004751, 15.507595660846714, 0.0],
              [97.771708105115849, 15.514539827513381, 0.0],
              [97.766402093100368, 15.521093702806299, 0.0],
              [97.761124593100377, 15.52887203613963, 0.0],
              [97.758070154371808, 15.534010276132214, 0.0],
              [97.753625432149576, 15.542620831687772, 0.0],
              [97.750086778062723, 15.551447725364662, 0.0],
              [97.747309000284943, 15.560892725364662, 0.0],
              [97.745957655700508, 15.566781217109108, 0.0],
              [97.744788623502515, 15.573796189781849, 0.0],
              [97.742864729537146, 15.58033846827071, 0.0],
              [97.741805223998256, 15.584635682661025, 0.0],
              [97.740294788254857, 15.59218527279922, 0.0],
              [97.738585538054636, 15.597997646567364, 0.0],
              [97.736322628122579, 15.604219301910348, 0.0],
              [97.735786530703137, 15.60569391710467, 0.0],
              [97.73480861842603, 15.608671246048555, 0.0],
              [97.732031118426036, 15.618116246048555, 0.0],
              [97.730918975093886, 15.622680330741128, 0.0],
              [97.729424062219536, 15.630369552555136, 0.0],
              [97.727310101177096, 15.637555371539525, 0.0],
              [97.726247873656106, 15.641863823172066, 0.0],
              [97.724605237833146, 15.650079584309474, 0.0],
              [97.722672934120297, 15.657379183635381, 0.0],
              [97.720087996357705, 15.666167972028191, 0.0],
              [97.717938951128602, 15.673473049887052, 0.0],
              [97.715243449023731, 15.680317265087695, 0.0],
              [97.711733009268997, 15.68895768291334, 0.0],
              [97.711240035862019, 15.690219842047, 0.0],
              [97.707906424750931, 15.699108453158114, 0.0],
              [97.706753340648277, 15.702560134937379, 0.0],
              [97.703975840648269, 15.712005134937378, 0.0],
              [97.702219614523358, 15.720875582901655, 0.0],
              [97.701115701813947, 15.731359580685222, 0.0],
              [97.700011436284953, 15.741566933446645, 0.0],
              [97.699736884258016, 15.745700014703859, 0.0],
              [97.699511786724941, 15.754739398268566, 0.0],
              [97.698623093485708, 15.762958200377478, 0.0],
              [97.698488536962458, 15.764396802532316, 0.0],
              [97.697654925851353, 15.774952080310092, 0.0],
              [97.697516117012057, 15.777608294667768, 0.0],
              [97.697238617012047, 15.788441905778882, 0.0],
              [97.697010226195289, 15.797586046151212, 0.0],
              [97.69610816824472, 15.806153905745614, 0.0],
              [97.695849730644426, 15.810108751797046, 0.0],
              [97.695623002055925, 15.818959564104125, 0.0],
              [97.694726873912899, 15.827473005494872, 0.0],
              [97.693623124540167, 15.837680135410119, 0.0],
              [97.693608060687254, 15.837821316329636, 0.0],
              [97.692496949576139, 15.848376871885192, 0.0],
              [97.692377401461727, 15.849674889146447, 0.0],
              [97.691600500276991, 15.85951287609163, 0.0],
              [97.690567596907044, 15.869073628150113, 0.0],
              [97.690294044815317, 15.873190810632066, 0.0],
              [97.690015772133506, 15.884288425061088, 0.0],
              [97.689738617852413, 15.895108261860734, 0.0],
              [97.689460060563121, 15.906250730658144, 0.0],
              [97.689778889484217, 15.913273721333679, 0.0],
              [97.690974589583263, 15.92355962928622, 0.0],
              [97.691445478693097, 15.933218156190378, 0.0],
              [97.689591985305825, 15.937048964577967, 0.0],
              [97.68948227182122, 15.937254433758698, 0.0],
              [97.685603545736257, 15.94452779629062, 0.0],
              [97.681644978104003, 15.954322885488061, 0.0],
              [97.681095566037968, 15.956246382680902, 0.0],
              [97.678868376331067, 15.964041268950563, 0.0],
              [97.677234076545915, 15.972403829192814, 0.0],
              [97.676122965434814, 15.982681884748368, 0.0],
              [97.676167979727126, 15.993831008756713, 0.0],
              [97.677556868616009, 16.005775175423381, 0.0],
              [97.679230499939109, 16.014028349592945, 0.0],
              [97.679277999939117, 16.014190849592943, 0.0],
              [97.679319300657824, 16.014331376871393, 0.0],
              [97.682882911768928, 16.026391376871395, 0.0],
              [97.686890421092457, 16.036076649823283, 0.0],
              [97.689652768212852, 16.041165306429775, 0.0],
              [97.690041182271685, 16.042480181180959, 0.0],
              [97.690065695777307, 16.042563118341757, 0.0],
              [97.690098485604921, 16.043251016823262, 0.0],
              [97.689453434428771, 16.047506059580687, 0.0],
              [97.689177843683922, 16.049630026219422, 0.0],
              [97.688294564377102, 16.057806271171323, 0.0],
              [97.68675307479279, 16.065731667491683, 0.0],
              [97.685256920219359, 16.073424863901227, 0.0],
              [97.683142445931978, 16.080614287925755, 0.0],
              [97.682029503397146, 16.085181622047411, 0.0],
              [97.680404370771228, 16.09354206784128, 0.0],
              [97.678331869245625, 16.10137105749325, 0.0],
              [97.677586636210407, 16.104620534099968, 0.0],
              [97.675641636210401, 16.114620811877742, 0.0],
              [97.674996686139309, 16.118932291203595, 0.0],
              [97.673892929833499, 16.129417700169739, 0.0],
              [97.672789369843926, 16.139625630073198, 0.0],
              [97.672556422995214, 16.147380239460734, 0.0],
              [97.673025291476677, 16.157217109569778, 0.0],
              [97.672794484852176, 16.16621833711886, 0.0],
              [97.673112686540492, 16.173275042908706, 0.0],
              [97.674304498533829, 16.183524626051462, 0.0],
              [97.674778421935315, 16.193487217035223, 0.0],
              [97.674781448397866, 16.193550006247481, 0.0],
              [97.675247488376144, 16.203094048739796, 0.0],
              [97.675162396711642, 16.206490836652186, 0.0],
              [97.674978145843838, 16.207186915958459, 0.0],
              [97.672565713276654, 16.21312658220069, 0.0],
              [97.669808334121655, 16.219913242886822, 0.0],
              [97.666402884625782, 16.226510888932204, 0.0],
              [97.664510099118047, 16.230625081358493, 0.0],
              [97.660898710229162, 16.239514525802939, 0.0],
              [97.658140713791965, 16.248792500188419, 0.0],
              [97.656196824903077, 16.258792222410637, 0.0],
              [97.65543325918469, 16.264396802532247, 0.0],
              [97.654651004580046, 16.274301798440838, 0.0],
              [97.654083353174329, 16.279693138960038, 0.0],
              [97.652586898578491, 16.284781593431333, 0.0],
              [97.651474991847209, 16.289344069944985, 0.0],
              [97.650219505184594, 16.295800115558571, 0.0],
              [97.650000460083788, 16.296010390795129, 0.0],
              [97.643292035382274, 16.301760914073153, 0.0],
              [97.63976366067142, 16.305095938624493, 0.0],
              [97.633097271782518, 16.31204010529116, 0.0],
              [97.630405490237791, 16.315082316082083, 0.0],
              [97.624294379126695, 16.322582038304304, 0.0],
              [97.61673273149124, 16.33534629402445, 0.0],
              [97.613121342602341, 16.344235182913337, 0.0],
              [97.611475509689626, 16.348948260097931, 0.0],
              [97.608698009689618, 16.358392704542375, 0.0],
              [97.608428981538125, 16.359341996984128, 0.0],
              [97.607786898202519, 16.361695945953915, 0.0],
              [97.606054615597515, 16.367388544884484, 0.0],
              [97.605381942232356, 16.369817227589714, 0.0],
              [97.60315972001014, 16.378705560923049, 0.0],
              [97.601956426819029, 16.385457922599834, 0.0],
              [97.600845037930156, 16.395736255933166, 0.0],
              [97.600830462765046, 16.395872803970363, 0.0],
              [97.60027268498726, 16.401167248414808, 0.0],
              [97.59971860436977, 16.406434624237555, 0.0],
              [97.59890427084332, 16.414173708014033, 0.0],
              [97.598608186549725, 16.416984427610732, 0.0],
              [97.598667951614672, 16.427999822091031, 0.0],
              [97.600057396059128, 16.439944266535473, 0.0],
              [97.602453850918678, 16.450466478610419, 0.0],
              [97.605231628696458, 16.458522034165977, 0.0],
              [97.606345066201413, 16.46144999188898, 0.0],
              [97.606700055722243, 16.462302137168024, 0.0],
              [97.60779042765526, 16.465992259057181, 0.0],
              [97.607146128593797, 16.46930674408328, 0.0],
              [97.595462777674385, 16.481251577322766, 0.0],
              [97.592656148248011, 16.481618925619092, 0.0],
              [97.579878648248027, 16.484952258952429, 0.0],
              [97.567146556375704, 16.490237778594039, 0.0],
              [97.557702389709021, 16.495793889705148, 0.0],
              [97.554384273948955, 16.49792648020119, 0.0],
              [97.546050662837857, 16.50375953575675, 0.0],
              [97.539369711816292, 16.509364054735794, 0.0],
              [97.532424989594077, 16.516307665846902, 0.0],
              [97.52901319918378, 16.520085317469444, 0.0],
              [97.526781699251927, 16.522824428350415, 0.0],
              [97.524207598827786, 16.523854145748881, 0.0],
              [97.521904722214927, 16.524843015752044, 0.0],
              [97.511626111103809, 16.529565237974264, 0.0],
              [97.507147220251639, 16.531903891288913, 0.0],
              [97.497703053584971, 16.537459724622249, 0.0],
              [97.495013148297062, 16.539159621031139, 0.0],
              [97.489359011183069, 16.542989842947065, 0.0],
              [97.486292042775744, 16.54448192195817, 0.0],
              [97.479574713811218, 16.546380697628507, 0.0],
              [97.467781892693324, 16.54878686537073, 0.0],
              [97.459208243960092, 16.551353665455729, 0.0],
              [97.448097132848972, 16.55579810990017, 0.0],
              [97.437097376496723, 16.56190250646663, 0.0],
              [97.428763765385611, 16.568014173133299, 0.0],
              [97.414830702348738, 16.583685177784201, 0.0],
              [97.410109035682083, 16.592018511117534, 0.0],
              [97.407288060032784, 16.597848092096637, 0.0],
              [97.403676948921671, 16.606736980985524, 0.0],
              [97.401575888610381, 16.613102780142881, 0.0],
              [97.400078433330705, 16.618925718189868, 0.0],
              [97.397802832291148, 16.624127579623355, 0.0],
              [97.396795591417614, 16.626609008713597, 0.0],
              [97.393461980306512, 16.635497619824708, 0.0],
              [97.393407113674868, 16.63564461512858, 0.0],
              [97.389795724785969, 16.645366559573027, 0.0],
              [97.38869750731493, 16.64867124604849, 0.0],
              [97.385920231900684, 16.658115482335621, 0.0],
              [97.38377283622853, 16.665416928286472, 0.0],
              [97.381076133770591, 16.672262292067433, 0.0],
              [97.377564879124748, 16.680907375445678, 0.0],
              [97.375922323399323, 16.68561120487286, 0.0],
              [97.373143990065984, 16.695055371539524, 0.0],
              [97.370365717900185, 16.704501774295505, 0.0],
              [97.367587878954879, 16.713944260428413, 0.0],
              [97.366474252871654, 16.718513386296681, 0.0],
              [97.364941622532569, 16.726396611358371, 0.0],
              [97.363497535408641, 16.731452360957132, 0.0],
              [97.360900275335865, 16.737844540980891, 0.0],
              [97.358140766123327, 16.7446370808882, 0.0],
              [97.354757307375223, 16.751192545428466, 0.0],
              [97.350890470184794, 16.758649464747577, 0.0],
              [97.348757080359178, 16.76334044074747, 0.0],
              [97.345242815961953, 16.77226126575577, 0.0],
              [97.341733847739548, 16.780899785077885, 0.0],
              [97.340985163393384, 16.782741720298759, 0.0],
              [97.338120477430166, 16.789794235754439, 0.0],
              [97.337924113208103, 16.790285088138226, 0.0],
              [97.334313002096991, 16.799452032582671, 0.0],
              [97.33286533603254, 16.803669461578188, 0.0],
              [97.330087884019434, 16.813112798422718, 0.0],
              [97.32749886725226, 16.821913954101706, 0.0],
              [97.324649719085457, 16.830720953694684, 0.0],
              [97.322496963917089, 16.840876735648038, 0.0],
              [97.321385913766292, 16.851431434317984, 0.0],
              [97.320274585826226, 16.861986411004374, 0.0],
              [97.320015308696654, 16.865973583716723, 0.0],
              [97.319738207337252, 16.877068733243036, 0.0],
              [97.319567948946201, 16.883715798075599, 0.0],
              [97.31841956308071, 16.889619767567982, 0.0],
              [97.317350890136865, 16.895117673874029, 0.0],
              [97.315423883125433, 16.900010287890368, 0.0],
              [97.313978426346836, 16.904221121760546, 0.0],
              [97.311199815235724, 16.91366556620499, 0.0],
              [97.308420987554356, 16.923111968815167, 0.0],
              [97.30564255825476, 16.932558628244923, 0.0],
              [97.305534273126113, 16.932932158001208, 0.0],
              [97.304216124067167, 16.937546141105816, 0.0],
              [97.302271574683559, 16.941191943337447, 0.0],
              [97.301957597102785, 16.941790317500477, 0.0],
              [97.298887254971177, 16.947739093386176, 0.0],
              [97.295291537544827, 16.9530387028063, 0.0],
              [97.291677569073642, 16.959294970673586, 0.0],
              [97.287232569073623, 16.968461359562472, 0.0],
              [97.285701524803542, 16.971951551858709, 0.0],
              [97.28218823504028, 16.980869902796258, 0.0],
              [97.282003146092805, 16.981325423260358, 0.0],
              [97.278676290594788, 16.989514733963048, 0.0],
              [97.278478341154198, 16.990009548147825, 0.0],
              [97.274965491804053, 16.99892815320667, 0.0],
              [97.271455838785627, 17.007567299098177, 0.0],
              [97.267986990126431, 17.016103110252086, 0.0],
              [97.26424674803134, 17.024922182085469, 0.0],
              [97.262309510890631, 17.030337044870826, 0.0],
              [97.259532010890638, 17.039781211537491, 0.0],
              [97.258420297015022, 17.04434250082495, 0.0],
              [97.256475297015015, 17.054342500824951, 0.0],
              [97.254530269624993, 17.06434434772283, 0.0],
              [97.253885152134629, 17.068658532369025, 0.0],
              [97.253003331582264, 17.077042115303527, 0.0],
              [97.25147529701502, 17.08489833415835, 0.0],
              [97.249530269624984, 17.094900181056097, 0.0],
              [97.247585784553479, 17.104901818494721, 0.0],
              [97.247128917342479, 17.107251381642516, 0.0],
              [97.246090196720075, 17.112592015610094, 0.0],
              [97.243975562870475, 17.119782912715223, 0.0],
              [97.243869439433993, 17.120148937656708, 0.0],
              [97.242796670618048, 17.123902395198346, 0.0],
              [97.241432439423676, 17.125576678936902, 0.0],
              [97.232054008905621, 17.124181562593318, 0.0],
              [97.220665397794505, 17.123903507037763, 0.0],
              [97.203965348914068, 17.126345153072617, 0.0],
              [97.19202034891407, 17.130234319739284, 0.0],
              [97.182692652369198, 17.134365849652845, 0.0],
              [97.175984492280904, 17.1381991661274, 0.0],
              [97.173035057532402, 17.139378940026802, 0.0],
              [97.165808434286049, 17.140608722207791, 0.0],
              [97.153062171935446, 17.142467474685901, 0.0],
              [97.13840247561545, 17.146983122852163, 0.0],
              [97.128124975615435, 17.151983400629941, 0.0],
              [97.12195731496368, 17.155548509920056, 0.0],
              [97.113346203852586, 17.161381843253391, 0.0],
              [97.099565987780039, 17.175375803803135, 0.0],
              [97.094288210002262, 17.18343108158091, 0.0],
              [97.089165635328499, 17.193624093231037, 0.0],
              [97.086408000565854, 17.201146784461102, 0.0],
              [97.085220995952554, 17.204068325928784, 0.0],
              [97.084958061730021, 17.204331260151317, 0.0],
              [97.081607693032424, 17.206600791542218, 0.0],
              [97.075933555869966, 17.209939216321931, 0.0],
              [97.067918650352198, 17.213524010519226, 0.0],
              [97.066462239621231, 17.214203710687691, 0.0],
              [97.057808217881075, 17.218413187410242, 0.0],
              [97.048373032100216, 17.22218763912058, 0.0],
              [97.043088254391094, 17.224668877875022, 0.0],
              [97.033901794727299, 17.229656170169523, 0.0],
              [97.033371446251337, 17.229944018325664, 0.0],
              [97.021866453883362, 17.238533979123225, 0.0],
              [97.014921731661147, 17.245478979123224, 0.0],
              [97.00845406020396, 17.253433307311596, 0.0],
              [97.003178315477612, 17.261486183624232, 0.0],
              [97.001013450413453, 17.264789701865062, 0.0],
              [96.999323627364859, 17.265230525269043, 0.0],
              [96.996464768859894, 17.266068029269476, 0.0],
              [96.985589195725041, 17.269609078245896, 0.0],
              [96.973615946369492, 17.272920687148115, 0.0],
              [96.969388934927764, 17.274294785717878, 0.0],
              [96.958277546038872, 17.278461452384548, 0.0],
              [96.943294657962525, 17.287314459768094, 0.0],
              [96.935517157962522, 17.293980570879203, 0.0],
              [96.923938796905773, 17.308413610004113, 0.0],
              [96.919494074683556, 17.316746943337446, 0.0],
              [96.919228658840254, 17.317372218295606, 0.0],
              [96.902413661841322, 17.322977217280872, 0.0],
              [96.892691161841313, 17.328533328391984, 0.0],
              [96.882141983831389, 17.336591504843931, 0.0],
              [96.875198928275836, 17.343535393732822, 0.0],
              [96.866440532932018, 17.355355841338014, 0.0],
              [96.862130859567714, 17.363434997816139, 0.0],
              [96.857548007670218, 17.371792407106565, 0.0],
              [96.857271153271881, 17.372304330683654, 0.0],
              [96.85282643104965, 17.380638497350319, 0.0],
              [96.850425073829243, 17.385838333615229, 0.0],
              [96.846813684940372, 17.395004166948564, 0.0],
              [96.844699228209834, 17.403179996284361, 0.0],
              [96.837776620745714, 17.404511901913086, 0.0],
              [96.836027637114626, 17.405144700451192, 0.0],
              [96.834178309171961, 17.405343103808214, 0.0],
              [96.823899142505283, 17.40812115936377, 0.0],
              [96.807593435498035, 17.415910628010813, 0.0],
              [96.795121543335569, 17.428987470469806, 0.0],
              [96.789843765557791, 17.437042748247585, 0.0],
              [96.785860329285299, 17.444399650419058, 0.0],
              [96.783651887121707, 17.449446279055273, 0.0],
              [96.783594546375838, 17.449533826625949, 0.0],
              [96.645495559800253, 17.512481696602933, 0.0],
              [96.531464859213628, 17.327955893300214, 0.0],
              [96.531857520694047, 17.325937649817511, 0.0],
              [96.53271546008267, 17.318884462172743, 0.0],
              [96.533270737860448, 17.307773073283855, 0.0],
              [96.533317373804778, 17.306529669780666, 0.0],
              [96.533595707138119, 17.295419114225112, 0.0],
              [96.533551947153725, 17.291729601588628, 0.0],
              [96.533026534849284, 17.280964032132282, 0.0],
              [96.532763611464972, 17.269921249991555, 0.0],
              [96.532718276721766, 17.268672830867288, 0.0],
              [96.532282725456795, 17.259752949816395, 0.0],
              [96.532715273246566, 17.251110420276586, 0.0],
              [96.532721068917951, 17.246230424217082, 0.0],
              [96.532164957806842, 17.234564035328191, 0.0],
              [96.531627849495209, 17.22926168256901, 0.0],
              [96.529832004466996, 17.217713408474363, 0.0],
              [96.528562124263388, 17.206790508119219, 0.0],
              [96.527431341477509, 17.196839619603544, 0.0],
              [96.527207944182663, 17.187670491194094, 0.0],
              [96.526902645983583, 17.183239378115378, 0.0],
              [96.525978554237852, 17.175112431739105, 0.0],
              [96.526323206558757, 17.16839507016217, 0.0],
              [96.526069249507472, 17.160188432555991, 0.0],
              [96.524680638396347, 17.147966765889322, 0.0],
              [96.523076837985002, 17.139876602445714, 0.0],
              [96.520299337985008, 17.130154380223491, 0.0],
              [96.516164441673837, 17.120032717349012, 0.0],
              [96.510885830562728, 17.110309939571234, 0.0],
              [96.507263775531314, 17.10459733173446, 0.0],
              [96.501152386642417, 17.096263998401131, 0.0],
              [96.494748895843358, 17.089094833832661, 0.0],
              [96.487900350784074, 17.082772370416766, 0.0],
              [96.481043632132909, 17.076179625280851, 0.0],
              [96.480300663689761, 17.075479713566963, 0.0],
              [96.476629653451127, 17.07209150143256, 0.0],
              [96.473376638439007, 17.067655276141924, 0.0],
              [96.467266253875493, 17.059322176000769, 0.0],
              [96.464311980627414, 17.055666811050315, 0.0],
              [96.457644758405195, 17.04816764438365, 0.0],
              [96.446006701223212, 17.038517446538869, 0.0],
              [96.438337723346251, 17.033914986084209, 0.0],
              [96.437820719791972, 17.033209957737299, 0.0],
              [96.437221910882883, 17.032393677945244, 0.0],
              [96.433009241685696, 17.02664920618945, 0.0],
              [96.428593799251985, 17.019363361881606, 0.0],
              [96.425513800424, 17.014856117199983, 0.0],
              [96.419125189312894, 17.006523061644426, 0.0],
              [96.416814348225287, 17.003725307604505, 0.0],
              [96.410147306426325, 16.996225267498865, 0.0],
              [96.403481375634044, 16.988726060637724, 0.0],
              [96.400023312432609, 16.985202585844117, 0.0],
              [96.392801090210398, 16.978536474733001, 0.0],
              [96.388891353756634, 16.975280112686612, 0.0],
              [96.381563834468892, 16.969783688129468, 0.0],
              [96.374229709202567, 16.964019813857789, 0.0],
              [96.374023049615303, 16.963858275581877, 0.0],
              [96.369740776551993, 16.960529037236608, 0.0],
              [96.366627339087685, 16.958107534547921, 0.0],
              [96.358946633152144, 16.952072694169992, 0.0],
              [96.353779712830089, 16.948513586533682, 0.0],
              [96.349856946036624, 16.946160004910329, 0.0],
              [96.346788934067959, 16.9433278940081, 0.0],
              [96.340488611404112, 16.93726985106338, 0.0],
              [96.339922671685926, 16.93672600189451, 0.0],
              [96.339192882300367, 16.936038641748727, 0.0],
              [96.331970382300369, 16.929371419526504, 0.0],
              [96.326562013132545, 16.924379478636091, 0.0],
              [96.321837343044592, 16.919064003309003, 0.0],
              [96.315464352024563, 16.911628271755539, 0.0],
              [96.311412815630447, 16.907424862295805, 0.0],
              [96.306006735354742, 16.902435034191633, 0.0],
              [96.300982542100684, 16.896782581261927, 0.0],
              [96.297525452713529, 16.893259881942239, 0.0],
              [96.292118199297249, 16.888268555099266, 0.0],
              [96.287093042300739, 16.882615227304406, 0.0],
              [96.2819868461483, 16.876871235227139, 0.0],
              [96.277267172585738, 16.870434438987786, 0.0],
              [96.271155099870413, 16.862099061948211, 0.0],
              [96.266715317291812, 16.856046630189642, 0.0],
              [96.265047119972508, 16.853771110411632, 0.0],
              [96.258931189995295, 16.84543130598508, 0.0],
              [96.255326218693341, 16.840515599885872, 0.0],
              [96.25294999121536, 16.835763012917255, 0.0],
              [96.249674004351718, 16.827982262568412, 0.0],
              [96.246093062634515, 16.817956202317028, 0.0],
              [96.242317215025636, 16.806898362891008, 0.0],
              [96.239719591010541, 16.800691894505629, 0.0],
              [96.2347187576772, 16.790691894505631, 0.0],
              [96.227618492831425, 16.780119778667718, 0.0],
              [96.218077717963766, 16.771684317263922, 0.0],
              [96.210301051297108, 16.766406261708365, 0.0],
              [96.196142359873377, 16.759754278869252, 0.0],
              [96.180621068389058, 16.757803143511872, 0.0],
              [96.165256508997814, 16.760743846359368, 0.0],
              [96.151552671824049, 16.76828853092794, 0.0],
              [96.140850983930591, 16.779698670925114, 0.0],
              [96.134199001091474, 16.793857362348842, 0.0],
              [96.132247865734101, 16.809378653833168, 0.0],
              [96.135188568581583, 16.824743213224409, 0.0],
              [96.142733253150169, 16.83844705039817, 0.0],
              [96.149629320251549, 16.844914942801744, 0.0],
              [96.151571118307686, 16.850601637108991, 0.0],
              [96.151801821847343, 16.851262121954438, 0.0],
              [96.155597377402898, 16.861889066398884, 0.0],
              [96.155973577682332, 16.862941476609659, 0.0],
              [96.156973813476611, 16.865513364741172, 0.0],
              [96.161417980143284, 16.876068642518948, 0.0],
              [96.162778392006302, 16.879026571769579, 0.0],
              [96.167778392006312, 16.88902684954736, 0.0],
              [96.172180220236939, 16.896235490786985, 0.0],
              [96.178291181905038, 16.904568342563422, 0.0],
              [96.184400150324763, 16.91289865307477, 0.0],
              [96.186070380027473, 16.915176945143919, 0.0],
              [96.19051485994666, 16.921235782574843, 0.0],
              [96.196623169159068, 16.929566027091397, 0.0],
              [96.202733105192038, 16.937898894345544, 0.0],
              [96.205686186370926, 16.941553071553653, 0.0],
              [96.212352683097407, 16.94905225543895, 0.0],
              [96.219018346588157, 16.956551161584482, 0.0],
              [96.222474825064253, 16.960073173613317, 0.0],
              [96.227881739810144, 16.965064187836472, 0.0],
              [96.23290662456597, 16.970717418738072, 0.0],
              [96.236365239925078, 16.974241526593083, 0.0],
              [96.241439062129402, 16.978924679513412, 0.0],
              [96.246202592419863, 16.984482561577792, 0.0],
              [96.246795513454899, 16.985161863182554, 0.0],
              [96.253461902343787, 16.992661863182555, 0.0],
              [96.256920517702866, 16.996185971037526, 0.0],
              [96.264141873180449, 17.002851303528832, 0.0],
              [96.270994888465992, 17.009177447634208, 0.0],
              [96.27118296877029, 17.009358185464162, 0.0],
              [96.277844721929199, 17.015763760047729, 0.0],
              [96.278585627013101, 17.016461798478783, 0.0],
              [96.285807293679781, 17.023128187367671, 0.0],
              [96.2939977871699, 17.029263635688537, 0.0],
              [96.299636066755397, 17.032646490678005, 0.0],
              [96.304942255736734, 17.036815639163336, 0.0],
              [96.305136774862049, 17.036967700356644, 0.0],
              [96.308322488254817, 17.039445416268531, 0.0],
              [96.308477957069826, 17.039566700675426, 0.0],
              [96.30854657566303, 17.039620135513736, 0.0],
              [96.312543215283213, 17.042726828562664, 0.0],
              [96.320215290797421, 17.048756297253323, 0.0],
              [96.321108090687801, 17.049441831757829, 0.0],
              [96.326848047434368, 17.053747414313104, 0.0],
              [96.330382241064783, 17.057009475033986, 0.0],
              [96.335406679921491, 17.062661994917828, 0.0],
              [96.340868881267781, 17.068806658561531, 0.0],
              [96.34448965585878, 17.073529455942083, 0.0],
              [96.348628145192436, 17.080358304785058, 0.0],
              [96.351068550690044, 17.084012608080492, 0.0],
              [96.356584106245606, 17.091533719191606, 0.0],
              [96.357181926040809, 17.092348650336778, 0.0],
              [96.363290391319126, 17.100678653373812, 0.0],
              [96.376860148458832, 17.113353104401874, 0.0],
              [96.385193759569944, 17.118630604401872, 0.0],
              [96.386215520999002, 17.119260609016685, 0.0],
              [96.38799130232681, 17.120326326439329, 0.0],
              [96.388014332206382, 17.120352230016479, 0.0],
              [96.392733746124506, 17.126788379554782, 0.0],
              [96.398845199128232, 17.135122734697632, 0.0],
              [96.405254614087994, 17.142298064210813, 0.0],
              [96.412102057595064, 17.148618011492946, 0.0],
              [96.418956645644855, 17.155208708052477, 0.0],
              [96.419695270823297, 17.155904610611781, 0.0],
              [96.423368740558203, 17.15929589705398, 0.0],
              [96.424619883268946, 17.161001923203806, 0.0],
              [96.425656993065132, 17.162912196165248, 0.0],
              [96.42578705464939, 17.163367457236223, 0.0],
              [96.426243502671909, 17.167384820727861, 0.0],
              [96.425898737885689, 17.174104374282269, 0.0],
              [96.426153187349755, 17.18231534410684, 0.0],
              [96.427291756703326, 17.192328518799574, 0.0],
              [96.427515111372884, 17.201495897694791, 0.0],
              [96.427820015038279, 17.205923539957801, 0.0],
              [96.429208903927176, 17.218145762180026, 0.0],
              [96.429223680555481, 17.21827431357093, 0.0],
              [96.430612291666591, 17.230218480237593, 0.0],
              [96.430871594949224, 17.232127484097649, 0.0],
              [96.432405434495365, 17.241990918423994, 0.0],
              [96.432718170546607, 17.248551658392291, 0.0],
              [96.432284171197864, 17.257223190834523, 0.0],
              [96.432281167722664, 17.262161058021597, 0.0],
              [96.43280681296568, 17.27292602054095, 0.0],
              [96.43306972186835, 17.283968194452889, 0.0],
              [96.433114997290716, 17.285215398411374, 0.0],
              [96.433580836945012, 17.294760338854054, 0.0],
              [96.433364318982868, 17.303403338304786, 0.0],
              [96.433017859604917, 17.310336165506939, 0.0],
              [96.432204979305936, 17.314514294626932, 0.0],
              [96.431750212389431, 17.316855799000798, 0.0],
              [96.431107890466947, 17.321153350190126, 0.0],
              [96.430093101896432, 17.33079193935697, 0.0],
              [96.429945984912294, 17.331822494567184, 0.0],
              [96.430499931067487, 17.349109266746325, 0.0],
              [96.43691033592691, 17.365173078817392, 0.0],
              [96.57975124634001, 17.596319898076345, 0.0],
              [96.620231232902285, 17.746674133879075, 0.0],
              [96.622785253940407, 17.753900760945566, 0.0],
              [96.665801165559458, 17.851154126345175, 0.0],
              [96.669139063225771, 17.891208898340835, 0.0],
              [96.6691587788509, 17.891439060071008, 0.0],
              [96.674515897987774, 17.9523241740883, 0.0],
              [96.672113275920793, 17.955991074549537, 0.0],
              [96.666894252914034, 17.963559036307419, 0.0],
              [96.663939424674922, 17.968412467843958, 0.0],
              [96.660668546802938, 17.974544412279688, 0.0],
              [96.656794075784219, 17.98049506658581, 0.0],
              [96.651615560287212, 17.98800480739505, 0.0],
              [96.650954060203901, 17.988988862867217, 0.0],
              [96.64567656020391, 17.997044418422778, 0.0],
              [96.644000495459451, 17.999791752051088, 0.0],
              [96.640071017003635, 18.006725255651908, 0.0],
              [96.635674828025998, 18.013436507039206, 0.0],
              [96.631471827010429, 18.021305169765693, 0.0],
              [96.628449830637393, 18.02842779936006, 0.0],
              [96.625186485220809, 18.034546189616755, 0.0],
              [96.620603815491762, 18.042902600667297, 0.0],
              [96.620324140426447, 18.043419771965866, 0.0],
              [96.617664750171585, 18.048407343312412, 0.0],
              [96.616020523644323, 18.051490107957321, 0.0],
              [96.611438407613278, 18.059844700788933, 0.0],
              [96.610845878125758, 18.060958144624053, 0.0],
              [96.606850356791654, 18.06870018524388, 0.0],
              [96.602609844265459, 18.076183750759053, 0.0],
              [96.599591449994719, 18.082506164881945, 0.0],
              [96.597032294598321, 18.08900198274835, 0.0],
              [96.595278287664286, 18.092290430596243, 0.0],
              [96.591339154831104, 18.098002261839273, 0.0],
              [96.5886596488251, 18.102346489556187, 0.0],
              [96.58487983260828, 18.109238912504114, 0.0],
              [96.581225108601075, 18.114817276706706, 0.0],
              [96.580361116857844, 18.116027461460529, 0.0],
              [96.577180562362727, 18.120480194723815, 0.0],
              [96.572417644478804, 18.126325593944998, 0.0],
              [96.566383746364721, 18.133408340957338, 0.0],
              [96.565681254634725, 18.13425151695159, 0.0],
              [96.559570143523629, 18.141752350284921, 0.0],
              [96.557174322475859, 18.144945282740657, 0.0],
              [96.553505238807631, 18.150264912487152, 0.0],
              [96.551619488494083, 18.152998708958485, 0.0],
              [96.550955309848121, 18.153986531557937, 0.0],
              [96.546227726305219, 18.161201819325179, 0.0],
              [96.541256183266384, 18.168162924267186, 0.0],
              [96.54078495210986, 18.16883431415738, 0.0],
              [96.535228840998741, 18.176890147490713, 0.0],
              [96.5345653266601, 18.177877090650444, 0.0],
              [96.529287826660109, 18.185932368428219, 0.0],
              [96.527610623790707, 18.188681607168864, 0.0],
              [96.523682535923626, 18.195613119198295, 0.0],
              [96.519612715989709, 18.201824949623742, 0.0],
              [96.514394324796129, 18.209392112651166, 0.0],
              [96.513732776854297, 18.210376187134504, 0.0],
              [96.509006896608753, 18.217589372772455, 0.0],
              [96.504036154491317, 18.2245479644148, 0.0],
              [96.50289779377907, 18.226211468392254, 0.0],
              [96.497620293779079, 18.234267301725591, 0.0],
              [96.495605074279979, 18.237623034122219, 0.0],
              [96.492110050444566, 18.243995526849098, 0.0],
              [96.488004063656419, 18.249950213759298, 0.0],
              [96.485050518660984, 18.254801909598193, 0.0],
              [96.480740916974753, 18.262881402823222, 0.0],
              [96.476593403525129, 18.270446080415297, 0.0],
              [96.476161191253226, 18.271234134544876, 0.0],
              [96.475884781264753, 18.271745132687293, 0.0],
              [96.471576178917388, 18.279822213878145, 0.0],
              [96.466993031359792, 18.288179226658904, 0.0],
              [96.466400251620399, 18.289293230253282, 0.0],
              [96.461956362731513, 18.297904896919945, 0.0],
              [96.460581069952596, 18.300793195061679, 0.0],
              [96.457335200645261, 18.3082125567548, 0.0],
              [96.455571121314023, 18.311629774428237, 0.0],
              [96.454074175824147, 18.314530012512115, 0.0],
              [96.449833953444085, 18.322010748290708, 0.0],
              [96.449487967128377, 18.322631387427112, 0.0],
              [96.444767133795054, 18.331243054093779, 0.0],
              [96.444182692697794, 18.332341382850927, 0.0],
              [96.44138665984724, 18.337757342508958, 0.0],
              [96.437921966225275, 18.342608883887983, 0.0],
              [96.437452533831447, 18.343277709682624, 0.0],
              [96.431896422720342, 18.351332987460399, 0.0],
              [96.428623378125778, 18.356791755735159, 0.0],
              [96.424627856791787, 18.364533796354777, 0.0],
              [96.420387344265464, 18.372017361870164, 0.0],
              [96.419458741709519, 18.373733360322852, 0.0],
              [96.415301262932118, 18.381787712214642, 0.0],
              [96.410880687123054, 18.389849710689802, 0.0],
              [96.408399376219222, 18.395069809525886, 0.0],
              [96.404932567543767, 18.403603225741769, 0.0],
              [96.40130247472041, 18.412159873111079, 0.0],
              [96.397525514397032, 18.420793195061673, 0.0],
              [96.3953660999167, 18.426722697965086, 0.0],
              [96.392587766583375, 18.436167142409534, 0.0],
              [96.390961194543493, 18.443919839756251, 0.0],
              [96.389572305654596, 18.454753173089582, 0.0],
              [96.389181976921364, 18.459862965778864, 0.0],
              [96.388904476921368, 18.470973521334422, 0.0],
              [96.38890372393054, 18.473439845953983, 0.0],
              [96.389181223930535, 18.484829012620647, 0.0],
              [96.389486111755474, 18.489256468845443, 0.0],
              [96.390126718831965, 18.494893939239972, 0.0],
              [96.389986176351997, 18.495821951301831, 0.0],
              [96.388134695383272, 18.504153037145624, 0.0],
              [96.387814937477273, 18.505708015771347, 0.0],
              [96.386018637904385, 18.515205198951975, 0.0],
              [96.38396843412005, 18.524429962885957, 0.0],
              [96.382069373142429, 18.532975974547224, 0.0],
              [96.379701302617946, 18.541264221382963, 0.0],
              [96.378968146990815, 18.544153754886811, 0.0],
              [96.377110968627505, 18.552511057521674, 0.0],
              [96.374808688128738, 18.560341620842568, 0.0],
              [96.373908834718236, 18.563873045037759, 0.0],
              [96.371685501384903, 18.574150267259984, 0.0],
              [96.370842773457156, 18.579365772253123, 0.0],
              [96.370777159666162, 18.579974690196423, 0.0],
              [96.370017121297522, 18.587008988892304, 0.0],
              [96.368351791727989, 18.594711138151428, 0.0],
              [96.367497363604016, 18.600042244337708, 0.0],
              [96.366576429201757, 18.608788934486491, 0.0],
              [96.364953087372811, 18.617831743797705, 0.0],
              [96.364228712804433, 18.624170691134061, 0.0],
              [96.363673435026641, 18.635281524467395, 0.0],
              [96.363627504220418, 18.636496971388173, 0.0],
              [96.363350004220436, 18.647331138054838, 0.0],
              [96.363347749117452, 18.649800338320514, 0.0],
              [96.363596262115919, 18.660248332250568, 0.0],
              [96.363349197585563, 18.670140805938946, 0.0],
              [96.363390096657213, 18.673765164139812, 0.0],
              [96.363916902786173, 18.684838639517327, 0.0],
              [96.364151510580427, 18.694691463052649, 0.0],
              [96.363919841000381, 18.703959172932851, 0.0],
              [96.363487495278861, 18.712601333936934, 0.0],
              [96.363438886094514, 18.712991915565773, 0.0],
              [96.363883155804146, 18.728223459578857, 0.0],
              [96.364686659988962, 18.73053074542532, 0.0],
              [96.364475968475517, 18.738958827345883, 0.0],
              [96.363951121881357, 18.749445010622658, 0.0],
              [96.363945158494005, 18.754321741372284, 0.0],
              [96.364414183632618, 18.764175257991148, 0.0],
              [96.364197555655934, 18.772849701385983, 0.0],
              [96.363673431916297, 18.783337420037729, 0.0],
              [96.363667647741835, 18.788210126585973, 0.0],
              [96.364222925519627, 18.799876793252643, 0.0],
              [96.364371691465706, 18.802026101408057, 0.0],
              [96.365388059724765, 18.813207168625983, 0.0],
              [96.365862620106398, 18.822924989507882, 0.0],
              [96.366125249117431, 18.833966449431625, 0.0],
              [96.366850641264676, 18.841345236603711, 0.0],
              [96.369072811137571, 18.854121671860813, 0.0],
              [96.371293870033341, 18.86689755146638, 0.0],
              [96.37165051942344, 18.868742827197739, 0.0],
              [96.374429130534551, 18.881797271642185, 0.0],
              [96.374596672817717, 18.882555456586527, 0.0],
              [96.377651950595492, 18.895889345475414, 0.0],
              [96.377704889246772, 18.896117916489327, 0.0],
              [96.379384611468993, 18.903293749822662, 0.0],
              [96.379902219308036, 18.905504488465457, 0.0],
              [96.380431357544424, 18.907765305166908, 0.0],
              [96.381098016104687, 18.911600029910169, 0.0],
              [96.380704763022493, 18.914588831985473, 0.0],
              [96.381250680177388, 18.930928258964485, 0.0],
              [96.384891774214481, 18.940547820326604, 0.0],
              [96.38423343916088, 18.941180860121797, 0.0],
              [96.377011645644814, 18.948124625280887, 0.0],
              [96.373604820178855, 18.95174292576489, 0.0],
              [96.367215931289977, 18.959242647987111, 0.0],
              [96.366513641647657, 18.960085607697089, 0.0],
              [96.360403363869864, 18.967585607697089, 0.0],
              [96.358050203088553, 18.970716873388632, 0.0],
              [96.357474369755238, 18.971549095610857, 0.0],
              [96.357480401423146, 18.971553269057978, 0.0],
              [96.357426701470715, 18.971617736441051, 0.0],
              [96.352448303994009, 18.97883816241432, 0.0],
              [96.348340429613017, 18.984795083506537, 0.0],
              [96.343603597405945, 18.990356124517639, 0.0],
              [96.338165835151983, 18.998127426956547, 0.0],
              [96.3342390811858, 19.005056992779245, 0.0],
              [96.329845620745218, 19.011761875881085, 0.0],
              [96.32782593938424, 19.015124904164274, 0.0],
              [96.323103439384241, 19.023736848608721, 0.0],
              [96.321136052045006, 19.0277380376153, 0.0],
              [96.317247440933897, 19.036626926504187, 0.0],
              [96.314980724595287, 19.04292680058926, 0.0],
              [96.312202113484162, 19.052649022811483, 0.0],
              [96.310704360925072, 19.059867276909053, 0.0],
              [96.3093158008719, 19.070422166579181, 0.0],
              [96.307926963046043, 19.080977889590777, 0.0],
              [96.30751530791774, 19.086251948238779, 0.0],
              [96.307253457748033, 19.096736701631027, 0.0],
              [96.307158978636863, 19.098623155406766, 0.0],
              [96.306729190787877, 19.107228354908852, 0.0],
              [96.306682625411483, 19.108470361504725, 0.0],
              [96.306468497928066, 19.117018151134239, 0.0],
              [96.305405638987921, 19.125308450867358, 0.0],
              [96.305274600174215, 19.126430996956643, 0.0],
              [96.30446110681855, 19.134157048949294, 0.0],
              [96.30318096539682, 19.139920166551487, 0.0],
              [96.301734703147417, 19.144980277138817, 0.0],
              [96.300677755997739, 19.147396959303666, 0.0],
              [96.300086990017832, 19.148746808211232, 0.0],
              [96.296435588895392, 19.155406458617048, 0.0],
              [96.296205718593086, 19.15583055031918, 0.0],
              [96.29203849637085, 19.16360805031918, 0.0],
              [96.291991965050372, 19.163695100395877, 0.0],
              [96.287685827058226, 19.171770118508423, 0.0],
              [96.283104093269543, 19.18012482288951, 0.0],
              [96.280915568109762, 19.184638950605649, 0.0],
              [96.278144399144253, 19.191170793797991, 0.0],
              [96.274832920722829, 19.19701404073432, 0.0],
              [96.27389964888016, 19.198738842765973, 0.0],
              [96.269746728039038, 19.206787171166877, 0.0],
              [96.26532857922497, 19.214841120754613, 0.0],
              [96.260602680717795, 19.223459670021857, 0.0],
              [96.255635962359364, 19.236648031464636, 0.0],
              [96.253777124629366, 19.245008620954966, 0.0],
              [96.251474139690373, 19.252842363841633, 0.0],
              [96.249850585342529, 19.260582592748047, 0.0],
              [96.248460863120314, 19.271415648303602, 0.0],
              [96.248069937490442, 19.276533163554568, 0.0],
              [96.247859241093764, 19.284994866232083, 0.0],
              [96.246816631668921, 19.292920074380657, 0.0],
              [96.245427235999784, 19.303473149620984, 0.0],
              [96.245235360982008, 19.305148330963675, 0.0],
              [96.244355479972754, 19.314173880470609, 0.0],
              [96.243865511183316, 19.316693140161771, 0.0],
              [96.243007528141234, 19.31871567322759, 0.0],
              [96.239659929930625, 19.324819364147693, 0.0],
              [96.235108683300112, 19.33285218860718, 0.0],
              [96.229482345761042, 19.348208222917997, 0.0],
              [96.228124765313211, 19.355386250090021, 0.0],
              [96.226039982582975, 19.361828952583032, 0.0],
              [96.224398047976919, 19.368388074365978, 0.0],
              [96.222453325754685, 19.379221407699308, 0.0],
              [96.222094196519706, 19.381531248784828, 0.0],
              [96.22136280763084, 19.387088193229275, 0.0],
              [96.220704791124803, 19.392090729849681, 0.0],
              [96.220552533814697, 19.393376877181616, 0.0],
              [96.219441422703582, 19.403931877181616, 0.0],
              [96.219228984361749, 19.406670815605096, 0.0],
              [96.218770571305029, 19.415843892484769, 0.0],
              [96.217628499031917, 19.424751142557138, 0.0],
              [96.217238177832698, 19.42985798663074, 0.0],
              [96.21702612386035, 19.438323849960014, 0.0],
              [96.215982518601606, 19.446255667368622, 0.0],
              [96.215830048157898, 19.447543407597024, 0.0],
              [96.214718937046783, 19.458098129819245, 0.0],
              [96.214506484361763, 19.46083720449392, 0.0],
              [96.214019783133423, 19.47057634197995, 0.0],
              [96.213572505131708, 19.474825482996234, 0.0],
              [96.21333579385491, 19.477077969205574, 0.0],
              [96.212214176310326, 19.482262717772759, 0.0],
              [96.211455683420411, 19.48460686204135, 0.0],
              [96.209927760360756, 19.489328674805247, 0.0],
              [96.208370169395138, 19.495430202684222, 0.0],
              [96.206573547194509, 19.504929348357752, 0.0],
              [96.204523747711832, 19.514155496341836, 0.0],
              [96.204094928941757, 19.516307646622788, 0.0],
              [96.202502425279178, 19.525328826983976, 0.0],
              [96.201628431213379, 19.529826698883561, 0.0],
              [96.20064189824447, 19.53489982115142, 0.0],
              [96.200149785222877, 19.537921441038058, 0.0],
              [96.199028822268488, 19.546440759491407, 0.0],
              [96.197240621628865, 19.554711410974743, 0.0],
              [96.196386238146033, 19.560042380600812, 0.0],
              [96.195572983114872, 19.567766575661896, 0.0],
              [96.193968424768585, 19.574987088220141, 0.0],
              [96.193183715107708, 19.579475234912955, 0.0],
              [96.19229982216136, 19.586369423115876, 0.0],
              [96.190642731911822, 19.592004093431331, 0.0],
              [96.188674142967486, 19.603606820835385, 0.0],
              [96.188116920745259, 19.614718209724277, 0.0],
              [96.188374312873663, 19.622871581970259, 0.0],
              [96.189764035095891, 19.635093248636924, 0.0],
              [96.190495523106648, 19.639645023848708, 0.0],
              [96.192467051280616, 19.649105315321055, 0.0],
              [96.192621731757981, 19.652355152924144, 0.0],
              [96.192297972351241, 19.654815789167234, 0.0],
              [96.190773078172853, 19.660152995043916, 0.0],
              [96.188663487927997, 19.666672744862634, 0.0],
              [96.185746590578717, 19.673548496964315, 0.0],
              [96.182863967521826, 19.680136937862507, 0.0],
              [96.17921366803364, 19.686793833652857, 0.0],
              [96.177365521787138, 19.690524770303483, 0.0],
              [96.175538838089025, 19.694634209281091, 0.0],
              [96.175121043838331, 19.695156517382976, 0.0],
              [96.168137512554196, 19.706860895050156, 0.0],
              [96.16522849435809, 19.713717658725404, 0.0],
              [96.161713939220249, 19.720127358844334, 0.0],
              [96.159528035966702, 19.724636129818524, 0.0],
              [96.155638313744475, 19.733803074262969, 0.0],
              [96.154093065668221, 19.737945130117538, 0.0],
              [96.151518720107887, 19.74590364521584, 0.0],
              [96.148479783328057, 19.753617275993061, 0.0],
              [96.147072196812644, 19.757698589128839, 0.0],
              [96.144017196812641, 19.767976366906616, 0.0],
              [96.142219614523356, 19.776986694012702, 0.0],
              [96.141175802894466, 19.786899904278616, 0.0],
              [96.139872143950996, 19.796815905782111, 0.0],
              [96.139501869211756, 19.805705714919974, 0.0],
              [96.14005603587843, 19.817372103808861, 0.0],
              [96.140205182512332, 19.819527836076862, 0.0],
              [96.141316571401205, 19.831749502743527, 0.0],
              [96.14143067855116, 19.832865378670711, 0.0],
              [96.142819289662285, 19.845088434226266, 0.0],
              [96.143069148715327, 19.846968964547358, 0.0],
              [96.145014148715319, 19.859746186769581, 0.0],
              [96.145183466606625, 19.860784884238115, 0.0],
              [96.147152630115116, 19.872112806964758, 0.0],
              [96.148375965127528, 19.882871455217952, 0.0],
              [96.149150581949911, 19.887628094030394, 0.0],
              [96.151928359727691, 19.900683371808171, 0.0],
              [96.154817065188197, 19.909834809795033, 0.0],
              [96.158963407360773, 19.919590909024613, 0.0],
              [96.162634644738347, 19.929871303790662, 0.0],
              [96.167543863356187, 19.939907016610221, 0.0],
              [96.168453917743179, 19.941336547671341, 0.0],
              [96.170068307513063, 19.943873250644046, 0.0],
              [96.171689596552014, 19.948737581019415, 0.0],
              [96.17270051832817, 19.9522375777943, 0.0],
              [96.172630825512428, 19.953632864242064, 0.0],
              [96.171663601902992, 19.962821730337513, 0.0],
              [96.171451215914985, 19.965560073338462, 0.0],
              [96.170895938137207, 19.976670628894016, 0.0],
              [96.171955338307157, 19.989697981726785, 0.0],
              [96.176354771718167, 20.00200567185173, 0.0],
              [96.178575015651404, 20.006329532345958, 0.0],
              [96.178394590684846, 20.010030004184017, 0.0],
              [96.177839345799484, 20.021108593529796, 0.0],
              [96.177792253920089, 20.022362996970763, 0.0],
              [96.177632449189389, 20.028761424822161, 0.0],
              [96.176934453214855, 20.031989165487275, 0.0],
              [96.175128595505541, 20.037572071710365, 0.0],
              [96.172090385496404, 20.045284828580503, 0.0],
              [96.171039306997002, 20.048217959780462, 0.0],
              [96.167983195885895, 20.057663237558238, 0.0],
              [96.167853365382868, 20.05807042776652, 0.0],
              [96.164799198716196, 20.067792649988746, 0.0],
              [96.162683975236476, 20.078502190173953, 0.0],
              [96.162319405374816, 20.082749963052798, 0.0],
              [96.160910463850172, 20.087233951778696, 0.0],
              [96.159530795843182, 20.092676403598201, 0.0],
              [96.15812320152537, 20.099913621861848, 0.0],
              [96.155910636475994, 20.106953528435088, 0.0],
              [96.152918700500635, 20.116476514816107, 0.0],
              [96.149928315916313, 20.125717841471921, 0.0],
              [96.1498007938538, 20.12611764911173, 0.0],
              [96.146744960520465, 20.135839038000618, 0.0],
              [96.145362566122884, 20.141292140716228, 0.0],
              [96.143518439797802, 20.150779154926965, 0.0],
              [96.141436878689504, 20.160405334272305, 0.0],
              [96.139245842387197, 20.170267737112951, 0.0],
              [96.138317628320877, 20.176001500226825, 0.0],
              [96.137204572765313, 20.18683566689349, 0.0],
              [96.137004865380405, 20.189454590804104, 0.0],
              [96.13645069871373, 20.200564313026327, 0.0],
              [96.136445314579518, 20.205435851565444, 0.0],
              [96.136885030060569, 20.214660871505355, 0.0],
              [96.13645046629469, 20.22333090630001, 0.0],
              [96.136402123074589, 20.227031521509119, 0.0],
              [96.136611048979816, 20.235751472836942, 0.0],
              [96.136679978925415, 20.238677535186003, 0.0],
              [96.136986170855835, 20.243148321541184, 0.0],
              [96.13791689302181, 20.251334509466677, 0.0],
              [96.137559010521485, 20.258676914154133, 0.0],
              [96.137556256165396, 20.263488125673863, 0.0],
              [96.137899038080675, 20.270690318381988, 0.0],
              [96.137361762467378, 20.274775741931805, 0.0],
              [96.136490176391987, 20.278807154375244, 0.0],
              [96.135600425698826, 20.280996936155837, 0.0],
              [96.133777887342305, 20.284320710077431, 0.0],
              [96.130934071996037, 20.288246678057011, 0.0],
              [96.129004548699527, 20.290513012127136, 0.0],
              [96.125834199704556, 20.294232666675345, 0.0],
              [96.119437809970918, 20.301740961932797, 0.0],
              [96.113656095373614, 20.310127888098453, 0.0],
              [96.10893564973945, 20.318737605476731, 0.0],
              [96.10421437104732, 20.327346767333957, 0.0],
              [96.102026286514885, 20.331859856492571, 0.0],
              [96.098136564292673, 20.341027634270347, 0.0],
              [96.095353318934059, 20.349720625345398, 0.0],
              [96.093133596711823, 20.359719514234289, 0.0],
              [96.093075661062798, 20.3599838687397, 0.0],
              [96.090852327729465, 20.370261646517477, 0.0],
              [96.090639898172569, 20.371296419064738, 0.0],
              [96.088696842617026, 20.381296419064739, 0.0],
              [96.088185851031952, 20.384466968898199, 0.0],
              [96.087085102524526, 20.393041637055461, 0.0],
              [96.085356320852213, 20.400821694757635, 0.0],
              [96.083134393805622, 20.410827035406474, 0.0],
              [96.082818844645303, 20.412361100177687, 0.0],
              [96.081871454319682, 20.417362612717241, 0.0],
              [96.080190005197423, 20.421326869229961, 0.0],
              [96.077552167476284, 20.427354597820564, 0.0],
              [96.074983334528341, 20.431780316961341, 0.0],
              [96.073959623216638, 20.43325899478096, 0.0],
              [96.070343456783462, 20.436736345378289, 0.0],
              [96.06964493871844, 20.437421327607336, 0.0],
              [96.062422438718443, 20.444643827607333, 0.0],
              [96.060402043063789, 20.446786903049279, 0.0],
              [96.053736765286018, 20.454287736382618, 0.0],
              [96.053051833277024, 20.455074922535132, 0.0],
              [96.0466621110548, 20.462575200312909, 0.0],
              [96.043559890356462, 20.466616890045856, 0.0],
              [96.04014679936067, 20.471566710755958, 0.0],
              [96.040072162584806, 20.47167439282191, 0.0],
              [96.040010685536146, 20.471763293799725, 0.0],
              [96.038011241091709, 20.47466134935528, 0.0],
              [96.031595127747465, 20.487662417965751, 0.0],
              [96.028539016636344, 20.497107140187971, 0.0],
              [96.026516052899197, 20.506145334326405, 0.0],
              [96.025127997343645, 20.516977834326404, 0.0],
              [96.024841944153536, 20.520724688629635, 0.0],
              [96.019712480601299, 20.526747725930477, 0.0],
              [96.013940375693224, 20.535120409693882, 0.0],
              [96.009217042359893, 20.543731520804993, 0.0],
              [96.004476073455123, 20.555942766907179, 0.0],
              [96.003069412419947, 20.568966307986944, 0.0],
              [96.003346912419943, 20.580634363542501, 0.0],
              [96.004074584397699, 20.588026370489548, 0.0],
              [96.004592207243306, 20.590997785958034, 0.0],
              [96.005577055499842, 20.596663367536291, 0.0],
              [96.006294568243334, 20.600789413951265, 0.0],
              [96.012460978641869, 20.617578161194967, 0.0],
              [96.018017089752988, 20.6270214945283, 0.0],
              [96.021428026604312, 20.632083994938533, 0.0],
              [96.023959992402595, 20.635387243586749, 0.0],
              [96.023774718064786, 20.639094398646073, 0.0],
              [96.022833257008131, 20.646249314384434, 0.0],
              [96.02114921880343, 20.655146537360896, 0.0],
              [96.020703790156659, 20.657925893300703, 0.0],
              [96.019783974874258, 20.664920134102307, 0.0],
              [96.01976270634546, 20.664995757901181, 0.0],
              [96.01926136391198, 20.665865821343296, 0.0],
              [96.018697081201381, 20.668784765705144, 0.0],
              [96.018256231627618, 20.670352279839573, 0.0],
              [96.018386946636952, 20.670389042287123, 0.0],
              [96.01612710037088, 20.682078866187624, 0.0],
              [96.015914859526688, 20.69054310723191, 0.0],
              [96.015270677453302, 20.69543693837489, 0.0],
              [96.014870649414334, 20.698477039853902, 0.0],
              [96.014678875543069, 20.700152450016688, 0.0],
              [96.013643570096988, 20.710780791003124, 0.0],
              [96.012359508430578, 20.720782213197825, 0.0],
              [96.010982171734426, 20.731265199203548, 0.0],
              [96.010571696806622, 20.736530281572112, 0.0],
              [96.010358820418389, 20.745054073770159, 0.0],
              [96.009304097175672, 20.753284442565789, 0.0],
              [96.007926779178604, 20.763758343684291, 0.0],
              [96.007905674176925, 20.763920898901741, 0.0],
              [96.0065170630658, 20.774755343346186, 0.0],
              [96.006127005787988, 20.779862088328645, 0.0],
              [96.005913370327349, 20.788407720389781, 0.0],
              [96.004850445445186, 20.796694794471037, 0.0],
              [96.004763777268622, 20.808700203028803, 0.0],
              [96.006088801479379, 20.820362748592622, 0.0],
              [96.007148117019639, 20.832023170365055, 0.0],
              [96.007263144117161, 20.833148019439388, 0.0],
              [96.008652866339389, 20.845370797217164, 0.0],
              [96.008734759209787, 20.845361486048795, 0.0],
              [96.008954138491248, 20.848135893468658, 0.0],
              [96.010465798940828, 20.85763482921865, 0.0],
              [96.010555313247167, 20.859512490316124, 0.0],
              [96.010775743894371, 20.864137881369853, 0.0],
              [96.010545072308972, 20.868861694386126, 0.0],
              [96.009246431747144, 20.874702169686479, 0.0],
              [96.0091824313145, 20.874994119368836, 0.0],
              [96.006961597981174, 20.885271619368837, 0.0],
              [96.006752848722229, 20.886288702780917, 0.0],
              [96.00490796008944, 20.895776663818442, 0.0],
              [96.002826267455077, 20.905403028745077, 0.0],
              [96.000634823008937, 20.915263296219344, 0.0],
              [96.000572539126892, 20.915547438812116, 0.0],
              [95.998351150238008, 20.925824383256561, 0.0],
              [95.997650731424187, 20.929858142825211, 0.0],
              [95.996260175868628, 20.940414531714101, 0.0],
              [95.996237861210162, 20.940586228645138, 0.0],
              [95.994848972321265, 20.951419561978469, 0.0],
              [95.994458642029997, 20.956529417049993, 0.0],
              [95.994195905559835, 20.967049395835193, 0.0],
              [95.993670478194275, 20.977847389098891, 0.0],
              [95.993627101156122, 20.979024112650343, 0.0],
              [95.993348490044994, 20.990134945983677, 0.0],
              [95.993346911255074, 20.992577092339928, 0.0],
              [95.993381071880464, 20.994013504978341, 0.0],
              [95.993550063376517, 21.001122432260114, 0.0],
              [95.993550621681393, 21.001148832105212, 0.0],
              [95.993554170966917, 21.001305106148379, 0.0],
              [95.993581724088855, 21.00244010328333, 0.0],
              [95.993114120733651, 21.012002300373762, 0.0],
              [95.993374463908495, 21.020092411684779, 0.0],
              [95.994763908352937, 21.032314078351444, 0.0],
              [95.995707461782487, 21.037835742837515, 0.0],
              [95.998763572893608, 21.051170465059741, 0.0],
              [95.999188805495947, 21.052886037467964, 0.0],
              [96.00252241660705, 21.065384926356852, 0.0],
              [96.002795587432914, 21.066368690500159, 0.0],
              [96.006404198544018, 21.078867857166824, 0.0],
              [96.010020200709164, 21.091376011841714, 0.0],
              [96.011151014374661, 21.095293542741697, 0.0],
              [96.013632122984987, 21.103879243714825, 0.0],
              [96.017098392162481, 21.115879570552615, 0.0],
              [96.019728726512838, 21.125744968599509, 0.0],
              [96.020724583787015, 21.131471272408088, 0.0],
              [96.020584885495325, 21.137048329357974, 0.0],
              [96.020059372838304, 21.147847548606055, 0.0],
              [96.020014413092682, 21.151466614051042, 0.0],
              [96.020291913092692, 21.163134391828816, 0.0],
              [96.022241461436494, 21.175820436180611, 0.0],
              [96.025851739214261, 21.18831960284728, 0.0],
              [96.026970899714698, 21.191729990163612, 0.0],
              [96.030774016535375, 21.202052735819727, 0.0],
              [96.034857312037644, 21.213484438998968, 0.0],
              [96.038503829532317, 21.223695125595359, 0.0],
              [96.041686286463488, 21.234710343447251, 0.0],
              [96.04346355611851, 21.239810820919555, 0.0],
              [96.047908556118514, 21.250644987586224, 0.0],
              [96.048150534874893, 21.251224395303694, 0.0],
              [96.052873034874892, 21.262335506414804, 0.0],
              [96.056703753928545, 21.269617599703878, 0.0],
              [96.061298476150768, 21.276839266370544, 0.0],
              [96.06254035824665, 21.278790557493434, 0.0],
              [96.064564103862963, 21.281732828754993, 0.0],
              [96.069888426246891, 21.288910569154375, 0.0],
              [96.07174698642018, 21.29183038001646, 0.0],
              [96.072583708056939, 21.294173356797849, 0.0],
              [96.07405720713902, 21.302645976519877, 0.0],
              [96.075896530597504, 21.31344996159396, 0.0],
              [96.076325764448598, 21.318742653838623, 0.0],
              [96.076135324080383, 21.324824961886296, 0.0],
              [96.076164880441297, 21.328713897281812, 0.0],
              [96.076694017393194, 21.340084920804156, 0.0],
              [96.076748005770824, 21.342379093592005, 0.0],
              [96.076957779212663, 21.351189102911814, 0.0],
              [96.076999781813043, 21.352368259068005, 0.0],
              [96.077052559590825, 21.353480759068006, 0.0],
              [96.077528187382555, 21.363438599107269, 0.0],
              [96.077790629699308, 21.3747689400914, 0.0],
              [96.078040617630066, 21.385247980917558, 0.0],
              [96.077792901621976, 21.395137090737556, 0.0],
              [96.077790792286677, 21.397553993820651, 0.0],
              [96.078069125620004, 21.409498160487317, 0.0],
              [96.078112094874044, 21.410710460834043, 0.0],
              [96.078639223485041, 21.421785435587928, 0.0],
              [96.078797433133332, 21.428409859541436, 0.0],
              [96.07890228101067, 21.432847864930782, 0.0],
              [96.078942429363209, 21.433992170585594, 0.0],
              [96.079472106696869, 21.445369650295508, 0.0],
              [96.079736087835926, 21.456465842479879, 0.0],
              [96.079778639827182, 21.457657070814918, 0.0],
              [96.080334750938292, 21.469324848592699, 0.0],
              [96.080483089229418, 21.471467864453743, 0.0],
              [96.081593367007216, 21.483690086675963, 0.0],
              [96.08169456426036, 21.484692000622363, 0.0],
              [96.083084286482574, 21.497190889511252, 0.0],
              [96.083516937689339, 21.500229565514221, 0.0],
              [96.084962084103921, 21.50854220506114, 0.0],
              [96.084980027110319, 21.508645952444283, 0.0],
              [96.085737950308925, 21.513006845334832, 0.0],
              [96.08694305567721, 21.519927671209221, 0.0],
              [96.087869054257467, 21.525262596654368, 0.0],
              [96.089593809577011, 21.536588120592793, 0.0],
              [96.090621538577338, 21.545633944960557, 0.0],
              [96.090847761291158, 21.555333102848966, 0.0],
              [96.090890480322869, 21.556539603808798, 0.0],
              [96.091330497935601, 21.565802911937844, 0.0],
              [96.090961109411666, 21.573383141602566, 0.0],
              [96.090055165548407, 21.581980784174988, 0.0],
              [96.08874871059453, 21.592178768620709, 0.0],
              [96.088171796654962, 21.596571645645227, 0.0],
              [96.087372911133031, 21.602634690399572, 0.0],
              [96.08735034064749, 21.602808333480407, 0.0],
              [96.086150905738464, 21.612164165657784, 0.0],
              [96.084628256617179, 21.620207857475027, 0.0],
              [96.082578405664776, 21.62944231929901, 0.0],
              [96.082520838219494, 21.62970499427718, 0.0],
              [96.080297504886147, 21.639981938721622, 0.0],
              [96.079928422665333, 21.641861460318822, 0.0],
              [96.07886170754341, 21.647903513888014, 0.0],
              [96.078475519790089, 21.64909779692675, 0.0],
              [96.07755274281449, 21.651950002145814, 0.0],
              [96.074526499278733, 21.65908241058764, 0.0],
              [96.072855136628689, 21.663620295628998, 0.0],
              [96.069993170526814, 21.672726338514778, 0.0],
              [96.066868666328048, 21.681839237103663, 0.0],
              [96.066465757682053, 21.683065743845173, 0.0],
              [96.063473162057363, 21.692588504720209, 0.0],
              [96.061939364793432, 21.697330194752364, 0.0],
              [96.059493031359793, 21.701790893325562, 0.0],
              [96.057304179220878, 21.706305617272317, 0.0],
              [96.054396071055777, 21.713160235939458, 0.0],
              [96.050881324010874, 21.719569480550749, 0.0],
              [96.050000584894406, 21.721250431336184, 0.0],
              [96.046808173621002, 21.727635253883012, 0.0],
              [96.045282151951312, 21.73068591018216, 0.0],
              [96.043969063674183, 21.733530274825554, 0.0],
              [96.04198092766508, 21.738217457805078, 0.0],
              [95.963986135105273, 21.59032039609593, 0.0]
            ]
          ]
        ]
      }
    }
  ]
}
