{
  "type": "FeatureCollection",
  "name": "泛亚铁路东线",
  "features": [
    {
      "type": "Feature",
      "properties": {},
      "geometry": {
        "type": "MultiPolygon",
        "coordinates": [
          [
            [
              [100.434329002956474, 13.720651096818822, 0.0],
              [100.434278960879055, 13.720717985888578, 0.0],
              [100.433220744912276, 13.722180123556715, 0.0],
              [100.43133169844937, 13.724068716702877, 0.0],
              [100.425223598513, 13.728797765301996, 0.0],
              [100.414504569571022, 13.740191616146438, 0.0],
              [100.407831060789704, 13.754340174344005, 0.0],
              [100.405856321705642, 13.769858480439519, 0.0],
              [100.408773653539171, 13.785227494509956, 0.0],
              [100.416297487524204, 13.798942790375881, 0.0],
              [100.427691338368646, 13.809661819317855, 0.0],
              [100.441839896566222, 13.81633532809917, 0.0],
              [100.457358202661737, 13.818310067183241, 0.0],
              [100.472727216732167, 13.815392735349702, 0.0],
              [100.486442512598089, 13.807868901364669, 0.0],
              [100.495053623709211, 13.801201956920224, 0.0],
              [100.49979526283083, 13.797025970334266, 0.0],
              [100.50674054060859, 13.790082359223154, 0.0],
              [100.511887447916294, 13.784047029086087, 0.0],
              [100.515307170138527, 13.779324251308312, 0.0],
              [100.515391924002671, 13.779207147535869, 0.0],
              [100.517791605737784, 13.776807753774085, 0.0],
              [100.521754410610711, 13.773552592628464, 0.0],
              [100.522297808315244, 13.773190316027296, 0.0],
              [100.52232538032824, 13.773186705407339, 0.0],
              [100.527188020029087, 13.772303580498919, 0.0],
              [100.535521631140199, 13.770360247165584, 0.0],
              [100.535995253344126, 13.770247367950342, 0.0],
              [100.536964975566349, 13.770011256839231, 0.0],
              [100.547406273699281, 13.767464257233526, 0.0],
              [100.547674028315754, 13.767344198503924, 0.0],
              [100.550863350154344, 13.768298918075864, 0.0],
              [100.571701871989035, 13.773408113501326, 0.0],
              [100.572601531127816, 13.773672634817233, 0.0],
              [100.573106956411721, 13.773987710571355, 0.0],
              [100.578869460163716, 13.777994287579821, 0.0],
              [100.580611235888753, 13.779152040891137, 0.0],
              [100.588966235888762, 13.784457040891137, 0.0],
              [100.594494619027017, 13.787495861946516, 0.0],
              [100.601878507915899, 13.790967250835404, 0.0],
              [100.611585195275183, 13.794362173285482, 0.0],
              [100.619139084164061, 13.796158284396594, 0.0],
              [100.622123497191652, 13.796772469597427, 0.0],
              [100.62683016385833, 13.797592469597426, 0.0],
              [100.635378962921294, 13.798334433566634, 0.0],
              [100.635800074032403, 13.798334711344411, 0.0],
              [100.639164301881436, 13.798223626779411, 0.0],
              [100.641673859962737, 13.798056055328161, 0.0],
              [100.64417055621675, 13.798055555889022, 0.0],
              [100.648329721555427, 13.798055833222177, 0.0],
              [100.649182169613525, 13.798055833333333, 0.0],
              [100.650061755323989, 13.798173072348391, 0.0],
              [100.656675471268983, 13.79861138829699, 0.0],
              [100.660286026824537, 13.798610832741435, 0.0],
              [100.666873965197652, 13.798173900634602, 0.0],
              [100.667760839586421, 13.798055879347851, 0.0],
              [100.66806162351611, 13.79805583307696, 0.0],
              [100.672226388666672, 13.798055555444458, 0.0],
              [100.676065211094425, 13.79790771539658, 0.0],
              [100.677755037249, 13.797777478814249, 0.0],
              [100.679993331555153, 13.797777777333094, 0.0],
              [100.687583719986378, 13.797199303362973, 0.0],
              [100.689502607069812, 13.796904850649222, 0.0],
              [100.690591609751479, 13.796813382046347, 0.0],
              [100.692945069755709, 13.79666683336462, 0.0],
              [100.695280793395696, 13.796666666539133, 0.0],
              [100.6985992000306, 13.796556189248474, 0.0],
              [100.701107548173582, 13.796389166666668, 0.0],
              [100.703055554792968, 13.796389166666668, 0.0],
              [100.707218609554829, 13.796389444333229, 0.0],
              [100.711382842329854, 13.796389444444445, 0.0],
              [100.714988462426277, 13.796390276446621, 0.0],
              [100.721628096858666, 13.795949013960534, 0.0],
              [100.722490148953156, 13.795833721174246, 0.0],
              [100.723323890888665, 13.795833887889289, 0.0],
              [100.727223411315791, 13.795833056627119, 0.0],
              [100.729605535233773, 13.795833533147208, 0.0],
              [100.729691264186812, 13.795839639145649, 0.0],
              [100.731288021011579, 13.796085237365256, 0.0],
              [100.745498218484897, 13.796227668473501, 0.0],
              [100.746371046541455, 13.796111275880278, 0.0],
              [100.747215277777812, 13.796111388444444, 0.0],
              [100.751052664146968, 13.795964428781764, 0.0],
              [100.754664053035867, 13.795686928781764, 0.0],
              [100.758275457087919, 13.795409406271244, 0.0],
              [100.761526396522626, 13.795052307455595, 0.0],
              [100.765416952078198, 13.794495640788929, 0.0],
              [100.770457974121427, 13.793507798853348, 0.0],
              [100.773789085232522, 13.792675298853348, 0.0],
              [100.774826431157052, 13.79240419949369, 0.0],
              [100.776909037181653, 13.791836009624348, 0.0],
              [100.782647759559126, 13.790938923455663, 0.0],
              [100.782771157332562, 13.790910407602365, 0.0],
              [100.791021375658602, 13.789894864937926, 0.0],
              [100.792112688461344, 13.789621900345873, 0.0],
              [100.793437922921896, 13.789417955368872, 0.0],
              [100.796827235332259, 13.788766656419762, 0.0],
              [100.796881204950651, 13.788762816592637, 0.0],
              [100.806486051985161, 13.787127787898143, 0.0],
              [100.806540847622543, 13.787112846801669, 0.0],
              [100.80734757750443, 13.786997616145444, 0.0],
              [100.808496116613696, 13.786819918298365, 0.0],
              [100.811830005502571, 13.786264362742807, 0.0],
              [100.815735316479632, 13.78545228277779, 0.0],
              [100.81906837203519, 13.784619227222235, 0.0],
              [100.820106250364063, 13.784347960750226, 0.0],
              [100.820155071064463, 13.784334639559297, 0.0],
              [100.820957481446911, 13.784220050449816, 0.0],
              [100.822949997616448, 13.78380754032778, 0.0],
              [100.824664361184603, 13.783741883755564, 0.0],
              [100.828275194517929, 13.783464383755563, 0.0],
              [100.829973039491819, 13.783304733449402, 0.0],
              [100.834973595047387, 13.782748344560515, 0.0],
              [100.838385764964769, 13.78224903202984, 0.0],
              [100.843567395283614, 13.78130723857265, 0.0],
              [100.844903673885767, 13.781116218892487, 0.0],
              [100.846886583406814, 13.780963828200008, 0.0],
              [100.850644144286804, 13.78053156891171, 0.0],
              [100.854256644286806, 13.779976846689488, 0.0],
              [100.856561931005302, 13.779512115579481, 0.0],
              [100.860665787614963, 13.779221123237548, 0.0],
              [100.862951888098749, 13.778895283722722, 0.0],
              [100.864946553862922, 13.778741800669152, 0.0],
              [100.868560256760944, 13.778463609775107, 0.0],
              [100.871795053044835, 13.778108373595293, 0.0],
              [100.87381840188803, 13.777819261808023, 0.0],
              [100.876106711438553, 13.777666595994903, 0.0],
              [100.880147914607647, 13.777221999304027, 0.0],
              [100.880562776444663, 13.777221944000177, 0.0],
              [100.884697384766795, 13.777050147828758, 0.0],
              [100.888029606989022, 13.776773203384316, 0.0],
              [100.890969795146958, 13.776440988712039, 0.0],
              [100.893097274555032, 13.776136607193868, 0.0],
              [100.893444351631075, 13.776111936052057, 0.0],
              [100.895224284934358, 13.775984999029069, 0.0],
              [100.899281218623287, 13.775528579649219, 0.0],
              [100.899894203066722, 13.775434136455763, 0.0],
              [100.903055277777767, 13.775555555555554, 0.0],
              [100.907222499999989, 13.775555555555554, 0.0],
              [100.911057618217896, 13.775408257270252, 0.0],
              [100.914668451551222, 13.775130479492475, 0.0],
              [100.917440221038873, 13.774839345901134, 0.0],
              [100.918322971229188, 13.774721669411056, 0.0],
              [100.918337879680337, 13.774721666927142, 0.0],
              [100.922772325959144, 13.77472194423602, 0.0],
              [100.92693777866657, 13.774722499555674, 0.0],
              [100.931110834666825, 13.774721944888769, 0.0],
              [100.935272224443736, 13.774722499555851, 0.0],
              [100.942887176691329, 13.774140249409651, 0.0],
              [100.944484012160586, 13.773894402847063, 0.0],
              [100.946340358895398, 13.773761787706698, 0.0],
              [100.951720197990625, 13.773082670535034, 0.0],
              [100.954416394145383, 13.772592542166597, 0.0],
              [100.957388060403233, 13.772097140606565, 0.0],
              [100.969841922980137, 13.768302614993916, 0.0],
              [100.971863650499074, 13.76738441604169, 0.0],
              [100.973584222072546, 13.766695567758674, 0.0],
              [100.98272568799355, 13.761886412847693, 0.0],
              [100.982740724147874, 13.761876393755193, 0.0],
              [100.988009309371549, 13.759104925943332, 0.0],
              [100.990509309371561, 13.757438537054442, 0.0],
              [100.990737196910658, 13.757286536492924, 0.0],
              [100.993468768518213, 13.756112037221707, 0.0],
              [100.996246546295993, 13.754723426110596, 0.0],
              [100.998171591003384, 13.75370814158385, 0.0],
              [100.998877758395963, 13.753315826365748, 0.0],
              [100.99938140707448, 13.75316458066759, 0.0],
              [101.003568766456098, 13.751701697012445, 0.0],
              [101.00634682201165, 13.750590585901335, 0.0],
              [101.008469971824169, 13.749684009645259, 0.0],
              [101.01047224598841, 13.748773835359415, 0.0],
              [101.012177721570623, 13.748091781537292, 0.0],
              [101.015084097482813, 13.746786817007729, 0.0],
              [101.016247303142919, 13.750986469308453, 0.0],
              [101.016408394541799, 13.751437435032177, 0.0],
              [101.016525767661875, 13.752024535457062, 0.0],
              [101.017481432146866, 13.755965813228121, 0.0],
              [101.018128419111818, 13.758228974278191, 0.0],
              [101.018562255132693, 13.760255913064247, 0.0],
              [101.019305154409508, 13.763970914306753, 0.0],
              [101.02124194914353, 13.770968081849233, 0.0],
              [101.021522745113131, 13.771755108663164, 0.0],
              [101.021665741542407, 13.772422330002149, 0.0],
              [101.0231261357291, 13.777770060859815, 0.0],
              [101.023177273623261, 13.777923321281897, 0.0],
              [101.024190007393557, 13.782890750683123, 0.0],
              [101.025301674060231, 13.787056861794234, 0.0],
              [101.025537611058667, 13.787910633115567, 0.0],
              [101.02618566377113, 13.790177306493613, 0.0],
              [101.026669811355063, 13.792433814590337, 0.0],
              [101.028121476259926, 13.797751366553038, 0.0],
              [101.02863395049296, 13.799289301931466, 0.0],
              [101.028886629005939, 13.800469339243048, 0.0],
              [101.029720019401438, 13.804360255384118, 0.0],
              [101.030298348644905, 13.806767657185336, 0.0],
              [101.031091148943716, 13.809741599991618, 0.0],
              [101.031665997026636, 13.812423522020628, 0.0],
              [101.033123604313644, 13.817762472178197, 0.0],
              [101.033634932788416, 13.819295742171933, 0.0],
              [101.033886351228162, 13.820469894798604, 0.0],
              [101.034719741623661, 13.824360810939675, 0.0],
              [101.036178882091477, 13.829706916622793, 0.0],
              [101.036326456424305, 13.830149433141099, 0.0],
              [101.03812684648841, 13.837774133281442, 0.0],
              [101.038634960107544, 13.83929654562133, 0.0],
              [101.038883804559291, 13.840459758417467, 0.0],
              [101.039722699529491, 13.84437202070727, 0.0],
              [101.041174694467927, 13.849692686610123, 0.0],
              [101.041689457269612, 13.851237799130127, 0.0],
              [101.041944183600506, 13.852425984610321, 0.0],
              [101.042523030240631, 13.854833545887422, 0.0],
              [101.043312443039753, 13.857792512082996, 0.0],
              [101.04388335205843, 13.860461073463986, 0.0],
              [101.043894192649944, 13.860511617176533, 0.0],
              [101.044330532935774, 13.862540915296309, 0.0],
              [101.044718284665834, 13.864352708563979, 0.0],
              [101.046040366172704, 13.869284480011213, 0.0],
              [101.046723110625052, 13.871394088011519, 0.0],
              [101.046943325534826, 13.872421703536705, 0.0],
              [101.047758950498292, 13.875687127944325, 0.0],
              [101.048748019365178, 13.879147138972838, 0.0],
              [101.049424599886564, 13.88168444281861, 0.0],
              [101.049998052823341, 13.884361448858966, 0.0],
              [101.050575485526906, 13.886765252824539, 0.0],
              [101.051369734363362, 13.889745225203157, 0.0],
              [101.051946069128519, 13.892431908645532, 0.0],
              [101.053747554395827, 13.898763672962627, 0.0],
              [101.053907824656065, 13.899212365583184, 0.0],
              [101.054024888423001, 13.899798192032605, 0.0],
              [101.054166764309741, 13.900483212209428, 0.0],
              [101.055000375420846, 13.904370989987205, 0.0],
              [101.055574846341528, 13.906761811943241, 0.0],
              [101.056370461155922, 13.90974776392739, 0.0],
              [101.056942752828817, 13.912419030692611, 0.0],
              [101.058750196188655, 13.918772621574682, 0.0],
              [101.058910231163225, 13.919220386830347, 0.0],
              [101.059027103721732, 13.919804827537899, 0.0],
              [101.059164275764772, 13.920467429933877, 0.0],
              [101.059996775764773, 13.924356041044987, 0.0],
              [101.060577141908837, 13.926772021416946, 0.0],
              [101.061688253019952, 13.930938688083613, 0.0],
              [101.061924838675878, 13.931795237635573, 0.0],
              [101.062480949786988, 13.933741070968907, 0.0],
              [101.062575807374685, 13.934072813130685, 0.0],
              [101.063057654536578, 13.936319401462711, 0.0],
              [101.068026015449334, 13.949730532942738, 0.0],
              [101.076587773900144, 13.961186507365023, 0.0],
              [101.080197496122366, 13.9647967851428, 0.0],
              [101.082804905260687, 13.96722504682136, 0.0],
              [101.086279988170332, 13.970237449514299, 0.0],
              [101.089778290221076, 13.973501629764016, 0.0],
              [101.091136022854556, 13.97472288515239, 0.0],
              [101.095301856187902, 13.978334551819058, 0.0],
              [101.098128563155782, 13.980784628788987, 0.0],
              [101.101035907244992, 13.983691585206483, 0.0],
              [101.105159850426915, 13.987381899808026, 0.0],
              [101.106487075193471, 13.988443361129793, 0.0],
              [101.107894505822244, 13.989951121456238, 0.0],
              [101.11168127639047, 13.993602321265058, 0.0],
              [101.112261831946014, 13.99410593237617, 0.0],
              [101.115864472748584, 13.997228246445337, 0.0],
              [101.117370011445075, 13.998482250684136, 0.0],
              [101.119377063513781, 14.000088427552983, 0.0],
              [101.121587371220002, 14.00229888263271, 0.0],
              [101.124202540434936, 14.004733663745071, 0.0],
              [101.128366012468518, 14.008341007140682, 0.0],
              [101.131832931900462, 14.011346132904295, 0.0],
              [101.135325440770941, 14.014606211536529, 0.0],
              [101.136704755628173, 14.015846656911133, 0.0],
              [101.140170254544657, 14.018848857538618, 0.0],
              [101.143656638481431, 14.02210369927354, 0.0],
              [101.145027041201942, 14.023336601709895, 0.0],
              [101.149193152313046, 14.026947990598783, 0.0],
              [101.152673005384983, 14.02996279889776, 0.0],
              [101.156164851780204, 14.033221421050337, 0.0],
              [101.15751975727791, 14.034440397079994, 0.0],
              [101.16106139777159, 14.037511797363647, 0.0],
              [101.164267795825921, 14.040489166985532, 0.0],
              [101.168393793527287, 14.044338283460373, 0.0],
              [101.169747102952172, 14.0455554691027, 0.0],
              [101.173219208486813, 14.048565831377633, 0.0],
              [101.176715754025423, 14.051829522506994, 0.0],
              [101.178094200072621, 14.053069156911134, 0.0],
              [101.182258515481664, 14.056676750113539, 0.0],
              [101.185071443295612, 14.059114595880166, 0.0],
              [101.187974736576791, 14.062018469897433, 0.0],
              [101.192100445942515, 14.065711376853212, 0.0],
              [101.195499506775576, 14.068430398915607, 0.0],
              [101.198923294797297, 14.071397225362688, 0.0],
              [101.203903152826442, 14.07519359023593, 0.0],
              [101.204736486159774, 14.07574997912482, 0.0],
              [101.213940349122979, 14.080594342123542, 0.0],
              [101.216718404678531, 14.081704897679096, 0.0],
              [101.218180889828361, 14.082263150175114, 0.0],
              [101.220166095259458, 14.08298553534835, 0.0],
              [101.222449015619659, 14.083936023020399, 0.0],
              [101.232711140352095, 14.086968291219415, 0.0],
              [101.234172510959056, 14.087234357421231, 0.0],
              [101.235922393380889, 14.087671572899282, 0.0],
              [101.236737959139688, 14.087875821178736, 0.0],
              [101.237366962283915, 14.088104398828294, 0.0],
              [101.24121900272938, 14.08928189700079, 0.0],
              [101.243028016242775, 14.090135303602231, 0.0],
              [101.243668079037732, 14.090419744351019, 0.0],
              [101.244936220880007, 14.091111814485343, 0.0],
              [101.250023372549904, 14.093506641564503, 0.0],
              [101.252384107680939, 14.094818190233097, 0.0],
              [101.255390362682775, 14.096333786484708, 0.0],
              [101.256952231285879, 14.097504797665017, 0.0],
              [101.261168725401888, 14.100239046323164, 0.0],
              [101.261252219271839, 14.100303971571954, 0.0],
              [101.264202522751688, 14.102430591012926, 0.0],
              [101.265550690433003, 14.103329719069777, 0.0],
              [101.266666144562464, 14.104166344520461, 0.0],
              [101.268933001154565, 14.105770170155846, 0.0],
              [101.271433556710107, 14.107437114600291, 0.0],
              [101.274884528410709, 14.109541294334587, 0.0],
              [101.277383417299603, 14.11092962766792, 0.0],
              [101.283109659923738, 14.113651176659234, 0.0],
              [101.285888271034864, 14.11476173221479, 0.0],
              [101.298482883040677, 14.117976036749798, 0.0],
              [101.306399691004714, 14.117890332603595, 0.0],
              [101.306399724222416, 14.118056387888487, 0.0],
              [101.310558889997012, 14.118055555888933, 0.0],
              [101.314719166888864, 14.118055833222236, 0.0],
              [101.31889944377761, 14.118054999000133, 0.0],
              [101.325493951409442, 14.11761688543376, 0.0],
              [101.326371269760585, 14.117499975935464, 0.0],
              [101.32668395310094, 14.117499999853719, 0.0],
              [101.32723548700973, 14.117499722222222, 0.0],
              [101.335277222222203, 14.117499722222222, 0.0],
              [101.341868967581476, 14.117063306567166, 0.0],
              [101.342758090564502, 14.116945057001994, 0.0],
              [101.3436144457783, 14.116944999888801, 0.0],
              [101.347776389000316, 14.116944722444414, 0.0],
              [101.351938333777795, 14.116945277333393, 0.0],
              [101.355274703730203, 14.116834285315202, 0.0],
              [101.357776148072944, 14.116667333335796, 0.0],
              [101.360274444444428, 14.116667499888889, 0.0],
              [101.363896671161172, 14.116536364140659, 0.0],
              [101.364946620023133, 14.116460171248463, 0.0],
              [101.365947491191278, 14.116388729925339, 0.0],
              [101.368330277777787, 14.116388888777777, 0.0],
              [101.371666626444878, 14.116277675292094, 0.0],
              [101.374168085335697, 14.116110555555556, 0.0],
              [101.376664999665991, 14.116110555555556, 0.0],
              [101.380829165999856, 14.116110833222178, 0.0],
              [101.38414432596187, 14.116001030855474, 0.0],
              [101.388312103739651, 14.115724364188805, 0.0],
              [101.388573262842499, 14.115706341050055, 0.0],
              [101.390677945716874, 14.115555555555556, 0.0],
              [101.397218611338403, 14.115555555555556, 0.0],
              [101.401382222666697, 14.115556110666725, 0.0],
              [101.408006380211646, 14.115116264547044, 0.0],
              [101.408880856658058, 14.114999500576497, 0.0],
              [101.409719168892366, 14.114999444666651, 0.0],
              [101.413882541285687, 14.114999999524038, 0.0],
              [101.417771190476245, 14.11500055504535, 0.0],
              [101.424387818142662, 14.114561777398393, 0.0],
              [101.425266791871522, 14.114444557457222, 0.0],
              [101.426112777999634, 14.114444444666592, 0.0],
              [101.430275556444201, 14.11444472211117, 0.0],
              [101.434445555555541, 14.114444722222222, 0.0],
              [101.437779456096422, 14.114333449477821, 0.0],
              [101.441944456096437, 14.114055116144486, 0.0],
              [101.442179996485905, 14.114038817057613, 0.0],
              [101.444279788210892, 14.113888531964154, 0.0],
              [101.446653892443976, 14.113889164889835, 0.0],
              [101.453920589826353, 14.113889166436918, 0.0],
              [101.455609897277995, 14.114019113163968, 0.0],
              [101.459434720222021, 14.114166387888487, 0.0],
              [101.460055706935734, 14.114166512110673, 0.0],
              [101.460435306486829, 14.114220686389466, 0.0],
              [101.467503015872992, 14.11472222209467, 0.0],
              [101.471391785341567, 14.114721944325423, 0.0],
              [101.475559443555781, 14.114721666555614, 0.0],
              [101.479107830559371, 14.114595360022591, 0.0],
              [101.482885839116548, 14.11432631184177, 0.0],
              [101.485279566494853, 14.114166538480051, 0.0],
              [101.487226623044236, 14.114166388741026, 0.0],
              [101.494485348342366, 14.113611094295681, 0.0],
              [101.494718927805962, 14.113611110983504, 0.0],
              [101.505963559076292, 14.112331113069681, 0.0],
              [101.509574114631846, 14.111498057514126, 0.0],
              [101.510473148899109, 14.111281850598928, 0.0],
              [101.512128679642643, 14.110867485130376, 0.0],
              [101.513783097926307, 14.110454225402357, 0.0],
              [101.516045523627412, 14.109832345957862, 0.0],
              [101.518824412516295, 14.108997901513419, 0.0],
              [101.521414408926006, 14.108093295168164, 0.0],
              [101.521592058069615, 14.108055209364478, 0.0],
              [101.523217646301546, 14.107678223822806, 0.0],
              [101.526552368523781, 14.106846001600584, 0.0],
              [101.528827013436143, 14.106220981818286, 0.0],
              [101.531603680102805, 14.105387092929396, 0.0],
              [101.536453810947805, 14.103653504689131, 0.0],
              [101.536562152555661, 14.103608360094844, 0.0],
              [101.542450695546947, 14.101705091274258, 0.0],
              [101.542581653272237, 14.101652734375687, 0.0],
              [101.542888106034709, 14.101569095582112, 0.0],
              [101.547286560231427, 14.100147146048442, 0.0],
              [101.54950850467587, 14.099313534937332, 0.0],
              [101.552905485690559, 14.097759062262783, 0.0],
              [101.555426531534494, 14.096987674632709, 0.0],
              [101.557843378124716, 14.096108501627898, 0.0],
              [101.558669130674247, 14.095833250778055, 0.0],
              [101.561511770350762, 14.095021271059021, 0.0],
              [101.569873682212886, 14.091767593278361, 0.0],
              [101.570757879170088, 14.091502307662637, 0.0],
              [101.576079694083475, 14.089390973331879, 0.0],
              [101.576782437685651, 14.089190325701487, 0.0],
              [101.581621332681777, 14.087536781537281, 0.0],
              [101.584399666015102, 14.08642567042617, 0.0],
              [101.586749302150409, 14.08537045653679, 0.0],
              [101.589572714555501, 14.084424274299748, 0.0],
              [101.589898180288259, 14.08434295531845, 0.0],
              [101.590156502561001, 14.084228635207136, 0.0],
              [101.590245041102364, 14.084198964162631, 0.0],
              [101.593021429991239, 14.08308785305152, 0.0],
              [101.592978222227757, 14.082979887652508, 0.0],
              [101.598783897177228, 14.080410595429203, 0.0],
              [101.598854516063895, 14.08058706321949, 0.0],
              [101.60163173828613, 14.079475674330601, 0.0],
              [101.60539421438385, 14.07778680802998, 0.0],
              [101.605619245738325, 14.077674427317572, 0.0],
              [101.605990714203443, 14.077539206579221, 0.0],
              [101.607024221101184, 14.077144611834875, 0.0],
              [101.60711429975278, 14.077122118440537, 0.0],
              [101.615501604378437, 14.074018472313115, 0.0],
              [101.61691775615364, 14.073546579058467, 0.0],
              [101.621011139498322, 14.071851667586833, 0.0],
              [101.622754091419594, 14.071324004587213, 0.0],
              [101.625373454339226, 14.070450956368022, 0.0],
              [101.626308887184067, 14.070170167506886, 0.0],
              [101.628506715381235, 14.069621168262167, 0.0],
              [101.631866124222171, 14.068780063831916, 0.0],
              [101.638266942791105, 14.066710974375383, 0.0],
              [101.641045553902231, 14.065601252153161, 0.0],
              [101.643207506241382, 14.064678308574216, 0.0],
              [101.646261950685826, 14.063288586351993, 0.0],
              [101.649135403222402, 14.061779239544393, 0.0],
              [101.650078852993531, 14.061425868774457, 0.0],
              [101.653411908549089, 14.060035868774456, 0.0],
              [101.658478110029549, 14.057217654518753, 0.0],
              [101.65994646579999, 14.056484333031664, 0.0],
              [101.660065709236449, 14.056436559333653, 0.0],
              [101.662361371529656, 14.055602000652129, 0.0],
              [101.664867709417976, 14.05452407500573, 0.0],
              [101.66573305293592, 14.054286360956159, 0.0],
              [101.667412084391572, 14.053783507226512, 0.0],
              [101.66962991304041, 14.053228911415349, 0.0],
              [101.672968000876068, 14.052393833356058, 0.0],
              [101.675205398906542, 14.051778607097356, 0.0],
              [101.676866450653449, 14.051280125468111, 0.0],
              [101.679069484097354, 14.050729504762309, 0.0],
              [101.682743896580263, 14.049660178667642, 0.0],
              [101.686076952135821, 14.048550178667643, 0.0],
              [101.688847220442227, 14.047535870994883, 0.0],
              [101.691252220442223, 14.046573926550439, 0.0],
              [101.691324544152195, 14.04654493334748, 0.0],
              [101.691697877485538, 14.046394933347479, 0.0],
              [101.693749587082152, 14.04551691172979, 0.0],
              [101.693774696754318, 14.04550549658139, 0.0],
              [101.694708020503626, 14.045210008917143, 0.0],
              [101.698041909392515, 14.044098064472697, 0.0],
              [101.700809362832871, 14.043083454620161, 0.0],
              [101.70091649861277, 14.043040553163744, 0.0],
              [101.701197233021333, 14.042964079702331, 0.0],
              [101.704338439655544, 14.041830967695406, 0.0],
              [101.706578827107691, 14.041391961202603, 0.0],
              [101.710519672065615, 14.040751127837202, 0.0],
              [101.71229686093146, 14.040615184327446, 0.0],
              [101.713107198306403, 14.04070639493805, 0.0],
              [101.716701425452655, 14.040962997019026, 0.0],
              [101.718007125928693, 14.041071633212544, 0.0],
              [101.719894005382983, 14.041362034051987, 0.0],
              [101.723661378561474, 14.041796342368551, 0.0],
              [101.723874503199511, 14.041812751703423, 0.0],
              [101.726209842921577, 14.042396489344332, 0.0],
              [101.734498136964788, 14.043741477723998, 0.0],
              [101.734684693754957, 14.043755834872695, 0.0],
              [101.741457924661859, 14.044855006086692, 0.0],
              [101.745069035772957, 14.045131672753358, 0.0],
              [101.745334610128296, 14.045151308603398, 0.0],
              [101.747182175964326, 14.045282966632984, 0.0],
              [101.747299876710841, 14.045301117889483, 0.0],
              [101.748813861810405, 14.045533179079012, 0.0],
              [101.751906457120683, 14.045899063939446, 0.0],
              [101.752094176411234, 14.045942363771186, 0.0],
              [101.759767338838643, 14.047094420816217, 0.0],
              [101.763657338838641, 14.047372476371772, 0.0],
              [101.767222222222216, 14.047499722222222, 0.0],
              [101.768162567280925, 14.047499722222222, 0.0],
              [101.770822912324803, 14.047500276691801, 0.0],
              [101.775003333333302, 14.04749999988889, 0.0],
              [101.778616622157301, 14.047499722074429, 0.0],
              [101.789085415213691, 14.046390660698954, 0.0],
              [101.792973192991468, 14.045557882921177, 0.0],
              [101.794636848894072, 14.04517169043905, 0.0],
              [101.797969626671858, 14.04433780155016, 0.0],
              [101.798988090524574, 14.044071550175923, 0.0],
              [101.801535620043012, 14.043376832554314, 0.0],
              [101.804343297164877, 14.042674386790511, 0.0],
              [101.807662639645017, 14.041846003261806, 0.0],
              [101.811018405015773, 14.041006649740719, 0.0],
              [101.814345952288818, 14.040174901593369, 0.0],
              [101.817240929249365, 14.039451458888205, 0.0],
              [101.820413212125104, 14.038719205914582, 0.0],
              [101.821293330203957, 14.0385076405371, 0.0],
              [101.824626465544782, 14.037674426136427, 0.0],
              [101.825233685088122, 14.037522646555622, 0.0],
              [101.832305738707888, 14.036575344913034, 0.0],
              [101.835360460930104, 14.035743400468588, 0.0],
              [101.84048073319552, 14.033987371246662, 0.0],
              [101.848027584215444, 14.032252278738724, 0.0],
              [101.848290256580185, 14.032147120475292, 0.0],
              [101.848507662908176, 14.032120376012417, 0.0],
              [101.850263526669309, 14.031681739378913, 0.0],
              [101.851720753546132, 14.031416837201705, 0.0],
              [101.854922910081243, 14.03072565866662, 0.0],
              [101.858246373864759, 14.029893476854031, 0.0],
              [101.861567976640018, 14.029063076160218, 0.0],
              [101.86489750517687, 14.028231248947426, 0.0],
              [101.867177863594577, 14.027567370115287, 0.0],
              [101.871582800897897, 14.026837841118688, 0.0],
              [101.874915300897882, 14.0260039522298, 0.0],
              [101.875935039124798, 14.025737331870802, 0.0],
              [101.87898753463962, 14.024904757405448, 0.0],
              [101.882041418984102, 14.024072182611423, 0.0],
              [101.88470138830084, 14.023266942680303, 0.0],
              [101.886208095464994, 14.022764706958917, 0.0],
              [101.88767595806604, 14.02239795531845, 0.0],
              [101.896237875771945, 14.019411173658527, 0.0],
              [101.89685648147298, 14.019130122136264, 0.0],
              [101.897139423438929, 14.019059310008275, 0.0],
              [101.907366324169601, 14.015273953616836, 0.0],
              [101.908276447770305, 14.014818755284288, 0.0],
              [101.909115761988048, 14.014483231012465, 0.0],
              [101.911905856188696, 14.013367083341652, 0.0],
              [101.914018942599967, 14.012464906313422, 0.0],
              [101.915364574519216, 14.011853466834697, 0.0],
              [101.915367425943529, 14.011852689833235, 0.0],
              [101.924586200998306, 14.008331237648433, 0.0],
              [101.925075513968437, 14.008086532241849, 0.0],
              [101.929866919804425, 14.006385600149553, 0.0],
              [101.933199060485322, 14.004718974452325, 0.0],
              [101.934956044050708, 14.00384030700641, 0.0],
              [101.936412572534465, 14.003193158901739, 0.0],
              [101.941843817137425, 14.000370005378235, 0.0],
              [101.944621317137432, 13.998702783156013, 0.0],
              [101.944613236397331, 13.998689321089987, 0.0],
              [101.951950322040048, 13.994718299524092, 0.0],
              [101.954172266484505, 13.993051355079645, 0.0],
              [101.954326096297805, 13.99293594906519, 0.0],
              [101.954886484465604, 13.992599794626702, 0.0],
              [101.959739082462008, 13.989103572896141, 0.0],
              [101.961011930582089, 13.988293515498516, 0.0],
              [101.965698122340925, 13.984534799748813, 0.0],
              [101.966355206681499, 13.984096548873362, 0.0],
              [101.971145428947395, 13.980467528477787, 0.0],
              [101.973090151169615, 13.978801139588898, 0.0],
              [101.973484283023012, 13.97845983712908, 0.0],
              [101.975514313371306, 13.976683306820531, 0.0],
              [101.977264302249694, 13.975183137732017, 0.0],
              [101.981854126456682, 13.970368672804657, 0.0],
              [101.984236373755962, 13.968140136072792, 0.0],
              [101.986181373755969, 13.966195969406126, 0.0],
              [101.990824006565944, 13.960845857346893, 0.0],
              [101.991369864417479, 13.960118532004309, 0.0],
              [101.991979416092263, 13.959421428602608, 0.0],
              [101.993261743680833, 13.958567825871153, 0.0],
              [101.993316151163313, 13.958531557261201, 0.0],
              [101.995816151163311, 13.956862668372313, 0.0],
              [101.997162704812681, 13.955842286468728, 0.0],
              [102.0007742804667, 13.953835126129229, 0.0],
              [102.0020432684707, 13.952989839119894, 0.0],
              [102.004024051151205, 13.952269914651112, 0.0],
              [102.009301545580257, 13.950000648690612, 0.0],
              [102.009674555782269, 13.949814180898089, 0.0],
              [102.017931384651831, 13.946658643135773, 0.0],
              [102.01812530234433, 13.94656160667588, 0.0],
              [102.018467191150705, 13.946437333276554, 0.0],
              [102.021520770863873, 13.945327798450304, 0.0],
              [102.025143532222287, 13.943848526786496, 0.0],
              [102.027142064926821, 13.942939673275959, 0.0],
              [102.028843343605587, 13.942259365896666, 0.0],
              [102.030769153247078, 13.941394530979801, 0.0],
              [102.031911275303585, 13.941048830864951, 0.0],
              [102.034536942506918, 13.940174264552597, 0.0],
              [102.036596973761988, 13.939555884147833, 0.0],
              [102.039382327769673, 13.938719331675586, 0.0],
              [102.044225579539798, 13.936988508182672, 0.0],
              [102.046495789595369, 13.936042886892746, 0.0],
              [102.048469803697202, 13.935325373495798, 0.0],
              [102.049530518058006, 13.934920710749674, 0.0],
              [102.04962880192933, 13.934896133637565, 0.0],
              [102.059865210912605, 13.931108399134542, 0.0],
              [102.060781466785997, 13.930650133800688, 0.0],
              [102.06162644517147, 13.930312125550307, 0.0],
              [102.063749065152834, 13.929405659049511, 0.0],
              [102.064494743642882, 13.929066658797444, 0.0],
              [102.070315855218851, 13.926757975875319, 0.0],
              [102.070824152037844, 13.926597037960951, 0.0],
              [102.07415776314896, 13.925484815738729, 0.0],
              [102.076898063426441, 13.924480755745812, 0.0],
              [102.078311082018317, 13.923915717905215, 0.0],
              [102.079417200202755, 13.923547134745755, 0.0],
              [102.087548130467567, 13.920008911681547, 0.0],
              [102.089823401513527, 13.918768193125173, 0.0],
              [102.091805957552751, 13.917776915105561, 0.0],
              [102.093736907457171, 13.916758149614935, 0.0],
              [102.095280528967066, 13.915900143748454, 0.0],
              [102.097079323358017, 13.915000926468398, 0.0],
              [102.100457730530906, 13.913145989917938, 0.0],
              [102.103234397197568, 13.911479045473493, 0.0],
              [102.105221098255356, 13.910221878836193, 0.0],
              [102.106042796624408, 13.909674445001073, 0.0],
              [102.106780372745661, 13.909264744195021, 0.0],
              [102.110253191099261, 13.907146407316787, 0.0],
              [102.112751802210369, 13.905479185094565, 0.0],
              [102.115970838807115, 13.903040196332286, 0.0],
              [102.116455473180821, 13.902775661961117, 0.0],
              [102.122175887808226, 13.898497600360747, 0.0],
              [102.122200550109085, 13.89853455479591, 0.0],
              [102.124699994553538, 13.896866499240357, 0.0],
              [102.126948935779211, 13.8951618307551, 0.0],
              [102.13188725649951, 13.89244508766255, 0.0],
              [102.134388645388384, 13.89077869877366, 0.0],
              [102.13463179086402, 13.890616566311508, 0.0],
              [102.139408585870896, 13.887986703783694, 0.0],
              [102.14190886364868, 13.886319203783694, 0.0],
              [102.143323359600217, 13.885318745433036, 0.0],
              [102.143392634663329, 13.885280949875469, 0.0],
              [102.147186966902595, 13.882986857425998, 0.0],
              [102.14861397752999, 13.882035199788524, 0.0],
              [102.151196751374997, 13.880518823423175, 0.0],
              [102.152883656677929, 13.879598888330662, 0.0],
              [102.153478287421947, 13.879301461367751, 0.0],
              [102.155686752165067, 13.87829779624181, 0.0],
              [102.157365768614042, 13.877496731394615, 0.0],
              [102.160143268614036, 13.876107564727947, 0.0],
              [102.162035870635449, 13.875109798956757, 0.0],
              [102.162647854144268, 13.874770238486677, 0.0],
              [102.164953896759769, 13.873925477968033, 0.0],
              [102.167731118982005, 13.872814922412477, 0.0],
              [102.173108715887736, 13.870284097784966, 0.0],
              [102.173549091984967, 13.870043896279832, 0.0],
              [102.173560484210341, 13.870039342123542, 0.0],
              [102.175707537129284, 13.869122334801784, 0.0],
              [102.178762537129288, 13.867732334801783, 0.0],
              [102.180407291953202, 13.866947496787633, 0.0],
              [102.18181055544234, 13.866246215771252, 0.0],
              [102.182963738574571, 13.865721793761226, 0.0],
              [102.18465374552602, 13.865046973394303, 0.0],
              [102.185368941938776, 13.864754969331829, 0.0],
              [102.1883506216451, 13.863510634559038, 0.0],
              [102.190043466834723, 13.862834105663783, 0.0],
              [102.191016583652981, 13.862480462065436, 0.0],
              [102.192427460757813, 13.86205707191694, 0.0],
              [102.20018172124287, 13.858980281843627, 0.0],
              [102.201020156870484, 13.858729011148382, 0.0],
              [102.205247927007534, 13.857252642134442, 0.0],
              [102.208025704785314, 13.856140697689996, 0.0],
              [102.208663469663279, 13.855880288746665, 0.0],
              [102.211998469663286, 13.854491677635554, 0.0],
              [102.214999323650147, 13.853118417496432, 0.0],
              [102.215752607655375, 13.852892500070091, 0.0],
              [102.217206486338711, 13.852432187366722, 0.0],
              [102.220538430783165, 13.85132107625561, 0.0],
              [102.227080003229517, 13.84861114222252, 0.0],
              [102.227282471544598, 13.84850991818131, 0.0],
              [102.227629541220992, 13.848383825770469, 0.0],
              [102.231252495398422, 13.846904654991317, 0.0],
              [102.232531582040863, 13.84632304047584, 0.0],
              [102.233754848592525, 13.845878185951825, 0.0],
              [102.239025110569429, 13.843611366305138, 0.0],
              [102.240421584813532, 13.842913216451818, 0.0],
              [102.240573639373267, 13.842844094459029, 0.0],
              [102.242429980693174, 13.842333926662917, 0.0],
              [102.24520720291541, 13.841500315551805, 0.0],
              [102.25006409311284, 13.839764729717707, 0.0],
              [102.250174258773129, 13.839718825829431, 0.0],
              [102.255184485595265, 13.838099850270035, 0.0],
              [102.257973553053802, 13.837502349497969, 0.0],
              [102.260662641646576, 13.83684793468387, 0.0],
              [102.261272476969282, 13.836681520208934, 0.0],
              [102.262104839278805, 13.836542862520874, 0.0],
              [102.264360574089324, 13.836113642439738, 0.0],
              [102.268250018533777, 13.835280586884181, 0.0],
              [102.270940886023482, 13.834625812536155, 0.0],
              [102.273994774912367, 13.83379247920282, 0.0],
              [102.277925548198425, 13.83254353716395, 0.0],
              [102.278247218788337, 13.832426518192872, 0.0],
              [102.279223856033255, 13.832248899343201, 0.0],
              [102.286088610523024, 13.830489998235869, 0.0],
              [102.287525480114169, 13.83001104170549, 0.0],
              [102.287602061596587, 13.829985525775284, 0.0],
              [102.289080894182462, 13.829615540417009, 0.0],
              [102.290669811692425, 13.829190122873587, 0.0],
              [102.292329420133555, 13.828716389589294, 0.0],
              [102.295100314734057, 13.827960691061882, 0.0],
              [102.297766504231561, 13.827153106406545, 0.0],
              [102.301099837564891, 13.826041161962101, 0.0],
              [102.306297418806892, 13.823887933659321, 0.0],
              [102.309324237620942, 13.82292499880181, 0.0],
              [102.313513685607688, 13.821223884866335, 0.0],
              [102.31737035372484, 13.820043633274299, 0.0],
              [102.320265710879369, 13.818990417165992, 0.0],
              [102.325255479715338, 13.817711782562686, 0.0],
              [102.328587424159778, 13.816601227007132, 0.0],
              [102.335137901997115, 13.813888026216709, 0.0],
              [102.336048564006489, 13.813432695212025, 0.0],
              [102.336889018389996, 13.813096815901222, 0.0],
              [102.338826358715593, 13.812227043610903, 0.0],
              [102.339981964023139, 13.811877028287229, 0.0],
              [102.343315852912028, 13.810765361620561, 0.0],
              [102.349849666939036, 13.808059503246508, 0.0],
              [102.350774749387895, 13.80759723954681, 0.0],
              [102.351630168358284, 13.807254969328907, 0.0],
              [102.353750968938684, 13.806349111648718, 0.0],
              [102.355512849663796, 13.805548023776517, 0.0],
              [102.356026270322573, 13.805394095099553, 0.0],
              [102.358751974159276, 13.804490822052655, 0.0],
              [102.360388925310119, 13.80389566179697, 0.0],
              [102.362343411126389, 13.803445077643788, 0.0],
              [102.3642803393695, 13.802957601547799, 0.0],
              [102.36733561714729, 13.802123434881132, 0.0],
              [102.373014972062478, 13.800070963041341, 0.0],
              [102.377641614629297, 13.798657114453778, 0.0],
              [102.380697447962632, 13.797546003342669, 0.0],
              [102.382982749361844, 13.796563918342761, 0.0],
              [102.385820802431738, 13.795765007532886, 0.0],
              [102.389153024653979, 13.794653618643997, 0.0],
              [102.39568685826336, 13.791947158479331, 0.0],
              [102.395898993401048, 13.791841133329033, 0.0],
              [102.396257658852889, 13.791710673948531, 0.0],
              [102.397897647954707, 13.791005527137559, 0.0],
              [102.401086282175925, 13.790212996456717, 0.0],
              [102.40303576695797, 13.789563312570232, 0.0],
              [102.406091411787386, 13.788623276900349, 0.0],
              [102.409962180413913, 13.787256164666555, 0.0],
              [102.411901212327024, 13.786480396747722, 0.0],
              [102.41267853221504, 13.786286131552378, 0.0],
              [102.418105957506526, 13.784596677826608, 0.0],
              [102.419967826342059, 13.783898738740438, 0.0],
              [102.423492649267359, 13.782639099941239, 0.0],
              [102.424795043965375, 13.782146154958271, 0.0],
              [102.424897902510452, 13.782120455318459, 0.0],
              [102.431273117584865, 13.779761447593419, 0.0],
              [102.431762899566309, 13.779627915215023, 0.0],
              [102.435701693096789, 13.778377035296124, 0.0],
              [102.436816183812851, 13.777971673863268, 0.0],
              [102.437877350178695, 13.777682282399129, 0.0],
              [102.443308312835313, 13.775364394852339, 0.0],
              [102.446291545967298, 13.774618711566555, 0.0],
              [102.449631259295998, 13.773783435804059, 0.0],
              [102.450644836570163, 13.773518623212247, 0.0],
              [102.453199971658194, 13.772822380242138, 0.0],
              [102.45602007166849, 13.77211664974423, 0.0],
              [102.459343851759925, 13.771285773937951, 0.0],
              [102.462672150545941, 13.770454462040153, 0.0],
              [102.466021099782907, 13.769616808906616, 0.0],
              [102.469354986769744, 13.768782920493475, 0.0],
              [102.473793822102394, 13.767141297862997, 0.0],
              [102.477524947508542, 13.766535432818527, 0.0],
              [102.4777078943726, 13.766521417352285, 0.0],
              [102.482123491039587, 13.765984705441543, 0.0],
              [102.4844965814939, 13.765588451947945, 0.0],
              [102.485133928229516, 13.76548222749201, 0.0],
              [102.48793843961505, 13.765050797388858, 0.0],
              [102.491605650033804, 13.764562047897087, 0.0],
              [102.496060763881616, 13.763710759106862, 0.0],
              [102.499022441694805, 13.763385650934984, 0.0],
              [102.501291624462681, 13.763061157799177, 0.0],
              [102.503271629844875, 13.762909166000744, 0.0],
              [102.511428463775019, 13.76159849434811, 0.0],
              [102.511983185997224, 13.761461549903666, 0.0],
              [102.51214396474343, 13.761391029731623, 0.0],
              [102.512150952690789, 13.7614189231164, 0.0],
              [102.512675552372571, 13.76128749858718, 0.0],
              [102.51398404299573, 13.761086393643712, 0.0],
              [102.528138411510298, 13.756582099030268, 0.0],
              [102.527366232455705, 13.75686279569778, 0.0],
              [102.528431514607988, 13.756572308229631, 0.0],
              [102.535590546915302, 13.754021466445062, 0.0],
              [102.538090269137527, 13.752910077556173, 0.0],
              [102.545503700226263, 13.748830423547087, 0.0],
              [102.546158957096665, 13.748393779697423, 0.0],
              [102.547267545147079, 13.747789406753741, 0.0],
              [102.549846305841569, 13.746281910818313, 0.0],
              [102.550975515320744, 13.74557571352052, 0.0],
              [102.552350480068483, 13.7448113180536, 0.0],
              [102.555787363859835, 13.7427152044325, 0.0],
              [102.55729412903095, 13.741710861792601, 0.0],
              [102.559050761320847, 13.740657338869191, 0.0],
              [102.561059573681888, 13.739386692758101, 0.0],
              [102.563559573681886, 13.737720859424769, 0.0],
              [102.566074808438216, 13.736043481943522, 0.0],
              [102.568571076283504, 13.734379026016905, 0.0],
              [102.570459023491352, 13.733120464500065, 0.0],
              [102.572060267280307, 13.732119436875061, 0.0],
              [102.573293765314133, 13.73132288124091, 0.0],
              [102.575790031649049, 13.729658426321373, 0.0],
              [102.578286019752625, 13.727994804069418, 0.0],
              [102.579110503546232, 13.727444727050552, 0.0],
              [102.579829723418541, 13.72704532028146, 0.0],
              [102.584607563117558, 13.724026681392932, 0.0],
              [102.586552563117564, 13.722638070281821, 0.0],
              [102.590720511295729, 13.719313126379353, 0.0],
              [102.591563384455554, 13.718563812140266, 0.0],
              [102.596452426243815, 13.714558844913899, 0.0],
              [102.597642082235893, 13.713633527549101, 0.0],
              [102.598328915088686, 13.71302729617126, 0.0],
              [102.600978265014433, 13.710998978258388, 0.0],
              [102.605553955883522, 13.708057033037379, 0.0],
              [102.605720542463459, 13.70793210351149, 0.0],
              [102.608502565549117, 13.706486312952311, 0.0],
              [102.610573449378805, 13.705243782654497, 0.0],
              [102.611066818540166, 13.70496946325971, 0.0],
              [102.613949393611591, 13.704162734397729, 0.0],
              [102.61546316643188, 13.703784070378916, 0.0],
              [102.618794281251823, 13.702951291673932, 0.0],
              [102.621685046020957, 13.702228119321573, 0.0],
              [102.624842856230956, 13.701500141529239, 0.0],
              [102.6279843772042, 13.700667524508468, 0.0],
              [102.629204276208483, 13.700301384055475, 0.0],
              [102.631229561461197, 13.699834597793675, 0.0],
              [102.633167738794569, 13.699346897072575, 0.0],
              [102.633471074265543, 13.699264089025064, 0.0],
              [102.634260374399773, 13.699142812394452, 0.0],
              [102.637672196807074, 13.698487895331454, 0.0],
              [102.637736940930353, 13.698483261502059, 0.0],
              [102.643117676009695, 13.697803254999638, 0.0],
              [102.646172676009684, 13.697247421666304, 0.0],
              [102.649334061540486, 13.696565927398378, 0.0],
              [102.652667394873816, 13.695733705176155, 0.0],
              [102.656011990306823, 13.694896451230477, 0.0],
              [102.659328919242256, 13.694068738495965, 0.0],
              [102.662683963658949, 13.693228596465763, 0.0],
              [102.663770650142013, 13.692957287073828, 0.0],
              [102.665110302357277, 13.692750964761728, 0.0],
              [102.668261976929656, 13.692039169350842, 0.0],
              [102.675665806142064, 13.69094627313674, 0.0],
              [102.677227926517631, 13.690586523000267, 0.0],
              [102.679032347385231, 13.690328122298633, 0.0],
              [102.67954016529977, 13.690252738119163, 0.0],
              [102.681437607801826, 13.689961104445352, 0.0],
              [102.68303923185843, 13.689827680293204, 0.0],
              [102.686490050089446, 13.689419038409341, 0.0],
              [102.690101716756118, 13.688863482853785, 0.0],
              [102.69462868314713, 13.687951371716046, 0.0],
              [102.695422389734588, 13.687752912003583, 0.0],
              [102.700375600353894, 13.686751560063525, 0.0],
              [102.708237219409696, 13.685451529346782, 0.0],
              [102.711128614425547, 13.684728740805129, 0.0],
              [102.714292780188302, 13.683998942067944, 0.0],
              [102.715192797410438, 13.683782564213574, 0.0],
              [102.718519751616512, 13.682950063298577, 0.0],
              [102.719602705636248, 13.682679392483914, 0.0],
              [102.720928472256773, 13.682475648025193, 0.0],
              [102.724579323236185, 13.681774761470141, 0.0],
              [102.725891692483515, 13.681471829379438, 0.0],
              [102.734399022280314, 13.679725875150737, 0.0],
              [102.735152506458846, 13.679600472375128, 0.0],
              [102.735659155171547, 13.679467258827787, 0.0],
              [102.736085330605064, 13.679379795097322, 0.0],
              [102.736435034684078, 13.679263256212989, 0.0],
              [102.74284802890962, 13.677577082561603, 0.0],
              [102.750379852597547, 13.676293367602629, 0.0],
              [102.752094212251876, 13.675825800796213, 0.0],
              [102.753215104806657, 13.675586055667695, 0.0],
              [102.755402343016698, 13.675248573947108, 0.0],
              [102.759895999095747, 13.674342597521614, 0.0],
              [102.763229610206849, 13.673509819743835, 0.0],
              [102.766575427724007, 13.672672048416933, 0.0],
              [102.768326270149799, 13.672234666066087, 0.0],
              [102.769790313612972, 13.671968077060926, 0.0],
              [102.772948426163154, 13.67128692068686, 0.0],
              [102.776282870607616, 13.670454142909083, 0.0],
              [102.779183681713064, 13.669728700933758, 0.0],
              [102.782344787159644, 13.668999888484851, 0.0],
              [102.784282009268125, 13.668512297290656, 0.0],
              [102.786373812614258, 13.667941131128769, 0.0],
              [102.789012550898207, 13.667332691090676, 0.0],
              [102.789894654033361, 13.667120850057985, 0.0],
              [102.793228820700037, 13.666288072280206, 0.0],
              [102.799693240188901, 13.664197683759992, 0.0],
              [102.802470462411108, 13.663086017093326, 0.0],
              [102.806101309695379, 13.661454738307205, 0.0],
              [102.806869105817199, 13.661224384123944, 0.0],
              [102.813459410254353, 13.658610139532639, 0.0],
              [102.814837747193593, 13.658233762460965, 0.0],
              [102.824021979932155, 13.654723764624503, 0.0],
              [102.824942832083394, 13.654263476662896, 0.0],
              [102.825787199565539, 13.653925712777625, 0.0],
              [102.828561008714487, 13.652816799173037, 0.0],
              [102.830693854279431, 13.651906209395063, 0.0],
              [102.830720097445024, 13.651894278297689, 0.0],
              [102.831649113286076, 13.651600200870259, 0.0],
              [102.834981613286061, 13.650489089759148, 0.0],
              [102.841536288477784, 13.647772998525449, 0.0],
              [102.841736275100502, 13.647672955222436, 0.0],
              [102.84208207237134, 13.647547250777189, 0.0],
              [102.847363978061026, 13.645275404672697, 0.0],
              [102.849121787683202, 13.644396324150931, 0.0],
              [102.850577632442366, 13.643749551726524, 0.0],
              [102.854559512086738, 13.641763926164623, 0.0],
              [102.856110546553595, 13.640902259494025, 0.0],
              [102.856536926897931, 13.640689069321857, 0.0],
              [102.858753842468758, 13.639680885697409, 0.0],
              [102.85945863992076, 13.639320227028472, 0.0],
              [102.864297098072399, 13.637615692599292, 0.0],
              [102.864854941357322, 13.637358081196963, 0.0],
              [102.86525265400968, 13.637235778667607, 0.0],
              [102.866371056840919, 13.636877423389089, 0.0],
              [102.867447122710061, 13.636518645093885, 0.0],
              [102.868738586620097, 13.636220721978905, 0.0],
              [102.869618618823765, 13.636009303869461, 0.0],
              [102.872953063268199, 13.635176248313906, 0.0],
              [102.875222814391577, 13.634552071839588, 0.0],
              [102.876875518864964, 13.634055450429358, 0.0],
              [102.879069798963428, 13.633506926115105, 0.0],
              [102.882402100888797, 13.632673989502818, 0.0],
              [102.885613699515417, 13.631635667191514, 0.0],
              [102.886191626412511, 13.631529814230857, 0.0],
              [102.889577634479878, 13.630852793156334, 0.0],
              [102.890084001936174, 13.630768237981664, 0.0],
              [102.891377998087449, 13.630660306130366, 0.0],
              [102.899344922371753, 13.629341409013302, 0.0],
              [102.900722034816383, 13.628997245623275, 0.0],
              [102.905389336974977, 13.628665775074959, 0.0],
              [102.905768936194079, 13.628611666666666, 0.0],
              [102.906111388888874, 13.628611666666666, 0.0],
              [102.908358786505943, 13.628611367458095, 0.0],
              [102.90950873408211, 13.62869993385986, 0.0],
              [102.912335717063812, 13.629319251702936, 0.0],
              [102.913168914124455, 13.629458106308494, 0.0],
              [102.913778741910733, 13.62962454898641, 0.0],
              [102.917143109899939, 13.63041892795893, 0.0],
              [102.920147628136206, 13.63101951118832, 0.0],
              [102.922329476472513, 13.631564382207372, 0.0],
              [102.934437223555335, 13.633054166222399, 0.0],
              [102.938604723555315, 13.633054721777956, 0.0],
              [102.941926525367109, 13.63294469987436, 0.0],
              [102.944440226327416, 13.632777667092606, 0.0],
              [102.944868136902485, 13.63277763855001, 0.0],
              [102.946130657110388, 13.632882717087684, 0.0],
              [102.950277777777771, 13.633055, 0.0],
              [102.952217370089073, 13.633055, 0.0],
              [102.952574941090603, 13.633078930228338, 0.0],
              [102.954064085231707, 13.633308029326971, 0.0],
              [102.958107377341761, 13.633762578314709, 0.0],
              [102.961995432897325, 13.634040078314708, 0.0],
              [102.965555, 13.634166944444443, 0.0],
              [102.969166666666652, 13.634166944444443, 0.0],
              [102.976781391657639, 13.633583702364319, 0.0],
              [102.978335141042891, 13.633344282079145, 0.0],
              [102.980370834122184, 13.633031523587592, 0.0],
              [102.988889921896131, 13.630705298298462, 0.0],
              [102.991005206101562, 13.630176962040133, 0.0],
              [102.991296656663636, 13.630048114404019, 0.0],
              [102.991355592654571, 13.630032021320325, 0.0],
              [102.994133370432351, 13.62892035465366, 0.0],
              [102.994090414855876, 13.628813019380091, 0.0],
              [103.006613454991424, 13.623276697518421, 0.0],
              [103.008145954991434, 13.622255586407309, 0.0],
              [103.009116468275181, 13.621608856037069, 0.0],
              [103.014123644514257, 13.618269259670246, 0.0],
              [103.016615410215863, 13.616608912847633, 0.0],
              [103.021442970809019, 13.612951338467928, 0.0],
              [103.021524441752931, 13.612881456314469, 0.0],
              [103.022292741566901, 13.612343385170496, 0.0],
              [103.02895298677393, 13.606756297945566, 0.0],
              [103.030897986773937, 13.604812686834453, 0.0],
              [103.034555791540527, 13.600597064483697, 0.0],
              [103.035772620710347, 13.599307610286315, 0.0],
              [103.04285955396459, 13.593962234544247, 0.0],
              [103.044804553964582, 13.59201667898869, 0.0],
              [103.051044547907537, 13.584404598647515, 0.0],
              [103.052711492351989, 13.581904598647515, 0.0],
              [103.052538369983566, 13.581789164499417, 0.0],
              [103.05920884386687, 13.570776030290618, 0.0],
              [103.059543850146184, 13.569937676657661, 0.0],
              [103.060275423846747, 13.568474773155094, 0.0],
              [103.061979069994777, 13.564681445171393, 0.0],
              [103.063090458883664, 13.561903111838058, 0.0],
              [103.066519262246629, 13.547172883212358, 0.0],
              [103.066652385196946, 13.545444678677542, 0.0],
              [103.066920487523433, 13.543698252600894, 0.0],
              [103.067372686597508, 13.5325533392629, 0.0],
              [103.067222218467549, 13.530444224924741, 0.0],
              [103.067222222222213, 13.524165833333333, 0.0],
              [103.066189295840118, 13.516449101983808, 0.0],
              [103.065998928710187, 13.513604971556715, 0.0],
              [103.064900227110016, 13.507066505813603, 0.0],
              [103.064851604285479, 13.506435622239007, 0.0],
              [103.063512747243152, 13.498175734497385, 0.0],
              [103.063069381714541, 13.496398420894883, 0.0],
              [103.062799743768636, 13.494919713495676, 0.0],
              [103.062121286215785, 13.491775704686784, 0.0],
              [103.06128906399357, 13.488442926909007, 0.0],
              [103.061007061277991, 13.487364853932712, 0.0],
              [103.060859283500207, 13.486824576154934, 0.0],
              [103.060851408495978, 13.486796411752966, 0.0],
              [103.060321427839554, 13.484854084436838, 0.0],
              [103.059617720532586, 13.482039489778042, 0.0],
              [103.05919098086045, 13.480644633199327, 0.0],
              [103.060460109648488, 13.477322816902859, 0.0],
              [103.061293442981835, 13.474267539125082, 0.0],
              [103.062806280498052, 13.466097074150257, 0.0],
              [103.062841202333161, 13.465748657398205, 0.0],
              [103.063196030896862, 13.463974987526802, 0.0],
              [103.064019908274602, 13.458005597406162, 0.0],
              [103.064297963830157, 13.454394764072829, 0.0],
              [103.064576145263729, 13.450756672354872, 0.0],
              [103.064721665518533, 13.446955437273205, 0.0],
              [103.064722498851879, 13.443066826162095, 0.0],
              [103.064166944444437, 13.435792988758005, 0.0],
              [103.064166944444437, 13.435557222141647, 0.0],
              [103.064167222111138, 13.431391666222208, 0.0],
              [103.063627619342014, 13.424347474435443, 0.0],
              [103.063605618983814, 13.4202775, 0.0],
              [103.063610555555542, 13.4202775, 0.0],
              [103.063610555555542, 13.418039009833871, 0.0],
              [103.063740993409795, 13.416350073474092, 0.0],
              [103.063821304344003, 13.415299921025582, 0.0],
              [103.063910888593441, 13.414808970771709, 0.0],
              [103.064026750679318, 13.414144908648298, 0.0],
              [103.065111662652853, 13.411038454462261, 0.0],
              [103.065591926696641, 13.409438107765228, 0.0],
              [103.065963050348046, 13.408611834194229, 0.0],
              [103.066216199654818, 13.40821154604045, 0.0],
              [103.067882032988152, 13.405433212707115, 0.0],
              [103.07141751220307, 13.398305610961515, 0.0],
              [103.071866872783886, 13.397183220065513, 0.0],
              [103.073023758008048, 13.394850462714986, 0.0],
              [103.075223143218267, 13.392166145388156, 0.0],
              [103.076887400981136, 13.38966795549738, 0.0],
              [103.078551658281626, 13.387170598568067, 0.0],
              [103.080152413557016, 13.384128634040199, 0.0],
              [103.080959810693628, 13.383206059159839, 0.0],
              [103.084937114837459, 13.378011442934088, 0.0],
              [103.08659684390291, 13.37552171100209, 0.0],
              [103.087027208769371, 13.374876799140479, 0.0],
              [103.093993885027061, 13.366253915322279, 0.0],
              [103.094169665567094, 13.366385723271891, 0.0],
              [103.095836610011531, 13.364162667716336, 0.0],
              [103.097443235636533, 13.361891008802283, 0.0],
              [103.099095485291244, 13.3594112569864, 0.0],
              [103.100750214144355, 13.356933157974805, 0.0],
              [103.100780093822777, 13.356888358363578, 0.0],
              [103.102445371600567, 13.354388636141357, 0.0],
              [103.102904717812336, 13.35367718418607, 0.0],
              [103.106847297180607, 13.34871752433933, 0.0],
              [103.10784141389496, 13.347126619415366, 0.0],
              [103.109095243915647, 13.345247023537002, 0.0],
              [103.11345616250648, 13.336958754946746, 0.0],
              [103.113706226803814, 13.336508759170442, 0.0],
              [103.113773991399498, 13.336354696151307, 0.0],
              [103.113925990804404, 13.336065809333718, 0.0],
              [103.114175567205265, 13.335441712307313, 0.0],
              [103.117438438607223, 13.328023564021951, 0.0],
              [103.117872873746137, 13.326719388865179, 0.0],
              [103.12003650439982, 13.322454664413947, 0.0],
              [103.120041961764727, 13.322441018271645, 0.0],
              [103.12028382000716, 13.32199760477668, 0.0],
              [103.122401458255098, 13.316167132846525, 0.0],
              [103.123056203888368, 13.314857379629338, 0.0],
              [103.125763661962026, 13.308322337565102, 0.0],
              [103.12627540582892, 13.30678825652522, 0.0],
              [103.128450455846689, 13.301302011045244, 0.0],
              [103.128927235566536, 13.299711526062582, 0.0],
              [103.13031844210478, 13.29661148135545, 0.0],
              [103.13142871988255, 13.293833425799894, 0.0],
              [103.133504666689376, 13.287411889764979, 0.0],
              [103.133613244307753, 13.286977868638891, 0.0],
              [103.135454420686855, 13.281282592829855, 0.0],
              [103.136001447026175, 13.279092297907505, 0.0],
              [103.136089240415217, 13.278800130627101, 0.0],
              [103.136442231354977, 13.277828588638545, 0.0],
              [103.137255566938435, 13.275795757887593, 0.0],
              [103.138266707686142, 13.273035981974557, 0.0],
              [103.138311812434537, 13.272900690276115, 0.0],
              [103.139751832298145, 13.269696615343589, 0.0],
              [103.140155998964801, 13.268687170899145, 0.0],
              [103.140236369332996, 13.268485166713585, 0.0],
              [103.140241091555225, 13.26847322226914, 0.0],
              [103.140245999415541, 13.268460803443427, 0.0],
              [103.14087628016361, 13.266883129480801, 0.0],
              [103.141880716969908, 13.264138675137843, 0.0],
              [103.142713772525468, 13.261638397360064, 0.0],
              [103.143061281672757, 13.260554413764122, 0.0],
              [103.144173781672762, 13.256943302653012, 0.0],
              [103.144900926132038, 13.254333788834845, 0.0],
              [103.145130037278648, 13.253416121099141, 0.0],
              [103.146840696092653, 13.248793052426189, 0.0],
              [103.14692171798545, 13.248468937847695, 0.0],
              [103.148512019512879, 13.243725898156944, 0.0],
              [103.148806044294773, 13.242649080124558, 0.0],
              [103.148647592831622, 13.243085148699647, 0.0],
              [103.151547066294242, 13.23438812211476, 0.0],
              [103.151606522165764, 13.234407919275577, 0.0],
              [103.152716799943533, 13.231073474831133, 0.0],
              [103.153781293932653, 13.227417597781233, 0.0],
              [103.154319436929669, 13.22526753461832, 0.0],
              [103.156159213027664, 13.219229992878921, 0.0],
              [103.156427716446601, 13.218558297904409, 0.0],
              [103.156975594198101, 13.216550897636195, 0.0],
              [103.157656582752637, 13.214316116552503, 0.0],
              [103.157767500569051, 13.213649387113, 0.0],
              [103.159418702626311, 13.207599454544061, 0.0],
              [103.15954078921358, 13.206805616894584, 0.0],
              [103.159624244910859, 13.206499872138203, 0.0],
              [103.161241342368555, 13.197171954771825, 0.0],
              [103.16151939792411, 13.193560565882935, 0.0],
              [103.161556010965256, 13.186393402359057, 0.0],
              [103.161476529658685, 13.185202214985287, 0.0],
              [103.161919535959655, 13.182321676766277, 0.0],
              [103.162474843661741, 13.178709953518119, 0.0],
              [103.162906901059287, 13.174964373697755, 0.0],
              [103.16318606772596, 13.171352151475533, 0.0],
              [103.163319876215013, 13.169604211401232, 0.0],
              [103.163585632751193, 13.167875796830582, 0.0],
              [103.163904629208574, 13.160032811986405, 0.0],
              [103.16418563824692, 13.157662367275138, 0.0],
              [103.166603579106166, 13.157340286660915, 0.0],
              [103.167486573474108, 13.1572225, 0.0],
              [103.168332777777763, 13.1572225, 0.0],
              [103.175403845589642, 13.156719974683057, 0.0],
              [103.177432162334753, 13.15643021514804, 0.0],
              [103.179714785079184, 13.156277614294034, 0.0],
              [103.183871849960084, 13.156001308048285, 0.0],
              [103.188051704941756, 13.155722355621007, 0.0],
              [103.191793290034084, 13.155330808016391, 0.0],
              [103.192167818407654, 13.155277303963024, 0.0],
              [103.192784167111085, 13.155277221777718, 0.0],
              [103.20798749443486, 13.152907633403439, 0.0],
              [103.221750398107687, 13.146027328666769, 0.0],
              [103.232769497510958, 13.135287889243873, 0.0],
              [103.2352700530665, 13.131955667021652, 0.0],
              [103.237340980383607, 13.128976654683141, 0.0],
              [103.239615883005115, 13.125436765650042, 0.0],
              [103.241524998073345, 13.122571977765618, 0.0],
              [103.243128752939853, 13.119999714655044, 0.0],
              [103.246765134788063, 13.11375320589114, 0.0],
              [103.251238359318918, 13.10740030537046, 0.0],
              [103.252477309791132, 13.105451840957494, 0.0],
              [103.255215312487167, 13.101344563113177, 0.0],
              [103.255674967735587, 13.100642334801217, 0.0],
              [103.257939396097242, 13.097118716143543, 0.0],
              [103.258164460856591, 13.096781521384889, 0.0],
              [103.260043339679456, 13.093963328755335, 0.0],
              [103.262351227469495, 13.090732978215625, 0.0],
              [103.26454643244044, 13.087384587275158, 0.0],
              [103.266016682325358, 13.084933244984541, 0.0],
              [103.267630806605823, 13.082673567849026, 0.0],
              [103.269819620761538, 13.079335200677209, 0.0],
              [103.271290821978795, 13.076883144147407, 0.0],
              [103.272907406409715, 13.074620216871139, 0.0],
              [103.27382928101791, 13.073284442626402, 0.0],
              [103.276606503240117, 13.069117220404179, 0.0],
              [103.277055521986526, 13.068431349622289, 0.0],
              [103.279331813488497, 13.064891350906079, 0.0],
              [103.281880143607893, 13.061068983130758, 0.0],
              [103.284398796076346, 13.056856943938358, 0.0],
              [103.28508386789828, 13.055572027409136, 0.0],
              [103.285963191669452, 13.054341062061857, 0.0],
              [103.2881506328402, 13.051005087790015, 0.0],
              [103.290650632840212, 13.046838976678902, 0.0],
              [103.295848546630623, 13.032205110034942, 0.0],
              [103.296292911059169, 13.032326340730403, 0.0],
              [103.297126522170288, 13.029270785174848, 0.0],
              [103.29726911360477, 13.028205738653163, 0.0],
              [103.297273418566718, 13.028193618744737, 0.0],
              [103.297551751900045, 13.02624834096696, 0.0],
              [103.297531562287304, 13.026245452206149, 0.0],
              [103.29888944385236, 13.016103138658092, 0.0],
              [103.298888888296801, 13.012493138658092, 0.0],
              [103.297162528759898, 13.005183331533342, 0.0],
              [103.297373494833749, 13.003554506023118, 0.0],
              [103.297426048521984, 13.002817121958637, 0.0],
              [103.297639589340079, 13.001749417868167, 0.0],
              [103.298105764418381, 12.99903052155401, 0.0],
              [103.298662431085035, 12.995142743776233, 0.0],
              [103.298729914885229, 12.994654279816498, 0.0],
              [103.299252924619537, 12.990725814110561, 0.0],
              [103.299774757369761, 12.987074810360932, 0.0],
              [103.29983899962059, 12.986609762587225, 0.0],
              [103.300362931016039, 12.982681063018472, 0.0],
              [103.300885705811964, 12.97902816108871, 0.0],
              [103.301443680782555, 12.975116506207934, 0.0],
              [103.301504991376945, 12.974672457949451, 0.0],
              [103.302031621096759, 12.970727862000119, 0.0],
              [103.302554580311863, 12.967062433790892, 0.0],
              [103.302615928892806, 12.966618202538235, 0.0],
              [103.303142442147163, 12.962675267533109, 0.0],
              [103.303248314685106, 12.961933521981139, 0.0],
              [103.303664969876209, 12.959017767844173, 0.0],
              [103.30422145856032, 12.955116506207933, 0.0],
              [103.304612463033294, 12.951371189805064, 0.0],
              [103.304648327875682, 12.950831490476729, 0.0],
              [103.304719960793307, 12.950497918427194, 0.0],
              [103.304864106713609, 12.949802663809907, 0.0],
              [103.305697162269183, 12.94563599714324, 0.0],
              [103.306541193355955, 12.939385052781329, 0.0],
              [103.306593660071414, 12.938648308532168, 0.0],
              [103.306807162269209, 12.937580441587524, 0.0],
              [103.30764967438337, 12.931350762842559, 0.0],
              [103.307703527511364, 12.930599074116728, 0.0],
              [103.30791962909656, 12.929517267850143, 0.0],
              [103.308760562271758, 12.923295001274758, 0.0],
              [103.308789596929103, 12.922889645036658, 0.0],
              [103.308890989268306, 12.922416289204332, 0.0],
              [103.309518207030607, 12.917929685622109, 0.0],
              [103.310778634776753, 12.916932316892218, 0.0],
              [103.314353411879111, 12.913883571635385, 0.0],
              [103.317628528069903, 12.911262308580504, 0.0],
              [103.321619306480898, 12.908069472996001, 0.0],
              [103.325336107393426, 12.905149167337576, 0.0],
              [103.325677490885056, 12.904878527308639, 0.0],
              [103.329844713107292, 12.901545193975306, 0.0],
              [103.331158768868391, 12.900456808289873, 0.0],
              [103.333602783939114, 12.898361189794066, 0.0],
              [103.336235853968532, 12.896430143036048, 0.0],
              [103.337897650133129, 12.89515706645631, 0.0],
              [103.34206542791091, 12.891823455345198, 0.0],
              [103.343367033538655, 12.890745795715171, 0.0],
              [103.346619227660767, 12.887959196465234, 0.0],
              [103.350131852767817, 12.885147925504549, 0.0],
              [103.351430298431964, 12.884072323602194, 0.0],
              [103.353875854770635, 12.881975957772177, 0.0],
              [103.356509409094798, 12.880045035741693, 0.0],
              [103.359491436641136, 12.877678926248421, 0.0],
              [103.362730762992484, 12.87490130283849, 0.0],
              [103.366062420570543, 12.872236554186363, 0.0],
              [103.369780840223001, 12.869314635113936, 0.0],
              [103.370116182505953, 12.869048795523431, 0.0],
              [103.37428423806152, 12.865715462190099, 0.0],
              [103.378455665168644, 12.862378599075383, 0.0],
              [103.379764078045795, 12.861294996595174, 0.0],
              [103.383008058485615, 12.858514144058459, 0.0],
              [103.386341920292182, 12.855847410296271, 0.0],
              [103.390061866097611, 12.852924007418107, 0.0],
              [103.390404553598927, 12.852652265990439, 0.0],
              [103.391665593188264, 12.851643282984124, 0.0],
              [103.3940872539834, 12.850190318802316, 0.0],
              [103.397141591377363, 12.848561243841374, 0.0],
              [103.400642159369326, 12.84650748120632, 0.0],
              [103.401698317868835, 12.845828764569724, 0.0],
              [103.402811607882157, 12.845309234178789, 0.0],
              [103.408711605339207, 12.842054920834574, 0.0],
              [103.411942451537939, 12.83997727229311, 0.0],
              [103.413217053609529, 12.839212833884782, 0.0],
              [103.415034154510039, 12.838364804998825, 0.0],
              [103.420931019483689, 12.835112301771858, 0.0],
              [103.42197962383554, 12.83443804917362, 0.0],
              [103.423086237187661, 12.833921703383519, 0.0],
              [103.428987941666733, 12.830666700776776, 0.0],
              [103.431159811615174, 12.829270088641914, 0.0],
              [103.433526304060322, 12.828008211713223, 0.0],
              [103.43453169593964, 12.827438965041287, 0.0],
              [103.436011818868948, 12.827227579304452, 0.0],
              [103.436083219929543, 12.827222091985464, 0.0],
              [103.437774765844637, 12.82722222207436, 0.0],
              [103.445380613020959, 12.826640938989884, 0.0],
              [103.448990335243181, 12.826085661212106, 0.0],
              [103.453510359206092, 12.825175258048812, 0.0],
              [103.456843970317209, 12.824342202493257, 0.0],
              [103.472459087134737, 12.817434981607445, 0.0],
              [103.47495964269028, 12.815767759385222, 0.0],
              [103.477923781444261, 12.813630971014762, 0.0],
              [103.480423225888714, 12.811686526570318, 0.0],
              [103.485875276014639, 12.805036381173505, 0.0],
              [103.486191475642045, 12.805352535629529, 0.0],
              [103.488135642308706, 12.803408091185084, 0.0],
              [103.491599160272216, 12.799484457993049, 0.0],
              [103.491796686134165, 12.799311789484628, 0.0],
              [103.496531094728951, 12.794577800519448, 0.0],
              [103.498474983617839, 12.792354467186115, 0.0],
              [103.500835733349263, 12.789440688600932, 0.0],
              [103.502502122238155, 12.787218466378711, 0.0],
              [103.502995890748252, 12.786498540685276, 0.0],
              [103.503731215720137, 12.785712665496895, 0.0],
              [103.504399660802591, 12.784949123813648, 0.0],
              [103.505142179614054, 12.784299593859716, 0.0],
              [103.509852818579091, 12.779589288394568, 0.0],
              [103.510991167317428, 12.778288155786653, 0.0],
              [103.513403317117962, 12.776195970488104, 0.0],
              [103.515348039340182, 12.774252081599213, 0.0],
              [103.517572043888137, 12.77202891076579, 0.0],
              [103.519531553946777, 12.770067456242323, 0.0],
              [103.521460807825733, 12.768137926795051, 0.0],
              [103.523082440196816, 12.766517509888589, 0.0],
              [103.523457341965297, 12.766410433358342, 0.0],
              [103.525645074491251, 12.76597262434275, 0.0],
              [103.529813072564977, 12.765138357797149, 0.0],
              [103.530478084269419, 12.765000545224563, 0.0],
              [103.534027967740514, 12.764239711036826, 0.0],
              [103.537853261971549, 12.763475264360128, 0.0],
              [103.542035496749833, 12.762638206390317, 0.0],
              [103.546204328001593, 12.761803662047765, 0.0],
              [103.546850909689297, 12.761669778593207, 0.0],
              [103.550739243022633, 12.760837834148763, 0.0],
              [103.55316178935135, 12.76025603108242, 0.0],
              [103.554238363189654, 12.75996893037409, 0.0],
              [103.555233704962944, 12.75983593498046, 0.0],
              [103.562325494757701, 12.758358931657435, 0.0],
              [103.564281887807269, 12.757800940411226, 0.0],
              [103.566476281748621, 12.757361827507447, 0.0],
              [103.570642005138794, 12.756528405114519, 0.0],
              [103.571308794574662, 12.756390274002131, 0.0],
              [103.574865663203397, 12.755628142305381, 0.0],
              [103.578695842295971, 12.754861749074967, 0.0],
              [103.582857311977492, 12.754029788145038, 0.0],
              [103.585946028460796, 12.753309714828676, 0.0],
              [103.587233514831794, 12.752966167658606, 0.0],
              [103.588173765848737, 12.752832009154581, 0.0],
              [103.594034457056608, 12.751634338804987, 0.0],
              [103.59417639419209, 12.75159636231389, 0.0],
              [103.59663087173881, 12.750942277953074, 0.0],
              [103.599251713151531, 12.750418074723649, 0.0],
              [103.599924355354034, 12.750278725195562, 0.0],
              [103.603477679543872, 12.749517099176442, 0.0],
              [103.607307268707075, 12.748751130279208, 0.0],
              [103.61147511937294, 12.747917393470988, 0.0],
              [103.615640879818201, 12.74708418583476, 0.0],
              [103.619570954516121, 12.746131345535558, 0.0],
              [103.623458732293898, 12.745020512202226, 0.0],
              [103.635080966253568, 12.740036602677149, 0.0],
              [103.645081095931801, 12.732296248500111, 0.0],
              [103.647245488538445, 12.730131423058225, 0.0],
              [103.650735403977095, 12.726875114866759, 0.0],
              [103.654582325920373, 12.723302148721871, 0.0],
              [103.655909716044661, 12.722022906479143, 0.0],
              [103.659422446265481, 12.718510410440329, 0.0],
              [103.662633666079444, 12.715528563470231, 0.0],
              [103.663960558105074, 12.714250119031822, 0.0],
              [103.667479467882927, 12.710732381833036, 0.0],
              [103.670694719767212, 12.707745937527823, 0.0],
              [103.672024449951238, 12.706464283590211, 0.0],
              [103.674287171722284, 12.704201284490834, 0.0],
              [103.675370600730048, 12.703118172182579, 0.0],
              [103.678857203800945, 12.701792791642786, 0.0],
              [103.679429178615493, 12.70154773544278, 0.0],
              [103.680108639408303, 12.701366500600646, 0.0],
              [103.686916880047818, 12.699013486258883, 0.0],
              [103.688900668912851, 12.698163372007766, 0.0],
              [103.691101220402203, 12.697429219087395, 0.0],
              [103.693838496866576, 12.696426415080921, 0.0],
              [103.697138590815499, 12.695107081380614, 0.0],
              [103.700147725744657, 12.694032605272696, 0.0],
              [103.701913029006803, 12.693364435315601, 0.0],
              [103.703286004444905, 12.692814915538364, 0.0],
              [103.704546236609048, 12.692478937643402, 0.0],
              [103.711360887555585, 12.690124149722092, 0.0],
              [103.713335833885324, 12.689277804605425, 0.0],
              [103.715527804379136, 12.688547488656441, 0.0],
              [103.718294190588978, 12.687534305137055, 0.0],
              [103.720085592593179, 12.686817672660185, 0.0],
              [103.721516101710051, 12.686408882789699, 0.0],
              [103.726348378866433, 12.684756740954979, 0.0],
              [103.729148624761208, 12.683636567918871, 0.0],
              [103.731920209401409, 12.682712891107496, 0.0],
              [103.735810404770362, 12.681233840676176, 0.0],
              [103.73778776265128, 12.680386260344509, 0.0],
              [103.739981456487612, 12.679654882819474, 0.0],
              [103.742734087021717, 12.678646568729212, 0.0],
              [103.744527922981959, 12.677929153974059, 0.0],
              [103.745961906114673, 12.677519327472799, 0.0],
              [103.751313918856326, 12.675224885327722, 0.0],
              [103.751348912544344, 12.67531236079936, 0.0],
              [103.754126412544338, 12.674201249688251, 0.0],
              [103.756830922305184, 12.6728597106096, 0.0],
              [103.757569455157537, 12.672543096845068, 0.0],
              [103.757748782479325, 12.672404417265804, 0.0],
              [103.761279435157334, 12.670653080069963, 0.0],
              [103.764057768490673, 12.668986135625518, 0.0],
              [103.766071821936563, 12.667711491640643, 0.0],
              [103.768566721496498, 12.666047947963854, 0.0],
              [103.771062731619935, 12.664384403387645, 0.0],
              [103.773343451215013, 12.662770534477584, 0.0],
              [103.774449171805983, 12.6619407948915, 0.0],
              [103.775787364927183, 12.661048814832162, 0.0],
              [103.775798244403305, 12.661041563056912, 0.0],
              [103.778242874525731, 12.659755813844072, 0.0],
              [103.778652694493857, 12.659573535029359, 0.0],
              [103.780675852153195, 12.658618907781216, 0.0],
              [103.783455296597651, 12.657230574447883, 0.0],
              [103.788856045703056, 12.654097100635081, 0.0],
              [103.788858200865192, 12.654095663221476, 0.0],
              [103.794113234579243, 12.651332677712475, 0.0],
              [103.796025725061511, 12.650058391994142, 0.0],
              [103.796367097759173, 12.649844633661628, 0.0],
              [103.798098368314569, 12.648900876432569, 0.0],
              [103.803742043195456, 12.645272807208856, 0.0],
              [103.809409421692749, 12.642153091012926, 0.0],
              [103.810910072461112, 12.641152268023264, 0.0],
              [103.812659348763432, 12.640103296758006, 0.0],
              [103.814687755025957, 12.638819757679665, 0.0],
              [103.817174635062159, 12.637161192765552, 0.0],
              [103.818521232257297, 12.636264286928851, 0.0],
              [103.818569280273522, 12.636232244302795, 0.0],
              [103.819709558051301, 12.635470855413905, 0.0],
              [103.821479133551847, 12.634218229267754, 0.0],
              [103.824419348624801, 12.632424895503943, 0.0],
              [103.825144977288502, 12.631940739665504, 0.0],
              [103.826245096192565, 12.631390817728334, 0.0],
              [103.831624965285386, 12.628269025862538, 0.0],
              [103.835634722988999, 12.62559570556709, 0.0],
              [103.837391935157441, 12.624541413403238, 0.0],
              [103.839403854174378, 12.623268192529132, 0.0],
              [103.841900398182261, 12.621603737402884, 0.0],
              [103.844396663995099, 12.619940114920071, 0.0],
              [103.846674460807819, 12.618328528592729, 0.0],
              [103.848894460807813, 12.616662973037172, 0.0],
              [103.84886609209255, 12.616625160700218, 0.0],
              [103.854615564989984, 12.612918786817367, 0.0],
              [103.854914540009517, 12.612652905720875, 0.0],
              [103.859321092983208, 12.61001451017373, 0.0],
              [103.860365653340736, 12.609201571235927, 0.0],
              [103.862125101366203, 12.608145233629756, 0.0],
              [103.864129742546865, 12.606876025515472, 0.0],
              [103.864280355480531, 12.60677558342349, 0.0],
              [103.867694955244247, 12.605273254817332, 0.0],
              [103.868301360739181, 12.605030547067482, 0.0],
              [103.875443857237329, 12.601487093337296, 0.0],
              [103.877509003641492, 12.600248212009449, 0.0],
              [103.877735451660726, 12.600122404758043, 0.0],
              [103.883184733307075, 12.597457679984537, 0.0],
              [103.883203234710564, 12.597494664297511, 0.0],
              [103.884115888966647, 12.597038108983087, 0.0],
              [103.884957066571772, 12.596701654767953, 0.0],
              [103.890668418348554, 12.593986509044507, 0.0],
              [103.892219980177998, 12.593124626015154, 0.0],
              [103.894020592869566, 12.592224319669368, 0.0],
              [103.895271585733198, 12.591599237199455, 0.0],
              [103.896698886186329, 12.590886238946419, 0.0],
              [103.897418555953905, 12.590670409983124, 0.0],
              [103.904107835343069, 12.58752307758731, 0.0],
              [103.904114131237861, 12.587538827557678, 0.0],
              [103.906893020126745, 12.586427994224344, 0.0],
              [103.910778045543566, 12.584384717320143, 0.0],
              [103.91079803280374, 12.584375313235221, 0.0],
              [103.91080589116585, 12.584370072289342, 0.0],
              [103.915465852628543, 12.581919228186763, 0.0],
              [103.915964633178206, 12.581669937687996, 0.0],
              [103.921350385514117, 12.578544671339976, 0.0],
              [103.921358484967058, 12.578539270505294, 0.0],
              [103.926068864734162, 12.576061618634476, 0.0],
              [103.926530646873601, 12.575830681377303, 0.0],
              [103.931904598647435, 12.572711492352035, 0.0],
              [103.933024758864818, 12.571964594411533, 0.0],
              [103.93915388818931, 12.568548849776999, 0.0],
              [103.940732232432623, 12.567382844108002, 0.0],
              [103.941888017903565, 12.566612912943331, 0.0],
              [103.943423154652052, 12.565588707415783, 0.0],
              [103.944199371471868, 12.565122786958028, 0.0],
              [103.945152054131228, 12.564551671122507, 0.0],
              [103.950141248902568, 12.561134360882434, 0.0],
              [103.952641526680338, 12.559189638660213, 0.0],
              [103.955966443857207, 12.556362174581343, 0.0],
              [103.958504808387772, 12.554005121802961, 0.0],
              [103.961233403771502, 12.551822463725419, 0.0],
              [103.962541464127867, 12.55073918159194, 0.0],
              [103.965787252193351, 12.547956878799889, 0.0],
              [103.969291974654766, 12.545152773657906, 0.0],
              [103.970587198631208, 12.544080257167089, 0.0],
              [103.973037722741992, 12.54198063298789, 0.0],
              [103.975221563238676, 12.540379400541092, 0.0],
              [103.975320539314666, 12.540306642325493, 0.0],
              [103.975774705981337, 12.539971920103271, 0.0],
              [103.981462106745767, 12.535081348744882, 0.0],
              [103.982653356586539, 12.533890354117252, 0.0],
              [103.983743122340513, 12.533090848659768, 0.0],
              [103.986699981313805, 12.53074485648486, 0.0],
              [103.989950970787092, 12.52795922293331, 0.0],
              [103.993460347996717, 12.525151019056132, 0.0],
              [103.994754151106477, 12.52407957602853, 0.0],
              [103.997209157112934, 12.521975986245607, 0.0],
              [103.999849789887563, 12.520039052608515, 0.0],
              [104.008243602597048, 12.512257324323228, 0.0],
              [104.011576380374834, 12.508368157656562, 0.0],
              [104.014291289960212, 12.504902112065521, 0.0],
              [104.016889519700797, 12.501265941102968, 0.0],
              [104.01926830307238, 12.498022735270037, 0.0],
              [104.021680792023119, 12.49495394933424, 0.0],
              [104.024884366448973, 12.490947411809406, 0.0],
              [104.026150741644514, 12.48929417882335, 0.0],
              [104.028717551527336, 12.48579461981204, 0.0],
              [104.031261725669225, 12.482556285601088, 0.0],
              [104.032266915984309, 12.481232097732004, 0.0],
              [104.034198991174989, 12.478597034550315, 0.0],
              [104.036293886749974, 12.476153335747773, 0.0],
              [104.038647472392313, 12.473187625306219, 0.0],
              [104.040314694614523, 12.470915125306218, 0.0],
              [104.04109087403657, 12.469856728636032, 0.0],
              [104.043770209605725, 12.466506498339058, 0.0],
              [104.044036204897878, 12.466170963515083, 0.0],
              [104.047092316008985, 12.462281796848416, 0.0],
              [104.049379716828426, 12.459124901045715, 0.0],
              [104.050484702638869, 12.457467532828632, 0.0],
              [104.051855269263783, 12.455868157656484, 0.0],
              [104.054207579049091, 12.452902986641284, 0.0],
              [104.056644313141504, 12.449580469471364, 0.0],
              [104.059323202141215, 12.446231300026835, 0.0],
              [104.059588266172412, 12.445897000800541, 0.0],
              [104.062644377283519, 12.442008667467206, 0.0],
              [104.064937981356636, 12.438843198473855, 0.0],
              [104.067715481356629, 12.43467625402941, 0.0],
              [104.074266107927556, 12.420400652259213, 0.0],
              [104.074625937749062, 12.4172789973815, 0.0],
              [104.074681412811259, 12.417256805137027, 0.0],
              [104.077254716383692, 12.416142690952134, 0.0],
              [104.081421938605928, 12.41419796872991, 0.0],
              [104.08508745305538, 12.412299328064158, 0.0],
              [104.087181854117546, 12.411102335059283, 0.0],
              [104.089478380261184, 12.410030592250809, 0.0],
              [104.093138220343405, 12.408135159509705, 0.0],
              [104.09523644186045, 12.406936325658638, 0.0],
              [104.097532878118841, 12.405864604355795, 0.0],
              [104.09991810528139, 12.40467299198586, 0.0],
              [104.103502867590635, 12.402761023179723, 0.0],
              [104.106800734884231, 12.401112442901084, 0.0],
              [104.107979101366396, 12.400503719522135, 0.0],
              [104.111557823584661, 12.398594463225676, 0.0],
              [104.114851736078151, 12.396948330280638, 0.0],
              [104.116030633068817, 12.396339495674916, 0.0],
              [104.119617285551854, 12.394426486816707, 0.0],
              [104.122918512949539, 12.392775637315903, 0.0],
              [104.124079957424627, 12.392175726084613, 0.0],
              [104.127670378850226, 12.39026132927196, 0.0],
              [104.130974624060656, 12.388608970649228, 0.0],
              [104.132142021957677, 12.38800588456381, 0.0],
              [104.133891570392464, 12.387072729854943, 0.0],
              [104.135514767755339, 12.386423407621647, 0.0],
              [104.146334414752857, 12.380450133713408, 0.0],
              [104.151030234463761, 12.37605575105764, 0.0],
              [104.151081989819204, 12.376115460201268, 0.0],
              [104.155248378708094, 12.372504071312381, 0.0],
              [104.156523126917307, 12.371360314070596, 0.0],
              [104.159783042121759, 12.368333017101094, 0.0],
              [104.163300779552003, 12.365284342599081, 0.0],
              [104.16457167919539, 12.364144336286213, 0.0],
              [104.168461401417616, 12.360533502952878, 0.0],
              [104.16855764821986, 12.360443921050273, 0.0],
              [104.17267875864249, 12.356598064103396, 0.0],
              [104.175896605224054, 12.353610293552416, 0.0],
              [104.179418755072447, 12.35055685569132, 0.0],
              [104.180687816202607, 12.349418201797729, 0.0],
              [104.184576705091487, 12.345807368464394, 0.0],
              [104.184670078728274, 12.345720448973884, 0.0],
              [104.188791188293777, 12.341874373122314, 0.0],
              [104.192003769769713, 12.338891048657203, 0.0],
              [104.195520842657658, 12.335843528325041, 0.0],
              [104.196801915527118, 12.334694296082676, 0.0],
              [104.20006229917702, 12.33166658071381, 0.0],
              [104.203478417958181, 12.328705747047895, 0.0],
              [104.20358640238814, 12.328613174640305, 0.0],
              [104.205297823305941, 12.327815127533661, 0.0],
              [104.208972889451829, 12.325912451833361, 0.0],
              [104.211069163855328, 12.324714644921899, 0.0],
              [104.213364894700646, 12.323643385492179, 0.0],
              [104.217037574165587, 12.321740805463465, 0.0],
              [104.219128195314781, 12.320545610033317, 0.0],
              [104.221419180648269, 12.319476626075545, 0.0],
              [104.227311002674696, 12.316227947519623, 0.0],
              [104.22948983439494, 12.314827570066067, 0.0],
              [104.231281808463521, 12.313871906316844, 0.0],
              [104.234582901997243, 12.31222135954998, 0.0],
              [104.235761692294531, 12.311612281155188, 0.0],
              [104.2373963918307, 12.310739962612567, 0.0],
              [104.238737630853407, 12.31002496006781, 0.0],
              [104.241700430856156, 12.308642227884391, 0.0],
              [104.242916957592044, 12.308054331729766, 0.0],
              [104.246805568703152, 12.30610988728532, 0.0],
              [104.247967069831319, 12.305509988166714, 0.0],
              [104.251559001591275, 12.30359491370508, 0.0],
              [104.254864235283989, 12.301941942701241, 0.0],
              [104.256034934699684, 12.301337052855496, 0.0],
              [104.259612396260238, 12.299428469122748, 0.0],
              [104.262905013576983, 12.297783218578916, 0.0],
              [104.264089671182887, 12.297171397306158, 0.0],
              [104.267681677381262, 12.295255197759058, 0.0],
              [104.268753683879353, 12.294718747318916, 0.0],
              [104.27096732065003, 12.293612205499889, 0.0],
              [104.272145408744905, 12.293003652025559, 0.0],
              [104.275130298871531, 12.291411285993743, 0.0],
              [104.278085689184167, 12.290032366461675, 0.0],
              [104.283978349929882, 12.286783323469066, 0.0],
              [104.286156420822408, 12.285383446191142, 0.0],
              [104.287952258097278, 12.284425722185432, 0.0],
              [104.291256125276405, 12.282773080421988, 0.0],
              [104.292414747260395, 12.282174505077993, 0.0],
              [104.296002148574985, 12.280261479446965, 0.0],
              [104.299304124490462, 12.278610609391677, 0.0],
              [104.300475355291098, 12.278005606786, 0.0],
              [104.304063899314386, 12.276091589039062, 0.0],
              [104.307366235891777, 12.274439830921015, 0.0],
              [104.308522929196187, 12.273842326186381, 0.0],
              [104.311513773927544, 12.272247700856914, 0.0],
              [104.314474578073046, 12.270866255350573, 0.0],
              [104.318140558028929, 12.268967712661793, 0.0],
              [104.320243773461556, 12.267765875271724, 0.0],
              [104.322546719893182, 12.266690327584971, 0.0],
              [104.326179467476067, 12.264809006345507, 0.0],
              [104.328289149524053, 12.263604528587681, 0.0],
              [104.330598079142646, 12.262526360852476, 0.0],
              [104.332965141778772, 12.261343775455385, 0.0],
              [104.337133475112097, 12.259121553233165, 0.0],
              [104.340649268454442, 12.257058923768893, 0.0],
              [104.341702676239464, 12.256381733049952, 0.0],
              [104.342814577932842, 12.255862736866517, 0.0],
              [104.344015843623893, 12.255282386887735, 0.0],
              [104.347904454735001, 12.25333933133218, 0.0],
              [104.349095068903182, 12.252724332053557, 0.0],
              [104.352672794514476, 12.250815130387258, 0.0],
              [104.355965680582699, 12.249169275242544, 0.0],
              [104.357144311757182, 12.248560496512999, 0.0],
              [104.360731095768998, 12.246647178366548, 0.0],
              [104.364032457016052, 12.244996026119988, 0.0],
              [104.365190429196119, 12.244397881741971, 0.0],
              [104.368185865894162, 12.242800808118782, 0.0],
              [104.371149835930296, 12.241417134661015, 0.0],
              [104.374801715775305, 12.239525661869555, 0.0],
              [104.378059209805073, 12.237664702065979, 0.0],
              [104.381009538810289, 12.236091206374017, 0.0],
              [104.383702023059996, 12.234744194748094, 0.0],
              [104.387249154214999, 12.233089434303261, 0.0],
              [104.390910433562354, 12.231193854389561, 0.0],
              [104.394799878006808, 12.228972187722894, 0.0],
              [104.395728428253364, 12.228428461817082, 0.0],
              [104.398245391399826, 12.226918015435228, 0.0],
              [104.400413679714745, 12.225834026155509, 0.0],
              [104.40158847842379, 12.225227163179696, 0.0],
              [104.405172741241316, 12.223315189927945, 0.0],
              [104.408471513108339, 12.221665803994432, 0.0],
              [104.409640092461686, 12.221062172908974, 0.0],
              [104.413226995054757, 12.219149174132339, 0.0],
              [104.416527624219455, 12.217498859549988, 0.0],
              [104.417692997343877, 12.216896938289409, 0.0],
              [104.420684903490766, 12.215301547572503, 0.0],
              [104.423645153078454, 12.213920005662125, 0.0],
              [104.427312679770054, 12.212020110797388, 0.0],
              [104.429403386222177, 12.210825037361438, 0.0],
              [104.431694154215009, 12.209756378747706, 0.0],
              [104.435361778340791, 12.207857174055553, 0.0],
              [104.437455671733332, 12.206660727648888, 0.0],
              [104.43974882181918, 12.205590978255545, 0.0],
              [104.44342946544252, 12.203684366656425, 0.0],
              [104.445521153377641, 12.202488369376377, 0.0],
              [104.44781154196734, 12.201419450106568, 0.0],
              [104.451466713739975, 12.199526615132635, 0.0],
              [104.454937204770914, 12.197544150106827, 0.0],
              [104.454943733408001, 12.197541541002535, 0.0],
              [104.46212033139777, 12.193982430458584, 0.0],
              [104.464372921859635, 12.1926303807602, 0.0],
              [104.466144223597112, 12.191927718611053, 0.0],
              [104.468047977000069, 12.191397238640523, 0.0],
              [104.471659088111167, 12.190285294196078, 0.0],
              [104.481229343519232, 12.18620593330434, 0.0],
              [104.482772332937103, 12.185348602627455, 0.0],
              [104.484572169085965, 12.184449224395902, 0.0],
              [104.4947707218994, 12.177677673148908, 0.0],
              [104.495807238092993, 12.176788807568977, 0.0],
              [104.497363419564536, 12.175578444202223, 0.0],
              [104.504292892684575, 12.169038727467521, 0.0],
              [104.506237614906794, 12.166816505245301, 0.0],
              [104.508611711187086, 12.163887810993135, 0.0],
              [104.510275400418621, 12.161669466241845, 0.0],
              [104.511939922286317, 12.159450843292564, 0.0],
              [104.51591977827988, 12.153013028553683, 0.0],
              [104.5162376149067, 12.152649838578753, 0.0],
              [104.51657202662085, 12.152263746694194, 0.0],
              [104.518238415509742, 12.150319857805307, 0.0],
              [104.519744166558525, 12.148476300306005, 0.0],
              [104.520311922029833, 12.147746375319901, 0.0],
              [104.523629749479028, 12.144868883428128, 0.0],
              [104.524638301804046, 12.143572543678752, 0.0],
              [104.525631152706296, 12.142579803081007, 0.0],
              [104.526438455207739, 12.141716813967198, 0.0],
              [104.527364068093149, 12.1409665524708, 0.0],
              [104.529586290315379, 12.139022663581912, 0.0],
              [104.53202172794829, 12.136744505725913, 0.0],
              [104.533966727948282, 12.134799505725912, 0.0],
              [104.54232131432623, 12.123722601918166, 0.0],
              [104.542727179859057, 12.122991897818267, 0.0],
              [104.543271037054353, 12.12217597603836, 0.0],
              [104.544673273397692, 12.119587838114558, 0.0],
              [104.548120479739865, 12.11498205480412, 0.0],
              [104.548462195409414, 12.114591508658782, 0.0],
              [104.550836977301842, 12.111661344262389, 0.0],
              [104.55250336619072, 12.109438844262389, 0.0],
              [104.553175627879298, 12.108520646108628, 0.0],
              [104.554565350101527, 12.10657647944196, 0.0],
              [104.556765426670623, 12.103221912792895, 0.0],
              [104.558431815559501, 12.100444135015119, 0.0],
              [104.560951687678354, 12.095595759185064, 0.0],
              [104.561210727901141, 12.095163910332246, 0.0],
              [104.564761691509261, 12.088001692457475, 0.0],
              [104.564764265116963, 12.087995253609089, 0.0],
              [104.565001979011896, 12.087559590022904, 0.0],
              [104.565491051079619, 12.086624152848909, 0.0],
              [104.565498493331759, 12.086612983387258, 0.0],
              [104.568267519247982, 12.081348338769711, 0.0],
              [104.568274158281724, 12.081338376345682, 0.0],
              [104.57308857947919, 12.07218517075963, 0.0],
              [104.574197398472876, 12.069413954889672, 0.0],
              [104.576540616645403, 12.064960782688122, 0.0],
              [104.576764057981279, 12.064558552525781, 0.0],
              [104.577777531647584, 12.062636946601488, 0.0],
              [104.577797765130882, 12.062596475588188, 0.0],
              [104.579819106127601, 12.059281188116776, 0.0],
              [104.58120882834983, 12.05677952145011, 0.0],
              [104.582100002882726, 12.054905425946554, 0.0],
              [104.583547392615031, 12.052734220712193, 0.0],
              [104.586667314641844, 12.047357380344753, 0.0],
              [104.5875695144709, 12.045552619806694, 0.0],
              [104.588429808250467, 12.044004091003488, 0.0],
              [104.589437041501895, 12.04209514482219, 0.0],
              [104.589438683926872, 12.042091862270258, 0.0],
              [104.591047392615124, 12.039678665156487, 0.0],
              [104.592829040217737, 12.0367566020022, 0.0],
              [104.594104092609896, 12.034954031593916, 0.0],
              [104.595770481498789, 12.032454031593916, 0.0],
              [104.599584445232608, 12.025206229878087, 0.0],
              [104.599937703721025, 12.024676253816125, 0.0],
              [104.604096591144284, 12.016770171025657, 0.0],
              [104.604475665198521, 12.016202159645138, 0.0],
              [104.605310459481373, 12.015128085514235, 0.0],
              [104.608891123212146, 12.008885287717005, 0.0],
              [104.610216903387695, 12.006896064953182, 0.0],
              [104.614298897518339, 11.999478966052463, 0.0],
              [104.614747912524621, 11.998469019049578, 0.0],
              [104.614870602798447, 11.998250764672331, 0.0],
              [104.61577443605951, 11.996894487456778, 0.0],
              [104.616714853179488, 11.994970017911898, 0.0],
              [104.617809477778025, 11.993022784422072, 0.0],
              [104.618081892883964, 11.992342121134385, 0.0],
              [104.61815572790114, 11.992386410332271, 0.0],
              [104.619822116790019, 11.989608354776717, 0.0],
              [104.62336699799998, 11.982461347080342, 0.0],
              [104.624478109111081, 11.979684124858119, 0.0],
              [104.625590458883579, 11.976903389616051, 0.0],
              [104.626159733703759, 11.975411631539197, 0.0],
              [104.626995518088862, 11.973111917586873, 0.0],
              [104.627039961042755, 11.973000882367831, 0.0],
              [104.627503053907915, 11.972074233266609, 0.0],
              [104.629197535095201, 11.96830083557596, 0.0],
              [104.630309479539648, 11.965522502242624, 0.0],
              [104.630651966220114, 11.964665950108282, 0.0],
              [104.63110873764856, 11.9637525898869, 0.0],
              [104.630961174453859, 11.963678793536179, 0.0],
              [104.635210148688131, 11.954074961945512, 0.0],
              [104.635316202385354, 11.95411736221366, 0.0],
              [104.635760754125073, 11.953005426896704, 0.0],
              [104.639199648495136, 11.946074859071013, 0.0],
              [104.640311037384024, 11.943297359071014, 0.0],
              [104.640654433454955, 11.94243823423575, 0.0],
              [104.641110587382073, 11.941525835132468, 0.0],
              [104.643683601417351, 11.933614441405005, 0.0],
              [104.644127497187014, 11.932505312184993, 0.0],
              [104.644857521875522, 11.930862756635848, 0.0],
              [104.644831434162825, 11.930851162096873, 0.0],
              [104.646167445081673, 11.928014586246727, 0.0],
              [104.646211005678737, 11.927941965888138, 0.0],
              [104.649757167877652, 11.920791756039783, 0.0],
              [104.650868278988753, 11.918013978262007, 0.0],
              [104.651877028023733, 11.91526057592448, 0.0],
              [104.652710639134838, 11.912760575924478, 0.0],
              [104.653825542211067, 11.909413920620866, 0.0],
              [104.65402575910646, 11.908659929669055, 0.0],
              [104.655033066938344, 11.906629091221131, 0.0],
              [104.656144455827246, 11.903851313443353, 0.0],
              [104.656484265211219, 11.903000993864303, 0.0],
              [104.656935528063229, 11.902099279946352, 0.0],
              [104.657920123466013, 11.900012936710731, 0.0],
              [104.659030401243783, 11.897512381155174, 0.0],
              [104.660763502150772, 11.893042817839151, 0.0],
              [104.661412931051089, 11.891095829022575, 0.0],
              [104.661977074622641, 11.8896850467744, 0.0],
              [104.662378932698573, 11.888681254892997, 0.0],
              [104.663996370167538, 11.885982737868055, 0.0],
              [104.66752678795352, 11.878864640610585, 0.0],
              [104.668639010175738, 11.876087140610585, 0.0],
              [104.66863954400236, 11.876085806314039, 0.0],
              [104.671421955827242, 11.870795757887798, 0.0],
              [104.672533344716143, 11.86801798011002, 0.0],
              [104.673100283330513, 11.866532969662714, 0.0],
              [104.673940171137417, 11.864223488165651, 0.0],
              [104.674756527466002, 11.862182801433283, 0.0],
              [104.676114456165465, 11.858131359110164, 0.0],
              [104.678368556766458, 11.853847311595542, 0.0],
              [104.679478867485329, 11.851071534798361, 0.0],
              [104.68012844357537, 11.849448000456844, 0.0],
              [104.680360651238104, 11.849030611009153, 0.0],
              [104.683095858175946, 11.843280025790799, 0.0],
              [104.683548204836569, 11.842148310352652, 0.0],
              [104.687154805801512, 11.834983075924479, 0.0],
              [104.68730634566819, 11.834528607813805, 0.0],
              [104.689963754581896, 11.829577477362651, 0.0],
              [104.691352643470793, 11.826521644029318, 0.0],
              [104.692247933602374, 11.824425066908736, 0.0],
              [104.692994151103406, 11.823006723205816, 0.0],
              [104.693000247246744, 11.822997571873893, 0.0],
              [104.695767932496253, 11.817736467621126, 0.0],
              [104.695772458943267, 11.817729676064278, 0.0],
              [104.699343385430794, 11.811240251024088, 0.0],
              [104.699814449822711, 11.810455483804027, 0.0],
              [104.700653731266641, 11.809002585015373, 0.0],
              [104.701485873664907, 11.807504562270026, 0.0],
              [104.702873434569682, 11.805725140620773, 0.0],
              [104.70453982345856, 11.802947918398552, 0.0],
              [104.705362194058793, 11.801524841111851, 0.0],
              [104.705775069771832, 11.80078247309487, 0.0],
              [104.70632572594856, 11.799956442934102, 0.0],
              [104.709094894717069, 11.794689911497189, 0.0],
              [104.70910097006994, 11.794680798974253, 0.0],
              [104.712759419256685, 11.78803507051664, 0.0],
              [104.715795823873165, 11.782912647214978, 0.0],
              [104.716802520950154, 11.780697913645595, 0.0],
              [104.717292158780808, 11.779718442129157, 0.0],
              [104.71815266909239, 11.778169385859101, 0.0],
              [104.719165248438756, 11.776249568664101, 0.0],
              [104.720270889500227, 11.774038286541183, 0.0],
              [104.72102235799251, 11.772537279226254, 0.0],
              [104.721066242764351, 11.772449406871333, 0.0],
              [104.721124235327366, 11.772332999981209, 0.0],
              [104.721661889202252, 11.771258229348213, 0.0],
              [104.723944766834876, 11.765947975620618, 0.0],
              [104.724774937027618, 11.763660797486246, 0.0],
              [104.725117327388006, 11.762805762218125, 0.0],
              [104.726665248438835, 11.760138179775089, 0.0],
              [104.728051454381657, 11.757365767889448, 0.0],
              [104.728955072449736, 11.755559615444783, 0.0],
              [104.729819252695094, 11.754004091003109, 0.0],
              [104.732109602105012, 11.749186705072923, 0.0],
              [104.732400808563298, 11.748720739787894, 0.0],
              [104.735519740686286, 11.742909252164992, 0.0],
              [104.736908629575169, 11.73985314105388, 0.0],
              [104.737756398920837, 11.737867136865404, 0.0],
              [104.738604942969914, 11.736258788477757, 0.0],
              [104.738936987548854, 11.735595031165335, 0.0],
              [104.739073149512905, 11.735377046728797, 0.0],
              [104.741993228148374, 11.729878720750792, 0.0],
              [104.742310866371625, 11.729349694104762, 0.0],
              [104.744783524040315, 11.724691103873178, 0.0],
              [104.746123801818101, 11.721808326095401, 0.0],
              [104.746157092631123, 11.721736573114606, 0.0],
              [104.746781016291024, 11.720389015315655, 0.0],
              [104.749010277777785, 11.717416666666644, 0.0],
              [104.75140308713523, 11.713927979625133, 0.0],
              [104.752008553367475, 11.712959811258827, 0.0],
              [104.752502392609671, 11.712218846594881, 0.0],
              [104.753335455571502, 11.71110791082314, 0.0],
              [104.755729695820065, 11.707616297288176, 0.0],
              [104.756730740403356, 11.706015066238416, 0.0],
              [104.757990692292054, 11.704125243418861, 0.0],
              [104.75966833470801, 11.701606550015944, 0.0],
              [104.760447213255119, 11.700399988905655, 0.0],
              [104.76144800165676, 11.69879968764376, 0.0],
              [104.762326636124286, 11.697482321503617, 0.0],
              [104.76648936789681, 11.691497660205183, 0.0],
              [104.766892091676397, 11.69077249525462, 0.0],
              [104.767436281504018, 11.689956165156488, 0.0],
              [104.768703918654438, 11.687953314254178, 0.0],
              [104.770371140876662, 11.685175536476399, 0.0],
              [104.771636516150679, 11.682624978773601, 0.0],
              [104.772165180080961, 11.681891286580074, 0.0],
              [104.773831291192081, 11.679390731024519, 0.0],
              [104.773442044412988, 11.679131377305232, 0.0],
              [104.780588579479272, 11.668296281870546, 0.0],
              [104.781699690590372, 11.665519337426103, 0.0],
              [104.782266575920232, 11.66403455380126, 0.0],
              [104.782430948922979, 11.663582599938927, 0.0],
              [104.785048344814868, 11.658744964872531, 0.0],
              [104.785884129199871, 11.656445250920472, 0.0],
              [104.785998694076014, 11.656159024758528, 0.0],
              [104.790412521875538, 11.648640534413616, 0.0],
              [104.791523632986639, 11.646140534413615, 0.0],
              [104.793267220458063, 11.641644999411998, 0.0],
              [104.793913283107557, 11.639706811463542, 0.0],
              [104.794478429660586, 11.638294156957921, 0.0],
              [104.795717137206125, 11.634747768748515, 0.0],
              [104.798089540771628, 11.630238601402569, 0.0],
              [104.799200929660515, 11.627460545847015, 0.0],
              [104.80031236079941, 11.624682245877512, 0.0],
              [104.801424880616352, 11.621898587685527, 0.0],
              [104.802259808383923, 11.619811998645783, 0.0],
              [104.803995173483031, 11.619696415624647, 0.0],
              [104.809166944444428, 11.619696385732261, 0.0],
              [104.809166944444428, 11.619722222222222, 0.0],
              [104.811993674583391, 11.619722222222222, 0.0],
              [104.815094607637022, 11.621007125007255, 0.0],
              [104.818429052081456, 11.621840736118367, 0.0],
              [104.822957258725197, 11.622752854973445, 0.0],
              [104.826568647614096, 11.623308132751221, 0.0],
              [104.830601072050939, 11.623761552472818, 0.0],
              [104.834489683162047, 11.624039608028374, 0.0],
              [104.838055833333328, 11.624166944444445, 0.0],
              [104.840028023977723, 11.624166944444445, 0.0],
              [104.840218895060701, 11.624181599670983, 0.0],
              [104.841729428800804, 11.624297537950397, 0.0],
              [104.841986392402958, 11.62431659483539, 0.0],
              [104.845746523295631, 11.624585712774994, 0.0],
              [104.849222898238722, 11.624852570877694, 0.0],
              [104.852826870891533, 11.625130140826563, 0.0],
              [104.856666388888883, 11.625277777777777, 0.0],
              [104.862521881203051, 11.625277777777777, 0.0],
              [104.864216934117024, 11.625408286812997, 0.0],
              [104.868055277777771, 11.625555833333333, 0.0],
              [104.870557909384303, 11.625555833333333, 0.0],
              [104.870918115675153, 11.625579843785651, 0.0],
              [104.872812498712037, 11.625705679454349, 0.0],
              [104.876161362822245, 11.625963541990835, 0.0],
              [104.879776710315085, 11.62624106947669, 0.0],
              [104.883380050656086, 11.626518803862973, 0.0],
              [104.883888585801856, 11.626555393009593, 0.0],
              [104.887122474690756, 11.626771504120704, 0.0],
              [104.888074775046903, 11.626834767816932, 0.0],
              [104.897081959914502, 11.626388333333333, 0.0],
              [104.898611388888881, 11.626388333333333, 0.0],
              [104.902777777777771, 11.626388333333333, 0.0],
              [104.905941184205346, 11.626283185573204, 0.0],
              [104.90824431836613, 11.626665319240823, 0.0],
              [104.923712717417544, 11.62433164203296, 0.0],
              [104.93770289321543, 11.617332184934833, 0.0],
              [104.948845389877405, 11.606352103575292, 0.0],
              [104.956049502195853, 11.592466204820532, 0.0],
              [104.958610041463047, 11.577033737189417, 0.0],
              [104.957295198939093, 11.568318517800186, 0.0],
              [104.980166336350592, 11.518355849893549, 0.0],
              [105.098347550623174, 11.459265242757258, 0.0],
              [105.099444632146273, 11.458699669180133, 0.0],
              [105.252526807663671, 11.377374763436515, 0.0],
              [105.258029402975041, 11.373977997876958, 0.0],
              [105.439499242119552, 11.245038901642706, 0.0],
              [105.74534492197165, 11.034769996744382, 0.0],
              [105.748000695256238, 11.032812038811084, 0.0],
              [106.020678320396598, 10.817540229489742, 0.0],
              [106.023210418866086, 10.815401223350628, 0.0],
              [106.171159034036592, 10.681770216099844, 0.0],
              [106.279935815380384, 10.58718171058351, 0.0],
              [106.403505726319409, 10.489626517736916, 0.0],
              [106.42414216265972, 10.57905107521159, 0.0],
              [106.424190864027764, 10.579260066562926, 0.0],
              [106.443326135967439, 10.660584972306543, 0.0],
              [106.449122348098498, 10.67485779339164, 0.0],
              [106.492176709962763, 10.746615063165422, 0.0],
              [106.494089760222437, 10.749563392612217, 0.0],
              [106.527576486116871, 10.797401572461403, 0.0],
              [106.536133172943238, 10.806806294727199, 0.0],
              [106.546785364576081, 10.813748664910245, 0.0],
              [106.64037944067239, 10.858971144287883, 0.0],
              [106.640404498122791, 10.859679742843115, 0.0],
              [106.640417596769822, 10.859862770944016, 0.0],
              [106.6401463828022, 10.863402646883927, 0.0],
              [106.640000278925072, 10.86721151099713, 0.0],
              [106.639999854258988, 10.869193852247395, 0.0],
              [106.639868949963116, 10.870902048164535, 0.0],
              [106.640302963085901, 10.882317361145708, 0.0],
              [106.640857963085907, 10.885928750034596, 0.0],
              [106.641413899492861, 10.889544145613224, 0.0],
              [106.646114380790465, 10.904311048539109, 0.0],
              [106.646570761436777, 10.905223535948567, 0.0],
              [106.646908260944471, 10.90606741124849, 0.0],
              [106.650926588452407, 10.913989738848732, 0.0],
              [106.652314366230172, 10.916211405515398, 0.0],
              [106.659399107313405, 10.925110864616919, 0.0],
              [106.660260070595825, 10.925970193158916, 0.0],
              [106.660477716496231, 10.926187839059327, 0.0],
              [106.661593247853304, 10.927303092086078, 0.0],
              [106.661605891632519, 10.927290445145124, 0.0],
              [106.665130325162067, 10.932073279179727, 0.0],
              [106.666103681023245, 10.932924965558261, 0.0],
              [106.666857150274637, 10.933678111848121, 0.0],
              [106.667395965244822, 10.934217734636851, 0.0],
              [106.670618462147587, 10.937161858903314, 0.0],
              [106.671031303217774, 10.937574758933954, 0.0],
              [106.67988398048945, 10.944618584708866, 0.0],
              [106.680253396884311, 10.944849533441159, 0.0],
              [106.681737116395169, 10.946065862246931, 0.0],
              [106.683381977185547, 10.94716079288961, 0.0],
              [106.685857411161948, 10.948812641506811, 0.0],
              [106.68932593425842, 10.95092871108206, 0.0],
              [106.691825100925087, 10.952317322193171, 0.0],
              [106.703983891701327, 10.957118196013433, 0.0],
              [106.706798988657681, 10.957821911629095, 0.0],
              [106.709337265274215, 10.958514525570376, 0.0],
              [106.718937851269885, 10.960151044778771, 0.0],
              [106.7226967969535, 10.960419483376473, 0.0],
              [106.722747596941957, 10.960423379045151, 0.0],
              [106.729483276462659, 10.961517127255311, 0.0],
              [106.733094665351544, 10.9617960161442, 0.0],
              [106.736944444444433, 10.961944444444445, 0.0],
              [106.740555555555545, 10.961944444444445, 0.0],
              [106.743872452797348, 10.961834305064487, 0.0],
              [106.744466568024279, 10.961794805672566, 0.0],
              [106.744508834381861, 10.961798047177068, 0.0],
              [106.748321507936737, 10.961944443296485, 0.0],
              [106.752210396825632, 10.961945276629818, 0.0],
              [106.752520835229546, 10.961934946649107, 0.0],
              [106.759332387539615, 10.967043437997525, 0.0],
              [106.761833498650716, 10.968432604664192, 0.0],
              [106.773966262608425, 10.973224826841429, 0.0],
              [106.777299873719542, 10.974059549063652, 0.0],
              [106.781247439636886, 10.974880413079733, 0.0],
              [106.784580217414657, 10.975434301968621, 0.0],
              [106.78706956228794, 10.97573631058898, 0.0],
              [106.787492199756514, 10.977064733888216, 0.0],
              [106.788879977534293, 10.97984306722155, 0.0],
              [106.793616878481558, 10.987509076699654, 0.0],
              [106.795284100703782, 10.989731021144099, 0.0],
              [106.807539290241536, 11.001322603463219, 0.0],
              [106.810039290241548, 11.002989547907664, 0.0],
              [106.82340571220449, 11.009279162652893, 0.0],
              [106.826183489982256, 11.010112773764003, 0.0],
              [106.83348222951804, 11.011719969499284, 0.0],
              [106.837111613310498, 11.012238601078657, 0.0],
              [106.84046584113436, 11.012753703582831, 0.0],
              [106.844231889937447, 11.013186658288182, 0.0],
              [106.847829805154831, 11.013462590709084, 0.0],
              [106.851277401774439, 11.013728830768009, 0.0],
              [106.852727367650587, 11.013849620994279, 0.0],
              [106.85461792646602, 11.014140543332578, 0.0],
              [106.858382100779878, 11.014574517393358, 0.0],
              [106.861991545224328, 11.014852572948913, 0.0],
              [106.869159880908697, 11.014889403235031, 0.0],
              [106.871659431458056, 11.014722666589696, 0.0],
              [106.874152217776754, 11.01472333155437, 0.0],
              [106.881780979053147, 11.014139983613905, 0.0],
              [106.885386919258437, 11.013584285046432, 0.0],
              [106.888987847888131, 11.013030296026479, 0.0],
              [106.889049893514098, 11.013026178689929, 0.0],
              [106.889208215793531, 11.013089437912026, 0.0],
              [106.891969183497991, 11.014194929380897, 0.0],
              [106.897408128394119, 11.016018220047687, 0.0],
              [106.900463961727453, 11.016850997825465, 0.0],
              [106.920671228430152, 11.018109236338113, 0.0],
              [106.924560117319061, 11.01755451411589, 0.0],
              [106.942211268463737, 11.010815869792458, 0.0],
              [106.942359168107728, 11.011111698672201, 0.0],
              [106.945136112552191, 11.009723365338868, 0.0],
              [106.950521827200859, 11.006597227451211, 0.0],
              [106.953022660534188, 11.004929171895656, 0.0],
              [106.954076303953642, 11.004158226749025, 0.0],
              [106.960503459368027, 11.000774472669979, 0.0],
              [106.963002626034694, 10.999109194892203, 0.0],
              [106.96529721846963, 10.997485272779716, 0.0],
              [106.966386965544743, 10.996667110789103, 0.0],
              [106.966737923371326, 10.996433437735968, 0.0],
              [106.966859929164116, 10.996360187907371, 0.0],
              [106.967910867747634, 10.995834876272161, 0.0],
              [106.972045497119041, 10.993517000290071, 0.0],
              [106.973016569628555, 10.992910398564971, 0.0],
              [106.973234430059193, 10.992791562000496, 0.0],
              [106.974223681979865, 10.992354435888931, 0.0],
              [106.977704569500489, 10.993356589491896, 0.0],
              [106.978076279664535, 10.993424314482237, 0.0],
              [106.984286439016998, 10.99570997342194, 0.0],
              [106.987619216794798, 10.996264973421939, 0.0],
              [106.991997968284693, 10.996796913496947, 0.0],
              [106.995609357173564, 10.997074691274726, 0.0],
              [106.995700669205277, 10.997081630628779, 0.0],
              [106.996194788914821, 10.99711872670307, 0.0],
              [106.999190031078214, 10.99735095189534, 0.0],
              [107.010694414188862, 10.996913502754149, 0.0],
              [107.012548870011841, 10.996626797408084, 0.0],
              [107.014110693122277, 10.996497957738113, 0.0],
              [107.025799532230096, 10.994105337502134, 0.0],
              [107.027833975794621, 10.993427754582189, 0.0],
              [107.02956638000397, 10.992954435596753, 0.0],
              [107.037181758811357, 10.990044633955236, 0.0],
              [107.038731935559525, 10.98962110226342, 0.0],
              [107.042646120544745, 10.988376814067911, 0.0],
              [107.042817544626473, 10.988314458207608, 0.0],
              [107.043439221209326, 10.98817135836221, 0.0],
              [107.044098593555987, 10.988005555953709, 0.0],
              [107.046439434117048, 10.988185786812997, 0.0],
              [107.050054063944614, 10.988463835386188, 0.0],
              [107.060499455231565, 10.988172188708647, 0.0],
              [107.063283753991115, 10.987800812770914, 0.0],
              [107.065502140812967, 10.987630088835109, 0.0],
              [107.069868186404463, 10.987100079486035, 0.0],
              [107.073203741960015, 10.986545357263813, 0.0],
              [107.079714964873176, 10.985008785222092, 0.0],
              [107.082550004926006, 10.984135844229993, 0.0],
              [107.084318869681738, 10.983653353489037, 0.0],
              [107.087123376476924, 10.982951174924885, 0.0],
              [107.088216263406238, 10.982678499453934, 0.0],
              [107.089548600603948, 10.982473067143077, 0.0],
              [107.093145825532275, 10.981920648027275, 0.0],
              [107.09378167085778, 10.981818807128031, 0.0],
              [107.096804407214123, 10.981314681819727, 0.0],
              [107.100104017978381, 10.980806932221473, 0.0],
              [107.103724626681029, 10.980112273573569, 0.0],
              [107.107335737792127, 10.979280329129125, 0.0],
              [107.107485095270434, 10.979242744492341, 0.0],
              [107.11093962823918, 10.978862457880931, 0.0],
              [107.112889533834334, 10.978562322412014, 0.0],
              [107.114175831999987, 10.978611665666934, 0.0],
              [107.116146397406311, 10.978611271606393, 0.0],
              [107.117076258039972, 10.978765912819368, 0.0],
              [107.121108395405571, 10.979269099600451, 0.0],
              [107.124440339850011, 10.97954798848934, 0.0],
              [107.124649218497964, 10.979564763824525, 0.0],
              [107.127622047897404, 10.980154750508834, 0.0],
              [107.128976775616394, 10.980380293878765, 0.0],
              [107.130362314600518, 10.98072696742315, 0.0],
              [107.137975494219432, 10.982017216082893, 0.0],
              [107.141033549774988, 10.98229499386067, 0.0],
              [107.142276168237586, 10.982351314406827, 0.0],
              [107.142276054608544, 10.98235279192518, 0.0],
              [107.145887265944125, 10.982630513322977, 0.0],
              [107.14933724208305, 10.982895936937298, 0.0],
              [107.150473443980843, 10.982990683530076, 0.0],
              [107.151787607786886, 10.983209473452598, 0.0],
              [107.15616494349743, 10.983741125258515, 0.0],
              [107.159774368566346, 10.984018709282887, 0.0],
              [107.162827126991942, 10.984253793052908, 0.0],
              [107.162899952148948, 10.984259347598321, 0.0],
              [107.163415617355099, 10.984298299797487, 0.0],
              [107.166987954035321, 10.984573855722294, 0.0],
              [107.17083333333332, 10.984721944444445, 0.0],
              [107.174722222222215, 10.984721944444445, 0.0],
              [107.191808689078513, 10.981711865176116, 0.0],
              [107.193514510541519, 10.981091594670513, 0.0],
              [107.194919714644641, 10.980670145788494, 0.0],
              [107.196376711471984, 10.980208778346194, 0.0],
              [107.199708655916439, 10.979097389457307, 0.0],
              [107.200117934662117, 10.978947508999871, 0.0],
              [107.203081133921401, 10.97993491278705, 0.0],
              [107.208553209480812, 10.981388653362048, 0.0],
              [107.209200467769989, 10.981604226391051, 0.0],
              [107.216786716794687, 10.983486917866369, 0.0],
              [107.218039553506983, 10.983695549950983, 0.0],
              [107.226231050658569, 10.985987640264927, 0.0],
              [107.229563550658582, 10.986542640264927, 0.0],
              [107.233942968284722, 10.987074691274728, 0.0],
              [107.237554357173593, 10.987352469052505, 0.0],
              [107.241388888888878, 10.987499722222221, 0.0],
              [107.244999166666659, 10.987499722222221, 0.0],
              [107.25303942066958, 10.986196206094533, 0.0],
              [107.256056445391465, 10.985964180814067, 0.0],
              [107.263103375576137, 10.984541548055921, 0.0],
              [107.266470066225978, 10.984142065626795, 0.0],
              [107.270082288448208, 10.983587898960129, 0.0],
              [107.274096630109113, 10.982560437575355, 0.0],
              [107.274998499375272, 10.982500501322965, 0.0],
              [107.275584197900386, 10.982500384152015, 0.0],
              [107.277275730611308, 10.982630502052855, 0.0],
              [107.284661517922402, 10.982651525042936, 0.0],
              [107.284999389784574, 10.982627468894497, 0.0],
              [107.285335326164372, 10.98265139920106, 0.0],
              [107.285851069704989, 10.982669745359024, 0.0],
              [107.286445895039435, 10.983000071694754, 0.0],
              [107.287251633531923, 10.983537588915155, 0.0],
              [107.294290594610828, 10.987453429156989, 0.0],
              [107.294991574810737, 10.987772404145675, 0.0],
              [107.295323745117429, 10.987993814121289, 0.0],
              [107.298780832136984, 10.990101153614781, 0.0],
              [107.299499491819901, 10.990500249292028, 0.0],
              [107.300304550930392, 10.99103740262075, 0.0],
              [107.308573573428248, 10.995386914640667, 0.0],
              [107.309041910979118, 10.995647154206432, 0.0],
              [107.311536346795208, 10.99703406052018, 0.0],
              [107.316454513596341, 10.999278058322943, 0.0],
              [107.320437112976336, 11.001637353061016, 0.0],
              [107.323492390754112, 11.003024853061016, 0.0],
              [107.32558700252126, 11.003919114392982, 0.0],
              [107.327487601469215, 11.004679848325633, 0.0],
              [107.329126221887194, 11.005408609422332, 0.0],
              [107.332359350029748, 11.006713475311514, 0.0],
              [107.334672336212776, 11.007554446460997, 0.0],
              [107.336717634229316, 11.008372034368298, 0.0],
              [107.339491905040276, 11.00948135413935, 0.0],
              [107.342244445032549, 11.010489442680322, 0.0],
              [107.344931073056486, 11.011384985354965, 0.0],
              [107.347349064048785, 11.01226473419033, 0.0],
              [107.351287460875056, 11.013515942981885, 0.0],
              [107.354342738652818, 11.014349276315217, 0.0],
              [107.359286439016998, 11.015432195644163, 0.0],
              [107.360876088355667, 11.015696916379172, 0.0],
              [107.362302670122418, 11.016225833403434, 0.0],
              [107.365081281233543, 11.017059166736768, 0.0],
              [107.371839863893598, 11.01858494395151, 0.0],
              [107.373173209841241, 11.018790129311906, 0.0],
              [107.374268490818139, 11.019063789761073, 0.0],
              [107.393991470323797, 11.01997358488253, 0.0],
              [107.397598582446307, 11.019418644555991, 0.0],
              [107.401205972256747, 11.01886425913631, 0.0],
              [107.412844611692918, 11.015597152440501, 0.0],
              [107.415846776166376, 11.014346042058159, 0.0],
              [107.418292556282424, 11.013367681105928, 0.0],
              [107.422065008086818, 11.011674468697937, 0.0],
              [107.424842785864598, 11.010286968697937, 0.0],
              [107.428239286525425, 11.008422610365161, 0.0],
              [107.430291660858757, 11.007190241578543, 0.0],
              [107.432052223418452, 11.006212542503727, 0.0],
              [107.433499766356277, 11.005376714589408, 0.0],
              [107.436278377467389, 11.003709770144965, 0.0],
              [107.440569711008024, 11.00082340757506, 0.0],
              [107.441678942286103, 10.99999089461633, 0.0],
              [107.443013277588406, 10.999100892821371, 0.0],
              [107.443725525726535, 10.998626219006654, 0.0],
              [107.44706624021218, 10.997038644458911, 0.0],
              [107.448063072555072, 10.996484651895187, 0.0],
              [107.449200989576511, 10.997060155585222, 0.0],
              [107.449761234685994, 10.997433714574329, 0.0],
              [107.453224721025904, 10.999545320281461, 0.0],
              [107.455722246047131, 11.000932279176585, 0.0],
              [107.456445219933983, 11.001333877800173, 0.0],
              [107.45725483306839, 11.001873889850806, 0.0],
              [107.460719771207707, 11.003987015560167, 0.0],
              [107.461450272511428, 11.004392795524614, 0.0],
              [107.46226443463317, 11.004935570272442, 0.0],
              [107.463473300608854, 11.005716586475168, 0.0],
              [107.465694689497738, 11.007106864252947, 0.0],
              [107.469875808185748, 11.009452516772722, 0.0],
              [107.472098308185764, 11.010562794550498, 0.0],
              [107.475886604368029, 11.01226256554806, 0.0],
              [107.478665215479126, 11.013373121103616, 0.0],
              [107.485088316859716, 11.015449579577345, 0.0],
              [107.487866650193055, 11.016144579577345, 0.0],
              [107.488468753670062, 11.016294602347328, 0.0],
              [107.496716918377814, 11.017629930879725, 0.0],
              [107.499070936230581, 11.017811190254388, 0.0],
              [107.501012833821306, 11.018994855203484, 0.0],
              [107.503490966898369, 11.020370402228819, 0.0],
              [107.504209441641535, 11.020770113677603, 0.0],
              [107.505032610846285, 11.021319167628658, 0.0],
              [107.513366989220032, 11.025705175055537, 0.0],
              [107.513783711161622, 11.025936548337993, 0.0],
              [107.513954778630705, 11.026014502110904, 0.0],
              [107.51420208537337, 11.026144648495118, 0.0],
              [107.514516235771069, 11.026270352639653, 0.0],
              [107.520989331651052, 11.029220079136097, 0.0],
              [107.523194701319994, 11.030020875590854, 0.0],
              [107.525365671451098, 11.030886722548061, 0.0],
              [107.528079315812192, 11.031879121763264, 0.0],
              [107.531414038034413, 11.032990510652152, 0.0],
              [107.535094371774392, 11.034062204890843, 0.0],
              [107.538427149552163, 11.034895538224177, 0.0],
              [107.55055583333332, 11.036388888888888, 0.0],
              [107.552238602041157, 11.036388888888888, 0.0],
              [107.553790181472976, 11.036508746221315, 0.0],
              [107.556987768141653, 11.03677332446996, 0.0],
              [107.561099293096689, 11.036943609779339, 0.0],
              [107.563056010470206, 11.036944061398982, 0.0],
              [107.565573034616861, 11.037111337300477, 0.0],
              [107.572440330559402, 11.037095082244811, 0.0],
              [107.572764904056015, 11.037071967975088, 0.0],
              [107.573089327788836, 11.037095235453318, 0.0],
              [107.576666111111095, 11.037223333333332, 0.0],
              [107.580556666666666, 11.037223333333332, 0.0],
              [107.588175523912042, 11.036639454329162, 0.0],
              [107.591512657127154, 11.036124943253377, 0.0],
              [107.591609475206937, 11.036111111111111, 0.0],
              [107.591667222222213, 11.036111111111111, 0.0],
              [107.599282938174852, 11.035527716321594, 0.0],
              [107.602893215952633, 11.034971327432705, 0.0],
              [107.609151922003562, 11.033368052661958, 0.0],
              [107.609545867877273, 11.033307459587482, 0.0],
              [107.611922597064876, 11.032658296781493, 0.0],
              [107.61235847832512, 11.032546638329746, 0.0],
              [107.612440322806236, 11.03251688887657, 0.0],
              [107.620520661359436, 11.030309883014949, 0.0],
              [107.623297328026098, 11.029198771903838, 0.0],
              [107.62394423803957, 11.028934645389741, 0.0],
              [107.624614519844343, 11.028655496280482, 0.0],
              [107.633776392085963, 11.025264604447344, 0.0],
              [107.636553892085971, 11.023873771114008, 0.0],
              [107.644157587811122, 11.019172432629038, 0.0],
              [107.645270458707841, 11.018338161958054, 0.0],
              [107.646615315809342, 11.017441939378736, 0.0],
              [107.648900566778252, 11.015824849498804, 0.0],
              [107.650009051862924, 11.014992931719743, 0.0],
              [107.651349320869656, 11.014099270129812, 0.0],
              [107.65511408196808, 11.01079701884893, 0.0],
              [107.658022111376155, 11.009373612072958, 0.0],
              [107.659048919683741, 11.008688730817665, 0.0],
              [107.659296682870632, 11.008576135763283, 0.0],
              [107.666348487536325, 11.004656492352035, 0.0],
              [107.668848487536323, 11.002989547907591, 0.0],
              [107.671111077659774, 11.001388566742669, 0.0],
              [107.672220373847807, 11.000556559940467, 0.0],
              [107.673563566730635, 10.999661346647507, 0.0],
              [107.681199332360123, 10.993400509536567, 0.0],
              [107.683142387915666, 10.991456342869901, 0.0],
              [107.685386248454805, 10.989058648983539, 0.0],
              [107.686249261620191, 10.988073527587584, 0.0],
              [107.687031828030172, 10.987290513869, 0.0],
              [107.68930163262246, 10.984863182162995, 0.0],
              [107.690154781403123, 10.983887771883966, 0.0],
              [107.690927452966321, 10.983114327428382, 0.0],
              [107.697140594545715, 10.975536207724724, 0.0],
              [107.697710496853745, 10.974682445665943, 0.0],
              [107.701556834370848, 10.969846537986482, 0.0],
              [107.701592737227557, 10.969789135038097, 0.0],
              [107.701969375294809, 10.969304801518913, 0.0],
              [107.704098123993916, 10.966351456265492, 0.0],
              [107.705764512882823, 10.963852567376602, 0.0],
              [107.706562791943128, 10.962616454840733, 0.0],
              [107.707565189082459, 10.961012980064378, 0.0],
              [107.708379562221864, 10.959791216863721, 0.0],
              [107.709298848018776, 10.958504143190474, 0.0],
              [107.710179908141441, 10.957227458167768, 0.0],
              [107.713319424014813, 10.955287651012775, 0.0],
              [107.714450447887714, 10.954439948337416, 0.0],
              [107.71581398550255, 10.953529761212351, 0.0],
              [107.718029630244416, 10.95196220974046, 0.0],
              [107.720252130244418, 10.950297487518236, 0.0],
              [107.722837495402914, 10.948223724127431, 0.0],
              [107.724781384291802, 10.946555668571875, 0.0],
              [107.725430779238295, 10.945988627449474, 0.0],
              [107.72793189034941, 10.943766405227253, 0.0],
              [107.730082334627227, 10.941738898325241, 0.0],
              [107.732026223516115, 10.939794453880795, 0.0],
              [107.73429321067313, 10.937371062580613, 0.0],
              [107.736237099562018, 10.935149673691724, 0.0],
              [107.736463726201805, 10.934827561235107, 0.0],
              [107.73683151250718, 10.934541668680399, 0.0],
              [107.737951892878712, 10.933741328372127, 0.0],
              [107.743011160121668, 10.928885572453456, 0.0],
              [107.743161009687796, 10.928862501823172, 0.0],
              [107.746771231491081, 10.928306976305763, 0.0],
              [107.751873324353909, 10.927136449626627, 0.0],
              [107.75372625683093, 10.926916650280571, 0.0],
              [107.757338479053146, 10.926359983613903, 0.0],
              [107.766797857043414, 10.923937494184971, 0.0],
              [107.76844067238568, 10.923340595648174, 0.0],
              [107.770427708380055, 10.922881284635631, 0.0],
              [107.771288017772591, 10.922674384964708, 0.0],
              [107.774620795550362, 10.921841607186931, 0.0],
              [107.775692854765708, 10.921494991476266, 0.0],
              [107.779684599082401, 10.924019586438014, 0.0],
              [107.780151490737268, 10.924227197593876, 0.0],
              [107.780706722669109, 10.924535844855544, 0.0],
              [107.782465164224462, 10.925422281882389, 0.0],
              [107.785994813822896, 10.928229695820054, 0.0],
              [107.788217313822898, 10.929619140264499, 0.0],
              [107.789909860317096, 10.930568204841594, 0.0],
              [107.791961895865924, 10.932140162680529, 0.0],
              [107.794461062532577, 10.933808496013864, 0.0],
              [107.79706297974684, 10.935394370359765, 0.0],
              [107.797383975237025, 10.935758090798673, 0.0],
              [107.799259287007231, 10.938094955313902, 0.0],
              [107.80092567589611, 10.94003912198057, 0.0],
              [107.803529130136027, 10.942850918813246, 0.0],
              [107.805750796802698, 10.945073141035467, 0.0],
              [107.808195985076878, 10.947360381717676, 0.0],
              [107.810418207299108, 10.949303715051009, 0.0],
              [107.815587108126508, 10.953260961739447, 0.0],
              [107.818088219237623, 10.95492929507278, 0.0],
              [107.82154101538292, 10.957035791557109, 0.0],
              [107.824039070938468, 10.958424402668221, 0.0],
              [107.829775215479216, 10.961151454436981, 0.0],
              [107.832553826590328, 10.962262009992537, 0.0],
              [107.834016884893643, 10.962820356215438, 0.0],
              [107.83633355394656, 10.963663145166221, 0.0],
              [107.838381804452879, 10.964482035718651, 0.0],
              [107.847137526576503, 10.967084033784564, 0.0],
              [107.848752882569954, 10.96740710498325, 0.0],
              [107.850934204449572, 10.967952162742472, 0.0],
              [107.854808008699919, 10.968758746239766, 0.0],
              [107.856193108525375, 10.968990384882355, 0.0],
              [107.857608326404332, 10.969343746912156, 0.0],
              [107.860938385880559, 10.969907790103379, 0.0],
              [107.862080199810322, 10.970322976287209, 0.0],
              [107.869359916954835, 10.972361900739687, 0.0],
              [107.872137416954828, 10.972917456295242, 0.0],
              [107.874335878864173, 10.973306360520755, 0.0],
              [107.875672210184092, 10.973512100227701, 0.0],
              [107.876774746006987, 10.973787435704338, 0.0],
              [107.885027657504338, 10.975127886681078, 0.0],
              [107.888638768615451, 10.9754076089033, 0.0],
              [107.892296022153388, 10.975687400318925, 0.0],
              [107.892558759855334, 10.975706802820712, 0.0],
              [107.893726510992138, 10.975789945567509, 0.0],
              [107.894098743419562, 10.975857728737392, 0.0],
              [107.894823108555428, 10.975984139178451, 0.0],
              [107.896195915805649, 10.976213321785735, 0.0],
              [107.897600871116296, 10.976564384964707, 0.0],
              [107.903326651962445, 10.977493205538346, 0.0],
              [107.908417000438988, 10.978758021043051, 0.0],
              [107.908890267517648, 10.978837194755386, 0.0],
              [107.914550772100867, 10.980152084394014, 0.0],
              [107.917882716545321, 10.980707917727347, 0.0],
              [107.922276054608517, 10.981242236369622, 0.0],
              [107.923696032607083, 10.981351440245541, 0.0],
              [107.924861209325471, 10.981545021513369, 0.0],
              [107.929218076572383, 10.982073609775108, 0.0],
              [107.929405858120262, 10.982088065618331, 0.0],
              [107.936164897278005, 10.983186335386193, 0.0],
              [107.939609164587424, 10.983451279025376, 0.0],
              [107.941063289053389, 10.983572930634727, 0.0],
              [107.942975827323806, 10.983866262017791, 0.0],
              [107.94507195100023, 10.984107016501454, 0.0],
              [107.949269116819153, 10.985150419002116, 0.0],
              [107.950641407343994, 10.985379438839871, 0.0],
              [107.952042066412432, 10.985729545216991, 0.0],
              [107.953913789211683, 10.986118867366084, 0.0],
              [107.956393523274585, 10.988054732893298, 0.0],
              [107.962366921702881, 10.994864150284624, 0.0],
              [107.962860291943741, 10.995295510222848, 0.0],
              [107.963061600703909, 10.99556379892204, 0.0],
              [107.965682930760025, 10.9987713881348, 0.0],
              [107.967770016886647, 11.001119588273758, 0.0],
              [107.969579738604239, 11.003189467185981, 0.0],
              [107.974589989741204, 11.007580735053045, 0.0],
              [107.979020158007913, 11.012629695409451, 0.0],
              [107.979390708213671, 11.012953915256904, 0.0],
              [107.984843948099993, 11.018732940681048, 0.0],
              [107.987066448099995, 11.020678496236602, 0.0],
              [107.989373702751834, 11.022548126264645, 0.0],
              [107.991233832568383, 11.02428908995647, 0.0],
              [107.992214545116923, 11.02514755064068, 0.0],
              [107.992993425420053, 11.025925763713404, 0.0],
              [107.995130540852415, 11.02792453838865, 0.0],
              [107.996853906831859, 11.02978569109103, 0.0],
              [107.99907557349853, 11.032009024424363, 0.0],
              [107.999128258568959, 11.031956378847983, 0.0],
              [108.002640307922633, 11.036249476903659, 0.0],
              [108.004227530144874, 11.037637532459216, 0.0],
              [108.004227792166816, 11.037637232840778, 0.0],
              [108.004356601680584, 11.037751722542808, 0.0],
              [108.004574920955747, 11.037941788735308, 0.0],
              [108.006788903789015, 11.040433453797156, 0.0],
              [108.011231008891571, 11.044842903184149, 0.0],
              [108.012211755919523, 11.045701485695989, 0.0],
              [108.01298754746378, 11.046476833804103, 0.0],
              [108.021828066053004, 11.053508325763936, 0.0],
              [108.02188199983857, 11.053542042809173, 0.0],
              [108.022364621715525, 11.053917290297646, 0.0],
              [108.023984020783672, 11.055124717512076, 0.0],
              [108.0251169715564, 11.055934361240917, 0.0],
              [108.025666489754968, 11.056361147198558, 0.0],
              [108.026778791598659, 11.0573353327823, 0.0],
              [108.027191928342774, 11.057693198368687, 0.0],
              [108.029136095009449, 11.059358753924244, 0.0],
              [108.035026771970138, 11.063455394203107, 0.0],
              [108.035965917499155, 11.064186014583559, 0.0],
              [108.040153254689343, 11.067112919847325, 0.0],
              [108.040211322918793, 11.067149239730647, 0.0],
              [108.040699644584365, 11.067528912943033, 0.0],
              [108.043651789174504, 11.069656491640627, 0.0],
              [108.046150955841171, 11.071322880529518, 0.0],
              [108.047383506402866, 11.072118843875156, 0.0],
              [108.04743748867601, 11.072152592912488, 0.0],
              [108.047916788243725, 11.072525334105878, 0.0],
              [108.054119700366542, 11.076625829504959, 0.0],
              [108.057534509852488, 11.079652378412858, 0.0],
              [108.060033398741368, 11.081319045079525, 0.0],
              [108.061873854395856, 11.082545475494328, 0.0],
              [108.063155921063967, 11.083461472848116, 0.0],
              [108.064500576950522, 11.084389384525224, 0.0],
              [108.066999743617203, 11.086054384525223, 0.0],
              [108.069890214946895, 11.087816042134509, 0.0],
              [108.075434851940742, 11.091482337914975, 0.0],
              [108.07793568527407, 11.092872060137195, 0.0],
              [108.081907542261021, 11.09468386733352, 0.0],
              [108.083504970351783, 11.095657803834195, 0.0],
              [108.083762460451709, 11.09580077762177, 0.0],
              [108.087939797885497, 11.098707308250518, 0.0],
              [108.090439797885494, 11.100096197139406, 0.0],
              [108.091018973667346, 11.100401651850779, 0.0],
              [108.091986934633155, 11.101046959161321, 0.0],
              [108.095614139594957, 11.103062710636603, 0.0],
              [108.096979509852588, 11.104097100635153, 0.0],
              [108.097956620153639, 11.104748797145412, 0.0],
              [108.09901224035012, 11.105570343507063, 0.0],
              [108.10069990260935, 11.106827659556643, 0.0],
              [108.102645735942687, 11.108214604001088, 0.0],
              [108.102699837762572, 11.108138701087348, 0.0],
              [108.104208601299732, 11.109380014716811, 0.0],
              [108.106707834044769, 11.111046169880177, 0.0],
              [108.109205400285745, 11.112711491640715, 0.0],
              [108.110464140818166, 11.113523817379457, 0.0],
              [108.110492883722159, 11.113541762399697, 0.0],
              [108.110949881557431, 11.113897577653235, 0.0],
              [108.113954348052019, 11.11606300383378, 0.0],
              [108.114812112923261, 11.116634179930815, 0.0],
              [108.114922994273925, 11.116745061281485, 0.0],
              [108.117336450196916, 11.119003979298867, 0.0],
              [108.117635247680653, 11.119265660707882, 0.0],
              [108.120665389657688, 11.122324701929315, 0.0],
              [108.120704789934607, 11.122369730013254, 0.0],
              [108.125405106640741, 11.1270703794296, 0.0],
              [108.127433066382068, 11.128845129349466, 0.0],
              [108.129098375019936, 11.130643494696901, 0.0],
              [108.131038322826882, 11.132582334278865, 0.0],
              [108.133255772051811, 11.134799783503798, 0.0],
              [108.137564135393575, 11.138226824734724, 0.0],
              [108.142754306441176, 11.143593427652977, 0.0],
              [108.144975695330061, 11.145261483208532, 0.0],
              [108.145421945687175, 11.145577105937598, 0.0],
              [108.146018118683315, 11.146173790304433, 0.0],
              [108.150705247819218, 11.15031184837037, 0.0],
              [108.150847130127005, 11.150422122452927, 0.0],
              [108.152889744924209, 11.152333909153556, 0.0],
              [108.155111967146425, 11.154280298042444, 0.0],
              [108.158868120218685, 11.157253545327013, 0.0],
              [108.159295660562108, 11.157627669835424, 0.0],
              [108.161526983350342, 11.159579381832355, 0.0],
              [108.161890792201447, 11.159894523051198, 0.0],
              [108.163833014423673, 11.16156063416231, 0.0],
              [108.172110165317491, 11.167321215775361, 0.0],
              [108.172555606983749, 11.167568622902524, 0.0],
              [108.173016832866878, 11.167963912276267, 0.0],
              [108.181265426454331, 11.173703366681062, 0.0],
              [108.183766537565447, 11.175093366681063, 0.0],
              [108.184373030205407, 11.175399156223603, 0.0],
              [108.184389843276179, 11.175412194743496, 0.0],
              [108.187169287720607, 11.177356916965717, 0.0],
              [108.189336523427741, 11.178790868805855, 0.0],
              [108.190450383045572, 11.179486926616551, 0.0],
              [108.192157736091872, 11.180682193275619, 0.0],
              [108.194626064588476, 11.182153274477926, 0.0],
              [108.194862872765498, 11.182360366943191, 0.0],
              [108.201274019870624, 11.187120033145222, 0.0],
              [108.203496242092868, 11.188509199811888, 0.0],
              [108.204219216732596, 11.188914635692834, 0.0],
              [108.206241158495516, 11.190683834735388, 0.0],
              [108.208461163079932, 11.192516235510571, 0.0],
              [108.210961163079929, 11.194461513288347, 0.0],
              [108.211648793202045, 11.194987074963619, 0.0],
              [108.212588037742066, 11.195692154260731, 0.0],
              [108.213112675693282, 11.196141330075553, 0.0],
              [108.215135042608239, 11.197910427193138, 0.0],
              [108.218873973736024, 11.200869284181953, 0.0],
              [108.219024837276137, 11.201001289779555, 0.0],
              [108.221224887625979, 11.203478754534279, 0.0],
              [108.223261103118844, 11.205639002737568, 0.0],
              [108.223842994035522, 11.206220727352191, 0.0],
              [108.224256156758827, 11.206702830879959, 0.0],
              [108.226850865929947, 11.20950625950613, 0.0],
              [108.229072532596604, 11.211729870617241, 0.0],
              [108.23154507758727, 11.214042420491481, 0.0],
              [108.231669804423404, 11.214151398753694, 0.0],
              [108.235417147491432, 11.21819226751281, 0.0],
              [108.236283374880855, 11.218949837693456, 0.0],
              [108.23964934952393, 11.222579900808793, 0.0],
              [108.24007133018479, 11.22307283334724, 0.0],
              [108.24037500437835, 11.223362489271517, 0.0],
              [108.241230452904958, 11.224285054790505, 0.0],
              [108.242591578202692, 11.22547674116853, 0.0],
              [108.247368645594989, 11.230033288613718, 0.0],
              [108.248731430058243, 11.231092609855201, 0.0],
              [108.249868482681904, 11.232086695982247, 0.0],
              [108.258507044494976, 11.23815821500467, 0.0],
              [108.261007044494974, 11.239546270560226, 0.0],
              [108.264954179121005, 11.241515261160904, 0.0],
              [108.267454179121003, 11.242627483383128, 0.0],
              [108.267491785159621, 11.242542954325305, 0.0],
              [108.275891769839518, 11.246496753879031, 0.0],
              [108.277309231816034, 11.24692260204159, 0.0],
              [108.277708224158673, 11.247067630806558, 0.0],
              [108.277995968343859, 11.247224632110294, 0.0],
              [108.283072231190445, 11.249614771197718, 0.0],
              [108.285439797885473, 11.250930086028282, 0.0],
              [108.289409367281038, 11.252910286407314, 0.0],
              [108.290067968668225, 11.253203095738062, 0.0],
              [108.291356136852059, 11.253904945481839, 0.0],
              [108.306308195029132, 11.259187725042395, 0.0],
              [108.30936236169579, 11.259744669486839, 0.0],
              [108.311282223640745, 11.259992857768003, 0.0],
              [108.318029237311038, 11.264303222784211, 0.0],
              [108.319477190462237, 11.264946650226522, 0.0],
              [108.321226071863549, 11.265822227813779, 0.0],
              [108.331509846713018, 11.269626274234044, 0.0],
              [108.334844291157452, 11.270457940900709, 0.0],
              [108.350267966072863, 11.271833586426624, 0.0],
              [108.354433521628437, 11.271556086426624, 0.0],
              [108.3546672913713, 11.271539962909241, 0.0],
              [108.356781457711122, 11.271389166666667, 0.0],
              [108.359168055555543, 11.271389166666667, 0.0],
              [108.366770628979353, 11.270807795515871, 0.0],
              [108.370380073423817, 11.270252517738093, 0.0],
              [108.373998897136744, 11.269695219502413, 0.0],
              [108.378521099782915, 11.268783475573276, 0.0],
              [108.37961382892658, 11.268510156673448, 0.0],
              [108.380433725393203, 11.268383892617589, 0.0],
              [108.383909889637451, 11.267921655220583, 0.0],
              [108.388818172150408, 11.267908361796726, 0.0],
              [108.392181107226875, 11.26765072905031, 0.0],
              [108.394435441727879, 11.267500610388364, 0.0],
              [108.396706123937562, 11.267501064555086, 0.0],
              [108.398376170462825, 11.267780078244206, 0.0],
              [108.401490317464436, 11.268787440995951, 0.0],
              [108.401586329260837, 11.268811431937573, 0.0],
              [108.402633974781509, 11.269211116663762, 0.0],
              [108.404941430294869, 11.270050267682352, 0.0],
              [108.406980140929008, 11.270866037384041, 0.0],
              [108.413419933443905, 11.272949427878093, 0.0],
              [108.416751877888345, 11.273783038989205, 0.0],
              [108.416868914662174, 11.273812223190102, 0.0],
              [108.417899061760451, 11.274205666134318, 0.0],
              [108.42095406176044, 11.275317610578762, 0.0],
              [108.428239099115771, 11.277360013818083, 0.0],
              [108.431016599115779, 11.277916124929193, 0.0],
              [108.431693661566385, 11.278040255895883, 0.0],
              [108.434061434584905, 11.278792329464467, 0.0],
              [108.435133074982247, 11.2790847190301, 0.0],
              [108.436255851172774, 11.27949273216162, 0.0],
              [108.445105775767487, 11.281817918339012, 0.0],
              [108.445502568011378, 11.281884110995646, 0.0],
              [108.448438525029431, 11.282705506124492, 0.0],
              [108.449381985067944, 11.283098581717574, 0.0],
              [108.455450323473841, 11.285180940575595, 0.0],
              [108.458499479125933, 11.286012881307652, 0.0],
              [108.461548635188521, 11.286845653815336, 0.0],
              [108.462615138132719, 11.287124336595134, 0.0],
              [108.462698718433714, 11.287145195107049, 0.0],
              [108.463748645912162, 11.287545946501861, 0.0],
              [108.466804757023269, 11.288657057612973, 0.0],
              [108.473415038384459, 11.29051004223709, 0.0],
              [108.474200748511905, 11.290771727378276, 0.0],
              [108.48177499580882, 11.292652418239136, 0.0],
              [108.483143744453159, 11.292880695121728, 0.0],
              [108.484544760005235, 11.293230773853608, 0.0],
              [108.486872281077197, 11.293753705314277, 0.0],
              [108.489650892188308, 11.294308705314277, 0.0],
              [108.491233476907198, 11.294596970188895, 0.0],
              [108.493095487422408, 11.295216916547018, 0.0],
              [108.501263121825474, 11.297192063030215, 0.0],
              [108.502614862158211, 11.297400703474182, 0.0],
              [108.503734128949816, 11.297679844230039, 0.0],
              [108.506017154671284, 11.298192791595852, 0.0],
              [108.508794654671277, 11.298748902706963, 0.0],
              [108.510373536712535, 11.299038746291087, 0.0],
              [108.511722635732028, 11.29926408387135, 0.0],
              [108.51562442792769, 11.300144294494373, 0.0],
              [108.517291927927701, 11.300423738938818, 0.0],
              [108.517341883991875, 11.300432084709366, 0.0],
              [108.520674383991874, 11.300987084709366, 0.0],
              [108.525340158343113, 11.301540334534273, 0.0],
              [108.529229047232008, 11.301817001200941, 0.0],
              [108.540360942208608, 11.301364581140749, 0.0],
              [108.543824783879316, 11.300833055555556, 0.0],
              [108.544166111111096, 11.300833055555556, 0.0],
              [108.551776397136678, 11.300250497280201, 0.0],
              [108.553827134721189, 11.299934683692186, 0.0],
              [108.554126931865895, 11.299907728637336, 0.0],
              [108.554226322262664, 11.299898692346604, 0.0],
              [108.554684874712137, 11.299856540607092, 0.0],
              [108.55483629291831, 11.299843275328476, 0.0],
              [108.555423792918319, 11.299789108661809, 0.0],
              [108.562071654448687, 11.298720911379036, 0.0],
              [108.565681932226468, 11.297888133601258, 0.0],
              [108.57027160538172, 11.296596126349174, 0.0],
              [108.571777470411746, 11.296093585480879, 0.0],
              [108.573245495807399, 11.295726334624071, 0.0],
              [108.574268836349248, 11.295458796239624, 0.0],
              [108.574567388827049, 11.29537736050195, 0.0],
              [108.575352354750933, 11.295257051806068, 0.0],
              [108.581764104119628, 11.293708249281305, 0.0],
              [108.582067602936647, 11.293664913985932, 0.0],
              [108.582608287802501, 11.29358469385409, 0.0],
              [108.585947701616647, 11.293070562358967, 0.0],
              [108.589566119018826, 11.292554014734389, 0.0],
              [108.595662179170247, 11.291292303348147, 0.0],
              [108.595972705350803, 11.291207570754235, 0.0],
              [108.596772390035952, 11.291084490294656, 0.0],
              [108.596762460310785, 11.29101997437415, 0.0],
              [108.603700824272366, 11.289894477801157, 0.0],
              [108.603713081358691, 11.289974170322909, 0.0],
              [108.607323359136487, 11.289418892545132, 0.0],
              [108.607950450830117, 11.28931836194702, 0.0],
              [108.609955993839435, 11.288983770354418, 0.0],
              [108.610843089541476, 11.289232175270982, 0.0],
              [108.614472138006846, 11.290862278738757, 0.0],
              [108.61724963800684, 11.291974223183201, 0.0],
              [108.621478566227339, 11.293451100435265, 0.0],
              [108.622878405231091, 11.293870632184689, 0.0],
              [108.624583432466324, 11.294490515325823, 0.0],
              [108.629538816218869, 11.296006371557523, 0.0],
              [108.631750881148875, 11.296559479974761, 0.0],
              [108.63176665460432, 11.296564207911116, 0.0],
              [108.635148575852725, 11.298106171259484, 0.0],
              [108.635167119028907, 11.298112907950557, 0.0],
              [108.639224217864367, 11.300041665021711, 0.0],
              [108.642002828975478, 11.301151942799487, 0.0],
              [108.643458457735022, 11.301707442629498, 0.0],
              [108.64551587282736, 11.302456086626826, 0.0],
              [108.651787950649407, 11.305316777245455, 0.0],
              [108.65484295064941, 11.306428721689899, 0.0],
              [108.657170716358792, 11.307274630948751, 0.0],
              [108.659205809677943, 11.308088749688281, 0.0],
              [108.660681218944546, 11.308652108628033, 0.0],
              [108.663737330055653, 11.309764053072479, 0.0],
              [108.666035782912488, 11.310599930724795, 0.0],
              [108.66805869473805, 11.311410997182305, 0.0],
              [108.673545599087603, 11.313250118065845, 0.0],
              [108.673828735724911, 11.313327112490994, 0.0],
              [108.673940622100403, 11.31337184020456, 0.0],
              [108.678127886990566, 11.314833898325148, 0.0],
              [108.680904553657228, 11.31566723165848, 0.0],
              [108.685618709452896, 11.316799971520954, 0.0],
              [108.685861483314866, 11.316880862437063, 0.0],
              [108.687109257859973, 11.317190616354226, 0.0],
              [108.688224677269986, 11.319538208114388, 0.0],
              [108.689612732825537, 11.322039597003277, 0.0],
              [108.690466180398047, 11.323517549378206, 0.0],
              [108.692133402620271, 11.326294216044872, 0.0],
              [108.697372343425982, 11.333482449805169, 0.0],
              [108.697967675453228, 11.334162768560061, 0.0],
              [108.70238458203238, 11.340441152515679, 0.0],
              [108.704125166426323, 11.342428723474606, 0.0],
              [108.705964283735582, 11.345133918900537, 0.0],
              [108.707689701882288, 11.347289559419794, 0.0],
              [108.708879015653906, 11.348876368459301, 0.0],
              [108.715968375941713, 11.356522371637702, 0.0],
              [108.71819087594173, 11.358466538304368, 0.0],
              [108.718566182421498, 11.358791568494985, 0.0],
              [108.720510071310386, 11.360458235161651, 0.0],
              [108.72235796932425, 11.361967610868808, 0.0],
              [108.724857969324248, 11.363912055313252, 0.0],
              [108.729044094264154, 11.366837508465165, 0.0],
              [108.731265483153024, 11.368226675131833, 0.0],
              [108.733513620777316, 11.369552235100947, 0.0],
              [108.734231059501553, 11.369950396063295, 0.0],
              [108.73503284318592, 11.370485156190709, 0.0],
              [108.742092162587028, 11.374409348066022, 0.0],
              [108.743307630490889, 11.374961642722319, 0.0],
              [108.74403839304081, 11.37536788366409, 0.0],
              [108.749771769063344, 11.378094021395293, 0.0],
              [108.752550380174469, 11.379204854728629, 0.0],
              [108.753994457488815, 11.379756433244319, 0.0],
              [108.756332849820168, 11.380608420482103, 0.0],
              [108.758404797170627, 11.381435667100636, 0.0],
              [108.768729440288752, 11.384320473869922, 0.0],
              [108.772061384733192, 11.38487547386992, 0.0],
              [108.77577436823033, 11.385338886307604, 0.0],
              [108.775980345722886, 11.385386415918992, 0.0],
              [108.778996550975847, 11.385985362540058, 0.0],
              [108.782329050975846, 11.386541195873392, 0.0],
              [108.786725158852178, 11.387075607393445, 0.0],
              [108.790336355748082, 11.387353028625299, 0.0],
              [108.793323585458694, 11.38758263872616, 0.0],
              [108.800890608265746, 11.389019616486481, 0.0],
              [108.804500886043527, 11.389297116486482, 0.0],
              [108.808020683015684, 11.389306754868228, 0.0],
              [108.815055872354961, 11.390429256137235, 0.0],
              [108.816229012133675, 11.390512890218181, 0.0],
              [108.81660588942421, 11.390581453856544, 0.0],
              [108.817331996334573, 11.390708029618487, 0.0],
              [108.818692330374532, 11.390934846418249, 0.0],
              [108.820085258145156, 11.391283397546921, 0.0],
              [108.824021217016849, 11.392101692513888, 0.0],
              [108.825375365103554, 11.392326857160745, 0.0],
              [108.826763058684918, 11.392673751648211, 0.0],
              [108.83419531524811, 11.393905704013608, 0.0],
              [108.836253981809392, 11.394421228145827, 0.0],
              [108.836896712282837, 11.39652192660502, 0.0],
              [108.837518419361686, 11.398232748761682, 0.0],
              [108.837705649424095, 11.398857077959109, 0.0],
              [108.838052740117021, 11.402135728131766, 0.0],
              [108.838722016338437, 11.40526132398773, 0.0],
              [108.839137438984395, 11.407548019813618, 0.0],
              [108.840023255598808, 11.411504387683387, 0.0],
              [108.841135477821027, 11.415671609905608, 0.0],
              [108.841207974429651, 11.415940234725927, 0.0],
              [108.841470506770236, 11.41690235757887, 0.0],
              [108.841637843753148, 11.417823716011847, 0.0],
              [108.844164850227571, 11.426835437623016, 0.0],
              [108.845553739116468, 11.430447104289684, 0.0],
              [108.845610533986473, 11.43059194168012, 0.0],
              [108.848697782930103, 11.439172431341316, 0.0],
              [108.848492689412055, 11.441841304679716, 0.0],
              [108.848228324930275, 11.445013149732254, 0.0],
              [108.848183054798369, 11.445597684535656, 0.0],
              [108.847925642981039, 11.449195284425526, 0.0],
              [108.847672213819138, 11.452235927510241, 0.0],
              [108.847627251872154, 11.45996162006151, 0.0],
              [108.847905862983254, 11.463850786728177, 0.0],
              [108.848358987312224, 11.467877772258264, 0.0],
              [108.848914265090002, 11.471488605591595, 0.0],
              [108.849614784406725, 11.475136243710612, 0.0],
              [108.85044839551783, 11.478747077043947, 0.0],
              [108.85217478029648, 11.484580018141564, 0.0],
              [108.852407205861766, 11.48521947897807, 0.0],
              [108.854414151579647, 11.492194770424854, 0.0],
              [108.855523811173938, 11.494966425170738, 0.0],
              [108.856632361422868, 11.497737523655497, 0.0],
              [108.860182422967554, 11.504893699321412, 0.0],
              [108.860856911005243, 11.506017696139674, 0.0],
              [108.861384111081733, 11.507072728932764, 0.0],
              [108.862781046920119, 11.509865769687648, 0.0],
              [108.866049859157812, 11.515462355359002, 0.0],
              [108.867504025824474, 11.517617910914558, 0.0],
              [108.868155295386387, 11.51834953365158, 0.0],
              [108.868843892926932, 11.521410942171649, 0.0],
              [108.868884170704717, 11.521495942171649, 0.0],
              [108.869376585442836, 11.522505636810699, 0.0],
              [108.869752140998401, 11.523254247921811, 0.0],
              [108.872052332295951, 11.527347649097788, 0.0],
              [108.873196330582701, 11.529176720114334, 0.0],
              [108.873636275691396, 11.529910010853104, 0.0],
              [108.874166079284578, 11.53096972402137, 0.0],
              [108.878530682524101, 11.538031169159783, 0.0],
              [108.87861286831793, 11.538195524310273, 0.0],
              [108.881724420485597, 11.543558465771257, 0.0],
              [108.883390809374475, 11.546059299104591, 0.0],
              [108.885006322926003, 11.548342687810779, 0.0],
              [108.885993569370328, 11.549658413286979, 0.0],
              [108.886998765419975, 11.551156306988407, 0.0],
              [108.890150007209826, 11.556729217047383, 0.0],
              [108.891035163612912, 11.557993653926649, 0.0],
              [108.89094469426739, 11.565556886621579, 0.0],
              [108.891223305378503, 11.56972438662158, 0.0],
              [108.891692392956358, 11.57398574028351, 0.0],
              [108.892206731606407, 11.577331773203131, 0.0],
              [108.892724182046038, 11.580955997117742, 0.0],
              [108.893988181983445, 11.587059969415735, 0.0],
              [108.894822626427882, 11.590115802749068, 0.0],
              [108.898330834981039, 11.599296455489013, 0.0],
              [108.89915325712299, 11.600942122688787, 0.0],
              [108.898736971388317, 11.603436718072826, 0.0],
              [108.898055001147952, 11.611677380952106, 0.0],
              [108.898055834481283, 11.615566269840995, 0.0],
              [108.89874014154654, 11.62379949536556, 0.0],
              [108.899018752657639, 11.625466162032227, 0.0],
              [108.899988834578153, 11.628101093985572, 0.0],
              [108.900159388186012, 11.629381141898797, 0.0],
              [108.9027974869594, 11.637342848938408, 0.0],
              [108.902601490452668, 11.637391790870845, 0.0],
              [108.90343343489711, 11.640723457537513, 0.0],
              [108.90502984120026, 11.644080030523003, 0.0],
              [108.906022457233064, 11.647075717468349, 0.0],
              [108.907413012788609, 11.649576550801681, 0.0],
              [108.907595705422636, 11.649474966960078, 0.0],
              [108.90899673320051, 11.652420740840958, 0.0],
              [108.909183719146867, 11.65304369502015, 0.0],
              [108.908887961704437, 11.653191544147868, 0.0],
              [108.910275739482216, 11.655967655258978, 0.0],
              [108.911669039771652, 11.658753700283098, 0.0],
              [108.911947292865364, 11.658614545922063, 0.0],
              [108.912680537332477, 11.65959285676723, 0.0],
              [108.917838937571005, 11.668918396275716, 0.0],
              [108.917554040537297, 11.669108169355384, 0.0],
              [108.919219318315058, 11.671608169355386, 0.0],
              [108.920846308098106, 11.67390756864256, 0.0],
              [108.922501822453782, 11.676112806442204, 0.0],
              [108.924156515653792, 11.678320535125817, 0.0],
              [108.924709366578043, 11.679044329911966, 0.0],
              [108.926373724184174, 11.681182656250822, 0.0],
              [108.927766106761567, 11.683040636336177, 0.0],
              [108.934854600494504, 11.690686707468158, 0.0],
              [108.935824307256752, 11.691535094836702, 0.0],
              [108.936591908454034, 11.692302586392335, 0.0],
              [108.939013494611117, 11.694568308548165, 0.0],
              [108.94123405016667, 11.696511919659278, 0.0],
              [108.944158080135168, 11.698882934089406, 0.0],
              [108.94638058013517, 11.700550434089406, 0.0],
              [108.947182448860545, 11.701117876578309, 0.0],
              [108.947894391112683, 11.701784089237931, 0.0],
              [108.948876174025642, 11.702643794065391, 0.0],
              [108.949657285592039, 11.703424348093195, 0.0],
              [108.959280258857575, 11.710934062747981, 0.0],
              [108.961034081776276, 11.711986075775251, 0.0],
              [108.962542490188824, 11.712991681383608, 0.0],
              [108.965582884868795, 11.71484547281535, 0.0],
              [108.966518107524365, 11.715573179955014, 0.0],
              [108.97231210670283, 11.719042503000493, 0.0],
              [108.9745199255063, 11.720511897785544, 0.0],
              [108.977925513461869, 11.7225873938535, 0.0],
              [108.978589321137733, 11.722956470921279, 0.0],
              [108.9787468582131, 11.723078999757682, 0.0],
              [108.981696077976366, 11.725205366692933, 0.0],
              [108.984195244643033, 11.726872588915155, 0.0],
              [108.987668332137005, 11.728990598059239, 0.0],
              [108.988019869636261, 11.729185818550489, 0.0],
              [108.988468821888517, 11.729578525471823, 0.0],
              [108.988854293274827, 11.729912250700028, 0.0],
              [108.990799015497046, 11.731578639588916, 0.0],
              [108.995594568019214, 11.735211214574257, 0.0],
              [108.998089767059611, 11.736874957845528, 0.0],
              [108.998128334102034, 11.736900686353767, 0.0],
              [109.002409687708422, 11.740178601134691, 0.0],
              [109.002741840111227, 11.740466100684188, 0.0],
              [109.004687395666792, 11.74213332290641, 0.0],
              [109.006521825337842, 11.74363144305382, 0.0],
              [109.009020992004494, 11.745575609720488, 0.0],
              [109.00971366646688, 11.746104831933259, 0.0],
              [109.01193533313355, 11.747771776377704, 0.0],
              [109.013755939835221, 11.74913700593768, 0.0],
              [109.014121218879495, 11.750141614629193, 0.0],
              [109.016327351504927, 11.755270789515754, 0.0],
              [109.018604541733808, 11.761234976616468, 0.0],
              [109.018714556402912, 11.761455182119088, 0.0],
              [109.018848874007688, 11.7618241865278, 0.0],
              [109.019409221011301, 11.763291478262211, 0.0],
              [109.019975879711808, 11.764708125013474, 0.0],
              [109.020303246035766, 11.765689787787702, 0.0],
              [109.020307853672406, 11.765703857535309, 0.0],
              [109.020392419140933, 11.765958974488374, 0.0],
              [109.020995611873005, 11.767970757052767, 0.0],
              [109.023372969214535, 11.774305658036612, 0.0],
              [109.023928637039461, 11.775527793850735, 0.0],
              [109.023977465263897, 11.775674264843358, 0.0],
              [109.02454629136723, 11.777951276873424, 0.0],
              [109.026062267838384, 11.782910259938362, 0.0],
              [109.027172545616168, 11.785965537716139, 0.0],
              [109.02778785032686, 11.787397246609919, 0.0],
              [109.030786842805824, 11.797833698031745, 0.0],
              [109.032174620583604, 11.801166198031744, 0.0],
              [109.033576399540095, 11.804228510190246, 0.0],
              [109.035833301685642, 11.810136668823539, 0.0],
              [109.0372199538144, 11.812910250411502, 0.0],
              [109.038605495680187, 11.815682998124487, 0.0],
              [109.040004162173844, 11.818479221792398, 0.0],
              [109.042308041432733, 11.822588942237205, 0.0],
              [109.043695819210512, 11.824811997792763, 0.0],
              [109.046129528552058, 11.828360834738591, 0.0],
              [109.047797861885385, 11.830582223627479, 0.0],
              [109.049813693268263, 11.833093614390426, 0.0],
              [109.051479248823824, 11.83503694772376, 0.0],
              [109.05631358417881, 11.839646984869521, 0.0],
              [109.05825770391354, 11.841746437449659, 0.0],
              [109.058446488213107, 11.841935198154147, 0.0],
              [109.058443065542434, 11.843323856550748, 0.0],
              [109.05848257541156, 11.843916979180536, 0.0],
              [109.058480460661826, 11.843944581335528, 0.0],
              [109.058228421615581, 11.847211288814083, 0.0],
              [109.058194282712506, 11.847588393444305, 0.0],
              [109.058690489506148, 11.855005949881429, 0.0],
              [109.057060095484943, 11.861853528777376, 0.0],
              [109.056813814561124, 11.865059618280974, 0.0],
              [109.05677746591158, 11.872211805937072, 0.0],
              [109.05705496591159, 11.876378472603738, 0.0],
              [109.057523181300468, 11.880641263397266, 0.0],
              [109.058077347967128, 11.884251818952823, 0.0],
              [109.058180025963495, 11.884893001742181, 0.0],
              [109.058736137074604, 11.888226890631069, 0.0],
              [109.059292693360291, 11.891562336787898, 0.0],
              [109.059891905196537, 11.89457876768077, 0.0],
              [109.060725516307656, 11.898190156569658, 0.0],
              [109.062454274435126, 11.904030225740488, 0.0],
              [109.063565385546241, 11.907086059073823, 0.0],
              [109.06577439827889, 11.912223062605911, 0.0],
              [109.068054968888575, 11.918191114340638, 0.0],
              [109.068757690531839, 11.919596698087229, 0.0],
              [109.068757883513513, 11.921055225067715, 0.0],
              [109.069035383513523, 11.924665502845492, 0.0],
              [109.070560805216928, 11.933468594781408, 0.0],
              [109.070223627980837, 11.934395768975705, 0.0],
              [109.069404891228629, 11.936444351977666, 0.0],
              [109.066641959378785, 11.946048923570363, 0.0],
              [109.066085848267676, 11.949105034681475, 0.0],
              [109.065388841825694, 11.961383001793513, 0.0],
              [109.065411007665958, 11.961715422900012, 0.0],
              [109.064815168007584, 11.968886274335214, 0.0],
              [109.067736642112237, 11.982933607135987, 0.0],
              [109.067960182336122, 11.983547853879653, 0.0],
              [109.068164221008757, 11.984362989735267, 0.0],
              [109.068770665876642, 11.986569999069722, 0.0],
              [109.069602610321084, 11.989347221291945, 0.0],
              [109.071718479439298, 11.99498987276265, 0.0],
              [109.072046408221652, 11.99656757984291, 0.0],
              [109.072322126893525, 11.997670914368072, 0.0],
              [109.072526230239717, 11.998994175912793, 0.0],
              [109.073078108445984, 12.002588296555777, 0.0],
              [109.073239944228746, 12.003636234669989, 0.0],
              [109.073493067462707, 12.012717071105341, 0.0],
              [109.074048345240499, 12.016882904438674, 0.0],
              [109.074193833659123, 12.017895229797018, 0.0],
              [109.074750778103549, 12.021507729797017, 0.0],
              [109.075658155238216, 12.026009289180372, 0.0],
              [109.076490933016004, 12.029342344735928, 0.0],
              [109.076765889298599, 12.030441898964144, 0.0],
              [109.076969630706941, 12.031766676765901, 0.0],
              [109.077606650750141, 12.034927913735407, 0.0],
              [109.077496389641937, 12.035148546301206, 0.0],
              [109.075796466476433, 12.038935547684591, 0.0],
              [109.074688951534654, 12.041705166090777, 0.0],
              [109.073582133305209, 12.044470414432698, 0.0],
              [109.072471995399027, 12.047242154854294, 0.0],
              [109.071888108628968, 12.048772101096304, 0.0],
              [109.071056165588999, 12.051064006271226, 0.0],
              [109.07024643908008, 12.053087007724075, 0.0],
              [109.06816088950076, 12.059532552142711, 0.0],
              [109.067684956968634, 12.061435013540711, 0.0],
              [109.067466099728293, 12.061982019889967, 0.0],
              [109.065993066231329, 12.066201344005313, 0.0],
              [109.065905061992282, 12.066494985109916, 0.0],
              [109.065513667308906, 12.067434254071072, 0.0],
              [109.06595556810835, 12.067618394749232, 0.0],
              [109.0634014990911, 12.074075729817427, 0.0],
              [109.063023172540525, 12.073924338640728, 0.0],
              [109.061912061429425, 12.076701005307394, 0.0],
              [109.06044215084539, 12.080909110929728, 0.0],
              [109.05960853973427, 12.083687722040839, 0.0],
              [109.059007881651141, 12.086094581012757, 0.0],
              [109.058848985923248, 12.086511058764428, 0.0],
              [109.058716385581789, 12.086875411650716, 0.0],
              [109.058608397076171, 12.087091475070046, 0.0],
              [109.055449010392607, 12.095054321888496, 0.0],
              [109.054822841850964, 12.097137869059184, 0.0],
              [109.054414854991137, 12.098365203966081, 0.0],
              [109.05386209933323, 12.099746195107377, 0.0],
              [109.052751926403545, 12.102517333026729, 0.0],
              [109.051153128719037, 12.108069309648378, 0.0],
              [109.049684119704906, 12.111158776622549, 0.0],
              [109.048572730816019, 12.113938498844771, 0.0],
              [109.04800516017167, 12.115426371535387, 0.0],
              [109.046894882393886, 12.118482204868721, 0.0],
              [109.047021779533893, 12.118528310483539, 0.0],
              [109.043989704626512, 12.125661460565132, 0.0],
              [109.043159461736209, 12.128985479397539, 0.0],
              [109.042756748229408, 12.130595260237548, 0.0],
              [109.040384648724071, 12.13910829846982, 0.0],
              [109.040296281678991, 12.13964563902528, 0.0],
              [109.040264170645202, 12.139837543006308, 0.0],
              [109.040089301765022, 12.140480013841968, 0.0],
              [109.039015581519038, 12.145384776035598, 0.0],
              [109.038520586549879, 12.148352273348216, 0.0],
              [109.038416008192243, 12.148926514050261, 0.0],
              [109.038148143500138, 12.149909518500735, 0.0],
              [109.037198892610206, 12.154093028216268, 0.0],
              [109.036930590291718, 12.155565680094089, 0.0],
              [109.03648891379342, 12.157335188977553, 0.0],
              [109.03558311383091, 12.16183360286332, 0.0],
              [109.035068535872213, 12.165175018179564, 0.0],
              [109.034937155089253, 12.165739710746985, 0.0],
              [109.032622526578038, 12.174009772350392, 0.0],
              [109.032394718355704, 12.175377761865724, 0.0],
              [109.032045222970183, 12.176777727187954, 0.0],
              [109.031364755124798, 12.179933827896402, 0.0],
              [109.031099484400528, 12.181391094342736, 0.0],
              [109.030659779388159, 12.183149767872687, 0.0],
              [109.02929365937392, 12.19883884013807, 0.0],
              [109.029571437151702, 12.20272884013807, 0.0],
              [109.030026255089226, 12.206772929695463, 0.0],
              [109.030582088422562, 12.210384596362129, 0.0],
              [109.032104349852602, 12.217131173083432, 0.0],
              [109.032936294297045, 12.21990756197232, 0.0],
              [109.037904700881057, 12.231192012243339, 0.0],
              [109.045483510838977, 12.240917521048789, 0.0],
              [109.047706844172311, 12.24314002104879, 0.0],
              [109.049521908987359, 12.244836767890757, 0.0],
              [109.050649917823407, 12.24615263558289, 0.0],
              [109.053262125264922, 12.248972802140168, 0.0],
              [109.055484347487152, 12.251194191029056, 0.0],
              [109.057897836189838, 12.253452314265335, 0.0],
              [109.060119502856494, 12.255397314265334, 0.0],
              [109.060503542639381, 12.255730097050975, 0.0],
              [109.062447431528284, 12.257397319273197, 0.0],
              [109.064304313029098, 12.258914180512125, 0.0],
              [109.066804313029095, 12.260858347178793, 0.0],
              [109.070297692623697, 12.263166122588117, 0.0],
              [109.074493338139632, 12.266606505231643, 0.0],
              [109.076992504806299, 12.268272060787197, 0.0],
              [109.078222592117157, 12.269066085448477, 0.0],
              [109.078267384365688, 12.26909407850601, 0.0],
              [109.078738305274911, 12.269460524797601, 0.0],
              [109.084078958065163, 12.272990327817109, 0.0],
              [109.084142942649819, 12.273038376286173, 0.0],
              [109.084278067159275, 12.273121925190919, 0.0],
              [109.085176722476376, 12.273715874353384, 0.0],
              [109.085782880420595, 12.274052367050292, 0.0],
              [109.091815211177803, 12.277782220574585, 0.0],
              [109.093622093674227, 12.278685210056997, 0.0],
              [109.094436283583633, 12.279137266387808, 0.0],
              [109.094598693206848, 12.279234744643665, 0.0],
              [109.095975379397743, 12.280305194639645, 0.0],
              [109.102373667113469, 12.284535011522166, 0.0],
              [109.104873667113466, 12.285924733744388, 0.0],
              [109.108881224356551, 12.287923050747198, 0.0],
              [109.111175476920096, 12.28894144396846, 0.0],
              [109.114025004601672, 12.290237154991361, 0.0],
              [109.116147053863742, 12.291143580439943, 0.0],
              [109.118925387197066, 12.292255247106612, 0.0],
              [109.120400225431027, 12.292818514076712, 0.0],
              [109.12271771152308, 12.293661925666656, 0.0],
              [109.124764567677886, 12.294480586221573, 0.0],
              [109.127529412712477, 12.29549304221108, 0.0],
              [109.130863023823593, 12.296603597766635, 0.0],
              [109.131834762308742, 12.296852516928611, 0.0],
              [109.132037159864339, 12.297594933846156, 0.0],
              [109.132389834991088, 12.298826216658547, 0.0],
              [109.133224279435524, 12.301604549991879, 0.0],
              [109.135887942384116, 12.308316168153125, 0.0],
              [109.13593688365107, 12.308511982194831, 0.0],
              [109.137445330851051, 12.313448454458856, 0.0],
              [109.138554775295475, 12.316504843347744, 0.0],
              [109.139181855725354, 12.318040677792101, 0.0],
              [109.139612333576636, 12.320129142175615, 0.0],
              [109.140070189971283, 12.322113899248624, 0.0],
              [109.140110536155987, 12.323322859815949, 0.0],
              [109.140388036155983, 12.327489248704836, 0.0],
              [109.140403554354606, 12.327714563879059, 0.0],
              [109.140427766663265, 12.328054897534898, 0.0],
              [109.140403608190994, 12.328394401687881, 0.0],
              [109.140277501330331, 12.331931799308293, 0.0],
              [109.140276667997, 12.335544299308294, 0.0],
              [109.140388101615528, 12.338892160226699, 0.0],
              [109.140426848943292, 12.339471554465721, 0.0],
              [109.140424753169711, 12.339498801617999, 0.0],
              [109.140146892606552, 12.343115714407809, 0.0],
              [109.140126884190337, 12.35050537569653, 0.0],
              [109.140146508481109, 12.35078031220667, 0.0],
              [109.140143965015326, 12.351675528193413, 0.0],
              [109.137933752763601, 12.352492538913372, 0.0],
              [109.13515514165249, 12.353880594468929, 0.0],
              [109.132353555985418, 12.355281939951599, 0.0],
              [109.130429344778506, 12.356297358522536, 0.0],
              [109.127930178111825, 12.357686525189203, 0.0],
              [109.12223102329996, 12.361382289593198, 0.0],
              [109.120008523299973, 12.36304840070431, 0.0],
              [109.112027324973056, 12.370526596301819, 0.0],
              [109.110899282174003, 12.371843429727672, 0.0],
              [109.110051394058502, 12.372267289013569, 0.0],
              [109.108592349409335, 12.372915303179724, 0.0],
              [109.09352552870601, 12.383262405530814, 0.0],
              [109.091312074430633, 12.38547669047454, 0.0],
              [109.089373345220451, 12.387414589393831, 0.0],
              [109.087078581795566, 12.389867927126309, 0.0],
              [109.085135526240009, 12.392090427126309, 0.0],
              [109.080184474573926, 12.399843761135008, 0.0],
              [109.080065141041146, 12.399764201025747, 0.0],
              [109.078398752152268, 12.402263645470191, 0.0],
              [109.077479771755449, 12.404079318701408, 0.0],
              [109.077086640842182, 12.40469496068725, 0.0],
              [109.076499813969846, 12.406015467856715, 0.0],
              [109.073015874349764, 12.412898852887858, 0.0],
              [109.072167661856156, 12.415229318832475, 0.0],
              [109.071344770756667, 12.417289946957608, 0.0],
              [109.068590042628813, 12.426864773870079, 0.0],
              [109.068033098184372, 12.429919496092301, 0.0],
              [109.067804340425127, 12.431280349914847, 0.0],
              [109.067248229314018, 12.434892849914847, 0.0],
              [109.066924168457703, 12.437542456907893, 0.0],
              [109.066834000404015, 12.437933546173781, 0.0],
              [109.065666340114575, 12.452489085420398, 0.0],
              [109.065943840114571, 12.456656029864844, 0.0],
              [109.066389363056913, 12.460257296772886, 0.0],
              [109.066389446222217, 12.460569166666271, 0.0],
              [109.067879468202023, 12.472671203940967, 0.0],
              [109.068712245979796, 12.476005648385412, 0.0],
              [109.068986241604804, 12.477102454050691, 0.0],
              [109.069190843937307, 12.478433034502109, 0.0],
              [109.070372314871477, 12.483991614126989, 0.0],
              [109.071205925982582, 12.487047725238101, 0.0],
              [109.072461429398743, 12.490997735137848, 0.0],
              [109.073341541684044, 12.493414746798504, 0.0],
              [109.073650764045311, 12.494341409662796, 0.0],
              [109.074544666067681, 12.498778100749934, 0.0],
              [109.075376332734351, 12.502109489638823, 0.0],
              [109.076454148628812, 12.50581271757448, 0.0],
              [109.076994148628813, 12.507432439796704, 0.0],
              [109.077567861458874, 12.5091527434847, 0.0],
              [109.079316206801408, 12.513371320608094, 0.0],
              [109.08020607700513, 12.516180562066722, 0.0],
              [109.080507743671802, 12.517014173177834, 0.0],
              [109.080542108198998, 12.517108836407148, 0.0],
              [109.08135155264344, 12.519331614184926, 0.0],
              [109.081911420520726, 12.52079711520388, 0.0],
              [109.083022531631826, 12.523574059648324, 0.0],
              [109.084729347387068, 12.527372922600151, 0.0],
              [109.085600561981053, 12.529114132819071, 0.0],
              [109.086240062531431, 12.530555490844716, 0.0],
              [109.086434643044754, 12.530988495426737, 0.0],
              [109.087825198600299, 12.534044050982292, 0.0],
              [109.090448553899293, 12.539039834798281, 0.0],
              [109.091132860391454, 12.540181448847825, 0.0],
              [109.0916681460956, 12.54125191319898, 0.0],
              [109.092680976433641, 12.543172003430305, 0.0],
              [109.093545241461754, 12.544727645903373, 0.0],
              [109.094449162498492, 12.546534223246269, 0.0],
              [109.095328817179151, 12.548293356782143, 0.0],
              [109.095978253166095, 12.549754222170844, 0.0],
              [109.096935753277108, 12.551784061279399, 0.0],
              [109.098323808832689, 12.554563227946065, 0.0],
              [109.102462293106385, 12.560731747339597, 0.0],
              [109.103805172350206, 12.562967343708177, 0.0],
              [109.104269708056847, 12.563725343729608, 0.0],
              [109.104395111275295, 12.563925943761031, 0.0],
              [109.104717103184953, 12.56457037863966, 0.0],
              [109.109442322206263, 12.57221902193425, 0.0],
              [109.111108711095156, 12.574441244156473, 0.0],
              [109.112018768993508, 12.575575843599438, 0.0],
              [109.113768261009582, 12.578242868330866, 0.0],
              [109.113986319789817, 12.578547923978046, 0.0],
              [109.114615619106772, 12.579597630928768, 0.0],
              [109.11742756110543, 12.583457381045484, 0.0],
              [109.119192782049254, 12.588159369279033, 0.0],
              [109.120983536305147, 12.595561973366088, 0.0],
              [109.12177204026905, 12.599355384858841, 0.0],
              [109.122605651380155, 12.60268788485884, 0.0],
              [109.123552171719965, 12.605781669742717, 0.0],
              [109.124270019332727, 12.609344246509389, 0.0],
              [109.124618300834371, 12.610737953372363, 0.0],
              [109.124795154899005, 12.611800139415436, 0.0],
              [109.125304472812573, 12.615108287802514, 0.0],
              [109.126907494650553, 12.621362075206592, 0.0],
              [109.126967172986568, 12.621750956594148, 0.0],
              [109.12706869270167, 12.622385282613894, 0.0],
              [109.127572266007846, 12.625407226276121, 0.0],
              [109.128040801035269, 12.628454930609051, 0.0],
              [109.128561398544704, 12.632088986839523, 0.0],
              [109.131626835672989, 12.643554536911005, 0.0],
              [109.131677709522521, 12.64368182972291, 0.0],
              [109.131760494512307, 12.643985494223916, 0.0],
              [109.132111983694941, 12.645212827328688, 0.0],
              [109.132945594806031, 12.647989216217576, 0.0],
              [109.133403795372416, 12.649435263149131, 0.0],
              [109.133635887126616, 12.650130900796999, 0.0],
              [109.133886220209163, 12.651300207711483, 0.0],
              [109.135786915889554, 12.657915405704914, 0.0],
              [109.136897471445124, 12.660970405704914, 0.0],
              [109.138239595930614, 12.664091108244056, 0.0],
              [109.139683586268561, 12.668557248013226, 0.0],
              [109.140793864046358, 12.671335025791004, 0.0],
              [109.143507534738447, 12.677046859533808, 0.0],
              [109.144698141730615, 12.679191429654434, 0.0],
              [109.145419905853316, 12.681139121744666, 0.0],
              [109.146531294742189, 12.683639955077998, 0.0],
              [109.148331076543641, 12.687283201134003, 0.0],
              [109.149567182893577, 12.689548640962283, 0.0],
              [109.150552561596143, 12.691520187301512, 0.0],
              [109.152874608080296, 12.695661850320441, 0.0],
              [109.154026088075639, 12.697504678904988, 0.0],
              [109.155462748012226, 12.69989831425419, 0.0],
              [109.158327609510948, 12.704159218420685, 0.0],
              [109.15999316506651, 12.706380885087352, 0.0],
              [109.160528958038498, 12.70708257929669, 0.0],
              [109.162210446056505, 12.709244870047483, 0.0],
              [109.162341365730938, 12.709419298824505, 0.0],
              [109.162599191436712, 12.70983185089902, 0.0],
              [109.163393929945727, 12.711063009397774, 0.0],
              [109.16506031883462, 12.713563287175553, 0.0],
              [109.166660390288712, 12.715825611311207, 0.0],
              [109.167843777033511, 12.717404117850954, 0.0],
              [109.169326771137378, 12.719521016746727, 0.0],
              [109.170271779177696, 12.72082477797802, 0.0],
              [109.17039554041466, 12.720989861728336, 0.0],
              [109.170739390541968, 12.72156281159892, 0.0],
              [109.172641517277967, 12.724494902432076, 0.0],
              [109.174584572833524, 12.727272402432078, 0.0],
              [109.17550054954161, 12.728536268149997, 0.0],
              [109.178611755851549, 12.733334655883514, 0.0],
              [109.179440575184501, 12.73443965622106, 0.0],
              [109.180332999580955, 12.73577911100781, 0.0],
              [109.183991602326742, 12.74060834650211, 0.0],
              [109.185659657882297, 12.742553068724332, 0.0],
              [109.188256049829533, 12.745355894614853, 0.0],
              [109.190477438718418, 12.747577283503741, 0.0],
              [109.192907214431301, 12.749850487843272, 0.0],
              [109.195129714431303, 12.751795210065495, 0.0],
              [109.197354878272279, 12.753741985245934, 0.0],
              [109.201203228249597, 12.756788753246978, 0.0],
              [109.203147950471831, 12.758178753246979, 0.0],
              [109.203555155015067, 12.75846674709439, 0.0],
              [109.206333766126164, 12.760411191538834, 0.0],
              [109.214684294164229, 12.76513173452849, 0.0],
              [109.216164864370299, 12.765790149710718, 0.0],
              [109.216416079705141, 12.765915561771092, 0.0],
              [109.216956829878782, 12.76618534911465, 0.0],
              [109.218480791239642, 12.76703267163129, 0.0],
              [109.223522622419992, 12.769333760585766, 0.0],
              [109.225919192991697, 12.770590351969982, 0.0],
              [109.226072696172039, 12.770705855730908, 0.0],
              [109.23292866711347, 12.776201678188833, 0.0],
              [109.234320331731283, 12.776975289086939, 0.0],
              [109.235475190663806, 12.778130313046457, 0.0],
              [109.238028397978582, 12.78049508296472, 0.0],
              [109.239043656180641, 12.781820496601764, 0.0],
              [109.239994168449925, 12.782906408706143, 0.0],
              [109.240231104882682, 12.783177845518839, 0.0],
              [109.240970859619978, 12.784023884674818, 0.0],
              [109.242818771070048, 12.785872814099339, 0.0],
              [109.244171469003604, 12.787785013159551, 0.0],
              [109.245837857892482, 12.790006124270661, 0.0],
              [109.249429018047564, 12.794146097297009, 0.0],
              [109.249443844368471, 12.794165866548704, 0.0],
              [109.254078057878132, 12.799510954765909, 0.0],
              [109.255570233110888, 12.801004062958052, 0.0],
              [109.256349751400322, 12.801892742492166, 0.0],
              [109.257226746781512, 12.803061679826381, 0.0],
              [109.258459069238043, 12.804597956955925, 0.0],
              [109.258657370104046, 12.804909390463434, 0.0],
              [109.259227975603935, 12.805785189263331, 0.0],
              [109.260895197826173, 12.80828657815222, 0.0],
              [109.264537342562789, 12.813094955313902, 0.0],
              [109.265137800604961, 12.813795506378606, 0.0],
              [109.265821101065498, 12.814707295402084, 0.0],
              [109.272919256571868, 12.822361819959859, 0.0],
              [109.27513043284614, 12.824295356034778, 0.0],
              [109.277339671558394, 12.826229717603265, 0.0],
              [109.278323844872958, 12.827090524975741, 0.0],
              [109.279086580634925, 12.827853369684394, 0.0],
              [109.284474801112097, 12.831914346039026, 0.0],
              [109.286213426506208, 12.833437953236976, 0.0],
              [109.292808043798615, 12.838077548499147, 0.0],
              [109.293872289391999, 12.838876365301687, 0.0],
              [109.295274821446625, 12.839869024191799, 0.0],
              [109.297352632426012, 12.841813705081183, 0.0],
              [109.299087173661306, 12.843686184975208, 0.0],
              [109.299946317380758, 12.844545436087623, 0.0],
              [109.300358641437953, 12.845026835937034, 0.0],
              [109.302991258327793, 12.847869709249903, 0.0],
              [109.305213758327795, 12.850090542583235, 0.0],
              [109.306258217515406, 12.851067512963613, 0.0],
              [109.306329647120847, 12.851154604198999, 0.0],
              [109.306457585595638, 12.851352798102438, 0.0],
              [109.308124807817862, 12.853852798102437, 0.0],
              [109.312735118688508, 12.859111420327009, 0.0],
              [109.313613278878051, 12.860282056605696, 0.0],
              [109.315664301317426, 12.862837276530131, 0.0],
              [109.317331523539664, 12.864780332085687, 0.0],
              [109.322346610456364, 12.869844993338553, 0.0],
              [109.323322735739296, 12.870699362211994, 0.0],
              [109.324365147367573, 12.871741382935909, 0.0],
              [109.326300951189992, 12.873678293089995, 0.0],
              [109.3351588207166, 12.880728206570641, 0.0],
              [109.335211564241433, 12.880761184459546, 0.0],
              [109.335692995011357, 12.881135624672977, 0.0],
              [109.338876122479562, 12.88335884184637, 0.0],
              [109.336808225199533, 12.887287857608163, 0.0],
              [109.336455730581491, 12.887816511396876, 0.0],
              [109.334350995418404, 12.891267629718433, 0.0],
              [109.333944455634992, 12.891999206306483, 0.0],
              [109.33340104267252, 12.892814099290391, 0.0],
              [109.331288701353628, 12.896278481628361, 0.0],
              [109.331086296566582, 12.896642931687929, 0.0],
              [109.330956959344775, 12.896788490647063, 0.0],
              [109.325933695910805, 12.903499775222134, 0.0],
              [109.324544807021923, 12.905721997444354, 0.0],
              [109.323226324798767, 12.907958768091669, 0.0],
              [109.321838547020988, 12.910459323647226, 0.0],
              [109.318574262592634, 12.917616138434434, 0.0],
              [109.317462040370401, 12.920670860656655, 0.0],
              [109.314592539741639, 12.933935360443696, 0.0],
              [109.314314206408312, 12.937547027110364, 0.0],
              [109.314177640255295, 12.941096459447847, 0.0],
              [109.314112632626433, 12.941552359642628, 0.0],
              [109.313721117626685, 12.951912887980068, 0.0],
              [109.313761140517414, 12.952517543978713, 0.0],
              [109.313757260904339, 12.95256817370835, 0.0],
              [109.313611111111115, 12.956388333333333, 0.0],
              [109.313611111111115, 12.960277222222221, 0.0],
              [109.31373785092434, 12.9638350190605, 0.0],
              [109.313758139819868, 12.964119429163492, 0.0],
              [109.313757294818643, 12.970960099581674, 0.0],
              [109.313167268282186, 12.978336326893366, 0.0],
              [109.313206124118111, 12.978917343670235, 0.0],
              [109.313203949577755, 12.978945638815469, 0.0],
              [109.313197197494318, 12.981319693889933, 0.0],
              [109.312635598163823, 12.981810961695718, 0.0],
              [109.312445302806822, 12.982027895874619, 0.0],
              [109.312080897953379, 12.982365873516027, 0.0],
              [109.310137842397822, 12.98458809573825, 0.0],
              [109.310172729055708, 12.984618599759738, 0.0],
              [109.303954740614714, 12.991707023976453, 0.0],
              [109.30228751839249, 12.994207579532009, 0.0],
              [109.301636415163514, 12.995216177902138, 0.0],
              [109.300984607315399, 12.995960994754714, 0.0],
              [109.298608711095156, 12.998892089176859, 0.0],
              [109.297212630457622, 13.000753840318751, 0.0],
              [109.295543557532255, 13.002898021226015, 0.0],
              [109.294307894071181, 13.004554974358836, 0.0],
              [109.293505786503459, 13.005678278092862, 0.0],
              [109.292181285357131, 13.007383372134704, 0.0],
              [109.291681578971108, 13.008037718332776, 0.0],
              [109.290013523415553, 13.010259662777221, 0.0],
              [109.286284756960768, 13.016008696021556, 0.0],
              [109.285307584173893, 13.017768819702306, 0.0],
              [109.285207550120063, 13.017935459805315, 0.0],
              [109.284141735816277, 13.01930603181442, 0.0],
              [109.282014407327409, 13.022257247462433, 0.0],
              [109.280346907327413, 13.024757525240211, 0.0],
              [109.278227190783511, 13.028234762882976, 0.0],
              [109.277829344605536, 13.028951538993443, 0.0],
              [109.277294043000765, 13.029754045464582, 0.0],
              [109.276352210889343, 13.031297884934924, 0.0],
              [109.275842564370663, 13.031933250769436, 0.0],
              [109.274174508815108, 13.034156028547214, 0.0],
              [109.272568972698394, 13.036424149647715, 0.0],
              [109.271686750476164, 13.037746927425495, 0.0],
              [109.270888705168275, 13.038945385732809, 0.0],
              [109.27024398366494, 13.039912736666546, 0.0],
              [109.269423958734805, 13.040966903838562, 0.0],
              [109.265799991763117, 13.046716768176337, 0.0],
              [109.264520282280387, 13.048634415392227, 0.0],
              [109.261503547142368, 13.054061141777833, 0.0],
              [109.259341052098094, 13.057396753108822, 0.0],
              [109.257952440986969, 13.059897864219934, 0.0],
              [109.255611582645187, 13.065030054508457, 0.0],
              [109.253199426751024, 13.069413970170187, 0.0],
              [109.252550238458824, 13.070874481530565, 0.0],
              [109.251947821633451, 13.072079013972907, 0.0],
              [109.251150746992238, 13.073749341963563, 0.0],
              [109.250145969518357, 13.075959249539631, 0.0],
              [109.249448944130961, 13.077352603985346, 0.0],
              [109.24717404135022, 13.082640902419104, 0.0],
              [109.246335593291377, 13.08494752610066, 0.0],
              [109.24629001313555, 13.085061487885243, 0.0],
              [109.245827940270743, 13.085986280516877, 0.0],
              [109.244388237633174, 13.089334151827641, 0.0],
              [109.244067901564364, 13.08988892067671, 0.0],
              [109.242679012675467, 13.092389476232267, 0.0],
              [109.239969177077654, 13.098088356678581, 0.0],
              [109.238858065966554, 13.100864467789691, 0.0],
              [109.237744433061565, 13.103647853223505, 0.0],
              [109.235659779388172, 13.110093656761574, 0.0],
              [109.234826168277053, 13.113427823428241, 0.0],
              [109.233459109910171, 13.129103730545907, 0.0],
              [109.23373577657685, 13.132992619434797, 0.0],
              [109.235105214436871, 13.141581689786785, 0.0],
              [109.235939103325762, 13.144914189786785, 0.0],
              [109.236518329738345, 13.146806461208543, 0.0],
              [109.235969243644362, 13.148043210958553, 0.0],
              [109.234682097617082, 13.151234097768427, 0.0],
              [109.233836702785439, 13.153557244454847, 0.0],
              [109.233016002339653, 13.155610740866759, 0.0],
              [109.230415678235488, 13.164363689122903, 0.0],
              [109.230380761868901, 13.16453832335662, 0.0],
              [109.230244113111198, 13.164483652919452, 0.0],
              [109.229133002000083, 13.167260875141675, 0.0],
              [109.227665559569274, 13.17146182331574, 0.0],
              [109.22683194845817, 13.174239601093518, 0.0],
              [109.225510911756032, 13.17992491807223, 0.0],
              [109.225242382849189, 13.180662015513294, 0.0],
              [109.223497526693166, 13.186555041094342, 0.0],
              [109.222891567723508, 13.189186056266809, 0.0],
              [109.222322428401142, 13.191269742773887, 0.0],
              [109.221234971140973, 13.196229548415975, 0.0],
              [109.221231938759104, 13.196247754842787, 0.0],
              [109.220624157749455, 13.198070035052114, 0.0],
              [109.219284871516891, 13.20346050313792, 0.0],
              [109.218151785200959, 13.206841439328542, 0.0],
              [109.21731817408984, 13.209897272661873, 0.0],
              [109.216235415036323, 13.214838828155999, 0.0],
              [109.21595548178793, 13.216518987792918, 0.0],
              [109.215903239816811, 13.216675570184389, 0.0],
              [109.214823791367238, 13.220381778682125, 0.0],
              [109.21474644690413, 13.220691388722736, 0.0],
              [109.212609062047392, 13.226465984830838, 0.0],
              [109.211774339825183, 13.22979959594195, 0.0],
              [109.211079090793689, 13.233024175605522, 0.0],
              [109.210818285255598, 13.234462593317579, 0.0],
              [109.210383706935716, 13.236199892918942, 0.0],
              [109.21000961938492, 13.239236926514764, 0.0],
              [109.209134153973409, 13.241426464230516, 0.0],
              [109.20802609602417, 13.244194118463829, 0.0],
              [109.207455493522616, 13.245688158067217, 0.0],
              [109.206615083132533, 13.247998866434731, 0.0],
              [109.20579810990013, 13.25004129951577, 0.0],
              [109.204678426027982, 13.252844974136044, 0.0],
              [109.204127818794291, 13.25428801955433, 0.0],
              [109.204067065794703, 13.254454938572444, 0.0],
              [109.203162089830911, 13.255812477945344, 0.0],
              [109.196030211551687, 13.256134878817658, 0.0],
              [109.192900761366488, 13.256614981333769, 0.0],
              [109.189218499228673, 13.257106473353231, 0.0],
              [109.189242431030266, 13.257285770601989, 0.0],
              [109.177245908580431, 13.259232384301662, 0.0],
              [109.174623716351647, 13.260106375545314, 0.0],
              [109.172564148481015, 13.26072486377687, 0.0],
              [109.161248949742458, 13.265720180108698, 0.0],
              [109.158470616409105, 13.267384624553143, 0.0],
              [109.151607167914349, 13.272330690206275, 0.0],
              [109.149664112358806, 13.273997912428497, 0.0],
              [109.148998184480746, 13.27457960803506, 0.0],
              [109.148063304611782, 13.275410923989647, 0.0],
              [109.14751599919839, 13.275821061154758, 0.0],
              [109.147340142511993, 13.275953029974552, 0.0],
              [109.146789088865134, 13.276283419674815, 0.0],
              [109.145817192363154, 13.276936594317901, 0.0],
              [109.144604549832039, 13.277491586610289, 0.0],
              [109.141825383165369, 13.278879642165844, 0.0],
              [109.136418577976244, 13.282016855529362, 0.0],
              [109.133919411309591, 13.283684077751584, 0.0],
              [109.127228275627957, 13.289554191113824, 0.0],
              [109.127200973773668, 13.289522307830776, 0.0],
              [109.125256251551448, 13.291187585608554, 0.0],
              [109.124849273307404, 13.291539898348177, 0.0],
              [109.122626773307417, 13.293484898348176, 0.0],
              [109.120195241247146, 13.295760192297879, 0.0],
              [109.117978309361149, 13.297977678555432, 0.0],
              [109.116038323175303, 13.299917110538676, 0.0],
              [109.113757153621037, 13.302355267281463, 0.0],
              [109.112910768622768, 13.303322719925234, 0.0],
              [109.112144383162814, 13.304089105385197, 0.0],
              [109.108074372664916, 13.309206378422674, 0.0],
              [109.10634676381629, 13.310836860640881, 0.0],
              [109.102637253467591, 13.312502034984544, 0.0],
              [109.099859753467598, 13.31389092387343, 0.0],
              [109.094486146181168, 13.317009585011586, 0.0],
              [109.091985035070039, 13.318677085011586, 0.0],
              [109.089485078109433, 13.320343908229864, 0.0],
              [109.084314309550933, 13.324301019290997, 0.0],
              [109.0820909762176, 13.326244630402108, 0.0],
              [109.082306986761893, 13.326491728929556, 0.0],
              [109.075412170216751, 13.331776377826332, 0.0],
              [109.073188836883418, 13.334276933381886, 0.0],
              [109.071084513594158, 13.336806587369848, 0.0],
              [109.069140624705256, 13.339306309592072, 0.0],
              [109.064908009018012, 13.345708784574144, 0.0],
              [109.064497679873938, 13.346447016160365, 0.0],
              [109.063950194981743, 13.347268426115365, 0.0],
              [109.058941401116456, 13.359934966796899, 0.0],
              [109.05856692586103, 13.359785386421846, 0.0],
              [109.057464517041851, 13.362545272696993, 0.0],
              [109.056359343817135, 13.365305997620466, 0.0],
              [109.054271881798897, 13.371757747713113, 0.0],
              [109.053888401219325, 13.373291158894334, 0.0],
              [109.053763623609314, 13.373737162914344, 0.0],
              [109.052175678924939, 13.375098744394181, 0.0],
              [109.051513132731856, 13.375677165941019, 0.0],
              [109.049720344116409, 13.376945644740491, 0.0],
              [109.049552856278254, 13.377071271089717, 0.0],
              [109.048975733278326, 13.377417937254839, 0.0],
              [109.0469933381396, 13.378672939212812, 0.0],
              [109.044494171472934, 13.380338494768369, 0.0],
              [109.042367800706117, 13.381965622002305, 0.0],
              [109.039758868564206, 13.383402030040093, 0.0],
              [109.037258868564209, 13.385069252262317, 0.0],
              [109.035018685000011, 13.386653701198727, 0.0],
              [109.032796185000024, 13.388318978976503, 0.0],
              [109.032075283238711, 13.388869417187502, 0.0],
              [109.0295752832387, 13.390814417187501, 0.0],
              [109.02747316288729, 13.392549268431226, 0.0],
              [109.023016433574782, 13.395925953674068, 0.0],
              [109.021072266908121, 13.397592342562957, 0.0],
              [109.014142597621216, 13.404860042595692, 0.0],
              [109.013091593271355, 13.406211441132681, 0.0],
              [109.012105657270098, 13.407337340056706, 0.0],
              [109.008112753819034, 13.412551812006342, 0.0],
              [109.006446364930142, 13.415052645339674, 0.0],
              [109.006746598419753, 13.415252700954932, 0.0],
              [109.005454895940076, 13.417617979096475, 0.0],
              [109.004139181417429, 13.419310229722699, 0.0],
              [109.002028200585414, 13.422237548363885, 0.0],
              [109.000359311696513, 13.424737270586109, 0.0],
              [109.000329443069759, 13.424782061095168, 0.0],
              [108.998663887514198, 13.427282616650723, 0.0],
              [108.996814558996363, 13.431064993648903, 0.0],
              [108.99678599087099, 13.431105286718983, 0.0],
              [108.993876656621055, 13.434459371264584, 0.0],
              [108.992443659999921, 13.436371547042704, 0.0],
              [108.990935136566833, 13.438110663085281, 0.0],
              [108.985159389653987, 13.443174341793794, 0.0],
              [108.983213556320649, 13.445396841793793, 0.0],
              [108.974405421288949, 13.459772329021812, 0.0],
              [108.97329514351118, 13.462549551244035, 0.0],
              [108.969870340158977, 13.477268122238812, 0.0],
              [108.969592006825636, 13.480879511127702, 0.0],
              [108.969572482340809, 13.488301485447362, 0.0],
              [108.96960322974671, 13.488729838113974, 0.0],
              [108.969556044973231, 13.489433994564264, 0.0],
              [108.969571611508698, 13.496344610630613, 0.0],
              [108.969849944842039, 13.500235443963946, 0.0],
              [108.970302344488488, 13.504260420876056, 0.0],
              [108.970814288932928, 13.507592643098279, 0.0],
              [108.97081430083179, 13.507592641270202, 0.0],
              [108.970822308327499, 13.507647114452261, 0.0],
              [108.970832793724, 13.507715100883257, 0.0],
              [108.970832779818579, 13.507763769841949, 0.0],
              [108.970898190083858, 13.509341765914002, 0.0],
              [108.970727674980608, 13.510851784136959, 0.0],
              [108.970450174980598, 13.514184839692513, 0.0],
              [108.970287243017083, 13.518091078379209, 0.0],
              [108.970081213343235, 13.519878896965649, 0.0],
              [108.969141189444798, 13.523550379545835, 0.0],
              [108.968876801558565, 13.525003521960983, 0.0],
              [108.968438230862603, 13.526757074037247, 0.0],
              [108.967623693185402, 13.530673326844255, 0.0],
              [108.967484708928239, 13.531507719075522, 0.0],
              [108.967317896312068, 13.532119217106326, 0.0],
              [108.966361281374475, 13.536336539024582, 0.0],
              [108.966354415483693, 13.536374313445203, 0.0],
              [108.96456885941106, 13.543172050602134, 0.0],
              [108.964534140528599, 13.543380416001286, 0.0],
              [108.963990900552858, 13.545188443057663, 0.0],
              [108.963583462099862, 13.546413206719812, 0.0],
              [108.963025818246308, 13.54780606290849, 0.0],
              [108.961194170662822, 13.553276469159462, 0.0],
              [108.960782004602265, 13.55479298645187, 0.0],
              [108.960705011407541, 13.554956064061864, 0.0],
              [108.960046992486866, 13.556435291910281, 0.0],
              [108.959652956017081, 13.557224154027635, 0.0],
              [108.958799088872283, 13.558759955020799, 0.0],
              [108.956811102481751, 13.562743533947319, 0.0],
              [108.956496826569648, 13.563450419042621, 0.0],
              [108.955059730607246, 13.565606901431931, 0.0],
              [108.947349304998966, 13.585103828382373, 0.0],
              [108.946793193887856, 13.588436050604594, 0.0],
              [108.946235692624555, 13.591780773321023, 0.0],
              [108.946743544320199, 13.591865422320858, 0.0],
              [108.946150574944113, 13.594376831306134, 0.0],
              [108.945662238788586, 13.594254655666054, 0.0],
              [108.944828627677467, 13.5975866001105, 0.0],
              [108.943895972072767, 13.60332758015754, 0.0],
              [108.942629138661161, 13.608150395083152, 0.0],
              [108.942072194216721, 13.611484561749821, 0.0],
              [108.941515700859881, 13.623281308202872, 0.0],
              [108.941529457350768, 13.623474091858998, 0.0],
              [108.94125834962847, 13.627012354762959, 0.0],
              [108.94169052177476, 13.638414802579955, 0.0],
              [108.94224468844142, 13.642026747024397, 0.0],
              [108.943429311163086, 13.647604118508381, 0.0],
              [108.94426292227422, 13.650659674063938, 0.0],
              [108.947775064457815, 13.659853248582673, 0.0],
              [108.949163953346698, 13.662632137471562, 0.0],
              [108.950552116184355, 13.665408187693787, 0.0],
              [108.951935257099194, 13.668177237466029, 0.0],
              [108.953327500753062, 13.670963120365469, 0.0],
              [108.956963892384309, 13.676842328676045, 0.0],
              [108.95778490670331, 13.678483207893995, 0.0],
              [108.962488606761568, 13.68609480300286, 0.0],
              [108.96415499565046, 13.68831841411397, 0.0],
              [108.965836610711023, 13.690560110161179, 0.0],
              [108.966368834723795, 13.69125678577308, 0.0],
              [108.968313001390456, 13.693755952439748, 0.0],
              [108.969811121538257, 13.695590382111273, 0.0],
              [108.971478343760495, 13.697535937666828, 0.0],
              [108.974087450610284, 13.700353961924085, 0.0],
              [108.976308839499168, 13.702575628590752, 0.0],
              [108.979125927255097, 13.70518456470491, 0.0],
              [108.981070927255089, 13.706851786927132, 0.0],
              [108.98789164774648, 13.711767396081328, 0.0],
              [108.988811550390508, 13.71231919042442, 0.0],
              [108.992156098292639, 13.715124713152935, 0.0],
              [108.994933598292647, 13.717069435375157, 0.0],
              [108.997806292021323, 13.718866856237742, 0.0],
              [108.998081297373645, 13.720655010099424, 0.0],
              [108.999609095289756, 13.727422555736711, 0.0],
              [109.000442706400861, 13.730201166847822, 0.0],
              [109.001657731330923, 13.733759189397286, 0.0],
              [109.003044675775371, 13.737370578286175, 0.0],
              [109.007346234440661, 13.745985132329942, 0.0],
              [109.007459971303334, 13.746166725376749, 0.0],
              [109.007771763956029, 13.746790809949802, 0.0],
              [109.009621469037867, 13.750162293519494, 0.0],
              [109.011287024593415, 13.752939237963938, 0.0],
              [109.016542241760575, 13.760152610505578, 0.0],
              [109.018487797316141, 13.762375388283356, 0.0],
              [109.020745951189994, 13.764789404201105, 0.0],
              [109.022690117856655, 13.766734681978884, 0.0],
              [109.025132989398031, 13.769020610219698, 0.0],
              [109.027355211620261, 13.770964776886364, 0.0],
              [109.033564296193305, 13.774634044112652, 0.0],
              [109.035136024879762, 13.775856499757682, 0.0],
              [109.039338823262824, 13.778792375245779, 0.0],
              [109.040248634617072, 13.779360836837807, 0.0],
              [109.040931483380916, 13.779848739356991, 0.0],
              [109.041324402758434, 13.780126637719993, 0.0],
              [109.042103496416885, 13.780672057822924, 0.0],
              [109.042196604260269, 13.780751807581707, 0.0],
              [109.044013907016904, 13.782235899062718, 0.0],
              [109.046513073683585, 13.784180899062717, 0.0],
              [109.047233946994197, 13.784731499099257, 0.0],
              [109.047944225105525, 13.785263874781506, 0.0],
              [109.04874410050914, 13.785963665775238, 0.0],
              [109.049123080095129, 13.78629188583619, 0.0],
              [109.050775671330456, 13.787708696059793, 0.0],
              [109.050781717323972, 13.787714045751072, 0.0],
              [109.051657406371149, 13.788480159407305, 0.0],
              [109.052702426135994, 13.789525048560996, 0.0],
              [109.061565613991945, 13.796573666956661, 0.0],
              [109.061606127236317, 13.796598974442643, 0.0],
              [109.062075561016457, 13.796964193923595, 0.0],
              [109.06279725632065, 13.797515226709166, 0.0],
              [109.065020589653969, 13.799181060042498, 0.0],
              [109.065933132447469, 13.799826615314364, 0.0],
              [109.067517620861466, 13.801336763855778, 0.0],
              [109.068329786680124, 13.803463248582855, 0.0],
              [109.069718675569021, 13.806242137471743, 0.0],
              [109.07480788479198, 13.813821095092472, 0.0],
              [109.074781952829483, 13.813838376345858, 0.0],
              [109.076448341718375, 13.816338931901413, 0.0],
              [109.078048036088759, 13.818600989747148, 0.0],
              [109.079714424977638, 13.820824045302704, 0.0],
              [109.086804986021946, 13.828470272599757, 0.0],
              [109.08882597097454, 13.830237876563922, 0.0],
              [109.088860108869838, 13.83027474322653, 0.0],
              [109.086118029137822, 13.832679957041398, 0.0],
              [109.085881389426902, 13.832837664279598, 0.0],
              [109.080668116863492, 13.836830187367889, 0.0],
              [109.079549517429299, 13.837809836434534, 0.0],
              [109.07820608115243, 13.838853984963061, 0.0],
              [109.073518960671478, 13.842992034366661, 0.0],
              [109.071574794004803, 13.844937867699993, 0.0],
              [109.06513528951821, 13.853478633188535, 0.0],
              [109.064301157937805, 13.854432488586911, 0.0],
              [109.063543092913534, 13.855190120740358, 0.0],
              [109.061317199589965, 13.857418495551247, 0.0],
              [109.059394385559273, 13.859338291466317, 0.0],
              [109.057089323138598, 13.861800486506803, 0.0],
              [109.055149844260583, 13.864017548278072, 0.0],
              [109.054726520388925, 13.864501148342253, 0.0],
              [109.048765536240708, 13.870125330429902, 0.0],
              [109.046820814018474, 13.872347274874349, 0.0],
              [109.044320757550821, 13.875900359506344, 0.0],
              [109.043470354043563, 13.876809471308224, 0.0],
              [109.041525354043571, 13.879033915752668, 0.0],
              [109.037554784986995, 13.884223628234928, 0.0],
              [109.035889229431433, 13.886723628234927, 0.0],
              [109.033803187014456, 13.890144305422069, 0.0],
              [109.032413464792228, 13.89264319431096, 0.0],
              [109.032600594499542, 13.892747263889181, 0.0],
              [109.028041512919842, 13.900271614015786, 0.0],
              [109.026927624030961, 13.903048002904676, 0.0],
              [109.02633332821226, 13.904603786542916, 0.0],
              [109.025504983881746, 13.906885570299615, 0.0],
              [109.024698383718288, 13.908898145401759, 0.0],
              [109.022594047714435, 13.915406357017744, 0.0],
              [109.021763214381096, 13.918739690351078, 0.0],
              [109.021088614832479, 13.921870250438269, 0.0],
              [109.020531670388038, 13.924927194882713, 0.0],
              [109.020401581923565, 13.925673216276733, 0.0],
              [109.02036873730205, 13.925870382588997, 0.0],
              [109.020232772225043, 13.92624425255949, 0.0],
              [109.018027519068141, 13.934393621671306, 0.0],
              [109.017682897397563, 13.936290161440244, 0.0],
              [109.017114317003106, 13.93875318880705, 0.0],
              [109.016509367975956, 13.941803757144749, 0.0],
              [109.016430235713543, 13.942279978669854, 0.0],
              [109.015118094680219, 13.947923930376943, 0.0],
              [109.014895679816448, 13.949264002261984, 0.0],
              [109.014833636327538, 13.949511866413266, 0.0],
              [109.014333531985102, 13.951177658818169, 0.0],
              [109.013712680256191, 13.953436500904147, 0.0],
              [109.012879902478403, 13.956770112015256, 0.0],
              [109.012441918981551, 13.958799937940464, 0.0],
              [109.011216366124529, 13.962592587910891, 0.0],
              [109.010382755013424, 13.965926199022002, 0.0],
              [109.009573029995892, 13.969814555284978, 0.0],
              [109.00947323708543, 13.970411720042927, 0.0],
              [109.008953421336557, 13.971971687105322, 0.0],
              [109.007363154002192, 13.977957433057771, 0.0],
              [109.006807042891083, 13.980733544168881, 0.0],
              [109.005979048747776, 13.9867363290442, 0.0],
              [109.005884017792809, 13.987977169977174, 0.0],
              [109.005717261336741, 13.988699781286829, 0.0],
              [109.005689606875464, 13.98881396913751, 0.0],
              [109.005687940208801, 13.988821191359733, 0.0],
              [109.005438625007571, 13.98990523182816, 0.0],
              [109.004845971345702, 13.992897436548084, 0.0],
              [109.00470788672736, 13.993726565949746, 0.0],
              [109.004543132748836, 13.994330023374589, 0.0],
              [109.003456195234136, 13.999290265655183, 0.0],
              [109.003377541753409, 13.999762855763352, 0.0],
              [109.002073082317224, 14.005373952477191, 0.0],
              [109.00151613787277, 14.008708674699413, 0.0],
              [109.001171531052861, 14.011381883377425, 0.0],
              [109.000382755013462, 14.014536199021808, 0.0],
              [108.999016177443437, 14.023104240158725, 0.0],
              [108.998987015870924, 14.02351258965864, 0.0],
              [108.997925548712871, 14.030057906527068, 0.0],
              [108.997648499304091, 14.033663708742361, 0.0],
              [108.997569385482223, 14.034690214528778, 0.0],
              [108.997476277753975, 14.035201029995497, 0.0],
              [108.997345470812448, 14.035950994054506, 0.0],
              [108.99679019303467, 14.03928432738784, 0.0],
              [108.996110556555138, 14.047510275777952, 0.0],
              [108.996110600161757, 14.047728352490642, 0.0],
              [108.995795281510524, 14.050170700538217, 0.0],
              [108.995490756361917, 14.051524885247522, 0.0],
              [108.995342822483735, 14.051968760849006, 0.0],
              [108.995343254994523, 14.051968904995244, 0.0],
              [108.993161683232984, 14.057864655666243, 0.0],
              [108.992328072121879, 14.061196600110687, 0.0],
              [108.991511695362348, 14.06512198532805, 0.0],
              [108.990956417584556, 14.068457818661383, 0.0],
              [108.990277777777763, 14.076667777777777, 0.0],
              [108.990277777777763, 14.080555555555554, 0.0],
              [108.991560934635473, 14.091810296523247, 0.0],
              [108.991974996237133, 14.093602587803607, 0.0],
              [108.992245973808622, 14.095367200265704, 0.0],
              [108.992802027424176, 14.098984891597167, 0.0],
              [108.9932278057085, 14.101200944698677, 0.0],
              [108.990657683099741, 14.105989554473966, 0.0],
              [108.989822960877518, 14.109044832251746, 0.0],
              [108.988100438618844, 14.124346850332152, 0.0],
              [108.991116009770948, 14.139447352671189, 0.0],
              [108.994998420183009, 14.146448678470644, 0.0],
              [108.995016851988055, 14.146568177240587, 0.0],
              [108.995148048712892, 14.148275704584238, 0.0],
              [108.99550123483823, 14.1514995140206, 0.0],
              [108.995826920657294, 14.153784865289358, 0.0],
              [108.995832159031778, 14.153852937965738, 0.0],
              [108.995831116556275, 14.156086665113493, 0.0],
              [108.996417324331915, 14.163743981670246, 0.0],
              [108.996971497704465, 14.167331075018476, 0.0],
              [108.9975218077481, 14.170917331097369, 0.0],
              [108.997772264055968, 14.172543718223011, 0.0],
              [108.997904606656533, 14.174392948512818, 0.0],
              [108.998055273567161, 14.176510302677595, 0.0],
              [108.998056394333318, 14.178911944441786, 0.0],
              [108.998201685673777, 14.182697622443921, 0.0],
              [108.998232782602997, 14.183104638344354, 0.0],
              [108.998637571950141, 14.193719126428931, 0.0],
              [108.998882560260654, 14.195310326729446, 0.0],
              [108.999014127851808, 14.197159538284129, 0.0],
              [108.999468987312227, 14.201210827813814, 0.0],
              [108.999985586363721, 14.204570143006578, 0.0],
              [109.000507247553742, 14.208208521973887, 0.0],
              [109.000580681126181, 14.20870307857084, 0.0],
              [109.000826861927877, 14.210305843860477, 0.0],
              [109.000959849481347, 14.212169666419115, 0.0],
              [109.002323791367232, 14.220729332428991, 0.0],
              [109.003156569145006, 14.224062943540101, 0.0],
              [109.004677160189274, 14.229034619710566, 0.0],
              [109.004905953982302, 14.229663688244504, 0.0],
              [109.005113709369013, 14.230492292424787, 0.0],
              [109.010929700005178, 14.242705750623754, 0.0],
              [109.0105476898555, 14.242896545529963, 0.0],
              [109.011934634299948, 14.245673489974408, 0.0],
              [109.013339400950329, 14.247766072004369, 0.0],
              [109.013602904542694, 14.248319424014692, 0.0],
              [109.01463779344023, 14.24970019593267, 0.0],
              [109.017025557499551, 14.253257080032201, 0.0],
              [109.016999318315186, 14.253274558244453, 0.0],
              [109.018664596092961, 14.255774558244452, 0.0],
              [109.02027537776182, 14.258052355267584, 0.0],
              [109.020662228678873, 14.258568242471515, 0.0],
              [109.020920699930912, 14.258982199932012, 0.0],
              [109.023878074509668, 14.263215165953079, 0.0],
              [109.025823630065233, 14.265714332619748, 0.0],
              [109.027297342951073, 14.267519018594879, 0.0],
              [109.027853568017136, 14.268168659044781, 0.0],
              [109.028668027329985, 14.26939095936801, 0.0],
              [109.031022679936385, 14.272466688135777, 0.0],
              [109.030904274814858, 14.272764975322612, 0.0],
              [109.030467199061064, 14.273482023048871, 0.0],
              [109.030058251071338, 14.27421758983486, 0.0],
              [109.029510173603668, 14.275039569085484, 0.0],
              [109.027839518501196, 14.277545968406082, 0.0],
              [109.026947625080538, 14.279009397801111, 0.0],
              [109.025685347028229, 14.280548138033682, 0.0],
              [109.025210320908116, 14.281022892749069, 0.0],
              [109.021080862896966, 14.285700409983718, 0.0],
              [109.019136696230305, 14.288201243317051, 0.0],
              [109.017014564133888, 14.291145623808855, 0.0],
              [109.015347341911678, 14.293645346031079, 0.0],
              [109.014541869486322, 14.294892753438042, 0.0],
              [109.013543674546867, 14.296490184827439, 0.0],
              [109.012285940718172, 14.298376890399096, 0.0],
              [109.011489251466358, 14.29961088633323, 0.0],
              [109.010492701903289, 14.301205365634138, 0.0],
              [109.009236230800653, 14.30308923491982, 0.0],
              [109.006604868160522, 14.307869950741333, 0.0],
              [109.006456320450397, 14.308092710401322, 0.0],
              [109.002363026014947, 14.315529899917966, 0.0],
              [109.002175727631112, 14.315951414930812, 0.0],
              [109.001008164937502, 14.317898586208665, 0.0],
              [108.998205284209519, 14.323291282020504, 0.0],
              [108.998014110912436, 14.323721087719882, 0.0],
              [108.996836934696717, 14.32568527460322, 0.0],
              [108.996027805941324, 14.327086269999045, 0.0],
              [108.99463725038575, 14.32958654777682, 0.0],
              [108.992873149558221, 14.333121739388098, 0.0],
              [108.992686685926287, 14.333432346417775, 0.0],
              [108.992586515938754, 14.333709780025666, 0.0],
              [108.991530457843737, 14.336086372649431, 0.0],
              [108.991701054568523, 14.336162178679627, 0.0],
              [108.986134277252688, 14.351580081318103, 0.0],
              [108.985580110586014, 14.355189803540322, 0.0],
              [108.985579498084931, 14.370360094574306, 0.0],
              [108.986133664751605, 14.373971761240975, 0.0],
              [108.9862784169176, 14.37468982887226, 0.0],
              [108.985506619285815, 14.376813815954906, 0.0],
              [108.983593437787491, 14.383881588218955, 0.0],
              [108.983398217733765, 14.38446729717297, 0.0],
              [108.982322800585365, 14.38816213319617, 0.0],
              [108.981490300585364, 14.391495466529502, 0.0],
              [108.980813736220512, 14.394628398828381, 0.0],
              [108.980255680664953, 14.397684232161716, 0.0],
              [108.980115323183526, 14.398490051766458, 0.0],
              [108.979562823183528, 14.401823107322013, 0.0],
              [108.97903665982399, 14.406169295415955, 0.0],
              [108.97902690114617, 14.406296304754392, 0.0],
              [108.977952011144808, 14.412783923347352, 0.0],
              [108.977844391530212, 14.414072781007226, 0.0],
              [108.977625915359383, 14.415382219355765, 0.0],
              [108.977205589447806, 14.418837714402912, 0.0],
              [108.976638137470246, 14.421339526794986, 0.0],
              [108.976083137470241, 14.424394249017205, 0.0],
              [108.975388843711471, 14.436663026588946, 0.0],
              [108.975555694087376, 14.439162118845923, 0.0],
              [108.975555279341833, 14.440820271525075, 0.0],
              [108.980825872246669, 14.463177358347449, 0.0],
              [108.982213927802221, 14.465955969458559, 0.0],
              [108.983608796111611, 14.468746268518219, 0.0],
              [108.985461081345576, 14.472120258698661, 0.0],
              [108.9871283035678, 14.474898036476436, 0.0],
              [108.990961872412996, 14.480157743633766, 0.0],
              [108.990943444954709, 14.481652877894783, 0.0],
              [108.991220944954705, 14.48582204456145, 0.0],
              [108.991790081685608, 14.490716670822243, 0.0],
              [108.99229578842133, 14.493752682981935, 0.0],
              [108.992477213395816, 14.494928779875377, 0.0],
              [108.99261082862553, 14.496934747057708, 0.0],
              [108.993083100334758, 14.501223668608695, 0.0],
              [108.993639211445867, 14.504833946386473, 0.0],
              [108.99373575964222, 14.505436293518688, 0.0],
              [108.993886688571862, 14.506342501632611, 0.0],
              [108.994001405334117, 14.508058106252411, 0.0],
              [108.994470273022941, 14.512317654106734, 0.0],
              [108.995025273022932, 14.515928765217845, 0.0],
              [108.996204279952295, 14.521479927161376, 0.0],
              [108.996290053211752, 14.521794667530729, 0.0],
              [108.996413636153378, 14.522598543963909, 0.0],
              [108.996972165510741, 14.526223979644518, 0.0],
              [108.997358247984238, 14.528407210886177, 0.0],
              [108.997643846956208, 14.529836635170268, 0.0],
              [108.998005901114411, 14.532365235857267, 0.0],
              [108.999706598807791, 14.539964537529407, 0.0],
              [109.000816043252243, 14.543575093084966, 0.0],
              [109.001920632604865, 14.546331947773918, 0.0],
              [109.002669670025938, 14.549577693399964, 0.0],
              [109.003961729421718, 14.554166001423418, 0.0],
              [109.004400277795554, 14.555479784111135, 0.0],
              [109.004471989223632, 14.555945335275362, 0.0],
              [109.005170428114212, 14.559579866748509, 0.0],
              [109.005585693044125, 14.561378748484186, 0.0],
              [109.005833012814747, 14.562987812397258, 0.0],
              [109.005832223222754, 14.566934719555068, 0.0],
              [109.005832222222224, 14.57111, 0.0],
              [109.005960428412365, 14.574688293194646, 0.0],
              [109.006111388888883, 14.576792276671904, 0.0],
              [109.006111388888883, 14.582743896962427, 0.0],
              [109.005759450250324, 14.585477164557037, 0.0],
              [109.005481950250314, 14.588532164557037, 0.0],
              [109.005276949891055, 14.593078615776223, 0.0],
              [109.005278894335504, 14.597244449109555, 0.0],
              [109.008473653236592, 14.614807182745627, 0.0],
              [109.012623403466662, 14.621747618340033, 0.0],
              [109.01250237346261, 14.621808145442639, 0.0],
              [109.013074335160454, 14.62295184014514, 0.0],
              [109.012622805642124, 14.625122823655643, 0.0],
              [109.012484558864443, 14.625953342210465, 0.0],
              [109.012319085540753, 14.626559765274072, 0.0],
              [109.011360987263672, 14.630783574874094, 0.0],
              [109.011352552097009, 14.630829999938435, 0.0],
              [109.009017640563542, 14.637592445680431, 0.0],
              [109.008803117005755, 14.63887627020403, 0.0],
              [109.006512915036396, 14.64706049482225, 0.0],
              [109.006373865130129, 14.647895072498734, 0.0],
              [109.00620678520086, 14.648507550440083, 0.0],
              [109.004444167997619, 14.661654852202364, 0.0],
              [109.004443334664273, 14.665266518869032, 0.0],
              [109.004999495808093, 14.672532218218047, 0.0],
              [109.004999445592887, 14.672766505640187, 0.0],
              [109.005126907416184, 14.676345141835327, 0.0],
              [109.005143070762273, 14.676571073796657, 0.0],
              [109.004955252326241, 14.679061394951075, 0.0],
              [108.997155792130556, 14.685615013465299, 0.0],
              [108.989031085286655, 14.698306071798347, 0.0],
              [108.988384909331415, 14.699760129241616, 0.0],
              [108.987501140450064, 14.701527653558186, 0.0],
              [108.98580026559469, 14.705314799667944, 0.0],
              [108.984688321150259, 14.708093966334612, 0.0],
              [108.98411826487434, 14.709587552209335, 0.0],
              [108.983007987096556, 14.712642274431555, 0.0],
              [108.982245360294968, 14.715217616472959, 0.0],
              [108.98190439118099, 14.715378536476342, 0.0],
              [108.977251748626585, 14.717099365261154, 0.0],
              [108.976887971088004, 14.717220493120342, 0.0],
              [108.974031086550895, 14.718037358034776, 0.0],
              [108.967432997701948, 14.720436605008665, 0.0],
              [108.964934664368613, 14.721549382786444, 0.0],
              [108.964605652943717, 14.721697351814864, 0.0],
              [108.962590391069867, 14.722612447086551, 0.0],
              [108.960871987853267, 14.723299945804222, 0.0],
              [108.960212041502501, 14.723569450346341, 0.0],
              [108.956878430391384, 14.724958617013007, 0.0],
              [108.946123113661088, 14.731102667567241, 0.0],
              [108.943900613661071, 14.732768500900574, 0.0],
              [108.939292077362268, 14.737376576138406, 0.0],
              [108.939291664842187, 14.737376104821543, 0.0],
              [108.937069442619972, 14.739321104821542, 0.0],
              [108.935092737298575, 14.74157549607917, 0.0],
              [108.933882612510914, 14.742785499799904, 0.0],
              [108.933003037656519, 14.743958755006595, 0.0],
              [108.928394639426287, 14.749214537226338, 0.0],
              [108.926734770670777, 14.75170489401828, 0.0],
              [108.925072127617582, 14.754197197615996, 0.0],
              [108.923737458643785, 14.756385448116188, 0.0],
              [108.922685769633475, 14.757438002827314, 0.0],
              [108.918592000917485, 14.762076723041242, 0.0],
              [108.918475021698399, 14.762227086702511, 0.0],
              [108.916555824500705, 14.764277748065156, 0.0],
              [108.915694233065253, 14.765261422876101, 0.0],
              [108.914914585067422, 14.766041405104282, 0.0],
              [108.910278700296104, 14.771387566338559, 0.0],
              [108.908873016518271, 14.773261655162548, 0.0],
              [108.90719555583658, 14.775418938145247, 0.0],
              [108.903395744280473, 14.781163612150996, 0.0],
              [108.902346489263749, 14.78234440107371, 0.0],
              [108.897920111694944, 14.789503558045119, 0.0],
              [108.897387797206406, 14.790111287554026, 0.0],
              [108.897044877652604, 14.790670654525981, 0.0],
              [108.896985460557389, 14.790631111288208, 0.0],
              [108.895320182779599, 14.793133333510429, 0.0],
              [108.895472847343498, 14.793234934760497, 0.0],
              [108.888577168666757, 14.804483097363905, 0.0],
              [108.888143427225401, 14.805567234096568, 0.0],
              [108.885410629543586, 14.810824817001489, 0.0],
              [108.884305579472866, 14.813314084774683, 0.0],
              [108.883664618275134, 14.814756247469596, 0.0],
              [108.882787369215947, 14.816508817953189, 0.0],
              [108.881070252935146, 14.820331640875875, 0.0],
              [108.879959975157362, 14.823109418653655, 0.0],
              [108.879397193667188, 14.824584594295469, 0.0],
              [108.879054369264423, 14.825527661524514, 0.0],
              [108.876733570289247, 14.83113096187706, 0.0],
              [108.87608663597878, 14.833071441341305, 0.0],
              [108.875520289836501, 14.834487377472572, 0.0],
              [108.875141734309508, 14.835479144140828, 0.0],
              [108.872752081768667, 14.84002027442779, 0.0],
              [108.871639859546448, 14.842796941094456, 0.0],
              [108.870519967846377, 14.84559845786487, 0.0],
              [108.869411546450678, 14.848368265314587, 0.0],
              [108.868835098792459, 14.849879119426832, 0.0],
              [108.868675277648606, 14.850319247809702, 0.0],
              [108.866059441873858, 14.855150224408696, 0.0],
              [108.865222143140329, 14.857455152596071, 0.0],
              [108.864415452133997, 14.859472384672241, 0.0],
              [108.863466806975765, 14.861839617748618, 0.0],
              [108.858566383336225, 14.871522308114855, 0.0],
              [108.857774166131321, 14.873700707374011, 0.0],
              [108.853847946784185, 14.881166296422114, 0.0],
              [108.852737669006402, 14.883944351977668, 0.0],
              [108.852178645342534, 14.885409351895593, 0.0],
              [108.851338670855156, 14.887718704397786, 0.0],
              [108.850524452228484, 14.889753640300453, 0.0],
              [108.849414151579637, 14.892526896241812, 0.0],
              [108.847714638380793, 14.897781408260331, 0.0],
              [108.847472052936268, 14.898355895179469, 0.0],
              [108.846358997380719, 14.901135617401689, 0.0],
              [108.845017383523768, 14.905930719962258, 0.0],
              [108.838420638923282, 14.913242288018916, 0.0],
              [108.838399219525726, 14.913276595068396, 0.0],
              [108.838038570686635, 14.913740102480997, 0.0],
              [108.835904876334098, 14.916699045464581, 0.0],
              [108.834995607262996, 14.9180621915995, 0.0],
              [108.834148910664666, 14.919192579569746, 0.0],
              [108.829454195770666, 14.926790994610936, 0.0],
              [108.828064751326238, 14.929567383499823, 0.0],
              [108.827345062762689, 14.931006218528323, 0.0],
              [108.82681615834035, 14.931976126438004, 0.0],
              [108.826216297151348, 14.932935448719265, 0.0],
              [108.821617766296228, 14.942365868460801, 0.0],
              [108.821464852705148, 14.94278661994311, 0.0],
              [108.820870134306873, 14.944033355970856, 0.0],
              [108.81948124541799, 14.947089189304188, 0.0],
              [108.816494104021118, 14.955647192157565, 0.0],
              [108.816435859539709, 14.955880092449757, 0.0],
              [108.815359757229587, 14.958959079771683, 0.0],
              [108.81302033212242, 14.963930466182234, 0.0],
              [108.812680497119686, 14.964780053689065, 0.0],
              [108.812220124800746, 14.965701074550342, 0.0],
              [108.810527059661212, 14.969470045051432, 0.0],
              [108.809520071153699, 14.971984874956405, 0.0],
              [108.808329448773662, 14.974037428034158, 0.0],
              [108.807218337662562, 14.976260761367493, 0.0],
              [108.806436146849549, 14.977899698829605, 0.0],
              [108.805939428829703, 14.978991036177197, 0.0],
              [108.803546846769606, 14.983538785765525, 0.0],
              [108.801297140961296, 14.987099179516349, 0.0],
              [108.800891045994248, 14.987829874478034, 0.0],
              [108.800347341911674, 14.988645068253302, 0.0],
              [108.7987347122709, 14.991574678158512, 0.0],
              [108.798208011150834, 14.992251693525162, 0.0],
              [108.797313731451823, 14.993295044685919, 0.0],
              [108.795820441063, 14.995122860264775, 0.0],
              [108.793876274396339, 14.997620638042553, 0.0],
              [108.792609234531341, 14.999321721669425, 0.0],
              [108.791839774842785, 15.000401862457942, 0.0],
              [108.792168281031763, 14.999979933069108, 0.0],
              [108.788309188389803, 15.005097477814033, 0.0],
              [108.786928914060042, 15.006707836212762, 0.0],
              [108.785154186205048, 15.008735445049943, 0.0],
              [108.783302852301901, 15.010979042798475, 0.0],
              [108.782968075742914, 15.011409681539801, 0.0],
              [108.778883856031598, 15.016116433515226, 0.0],
              [108.777476654861218, 15.017993249078511, 0.0],
              [108.776542902928256, 15.019194778906776, 0.0],
              [108.775665412428538, 15.020217445692088, 0.0],
              [108.772173989736146, 15.025474907453932, 0.0],
              [108.768661347403324, 15.030061984399081, 0.0],
              [108.767007564680057, 15.032545142470033, 0.0],
              [108.765349905395269, 15.035029975393936, 0.0],
              [108.765351563938538, 15.035031081826332, 0.0],
              [108.764001324131655, 15.036604486892875, 0.0],
              [108.762481639409842, 15.038463894349661, 0.0],
              [108.760536639409835, 15.040963894349662, 0.0],
              [108.755264797457912, 15.050501157235576, 0.0],
              [108.755174840550836, 15.050451211161722, 0.0],
              [108.753786784995285, 15.052951211161723, 0.0],
              [108.752779473783434, 15.05486154244703, 0.0],
              [108.751390862672309, 15.05763876466925, 0.0],
              [108.750426668355288, 15.059681221887505, 0.0],
              [108.749774285147481, 15.061148106507886, 0.0],
              [108.748891540844951, 15.062913242015211, 0.0],
              [108.74718183567299, 15.066721574200095, 0.0],
              [108.74607155789522, 15.069499629755649, 0.0],
              [108.745515279044881, 15.070957085208557, 0.0],
              [108.74535387947023, 15.071400601401704, 0.0],
              [108.742739151785472, 15.076231091249969, 0.0],
              [108.741626929563253, 15.079286646805524, 0.0],
              [108.73976553022851, 15.085922593405574, 0.0],
              [108.739720092143827, 15.086059101061604, 0.0],
              [108.738842942387024, 15.088471701467684, 0.0],
              [108.737944802606606, 15.091180366955767, 0.0],
              [108.737327881998482, 15.093235467028872, 0.0],
              [108.736919317729885, 15.094461057719146, 0.0],
              [108.736353665455752, 15.095875188404476, 0.0],
              [108.734528834417588, 15.102401751954268, 0.0],
              [108.734129429658751, 15.103447002194816, 0.0],
              [108.733017207436532, 15.106501168861481, 0.0],
              [108.732107706400882, 15.109242444263279, 0.0],
              [108.731274095289777, 15.112021055374388, 0.0],
              [108.730080260432871, 15.11700074895737, 0.0],
              [108.728031269369623, 15.123547580411936, 0.0],
              [108.727475158258514, 15.12660341374527, 0.0],
              [108.72735263970948, 15.127304982751548, 0.0],
              [108.727323792033431, 15.127477408489053, 0.0],
              [108.726630077587458, 15.129212214351474, 0.0],
              [108.723637731927568, 15.140170943297335, 0.0],
              [108.723432287270597, 15.141505768877217, 0.0],
              [108.723157720626702, 15.142604951285476, 0.0],
              [108.722475731933741, 15.145766928636956, 0.0],
              [108.721919620822632, 15.14882165085918, 0.0],
              [108.721361122163714, 15.151895750162328, 0.0],
              [108.721060198469303, 15.153749398733977, 0.0],
              [108.72078186513599, 15.155694120956198, 0.0],
              [108.720620687986639, 15.156929891683978, 0.0],
              [108.720167154170639, 15.160780851393328, 0.0],
              [108.72009876577782, 15.161226387203595, 0.0],
              [108.719828465707977, 15.162306418131537, 0.0],
              [108.718477461138079, 15.170640939927473, 0.0],
              [108.718371727980426, 15.172026449318958, 0.0],
              [108.718183027525626, 15.173157049696258, 0.0],
              [108.718091000368943, 15.173846853685319, 0.0],
              [108.716489741554952, 15.178433253490608, 0.0],
              [108.715656963777178, 15.181765753490607, 0.0],
              [108.714839928962562, 15.185701816364661, 0.0],
              [108.714286595629218, 15.18903598303133, 0.0],
              [108.713759716700409, 15.193380670052074, 0.0],
              [108.713679184239282, 15.194425823869024, 0.0],
              [108.713584336930111, 15.194947650135244, 0.0],
              [108.712926558208309, 15.200042022675879, 0.0],
              [108.71264794709721, 15.203652300453658, 0.0],
              [108.712369161144863, 15.207270392274292, 0.0],
              [108.71222138988955, 15.211121670000713, 0.0],
              [108.71222160129544, 15.212178347134653, 0.0],
              [108.7116661111111, 15.218332222222221, 0.0],
              [108.7116661111111, 15.220575782765817, 0.0],
              [108.711535663231373, 15.222268090139673, 0.0],
              [108.711387779109131, 15.226122371794533, 0.0],
              [108.711388464036489, 15.229090390350283, 0.0],
              [108.711184642040791, 15.232296171353356, 0.0],
              [108.710980180965279, 15.23228046655446, 0.0],
              [108.710702680965284, 15.235893244332239, 0.0],
              [108.710555834481283, 15.23973321428544, 0.0],
              [108.710556667814615, 15.24362210317433, 0.0],
              [108.710666644412825, 15.246925854081287, 0.0],
              [108.71094331107949, 15.251090298525732, 0.0],
              [108.711415275646061, 15.255382118525121, 0.0],
              [108.711661655297803, 15.256982847860911, 0.0],
              [108.711667604414075, 15.257066117641317, 0.0],
              [108.711668056703175, 15.259177101643935, 0.0],
              [108.711753884994536, 15.26175679516496, 0.0],
              [108.709348763726169, 15.265176487085059, 0.0],
              [108.705211780073071, 15.270034523691193, 0.0],
              [108.70543471153286, 15.269747464758133, 0.0],
              [108.704569373647331, 15.27075493752352, 0.0],
              [108.700893528315191, 15.275602592781869, 0.0],
              [108.700543696863619, 15.276127456647508, 0.0],
              [108.696955759091679, 15.280264455658545, 0.0],
              [108.695550267851928, 15.282137117012148, 0.0],
              [108.693872207330259, 15.28429356252478, 0.0],
              [108.687690773687791, 15.294583515992167, 0.0],
              [108.684140006177216, 15.306050220589528, 0.0],
              [108.683873869719477, 15.307513040560007, 0.0],
              [108.683434465350075, 15.309272418589376, 0.0],
              [108.682627526761635, 15.313151174699618, 0.0],
              [108.682070582317195, 15.31648589692184, 0.0],
              [108.681973801810329, 15.332357055076796, 0.0],
              [108.68221770010706, 15.33393565614819, 0.0],
              [108.68234833041322, 15.335771431645448, 0.0],
              [108.682354339257245, 15.335824911833782, 0.0],
              [108.681875297242613, 15.336303748486023, 0.0],
              [108.679275159878458, 15.339109682566756, 0.0],
              [108.678020916307588, 15.340571608647965, 0.0],
              [108.677890322037612, 15.340687706953966, 0.0],
              [108.675750440984586, 15.342705826063547, 0.0],
              [108.673807385429043, 15.344649437174658, 0.0],
              [108.670326773030894, 15.349263705947193, 0.0],
              [108.665854953645805, 15.354416750092128, 0.0],
              [108.665126241309494, 15.355386909844212, 0.0],
              [108.660751074580446, 15.359093803409003, 0.0],
              [108.658529407913775, 15.361316025631227, 0.0],
              [108.656517097426544, 15.363450556309775, 0.0],
              [108.655281007371698, 15.36484129280193, 0.0],
              [108.654616422111317, 15.36550511897007, 0.0],
              [108.654591145595006, 15.365524766941821, 0.0],
              [108.64765656205762, 15.372066223392007, 0.0],
              [108.646803043065674, 15.373041168596773, 0.0],
              [108.646030468441623, 15.373813853620174, 0.0],
              [108.64375804225601, 15.376243100738353, 0.0],
              [108.642900578865024, 15.377223146370749, 0.0],
              [108.642126662785159, 15.377997948444984, 0.0],
              [108.63987280517307, 15.380408490675485, 0.0],
              [108.638994484097978, 15.38141232201413, 0.0],
              [108.638911624825283, 15.381464735259456, 0.0],
              [108.636412458158617, 15.383132513037236, 0.0],
              [108.63236345694331, 15.386201222309031, 0.0],
              [108.630502673001146, 15.38721617999281, 0.0],
              [108.627693166418268, 15.389023138307358, 0.0],
              [108.626839017662704, 15.389430333991694, 0.0],
              [108.625052775919343, 15.390321848209794, 0.0],
              [108.623567832683591, 15.390982373143602, 0.0],
              [108.61613573844825, 15.395076251417235, 0.0],
              [108.614096125762288, 15.396437278408056, 0.0],
              [108.611504256113051, 15.398085429594369, 0.0],
              [108.606905371429846, 15.401491526089268, 0.0],
              [108.605391015534408, 15.402399927595505, 0.0],
              [108.603366780712605, 15.403681108014943, 0.0],
              [108.600966266255554, 15.405282251157798, 0.0],
              [108.600962200141794, 15.405284285434513, 0.0],
              [108.59559540135254, 15.408399896536851, 0.0],
              [108.593097001363304, 15.410065774129677, 0.0],
              [108.591208633793812, 15.411324685842676, 0.0],
              [108.589608939392249, 15.412324669875865, 0.0],
              [108.588380411784016, 15.413117852545422, 0.0],
              [108.585884380757136, 15.414781595985643, 0.0],
              [108.58338918379053, 15.416443951653621, 0.0],
              [108.583005016048375, 15.416715650139377, 0.0],
              [108.580094743716941, 15.418244693160347, 0.0],
              [108.577318910383596, 15.419911359827012, 0.0],
              [108.571103571469678, 15.425103154869143, 0.0],
              [108.571055879474358, 15.425039745471899, 0.0],
              [108.569946435029905, 15.425874189916344, 0.0],
              [108.567073274177119, 15.428206536392667, 0.0],
              [108.564849107510454, 15.430152925281558, 0.0],
              [108.562148122826841, 15.432853455359083, 0.0],
              [108.560697147491439, 15.434029954709411, 0.0],
              [108.558473814158106, 15.435974399153855, 0.0],
              [108.555139432688165, 15.439307482825582, 0.0],
              [108.551856114814399, 15.442155988296962, 0.0],
              [108.549641233103344, 15.444372254655237, 0.0],
              [108.547707287158545, 15.446305924243084, 0.0],
              [108.545487109781405, 15.448524992086311, 0.0],
              [108.540418777456679, 15.45470417211423, 0.0],
              [108.540180294113796, 15.454942928204321, 0.0],
              [108.539697307312863, 15.455583769902562, 0.0],
              [108.539238209667431, 15.456143489909026, 0.0],
              [108.538951416730441, 15.456573440400032, 0.0],
              [108.531842473943556, 15.466005803685132, 0.0],
              [108.530459700894596, 15.46849612290092, 0.0],
              [108.529075821811205, 15.470985611557831, 0.0],
              [108.528056140449962, 15.472918209113958, 0.0],
              [108.526668084894411, 15.475694320225072, 0.0],
              [108.525865206897763, 15.477394729283347, 0.0],
              [108.525733135704542, 15.477614928702724, 0.0],
              [108.525133545986094, 15.47865342799183, 0.0],
              [108.52395984191179, 15.480312012697581, 0.0],
              [108.523299256580927, 15.481302450450407, 0.0],
              [108.522468738274469, 15.482370920915255, 0.0],
              [108.521258007182567, 15.484202576651152, 0.0],
              [108.520027520438717, 15.484508143558763, 0.0],
              [108.518508269019435, 15.485014391949061, 0.0],
              [108.517038616446627, 15.485382080766986, 0.0],
              [108.513710355406019, 15.486213868764468, 0.0],
              [108.510034985786731, 15.487283434615433, 0.0],
              [108.507992007666118, 15.487963803338983, 0.0],
              [108.506251914785054, 15.488439827656066, 0.0],
              [108.498758247834886, 15.491148037091541, 0.0],
              [108.498015194125031, 15.491485727379606, 0.0],
              [108.491276990394027, 15.494154676538894, 0.0],
              [108.48849837928293, 15.495541898761118, 0.0],
              [108.485096713913535, 15.497408454526504, 0.0],
              [108.484765912010715, 15.49760704818585, 0.0],
              [108.484305970967654, 15.497816142691841, 0.0],
              [108.482632561497468, 15.498614659105666, 0.0],
              [108.481717058590789, 15.499072547980639, 0.0],
              [108.481426019492858, 15.499188999999696, 0.0],
              [108.481429874730921, 15.499198635083884, 0.0],
              [108.481373866444756, 15.499209455722559, 0.0],
              [108.48081886644475, 15.499432233500336, 0.0],
              [108.47573467244068, 15.502110095177112, 0.0],
              [108.47402565468856, 15.502731429118619, 0.0],
              [108.468543646396199, 15.505761823144502, 0.0],
              [108.468451940517298, 15.505795207119329, 0.0],
              [108.457826944982585, 15.511172108723958, 0.0],
              [108.457003955392551, 15.51172058562501, 0.0],
              [108.456267222588906, 15.512130018104532, 0.0],
              [108.450382649959991, 15.516569124375154, 0.0],
              [108.445304545599058, 15.519240378714212, 0.0],
              [108.442805378932391, 15.520907878714212, 0.0],
              [108.439865732826732, 15.523027154146723, 0.0],
              [108.438801678925628, 15.523854475851451, 0.0],
              [108.437068122500406, 15.524893777849062, 0.0],
              [108.430137798332694, 15.530300056068642, 0.0],
              [108.430114242363118, 15.530269802978475, 0.0],
              [108.427615909029782, 15.532215080756254, 0.0],
              [108.426044172456855, 15.533603824061258, 0.0],
              [108.42387081995021, 15.535013003336083, 0.0],
              [108.421647486616862, 15.536682170002749, 0.0],
              [108.418751761654406, 15.539029910834572, 0.0],
              [108.416708817145775, 15.540816497852067, 0.0],
              [108.414945973741169, 15.542328694044956, 0.0],
              [108.414587305049068, 15.542660795124874, 0.0],
              [108.414554251184853, 15.5426798748103, 0.0],
              [108.41177675118486, 15.54434626369919, 0.0],
              [108.409749267821283, 15.545629823158659, 0.0],
              [108.407250101154617, 15.547297323158659, 0.0],
              [108.402470028261291, 15.550919064630747, 0.0],
              [108.400525028261299, 15.552585453519637, 0.0],
              [108.399866537025375, 15.553159671129499, 0.0],
              [108.399091903942519, 15.553847173042804, 0.0],
              [108.398089002934825, 15.554516108014944, 0.0],
              [108.393863757547592, 15.557979533889601, 0.0],
              [108.393657079517212, 15.558117296278963, 0.0],
              [108.38737308849548, 15.563267031731199, 0.0],
              [108.386242199400542, 15.564146877526607, 0.0],
              [108.386067230843011, 15.564337183076933, 0.0],
              [108.386043652797753, 15.564356505303067, 0.0],
              [108.384098652797746, 15.566300394191952, 0.0],
              [108.384183856181792, 15.566385646277556, 0.0],
              [108.375047038481227, 15.576323358202735, 0.0],
              [108.368437162141916, 15.591486070507736, 0.0],
              [108.367603551030797, 15.594821348285512, 0.0],
              [108.366438999405844, 15.60212526893085, 0.0],
              [108.363280805737602, 15.606311455189534, 0.0],
              [108.360309496458896, 15.609988035623369, 0.0],
              [108.360150996204283, 15.609849328088048, 0.0],
              [108.358206273982063, 15.61207155031027, 0.0],
              [108.354225286162702, 15.617271901432094, 0.0],
              [108.35332656256422, 15.618620511172645, 0.0],
              [108.35276332660014, 15.61937199344626, 0.0],
              [108.351097240637884, 15.621512846083943, 0.0],
              [108.346848247304976, 15.627938964552255, 0.0],
              [108.34643810486871, 15.628677220937533, 0.0],
              [108.345896540776053, 15.629490153868769, 0.0],
              [108.344236786356348, 15.631978679364057, 0.0],
              [108.342126892835125, 15.635438013823647, 0.0],
              [108.340738003946242, 15.63793773604587, 0.0],
              [108.339630118552009, 15.640159422535529, 0.0],
              [108.339260815900971, 15.640731329833182, 0.0],
              [108.338700463093488, 15.641628320448971, 0.0],
              [108.338682163518115, 15.641649666652775, 0.0],
              [108.33718975237106, 15.643393011984353, 0.0],
              [108.335420589599877, 15.645415706725741, 0.0],
              [108.333593654554917, 15.64762959759396, 0.0],
              [108.333551182496606, 15.647684184593066, 0.0],
              [108.331593801199574, 15.649641076789324, 0.0],
              [108.327486817627985, 15.655084586371402, 0.0],
              [108.326526948911308, 15.656204379899274, 0.0],
              [108.324484844730023, 15.657566008359399, 0.0],
              [108.3217118638144, 15.659664892953852, 0.0],
              [108.319754274311038, 15.66090500117369, 0.0],
              [108.317255940977688, 15.662571390062581, 0.0],
              [108.303415126491871, 15.676406878796749, 0.0],
              [108.301747904269661, 15.678904378796748, 0.0],
              [108.297635228742436, 15.686375021271594, 0.0],
              [108.296992840488002, 15.687821840217639, 0.0],
              [108.296127308924738, 15.689551173319071, 0.0],
              [108.295462853883933, 15.690216196706055, 0.0],
              [108.293209160377117, 15.692625831508835, 0.0],
              [108.292359472830398, 15.693596625621046, 0.0],
              [108.291591631758948, 15.694364356969569, 0.0],
              [108.290786076952315, 15.695225464111424, 0.0],
              [108.289851493895412, 15.695982885720158, 0.0],
              [108.287628160562079, 15.697928441275717, 0.0],
              [108.287315138604072, 15.698204670966284, 0.0],
              [108.284817083048509, 15.700427726521838, 0.0],
              [108.280114151472759, 15.705215912210743, 0.0],
              [108.278603015706892, 15.706976678839096, 0.0],
              [108.276944434098439, 15.708872369872019, 0.0],
              [108.274852540908711, 15.711225717028695, 0.0],
              [108.274280242263814, 15.711880935887576, 0.0],
              [108.272766297443368, 15.713644977837395, 0.0],
              [108.270977378693928, 15.715689930951504, 0.0],
              [108.270636449999131, 15.71608377536106, 0.0],
              [108.270408338596411, 15.716350082869235, 0.0],
              [108.269313421428237, 15.717321613679504, 0.0],
              [108.264840940748911, 15.721829142646163, 0.0],
              [108.264016569878606, 15.722772948254976, 0.0],
              [108.263977190704367, 15.722812288072532, 0.0],
              [108.263918660807761, 15.72285133837606, 0.0],
              [108.256318320290347, 15.729083502311701, 0.0],
              [108.25437248695701, 15.731028780089478, 0.0],
              [108.253569368239852, 15.73188729799652, 0.0],
              [108.252627328863085, 15.732650453903627, 0.0],
              [108.250404828863083, 15.734595453903626, 0.0],
              [108.246251328594596, 15.738752154182517, 0.0],
              [108.245402113984952, 15.739546215186712, 0.0],
              [108.244205955841196, 15.740343786137135, 0.0],
              [108.239399237977054, 15.743985931504998, 0.0],
              [108.237455349088165, 15.745652598171663, 0.0],
              [108.236785950991319, 15.746236932063553, 0.0],
              [108.234285117657976, 15.748459432063553, 0.0],
              [108.23213400530301, 15.750488097242238, 0.0],
              [108.230190116414136, 15.752433097242237, 0.0],
              [108.22845029967786, 15.754293032400017, 0.0],
              [108.226519436653405, 15.755982567712385, 0.0],
              [108.225778107647727, 15.756676039613197, 0.0],
              [108.224558902237021, 15.757492722621818, 0.0],
              [108.223517304155166, 15.758303780328223, 0.0],
              [108.22255557267944, 15.758944507209163, 0.0],
              [108.219586212731073, 15.761083694249255, 0.0],
              [108.217434825568915, 15.762756517289331, 0.0],
              [108.216650788901248, 15.763344226553643, 0.0],
              [108.215282696044227, 15.764258114408086, 0.0],
              [108.21054112355371, 15.76785111415162, 0.0],
              [108.208596401331491, 15.76951583637384, 0.0],
              [108.20410468858978, 15.77395832515789, 0.0],
              [108.200553298373094, 15.773721139728503, 0.0],
              [108.194278918437021, 15.773696656416947, 0.0],
              [108.189557529548139, 15.773974989750279, 0.0],
              [108.173666277662065, 15.77757104819163, 0.0],
              [108.159774892287842, 15.786085326505457, 0.0],
              [108.149358435864812, 15.798613732565576, 0.0],
              [108.143522984079894, 15.813825932448768, 0.0],
              [108.142888176768324, 15.830106612486698, 0.0],
              [108.146482024057462, 15.842222807804191, 0.0],
              [108.146283508313942, 15.843629839692516, 0.0],
              [108.146265603448711, 15.843844895225917, 0.0],
              [108.144846748741031, 15.849561937954961, 0.0],
              [108.144291470963239, 15.852895549066075, 0.0],
              [108.143756245815553, 15.863604615815962, 0.0],
              [108.143735748256987, 15.863727662721615, 0.0],
              [108.14318035985211, 15.867061937955167, 0.0],
              [108.143083146819677, 15.871029726104871, 0.0],
              [108.142873595772556, 15.871580335501898, 0.0],
              [108.141777691224775, 15.885835454431435, 0.0],
              [108.1418253285931, 15.886548208349508, 0.0],
              [108.141793851860641, 15.886988191498009, 0.0],
              [108.141830456288147, 15.893153678772842, 0.0],
              [108.141795807773633, 15.893147888618516, 0.0],
              [108.141238863329207, 15.896480666396295, 0.0],
              [108.141064932063784, 15.900168849726366, 0.0],
              [108.140961075194852, 15.901079286648326, 0.0],
              [108.140997840550469, 15.901591514020842, 0.0],
              [108.140682155471708, 15.908285563203041, 0.0],
              [108.140719174400999, 15.908803643118539, 0.0],
              [108.140665899002158, 15.915254939548772, 0.0],
              [108.140682926109648, 15.915511457367929, 0.0],
              [108.140487663267024, 15.920726107744645, 0.0],
              [108.140109846255683, 15.923354181290255, 0.0],
              [108.139841837593508, 15.927390725407905, 0.0],
              [108.139572566031603, 15.931148983229647, 0.0],
              [108.139549699443108, 15.931785877177274, 0.0],
              [108.137471348852898, 15.940014962488508, 0.0],
              [108.137355722504225, 15.941168918064088, 0.0],
              [108.137068692701618, 15.94289138405318, 0.0],
              [108.13651535092437, 15.947552203161358, 0.0],
              [108.13623785092436, 15.951442203161358, 0.0],
              [108.137601609515585, 15.967117270936743, 0.0],
              [108.138434387293358, 15.970451159825629, 0.0],
              [108.139267877460455, 15.973787066958144, 0.0],
              [108.14079111237821, 15.978765414791432, 0.0],
              [108.141011840820255, 15.979371963095817, 0.0],
              [108.141212837257498, 15.980176351105857, 0.0],
              [108.141840232846249, 15.982456489394199, 0.0],
              [108.142349569643102, 15.984149932647322, 0.0],
              [108.142350066031597, 15.9855176834372, 0.0],
              [108.142379570808103, 15.985929485397675, 0.0],
              [108.142054322284409, 15.992486872164884, 0.0],
              [108.142331822284419, 15.996655205498218, 0.0],
              [108.142351553532137, 15.996939373806455, 0.0],
              [108.142460157875959, 15.998441551979171, 0.0],
              [108.142618179262541, 16.000660642393122, 0.0],
              [108.142786672991718, 16.003189819285716, 0.0],
              [108.142808288200015, 16.003535083728163, 0.0],
              [108.142891899311138, 16.004768972617054, 0.0],
              [108.142905380206571, 16.004962358067651, 0.0],
              [108.14318399131767, 16.008850413623207, 0.0],
              [108.14592911055901, 16.019856467029886, 0.0],
              [108.145662673158569, 16.019923181836013, 0.0],
              [108.146497395380791, 16.023256792947127, 0.0],
              [108.147187933957113, 16.024903489155705, 0.0],
              [108.147347343509864, 16.025542612595139, 0.0],
              [108.147891053567051, 16.02676892183004, 0.0],
              [108.145304834035912, 16.028129816046683, 0.0],
              [108.142804000702583, 16.029798427157793, 0.0],
              [108.13609499691907, 16.035683777648817, 0.0],
              [108.13606752051929, 16.035651728721607, 0.0],
              [108.134124464963733, 16.037317562054941, 0.0],
              [108.133432085783426, 16.037922288599336, 0.0],
              [108.130932919116759, 16.040145899710446, 0.0],
              [108.128831220553678, 16.042127554599578, 0.0],
              [108.12688455388701, 16.044072276821804, 0.0],
              [108.12062682077844, 16.051699601020289, 0.0],
              [108.118959598556231, 16.054199045464731, 0.0],
              [108.117792913946886, 16.05611265788713, 0.0],
              [108.117717385491787, 16.056197607339374, 0.0],
              [108.116674245978317, 16.057409336499237, 0.0],
              [108.093531371621083, 16.085178398393751, 0.0],
              [108.093537327747285, 16.085183362258963, 0.0],
              [108.092208086313462, 16.086794971941625, 0.0],
              [108.090263364091243, 16.089294138608292, 0.0],
              [108.088125641151194, 16.092258868564212, 0.0],
              [108.08646055366259, 16.094755667530784, 0.0],
              [108.085433581357989, 16.096295099357611, 0.0],
              [108.082461691744314, 16.101373912469079, 0.0],
              [108.079899247821018, 16.106411520975389, 0.0],
              [108.079355624842535, 16.107316895066177, 0.0],
              [108.072368027092153, 16.129236272294076, 0.0],
              [108.072091360425489, 16.132847661182964, 0.0],
              [108.072622586264586, 16.144868901643541, 0.0],
              [108.073177030709033, 16.148203068310206, 0.0],
              [108.076975871980054, 16.160679096001552, 0.0],
              [108.078363649757833, 16.163734373779331, 0.0],
              [108.078506367215283, 16.163669548211786, 0.0],
              [108.079894750540205, 16.166533116517773, 0.0],
              [108.077673652594143, 16.166611499177069, 0.0],
              [108.073785597038594, 16.167165110288177, 0.0],
              [108.073235026790357, 16.167246633675632, 0.0],
              [108.069621971234795, 16.167802189231189, 0.0],
              [108.065983746559311, 16.168682300217952, 0.0],
              [108.062968955054146, 16.168912377780007, 0.0],
              [108.059357566165275, 16.169466822224454, 0.0],
              [108.056460677539718, 16.1699993437412, 0.0],
              [108.052570955317478, 16.170833510407867, 0.0],
              [108.041320419683743, 16.17469310986445, 0.0],
              [108.028248163815292, 16.181002925095505, 0.0],
              [108.021508162692967, 16.1851861042623, 0.0],
              [108.021428455841303, 16.185066563914837, 0.0],
              [108.018929289174622, 16.186732952803727, 0.0],
              [108.009041287236812, 16.195405106641019, 0.0],
              [108.008790088020305, 16.195692145334434, 0.0],
              [108.005033270168113, 16.2005589255728, 0.0],
              [107.99619147400162, 16.21359817934232, 0.0],
              [107.996291757627205, 16.213666180731966, 0.0],
              [107.99297707354917, 16.219560092422043, 0.0],
              [107.992959645189856, 16.21954963401177, 0.0],
              [107.991293256300963, 16.222326578456215, 0.0],
              [107.991012552105744, 16.223053250632052, 0.0],
              [107.990732005822977, 16.223552096065486, 0.0],
              [107.98961193619661, 16.223637836053133, 0.0],
              [107.988015506928349, 16.223883686160445, 0.0],
              [107.986159869722854, 16.224016231675122, 0.0],
              [107.982343820644445, 16.224445196602073, 0.0],
              [107.981932781776393, 16.224445278776976, 0.0],
              [107.978628972786382, 16.224555211667585, 0.0],
              [107.974463695008595, 16.224831878334253, 0.0],
              [107.969629668118756, 16.225590778577708, 0.0],
              [107.964486051832367, 16.225718079881442, 0.0],
              [107.961963004975743, 16.226055360435517, 0.0],
              [107.959453700593784, 16.226222524684488, 0.0],
              [107.955729917336996, 16.226611080877685, 0.0],
              [107.955347282607704, 16.226665555555552, 0.0],
              [107.954724722222224, 16.226665555555552, 0.0],
              [107.95138068059002, 16.226777507031262, 0.0],
              [107.950551513887802, 16.22683308683553, 0.0],
              [107.949977943256798, 16.226794739192353, 0.0],
              [107.946621092643966, 16.226535963664269, 0.0],
              [107.946330784946724, 16.22651443413227, 0.0],
              [107.942443007168947, 16.226237489687826, 0.0],
              [107.935555721634259, 16.226222427671619, 0.0],
              [107.93497912324932, 16.226260967467706, 0.0],
              [107.934957094775982, 16.226259267886263, 0.0],
              [107.931100827997341, 16.226111112112179, 0.0],
              [107.929024403958181, 16.226111527618592, 0.0],
              [107.927770466926034, 16.226006867484795, 0.0],
              [107.924567616124818, 16.225980017360961, 0.0],
              [107.923475290650629, 16.225509954594568, 0.0],
              [107.920420290650611, 16.224399121261232, 0.0],
              [107.911560779519945, 16.222070581519056, 0.0],
              [107.910983588189168, 16.221974302811823, 0.0],
              [107.909422701937586, 16.221454050770653, 0.0],
              [107.897173334172507, 16.219015567690882, 0.0],
              [107.893418334705245, 16.21874746834294, 0.0],
              [107.889943558400915, 16.218480383513516, 0.0],
              [107.879045547647834, 16.218835151932275, 0.0],
              [107.875155825425608, 16.219390429710053, 0.0],
              [107.85986126466949, 16.224167251561092, 0.0],
              [107.857084598002814, 16.225555584894426, 0.0],
              [107.85514210338799, 16.226580769387805, 0.0],
              [107.852642936721338, 16.227970769387806, 0.0],
              [107.851229516457025, 16.228787383352973, 0.0],
              [107.848450072012568, 16.230454327797418, 0.0],
              [107.846434858362187, 16.231729240012061, 0.0],
              [107.843935691695535, 16.233395073345392, 0.0],
              [107.841432490188694, 16.235063874172024, 0.0],
              [107.838993057008068, 16.236825908578545, 0.0],
              [107.835538202519118, 16.237057952878622, 0.0],
              [107.831833163024953, 16.237445891591715, 0.0],
              [107.827943440802741, 16.238000336036162, 0.0],
              [107.822869532355298, 16.238993588346769, 0.0],
              [107.819535921244182, 16.239827199457878, 0.0],
              [107.809299505941837, 16.243614936883482, 0.0],
              [107.807735951114338, 16.244396948994744, 0.0],
              [107.801098555045812, 16.248387253029623, 0.0],
              [107.765221333143103, 16.273936103910721, 0.0],
              [107.761222603426063, 16.277103105399505, 0.0],
              [107.759996967223032, 16.278179974063871, 0.0],
              [107.759038063841388, 16.27828030813702, 0.0],
              [107.755148341619162, 16.278836141470354, 0.0],
              [107.750074628877215, 16.279831207387979, 0.0],
              [107.746742684432775, 16.280665651832422, 0.0],
              [107.736551122551347, 16.284435246271041, 0.0],
              [107.734327789218014, 16.285545524048818, 0.0],
              [107.719291521372284, 16.297064503474282, 0.0],
              [107.717069854705613, 16.299564503474283, 0.0],
              [107.710734519006962, 16.308499620304257, 0.0],
              [107.710337223574726, 16.309214895137259, 0.0],
              [107.709738613228197, 16.310116213185477, 0.0],
              [107.704963368082886, 16.319214682818, 0.0],
              [107.70385704957053, 16.321981447854156, 0.0],
              [107.701972629592646, 16.32516120849926, 0.0],
              [107.701422874270705, 16.326371903138966, 0.0],
              [107.701017336210171, 16.327101660852453, 0.0],
              [107.700008020665564, 16.329014176629762, 0.0],
              [107.699043974906616, 16.330940726599376, 0.0],
              [107.698951895523763, 16.330879347168629, 0.0],
              [107.698303625084137, 16.331851860945225, 0.0],
              [107.697484151774702, 16.332904951413671, 0.0],
              [107.695338374390175, 16.335881712824431, 0.0],
              [107.693671985501283, 16.338381990602208, 0.0],
              [107.69282288273871, 16.33977496353106, 0.0],
              [107.692748664400639, 16.339865815208263, 0.0],
              [107.692723231999238, 16.339898526475654, 0.0],
              [107.690759078977251, 16.341862187900549, 0.0],
              [107.68879392835025, 16.343829291262605, 0.0],
              [107.686545981148043, 16.346232720290065, 0.0],
              [107.68569210990934, 16.347208102566594, 0.0],
              [107.685076860683338, 16.347823527552983, 0.0],
              [107.683550303792089, 16.348289132739865, 0.0],
              [107.680215859347655, 16.349678299406531, 0.0],
              [107.672090453409623, 16.354026369388418, 0.0],
              [107.671785353116391, 16.354179102668468, 0.0],
              [107.669216435757292, 16.355669803341421, 0.0],
              [107.666253608596577, 16.356944690753355, 0.0],
              [107.663474997485451, 16.358333857420025, 0.0],
              [107.659725074308085, 16.360591583350541, 0.0],
              [107.659181828855196, 16.360809240217169, 0.0],
              [107.65349686867566, 16.363513948740838, 0.0],
              [107.650997702008979, 16.364902282074169, 0.0],
              [107.647543601299787, 16.367008318616474, 0.0],
              [107.646033355358924, 16.368015149243718, 0.0],
              [107.644276751184904, 16.369069041476937, 0.0],
              [107.640426541675026, 16.371842997596119, 0.0],
              [107.63951842906738, 16.372373026471998, 0.0],
              [107.63698061904023, 16.373957900201816, 0.0],
              [107.635980492615033, 16.374624889788645, 0.0],
              [107.635784194692675, 16.374738413961015, 0.0],
              [107.633276257790712, 16.376106649089685, 0.0],
              [107.630711122205099, 16.377606675633992, 0.0],
              [107.628488899982884, 16.378996397856213, 0.0],
              [107.62724925714798, 16.379797330280127, 0.0],
              [107.626614878498842, 16.380220602164918, 0.0],
              [107.62552307526046, 16.380815437114247, 0.0],
              [107.620589439719012, 16.383986930257837, 0.0],
              [107.620445703850706, 16.384066756909121, 0.0],
              [107.617133266277335, 16.386086336230271, 0.0],
              [107.616541627421924, 16.386381933811897, 0.0],
              [107.611131482321724, 16.389522425164898, 0.0],
              [107.60927061527839, 16.390764451017429, 0.0],
              [107.607697522180885, 16.391745988811245, 0.0],
              [107.60641134064663, 16.392576128419858, 0.0],
              [107.605765298715411, 16.393007254022613, 0.0],
              [107.604664309781143, 16.393607939013386, 0.0],
              [107.598607389838591, 16.397503277377869, 0.0],
              [107.598096183138225, 16.397886762269209, 0.0],
              [107.598059729857738, 16.397909519362162, 0.0],
              [107.597306387628819, 16.398361720588085, 0.0],
              [107.596248643071803, 16.398890645737961, 0.0],
              [107.590869701897688, 16.402012863373329, 0.0],
              [107.588709228515569, 16.403453659066599, 0.0],
              [107.585373936135795, 16.405186787859815, 0.0],
              [107.582597269469133, 16.406853732304256, 0.0],
              [107.580706805007736, 16.408149671158451, 0.0],
              [107.578785919775669, 16.409062440986887, 0.0],
              [107.576284808664553, 16.410451052098001, 0.0],
              [107.574803113039025, 16.411307180435291, 0.0],
              [107.572762984136261, 16.412533012463275, 0.0],
              [107.571177090307572, 16.41341312448802, 0.0],
              [107.56941911979375, 16.414371855621948, 0.0],
              [107.568250313257764, 16.41501038385994, 0.0],
              [107.562238221420628, 16.418877172265855, 0.0],
              [107.561546352360381, 16.419395641858976, 0.0],
              [107.55472142234035, 16.42361226659057, 0.0],
              [107.554682717106829, 16.423641296725098, 0.0],
              [107.549992833133558, 16.426394890288961, 0.0],
              [107.547771166466887, 16.428061834733406, 0.0],
              [107.546822824619198, 16.428836361066651, 0.0],
              [107.54354168310303, 16.430710544751193, 0.0],
              [107.540764183103036, 16.432655544751192, 0.0],
              [107.539588367877769, 16.433793800578616, 0.0],
              [107.538941771109123, 16.434224817232213, 0.0],
              [107.537419953133579, 16.435238348003921, 0.0],
              [107.535642786593087, 16.436305928384446, 0.0],
              [107.533664864363303, 16.437558033728141, 0.0],
              [107.531170663709091, 16.439220003317974, 0.0],
              [107.528676187054103, 16.440880864481507, 0.0],
              [107.526381863712984, 16.442503324888072, 0.0],
              [107.525459164973242, 16.443195522078742, 0.0],
              [107.524883561311754, 16.443515323202231, 0.0],
              [107.518498162441517, 16.447732934157141, 0.0],
              [107.517820614968628, 16.448259137859292, 0.0],
              [107.516088172166647, 16.449028855865283, 0.0],
              [107.507716602055808, 16.453760156039188, 0.0],
              [107.505783431799969, 16.455113355892372, 0.0],
              [107.504122635089672, 16.455987897018574, 0.0],
              [107.502018421455318, 16.456677717046393, 0.0],
              [107.498407032566448, 16.458069661490836, 0.0],
              [107.495542611329398, 16.459408469277719, 0.0],
              [107.49210394209652, 16.460573937945334, 0.0],
              [107.491770945348762, 16.460657124700585, 0.0],
              [107.490727360746988, 16.460929817027562, 0.0],
              [107.487671249635881, 16.461763705916454, 0.0],
              [107.483720740355025, 16.463019764067543, 0.0],
              [107.483133383176266, 16.463233704707704, 0.0],
              [107.482308981267124, 16.463439977021306, 0.0],
              [107.472107855199354, 16.467211741631239, 0.0],
              [107.471171676726939, 16.467679222533942, 0.0],
              [107.471056224993291, 16.467725442484916, 0.0],
              [107.469920234122057, 16.468138154506139, 0.0],
              [107.4674882708794, 16.468888134555353, 0.0],
              [107.46643154488001, 16.469226899164823, 0.0],
              [107.464898439619517, 16.469737210586811, 0.0],
              [107.463428022803384, 16.470105488844226, 0.0],
              [107.462042704011338, 16.470451212313709, 0.0],
              [107.460668717456798, 16.470680248245454, 0.0],
              [107.457657423038626, 16.47127776398154, 0.0],
              [107.456327839218645, 16.471584292149203, 0.0],
              [107.454483292030275, 16.471830986039453, 0.0],
              [107.44531541791126, 16.473950420995553, 0.0],
              [107.442486301502313, 16.474892438258294, 0.0],
              [107.439050860876591, 16.47557975896552, 0.0],
              [107.43900053435901, 16.475378201094721, 0.0],
              [107.435665256581245, 16.476210978872494, 0.0],
              [107.435393478651221, 16.476311483018296, 0.0],
              [107.435209055397053, 16.476348380154732, 0.0],
              [107.43454327438188, 16.476625890644556, 0.0],
              [107.425413520508656, 16.4800020960426, 0.0],
              [107.423655437591407, 16.480881313309517, 0.0],
              [107.422197316291474, 16.481529205207121, 0.0],
              [107.415651512171209, 16.485041591971289, 0.0],
              [107.412595401060102, 16.486986869749067, 0.0],
              [107.409435081160382, 16.489173551756227, 0.0],
              [107.408339070698091, 16.489995936780868, 0.0],
              [107.407006687408966, 16.490883304643202, 0.0],
              [107.404481090786547, 16.492567585595577, 0.0],
              [107.401981090786478, 16.494234807817843, 0.0],
              [107.397182038366182, 16.497870990850661, 0.0],
              [107.39523703836619, 16.499538213072885, 0.0],
              [107.392419635108425, 16.502147464731159, 0.0],
              [107.390475746219522, 16.504091631397824, 0.0],
              [107.389433281395497, 16.505134616262815, 0.0],
              [107.388474318410104, 16.50597322939354, 0.0],
              [107.386033549829591, 16.508256049829534, 0.0],
              [107.38381188316292, 16.510477716496201, 0.0],
              [107.378476622490979, 16.516776643294008, 0.0],
              [107.377431584980997, 16.518240113822984, 0.0],
              [107.376119513014928, 16.519988522950719, 0.0],
              [107.374507885162643, 16.522265779287956, 0.0],
              [107.37284149627375, 16.524765501510178, 0.0],
              [107.369726045309847, 16.53013340019859, 0.0],
              [107.368336323087632, 16.532912011309701, 0.0],
              [107.368117220491413, 16.533399986621735, 0.0],
              [107.367256804188301, 16.53346169076233, 0.0],
              [107.357759122488346, 16.535354689858732, 0.0],
              [107.356302317436786, 16.53557831385957, 0.0],
              [107.351755687287081, 16.536493855493472, 0.0],
              [107.349696813718396, 16.537008850913843, 0.0],
              [107.348434051591937, 16.537324403166643, 0.0],
              [107.341315778333552, 16.539682801790722, 0.0],
              [107.339409691097984, 16.540477454928936, 0.0],
              [107.32961059423566, 16.544345860606487, 0.0],
              [107.327108649791214, 16.545735582828712, 0.0],
              [107.325667758857591, 16.546567603918671, 0.0],
              [107.322891092190929, 16.548233159474226, 0.0],
              [107.320866225157047, 16.549514719126055, 0.0],
              [107.31836622515705, 16.551182219126055, 0.0],
              [107.316113234395743, 16.552776532649112, 0.0],
              [107.313891845506859, 16.554442365982446, 0.0],
              [107.311666111111222, 16.556111666666574, 0.0],
              [107.308733554790578, 16.558489243376876, 0.0],
              [107.306511888123907, 16.560433965599099, 0.0],
              [107.305453636613208, 16.561424271333983, 0.0],
              [107.301907555361197, 16.563979595476944, 0.0],
              [107.299962833138977, 16.565646262143609, 0.0],
              [107.297137751757347, 16.568262682479148, 0.0],
              [107.294930327680191, 16.570470934858029, 0.0],
              [107.292997080438212, 16.572401975196765, 0.0],
              [107.291018674238899, 16.574382043028869, 0.0],
              [107.28875423253082, 16.576804008250942, 0.0],
              [107.284586408537351, 16.580970762994884, 0.0],
              [107.283736025208498, 16.581943028930027, 0.0],
              [107.282966203857654, 16.582713400310418, 0.0],
              [107.280707080582559, 16.585128882366199, 0.0],
              [107.279359590380224, 16.586668706146494, 0.0],
              [107.276876473960428, 16.589108239571051, 0.0],
              [107.276862387595003, 16.589094157230299, 0.0],
              [107.275297066137853, 16.590659926049966, 0.0],
              [107.274702764031801, 16.591243797124413, 0.0],
              [107.274584925494736, 16.591395277368939, 0.0],
              [107.272643352981675, 16.593471318550581, 0.0],
              [107.2706994640928, 16.595693818550579, 0.0],
              [107.270383650044792, 16.596058431472123, 0.0],
              [107.26871531671145, 16.598003431472122, 0.0],
              [107.267204487888236, 16.599852375371754, 0.0],
              [107.26598695919084, 16.601417197999837, 0.0],
              [107.265090361466434, 16.602463328267078, 0.0],
              [107.263591365886484, 16.604298611103474, 0.0],
              [107.261648310330926, 16.606796111103474, 0.0],
              [107.261450443025169, 16.607070589811325, 0.0],
              [107.260505209305947, 16.607881291838009, 0.0],
              [107.260158133142923, 16.608181746175109, 0.0],
              [107.257933966476244, 16.610125079508446, 0.0],
              [107.253180661264935, 16.614878260533391, 0.0],
              [107.251238439042723, 16.617101038311169, 0.0],
              [107.250926787007401, 16.617461155797013, 0.0],
              [107.250514321039773, 16.61794237755187, 0.0],
              [107.249653776448071, 16.61880249208631, 0.0],
              [107.247820371998998, 16.620781170813562, 0.0],
              [107.2476017213028, 16.620975664702826, 0.0],
              [107.245470134124034, 16.622986689383772, 0.0],
              [107.244906510773419, 16.623550554563632, 0.0],
              [107.244441671731451, 16.62394820154659, 0.0],
              [107.243721336400583, 16.624576435314108, 0.0],
              [107.243267359027072, 16.62498007164109, 0.0],
              [107.241740124629473, 16.625964711513479, 0.0],
              [107.241699555290538, 16.625903887927016, 0.0],
              [107.239200388623885, 16.627570832371457, 0.0],
              [107.236925003752575, 16.629181949442518, 0.0],
              [107.234703614863676, 16.630849727220298, 0.0],
              [107.231824708460465, 16.633182866964038, 0.0],
              [107.229602208460449, 16.635124811408481, 0.0],
              [107.224879849669733, 16.639842783088188, 0.0],
              [107.224637375081983, 16.64011976833461, 0.0],
              [107.135706563268329, 16.722699914898463, 0.0],
              [107.134374118906948, 16.723983934954333, 0.0],
              [107.061719883260992, 16.796638170600289, 0.0],
              [107.055472707603428, 16.804258499848356, 0.0],
              [106.979246551604845, 16.918597733846216, 0.0],
              [106.91299702750311, 16.97012514148091, 0.0],
              [106.900954682417776, 16.983643845637637, 0.0],
              [106.768429717037606, 17.201920259204968, 0.0],
              [106.662549502246208, 17.285111856541068, 0.0],
              [106.655346860652699, 17.292041533220839, 0.0],
              [106.333844584135178, 17.67020267022852, 0.0],
              [106.332098049265966, 17.672069720397765, 0.0],
              [106.331867344669433, 17.672333307483203, 0.0],
              [106.328470114162869, 17.675385705462809, 0.0],
              [106.328461505975596, 17.675395385909287, 0.0],
              [106.328434776858245, 17.675418720258481, 0.0],
              [106.326558292710232, 17.677087888051815, 0.0],
              [106.323939167204657, 17.678671275390723, 0.0],
              [106.321438333871328, 17.680337942057392, 0.0],
              [106.319847870430195, 17.681462677443545, 0.0],
              [106.31745103426573, 17.682769725658332, 0.0],
              [106.312663578529623, 17.685848224929288, 0.0],
              [106.307897601041219, 17.687952533361006, 0.0],
              [106.305120101041211, 17.689618088916561, 0.0],
              [106.304059015088214, 17.690289696309407, 0.0],
              [106.302892332324475, 17.690846448723306, 0.0],
              [106.300115665657813, 17.692236726501083, 0.0],
              [106.294794120244603, 17.695324560081229, 0.0],
              [106.294772129304661, 17.695339199540804, 0.0],
              [106.292037301234771, 17.696777909164648, 0.0],
              [106.290969417231096, 17.697263567109918, 0.0],
              [106.287393469791425, 17.699066022906692, 0.0],
              [106.284897303203891, 17.700452258642333, 0.0],
              [106.282403081897755, 17.701836551467231, 0.0],
              [106.277991076156979, 17.704594857611593, 0.0],
              [106.276043878379951, 17.705958071250752, 0.0],
              [106.270873180196631, 17.708676562492531, 0.0],
              [106.270050019155931, 17.709225427951523, 0.0],
              [106.269313988677055, 17.70963468839458, 0.0],
              [106.266069246563475, 17.712082230546081, 0.0],
              [106.264672481370738, 17.712786179773371, 0.0],
              [106.25938066532423, 17.715276518848093, 0.0],
              [106.257559894129002, 17.716270178487463, 0.0],
              [106.257359757023309, 17.716342942387005, 0.0],
              [106.252072751403745, 17.718617620915936, 0.0],
              [106.251423188365294, 17.718942597382057, 0.0],
              [106.244663463492486, 17.721663476808569, 0.0],
              [106.24321004121839, 17.722456552751861, 0.0],
              [106.241818136665458, 17.723088972014544, 0.0],
              [106.240266456961734, 17.723829046812973, 0.0],
              [106.239503036895471, 17.724058393597584, 0.0],
              [106.233198429962599, 17.726425984481747, 0.0],
              [106.230142318851492, 17.727815151148413, 0.0],
              [106.225097269469089, 17.73046512119317, 0.0],
              [106.223043877144818, 17.731697855020496, 0.0],
              [106.221281387692684, 17.732676624162909, 0.0],
              [106.217842430268064, 17.73477188497689, 0.0],
              [106.215340485823617, 17.736437996088004, 0.0],
              [106.215294625608649, 17.736468572120909, 0.0],
              [106.21477242135046, 17.73681715333149, 0.0],
              [106.21043045588965, 17.738798469633636, 0.0],
              [106.207931289222969, 17.740187636300302, 0.0],
              [106.206525656626951, 17.740999098728341, 0.0],
              [106.204446692779655, 17.742244690199918, 0.0],
              [106.202830247433425, 17.743142775300548, 0.0],
              [106.200721011542299, 17.744293511537741, 0.0],
              [106.199292295724746, 17.74500840521495, 0.0],
              [106.197723222988046, 17.745828582023627, 0.0],
              [106.195454394472307, 17.747066162365336, 0.0],
              [106.195039494214086, 17.74727357101272, 0.0],
              [106.193794927592606, 17.747628566245897, 0.0],
              [106.193829044071535, 17.74774817413623, 0.0],
              [106.186274873898071, 17.749842932812445, 0.0],
              [106.18371292945362, 17.750918488367997, 0.0],
              [106.179014569039282, 17.753186134010384, 0.0],
              [106.176796791261509, 17.754403078454832, 0.0],
              [106.176321818908548, 17.754681292947257, 0.0],
              [106.176313323662072, 17.754684658560141, 0.0],
              [106.172990772156083, 17.756070047089093, 0.0],
              [106.169669056190315, 17.757453218698107, 0.0],
              [106.169866545508157, 17.757927493485038, 0.0],
              [106.160582416567109, 17.763672250413698, 0.0],
              [106.160461349614636, 17.763705314732416, 0.0],
              [106.159977582092594, 17.763836971590983, 0.0],
              [106.159496571868701, 17.76311513579531, 0.0],
              [106.157325712138217, 17.76456173311183, 0.0],
              [106.154729034002528, 17.765347641556055, 0.0],
              [106.151395145113639, 17.766460141556056, 0.0],
              [106.150154355067912, 17.766892386001665, 0.0],
              [106.14710018840124, 17.768001552668331, 0.0],
              [106.143589851152953, 17.769434784107123, 0.0],
              [106.139330348845576, 17.770921418238576, 0.0],
              [106.139250175555858, 17.77094148495658, 0.0],
              [106.137043519312527, 17.771547777618167, 0.0],
              [106.136179132474368, 17.771806687773108, 0.0],
              [106.134246682714874, 17.772220734842385, 0.0],
              [106.132589455772546, 17.772605413315627, 0.0],
              [106.131765182563854, 17.772811584669128, 0.0],
              [106.130436139820205, 17.773001258054972, 0.0],
              [106.129871426976777, 17.773085143043033, 0.0],
              [106.126260315865679, 17.773642643043033, 0.0],
              [106.122810027510383, 17.774337820685119, 0.0],
              [106.115417408684792, 17.775449305134156, 0.0],
              [106.113887877011322, 17.775802509294444, 0.0],
              [106.11271231618629, 17.775970021253979, 0.0],
              [106.112112518837904, 17.776055507669192, 0.0],
              [106.107040718748124, 17.777048152770522, 0.0],
              [106.10370627430369, 17.777881763881634, 0.0],
              [106.097325508449345, 17.780242017613713, 0.0],
              [106.096827064842856, 17.780378158591489, 0.0],
              [106.090779079191492, 17.782453903159254, 0.0],
              [106.087765169978297, 17.783709029130332, 0.0],
              [106.085310028149777, 17.784691675154704, 0.0],
              [106.079593411937694, 17.78741136572777, 0.0],
              [106.077285317872153, 17.788694580856799, 0.0],
              [106.077008137344009, 17.788845525237097, 0.0],
              [106.076965738862341, 17.788862505829002, 0.0],
              [106.073201757142996, 17.790553394929454, 0.0],
              [106.07042509047632, 17.791941172707233, 0.0],
              [106.066521981493821, 17.794206619490055, 0.0],
              [106.064411337627575, 17.795144917946594, 0.0],
              [106.056988557421519, 17.799230384925458, 0.0],
              [106.054489668532639, 17.800896218258789, 0.0],
              [106.051984057508975, 17.802566996274461, 0.0],
              [106.047197608507531, 17.806191974771188, 0.0],
              [106.045252052951966, 17.807858363660078, 0.0],
              [106.044559585836282, 17.808462589621364, 0.0],
              [106.044192350323485, 17.8087890211883, 0.0],
              [106.042555572679362, 17.809777840542548, 0.0],
              [106.042537296407488, 17.80979001660101, 0.0],
              [106.037258590786436, 17.812567585595648, 0.0],
              [106.034758590786439, 17.814234807817872, 0.0],
              [106.033254673873458, 17.81523825300323, 0.0],
              [106.031513274503922, 17.816282187278347, 0.0],
              [106.029477055290613, 17.817570554593633, 0.0],
              [106.026977888623946, 17.819237499038078, 0.0],
              [106.023757227865985, 17.821677412278571, 0.0],
              [106.023266765096494, 17.821945111690564, 0.0],
              [106.016504013626431, 17.826381554450933, 0.0],
              [106.015073607298078, 17.827495276802892, 0.0],
              [106.009396667754871, 17.83093333395432, 0.0],
              [106.008358462482732, 17.831823626872023, 0.0],
              [106.006800992004642, 17.833035223612733, 0.0],
              [106.006556318973992, 17.833225570151878, 0.0],
              [106.001797505460814, 17.836369694965363, 0.0],
              [106.001099013155738, 17.836913121978714, 0.0],
              [106.000723636951577, 17.837121608684523, 0.0],
              [105.998216330315316, 17.838514587315704, 0.0],
              [105.994752143129659, 17.840627533862122, 0.0],
              [105.992253254240779, 17.842294478306567, 0.0],
              [105.986767115506979, 17.846531765950427, 0.0],
              [105.98648125512095, 17.846786065366555, 0.0],
              [105.98252964312978, 17.84896114497316, 0.0],
              [105.980039821582849, 17.850622040827215, 0.0],
              [105.977548891560204, 17.852282107302322, 0.0],
              [105.975036090888977, 17.853958140905085, 0.0],
              [105.972539290241528, 17.855622952092336, 0.0],
              [105.967750479688348, 17.859249751073467, 0.0],
              [105.967473535243911, 17.859486973295688, 0.0],
              [105.967311062085415, 17.859626192403329, 0.0],
              [105.965866646019919, 17.860676891784127, 0.0],
              [105.959936452258574, 17.86574287412915, 0.0],
              [105.959162549837956, 17.866516224156896, 0.0],
              [105.958186100996727, 17.86737055589542, 0.0],
              [105.95595671946748, 17.869322272466814, 0.0],
              [105.953738882578222, 17.871263261174025, 0.0],
              [105.945861152909089, 17.879995648038697, 0.0],
              [105.94024106126983, 17.890326561602386, 0.0],
              [105.939130783492047, 17.893103506046831, 0.0],
              [105.935707848977444, 17.907791263301679, 0.0],
              [105.935598749955318, 17.90919491535481, 0.0],
              [105.935319051194185, 17.909626222322675, 0.0],
              [105.932220744140309, 17.912779100472196, 0.0],
              [105.930554633029203, 17.915000767138864, 0.0],
              [105.92978618310346, 17.916026176109668, 0.0],
              [105.927977994274002, 17.917701049829557, 0.0],
              [105.927961566081223, 17.917717478022336, 0.0],
              [105.92792290998365, 17.917747529563702, 0.0],
              [105.924272012036397, 17.922007033784364, 0.0],
              [105.924013987806873, 17.922207833973658, 0.0],
              [105.921186634910683, 17.925195137524682, 0.0],
              [105.917977994273897, 17.927700216496326, 0.0],
              [105.916034938718354, 17.92964327205188, 0.0],
              [105.913946572366996, 17.932051032883862, 0.0],
              [105.913013419611687, 17.932639048767474, 0.0],
              [105.911054600309939, 17.933606719715403, 0.0],
              [105.908000433643281, 17.935272830826513, 0.0],
              [105.899411068004937, 17.941198966083839, 0.0],
              [105.897466068004931, 17.942865632750504, 0.0],
              [105.897406359517049, 17.942917744331361, 0.0],
              [105.894727608063363, 17.944719224820027, 0.0],
              [105.892503441396698, 17.946387002597806, 0.0],
              [105.88714916084227, 17.951029606206291, 0.0],
              [105.885206105286699, 17.952972106206289, 0.0],
              [105.87895814115106, 17.960591090786625, 0.0],
              [105.87729091892885, 17.963091090786627, 0.0],
              [105.875615286162713, 17.965605512543206, 0.0],
              [105.874812742210736, 17.966849308026138, 0.0],
              [105.87342468665517, 17.969072085803912, 0.0],
              [105.870333988419475, 17.974827031549054, 0.0],
              [105.869305910176607, 17.977083713577478, 0.0],
              [105.869198840216427, 17.977298454773194, 0.0],
              [105.864664840396188, 17.981014770459367, 0.0],
              [105.864565343665248, 17.981114155270479, 0.0],
              [105.863538090045154, 17.981956457583607, 0.0],
              [105.862326075082919, 17.982683836310947, 0.0],
              [105.857557383849226, 17.986407513140144, 0.0],
              [105.85335712513006, 17.98887209650643, 0.0],
              [105.852224064999504, 17.989720900672197, 0.0],
              [105.85085635983657, 17.99063361561376, 0.0],
              [105.848611356073775, 17.992222732957167, 0.0],
              [105.84845685566971, 17.992338603429062, 0.0],
              [105.847893536344529, 17.992676471118699, 0.0],
              [105.845853982321842, 17.993967702942602, 0.0],
              [105.84337720896275, 17.995620812203605, 0.0],
              [105.840898785023782, 17.997271167808865, 0.0],
              [105.840853982321718, 17.99730103627601, 0.0],
              [105.83837560890845, 17.998955213484713, 0.0],
              [105.837572076853277, 17.999490366011962, 0.0],
              [105.836832953637568, 17.999900907895885, 0.0],
              [105.835370843595072, 18.000745645500118, 0.0],
              [105.832593065817292, 18.002413701055673, 0.0],
              [105.830681443168984, 18.003623207071069, 0.0],
              [105.826484536770266, 18.005875879309908, 0.0],
              [105.824693669373048, 18.007015788633296, 0.0],
              [105.823504850197466, 18.007675935415691, 0.0],
              [105.81618121231088, 18.012824504741548, 0.0],
              [105.815843221867809, 18.013050132139547, 0.0],
              [105.810118445157997, 18.016656963398578, 0.0],
              [105.807619278491345, 18.018602518954133, 0.0],
              [105.803283645813664, 18.022695542078541, 0.0],
              [105.798519804141847, 18.026602022256196, 0.0],
              [105.797533660582602, 18.027588871009641, 0.0],
              [105.794013331276275, 18.030155341618105, 0.0],
              [105.791791942387377, 18.032099786062552, 0.0],
              [105.787116018098715, 18.036773643247578, 0.0],
              [105.786878909373669, 18.037044281474124, 0.0],
              [105.785893213570802, 18.037930512594425, 0.0],
              [105.784684051797399, 18.038979499227256, 0.0],
              [105.783444654473954, 18.039623966175444, 0.0],
              [105.783166958102328, 18.039790571783929, 0.0],
              [105.782234687386833, 18.040224468134227, 0.0],
              [105.782238749732144, 18.040233196498896, 0.0],
              [105.775119901980588, 18.043507986352761, 0.0],
              [105.772343235313926, 18.04517298635276, 0.0],
              [105.770701469398205, 18.046211908102425, 0.0],
              [105.76461989390323, 18.049289788298921, 0.0],
              [105.762115981435983, 18.050539491011328, 0.0],
              [105.758193430764607, 18.052501029715952, 0.0],
              [105.748527316530996, 18.058826831200065, 0.0],
              [105.747527710993964, 18.059660724056435, 0.0],
              [105.745714286882176, 18.061069553099724, 0.0],
              [105.738757114859169, 18.067632930815222, 0.0],
              [105.737905313801946, 18.068606626282524, 0.0],
              [105.737135116414237, 18.069377263908809, 0.0],
              [105.730893063940613, 18.076994956987459, 0.0],
              [105.730243943259751, 18.077969016725604, 0.0],
              [105.72942561202872, 18.079020889707753, 0.0],
              [105.725540860739784, 18.085183605608371, 0.0],
              [105.724933768838241, 18.085745834274846, 0.0],
              [105.722993875337465, 18.087684515493709, 0.0],
              [105.720984712121492, 18.089132920302422, 0.0],
              [105.718483601010391, 18.091076809191311, 0.0],
              [105.717946961481005, 18.091515002864021, 0.0],
              [105.717326263570982, 18.091833487941354, 0.0],
              [105.714849528298089, 18.093194073273356, 0.0],
              [105.713397028298075, 18.094046295495577, 0.0],
              [105.705007812291356, 18.100227442088208, 0.0],
              [105.703991701180243, 18.101154108754876, 0.0],
              [105.701705119129741, 18.103377051613446, 0.0],
              [105.700504193298343, 18.104621471287107, 0.0],
              [105.700465463015576, 18.104657351123329, 0.0],
              [105.698540333147236, 18.106539612896572, 0.0],
              [105.698309866665767, 18.106777417117325, 0.0],
              [105.697639647491542, 18.107363565820418, 0.0],
              [105.694939866134462, 18.110063968843971, 0.0],
              [105.693468764148491, 18.111255448192576, 0.0],
              [105.691245430815158, 18.113200448192575, 0.0],
              [105.688815745644021, 18.115473021233768, 0.0],
              [105.686592412310688, 18.117695799011546, 0.0],
              [105.684300804017781, 18.120145982681876, 0.0],
              [105.682357748462223, 18.122368482681878, 0.0],
              [105.680014085875783, 18.125259653579811, 0.0],
              [105.679308056326292, 18.126200124464201, 0.0],
              [105.678682801853611, 18.126930543424798, 0.0],
              [105.67379012793883, 18.133723922117536, 0.0],
              [105.672124572383268, 18.136500311006426, 0.0],
              [105.668017055901046, 18.145119355283196, 0.0],
              [105.667173260563231, 18.147437421066343, 0.0],
              [105.666353463101856, 18.149487222066991, 0.0],
              [105.665242832122416, 18.152263799515588, 0.0],
              [105.663154552293733, 18.158726527021642, 0.0],
              [105.662456070784955, 18.161525350589894, 0.0],
              [105.661930548662127, 18.163449524301239, 0.0],
              [105.661275484178645, 18.165632999818843, 0.0],
              [105.66159058859391, 18.165727534293524, 0.0],
              [105.657878739328964, 18.178619757636895, 0.0],
              [105.658259816661072, 18.182285610481685, 0.0],
              [105.657473217576964, 18.184949223888147, 0.0],
              [105.657208578864314, 18.186405464928271, 0.0],
              [105.656905809796342, 18.187617652464628, 0.0],
              [105.656753032732524, 18.188175788533052, 0.0],
              [105.656611487871601, 18.188565621650255, 0.0],
              [105.655800224222233, 18.190593375141887, 0.0],
              [105.653986813681854, 18.196002078000525, 0.0],
              [105.653921361464413, 18.196241909576745, 0.0],
              [105.652470006567029, 18.199475032949429, 0.0],
              [105.651357784344796, 18.20225392183832, 0.0],
              [105.650249727515501, 18.205026403563913, 0.0],
              [105.64746488448904, 18.210323391141614, 0.0],
              [105.647462393278659, 18.210329620413781, 0.0],
              [105.647224082961856, 18.210766198564524, 0.0],
              [105.647279962842745, 18.210796701126544, 0.0],
              [105.643021933061561, 18.218371186556841, 0.0],
              [105.641910544172674, 18.221148964334617, 0.0],
              [105.640549075896004, 18.225361622996378, 0.0],
              [105.636007183208221, 18.229083471316013, 0.0],
              [105.634863712730976, 18.229972583138213, 0.0],
              [105.632606780949828, 18.231965544811839, 0.0],
              [105.630872900380936, 18.233121841451272, 0.0],
              [105.628376101299807, 18.234786374172025, 0.0],
              [105.625417722777669, 18.236918445356896, 0.0],
              [105.622916889444326, 18.238863167579115, 0.0],
              [105.616992102950846, 18.244456917650087, 0.0],
              [105.616537816160914, 18.244854028237366, 0.0],
              [105.616375197887223, 18.245039354291016, 0.0],
              [105.615967748462225, 18.245424038237431, 0.0],
              [105.615586529686226, 18.245860082758771, 0.0],
              [105.61409161600227, 18.246942863091011, 0.0],
              [105.602991691183561, 18.258018694567362, 0.0],
              [105.595868173703835, 18.27198787036944, 0.0],
              [105.594827421316964, 18.278576820465496, 0.0],
              [105.593434508740074, 18.282884746007042, 0.0],
              [105.592885576620645, 18.285082854777489, 0.0],
              [105.592388733065377, 18.28673828253795, 0.0],
              [105.590450673376722, 18.29696358184794, 0.0],
              [105.590173173376712, 18.300297192959054, 0.0],
              [105.590146983126544, 18.300624840375015, 0.0],
              [105.589871709511087, 18.30421721633266, 0.0],
              [105.589718820869635, 18.306193522389673, 0.0],
              [105.589429178758095, 18.30821826831923, 0.0],
              [105.588913533393367, 18.311574350563017, 0.0],
              [105.58833361655482, 18.319144168224604, 0.0],
              [105.588332555768233, 18.321417433870874, 0.0],
              [105.588201116672451, 18.32313952452397, 0.0],
              [105.588188736826922, 18.32815036921372, 0.0],
              [105.587929392932807, 18.330271449965284, 0.0],
              [105.587914115155016, 18.330467005520841, 0.0],
              [105.587908878609298, 18.330534623856575, 0.0],
              [105.587689311135847, 18.33339504842073, 0.0],
              [105.587265012790169, 18.335331432506027, 0.0],
              [105.58638617270725, 18.337089812698487, 0.0],
              [105.584823328932714, 18.341033886172184, 0.0],
              [105.583220459561986, 18.344117031915406, 0.0],
              [105.582962749904851, 18.344546404814722, 0.0],
              [105.581854655781939, 18.34667786559066, 0.0],
              [105.580430588270247, 18.348686020385568, 0.0],
              [105.579435955300383, 18.350013082386724, 0.0],
              [105.577862243097414, 18.352236486159761, 0.0],
              [105.576193076430741, 18.354736486159759, 0.0],
              [105.574501087152271, 18.357275700895393, 0.0],
              [105.572837939362387, 18.359771670981381, 0.0],
              [105.572088022111885, 18.360896734367714, 0.0],
              [105.571803355359478, 18.361216850993259, 0.0],
              [105.570986629739934, 18.362484256290063, 0.0],
              [105.570712149898483, 18.362868242780223, 0.0],
              [105.570730659696792, 18.362881473887661, 0.0],
              [105.569236335401499, 18.365200385504583, 0.0],
              [105.56779716755841, 18.366859670541942, 0.0],
              [105.566580545433311, 18.367986556435511, 0.0],
              [105.564367084481361, 18.370201124394683, 0.0],
              [105.562430571770918, 18.372136807289653, 0.0],
              [105.560485570688442, 18.374080975038332, 0.0],
              [105.558255494273922, 18.376311049829642, 0.0],
              [105.555180526748941, 18.379941772695997, 0.0],
              [105.55465101332473, 18.380471087577501, 0.0],
              [105.552364186315131, 18.382915485217108, 0.0],
              [105.551519687224911, 18.383881023545317, 0.0],
              [105.550477994274033, 18.384922716496199, 0.0],
              [105.548534938718447, 18.386865772051781, 0.0],
              [105.542292739002306, 18.394478638838017, 0.0],
              [105.540624683446751, 18.396979749949125, 0.0],
              [105.53894976327895, 18.399492823935734, 0.0],
              [105.534134881225057, 18.408645761713604, 0.0],
              [105.533023492336156, 18.411422983935825, 0.0],
              [105.529592284603396, 18.426157566683447, 0.0],
              [105.529313951270069, 18.429768955572335, 0.0],
              [105.529166112258906, 18.433621824631299, 0.0],
              [105.52916653043539, 18.435573454282004, 0.0],
              [105.529036608921842, 18.437251973080777, 0.0],
              [105.530295049229309, 18.448559241792037, 0.0],
              [105.530148848577298, 18.448570526943179, 0.0],
              [105.530427459688411, 18.452179971387618, 0.0],
              [105.530858650967502, 18.455922242727762, 0.0],
              [105.531413650967508, 18.459535853838879, 0.0],
              [105.533400397093274, 18.467758129794397, 0.0],
              [105.534071801723314, 18.469772175833391, 0.0],
              [105.534538852257128, 18.471485213748572, 0.0],
              [105.534879366540366, 18.47267584435782, 0.0],
              [105.535711310984809, 18.475454177691152, 0.0],
              [105.535828606103436, 18.475840217671298, 0.0],
              [105.536657803016354, 18.478530192882417, 0.0],
              [105.536789693935575, 18.479322396546923, 0.0],
              [105.537391905196543, 18.482356823236323, 0.0],
              [105.538225516307662, 18.485968212125211, 0.0],
              [105.53943860377548, 18.490063173765197, 0.0],
              [105.539616698801865, 18.492203166454594, 0.0],
              [105.54165780019116, 18.50276817433496, 0.0],
              [105.541693182222531, 18.50288310182302, 0.0],
              [105.542601094386399, 18.507393542922028, 0.0],
              [105.542876928296437, 18.508497890627918, 0.0],
              [105.543075742579887, 18.509795372750201, 0.0],
              [105.544268802255402, 18.515407772772967, 0.0],
              [105.544349443672658, 18.515702742825638, 0.0],
              [105.544469937301983, 18.516486584324284, 0.0],
              [105.545598876355115, 18.520899271791734, 0.0],
              [105.545858343271107, 18.523148442143992, 0.0],
              [105.546413343271098, 18.526760386588435, 0.0],
              [105.54651452576077, 18.527391945970212, 0.0],
              [105.547070636871879, 18.53072639041466, 0.0],
              [105.548125120749233, 18.534738110850864, 0.0],
              [105.548354666273724, 18.53673614016498, 0.0],
              [105.548564666273734, 18.538107251276092, 0.0],
              [105.548912004439273, 18.540368762737003, 0.0],
              [105.549431163889452, 18.543734691851643, 0.0],
              [105.549946893994615, 18.547346092558001, 0.0],
              [105.550026532867008, 18.547882929695458, 0.0],
              [105.55058124481107, 18.55148730985368, 0.0],
              [105.55113457001508, 18.55508974523751, 0.0],
              [105.551695140061483, 18.558725536059345, 0.0],
              [105.551958935873458, 18.560438627643563, 0.0],
              [105.552088661116116, 18.562138002168048, 0.0],
              [105.552092583071683, 18.562189034819706, 0.0],
              [105.552222227855864, 18.563864751647529, 0.0],
              [105.552221393480721, 18.565811626986147, 0.0],
              [105.555236833865663, 18.582934271572849, 0.0],
              [105.555978220476803, 18.584971186374055, 0.0],
              [105.556574957109589, 18.589317893788674, 0.0],
              [105.562001423554548, 18.601812535173067, 0.0],
              [105.570598843013443, 18.612378848629088, 0.0],
              [105.574764398569002, 18.616268293073531, 0.0],
              [105.575971869713555, 18.617359489734927, 0.0],
              [105.576317587633909, 18.617661841739242, 0.0],
              [105.579915421646021, 18.62173554258683, 0.0],
              [105.581860143868241, 18.623681098142384, 0.0],
              [105.584014485359944, 18.625696477470431, 0.0],
              [105.585744406289891, 18.627565823351187, 0.0],
              [105.586946755251645, 18.62916882175038, 0.0],
              [105.58969601368257, 18.632133666293925, 0.0],
              [105.58980451432079, 18.632307514894592, 0.0],
              [105.594283833845097, 18.638403755325751, 0.0],
              [105.595952167178424, 18.640347088659084, 0.0],
              [105.596396114569941, 18.640855464993422, 0.0],
              [105.598043316049925, 18.64321250188361, 0.0],
              [105.599989982716608, 18.645713335216939, 0.0],
              [105.601750115265602, 18.647845884291083, 0.0],
              [105.605014454825351, 18.652107862660007, 0.0],
              [105.605039590058794, 18.652145634712809, 0.0],
              [105.606690163086085, 18.654478615370831, 0.0],
              [105.608359051974958, 18.656700004259722, 0.0],
              [105.610371231451808, 18.65920634420295, 0.0],
              [105.611264762277443, 18.660248821657287, 0.0],
              [105.612479473688836, 18.661810345500808, 0.0],
              [105.616584965126222, 18.666461198248292, 0.0],
              [105.617410444194007, 18.667286883660047, 0.0],
              [105.619005360278081, 18.669281376594203, 0.0],
              [105.622699938718512, 18.673410061281604, 0.0],
              [105.623042450217469, 18.673752572780554, 0.0],
              [105.624149985108019, 18.675428381919634, 0.0],
              [105.626095818441357, 18.677928937475194, 0.0],
              [105.627679911301044, 18.679589138546206, 0.0],
              [105.627244924893503, 18.682428560362126, 0.0],
              [105.626778500564427, 18.693317316127693, 0.0],
              [105.626792667231086, 18.693530371683245, 0.0],
              [105.626808686549566, 18.693763088219267, 0.0],
              [105.626809484645435, 18.693774300534162, 0.0],
              [105.626666388888879, 18.6975, 0.0],
              [105.626666388888879, 18.697910086807855, 0.0],
              [105.62635766085738, 18.699406887021997, 0.0],
              [105.626095271862425, 18.700853050014747, 0.0],
              [105.625660928260473, 18.702591003933694, 0.0],
              [105.624828268247711, 18.705918594963332, 0.0],
              [105.624813543534785, 18.705977592216513, 0.0],
              [105.624525344733058, 18.707135309224647, 0.0],
              [105.623991048771188, 18.709274696354427, 0.0],
              [105.623324615656941, 18.717152618397087, 0.0],
              [105.623046989810959, 18.718453501753711, 0.0],
              [105.6226276933603, 18.720659885434323, 0.0],
              [105.622489603464246, 18.721487459147081, 0.0],
              [105.62234765124407, 18.72200673896814, 0.0],
              [105.622281573607381, 18.721984740628479, 0.0],
              [105.621744322488382, 18.723598511703766, 0.0],
              [105.621390029338855, 18.724307098002825, 0.0],
              [105.619185533073178, 18.730735606676649, 0.0],
              [105.61824288416706, 18.732995817387835, 0.0],
              [105.617368051807887, 18.734963315363625, 0.0],
              [105.616628561269749, 18.736715450491481, 0.0],
              [105.616291818876348, 18.737557685594538, 0.0],
              [105.615833918227821, 18.738473486891575, 0.0],
              [105.613023849890581, 18.747112184403992, 0.0],
              [105.613000770137617, 18.747103805117263, 0.0],
              [105.611891325693165, 18.750159638450597, 0.0],
              [105.611370445128756, 18.752195072750048, 0.0],
              [105.61123713780475, 18.752604885434316, 0.0],
              [105.611183856192213, 18.752924202510844, 0.0],
              [105.60947228049757, 18.759612491752208, 0.0],
              [105.608916169386461, 18.76322360286332, 0.0],
              [105.608916521801703, 18.778446462972994, 0.0],
              [105.609472632912812, 18.782056462972996, 0.0],
              [105.611894441873858, 18.791515608924655, 0.0],
              [105.612121448667025, 18.792140516541654, 0.0],
              [105.612327437354452, 18.792964196731326, 0.0],
              [105.612596533385258, 18.793993562952625, 0.0],
              [105.61268093434569, 18.794302930018514, 0.0],
              [105.612803519595829, 18.795100010099237, 0.0],
              [105.614788335097472, 18.803311110523104, 0.0],
              [105.615463560619034, 18.8053367870878, 0.0],
              [105.615791324189544, 18.806536805324988, 0.0],
              [105.615929404920109, 18.80708954290407, 0.0],
              [105.616096109669201, 18.808177180562122, 0.0],
              [105.616621397187117, 18.811832774203641, 0.0],
              [105.61666720380569, 18.812141357806109, 0.0],
              [105.616667223370172, 18.812232658729883, 0.0],
              [105.616721340883842, 18.812940834361257, 0.0],
              [105.616116723696734, 18.814018989300017, 0.0],
              [105.61472700147452, 18.816797044855573, 0.0],
              [105.612452096905855, 18.822085346863354, 0.0],
              [105.611341819128072, 18.825139791307798, 0.0],
              [105.611066755513875, 18.826006131725823, 0.0],
              [105.610297253553085, 18.826274720848929, 0.0],
              [105.608505876385237, 18.8267635299852, 0.0],
              [105.602434283601582, 18.828847405095459, 0.0],
              [105.599099561379361, 18.83023712731768, 0.0],
              [105.595985179421405, 18.831662101933084, 0.0],
              [105.595775964438843, 18.831766636191801, 0.0],
              [105.595653698492015, 18.831811080116335, 0.0],
              [105.595519292263788, 18.831860154898539, 0.0],
              [105.59528373670824, 18.831946543787428, 0.0],
              [105.593266221640462, 18.832736458670585, 0.0],
              [105.589933443862677, 18.834125347559475, 0.0],
              [105.58143513507288, 18.838673407390001, 0.0],
              [105.578935135072868, 18.84033979627889, 0.0],
              [105.565065851725706, 18.854207301754393, 0.0],
              [105.563398629503496, 18.856707857309949, 0.0],
              [105.557106562562765, 18.870083758485613, 0.0],
              [105.556273784784977, 18.872860980707834, 0.0],
              [105.554971589862603, 18.878288181279402, 0.0],
              [105.554628971176825, 18.880174813301924, 0.0],
              [105.554158093575651, 18.882211731084816, 0.0],
              [105.553430477928444, 18.885131194602746, 0.0],
              [105.552313946191106, 18.892016865953323, 0.0],
              [105.551518141677661, 18.895646664782461, 0.0],
              [105.551374638830509, 18.896505319973112, 0.0],
              [105.551201073428885, 18.897142768880588, 0.0],
              [105.550936408221617, 18.898156586823944, 0.0],
              [105.550103630443843, 18.901489086823943, 0.0],
              [105.548932799884369, 18.908706442239769, 0.0],
              [105.548302247846891, 18.911628601417352, 0.0],
              [105.548040601871236, 18.913070538156902, 0.0],
              [105.54760489752924, 18.914812629592991, 0.0],
              [105.54739799644446, 18.915641455600355, 0.0],
              [105.547177857046108, 18.916246866477021, 0.0],
              [105.545642178689647, 18.923352639567138, 0.0],
              [105.545515640798655, 18.923669285047673, 0.0],
              [105.543443666529697, 18.930075905116759, 0.0],
              [105.542734932429028, 18.93290565278398, 0.0],
              [105.542038548753169, 18.935460066154036, 0.0],
              [105.540958914825964, 18.940387829667856, 0.0],
              [105.540819492527433, 18.941224015077509, 0.0],
              [105.540652445067579, 18.941836151337405, 0.0],
              [105.540376496738176, 18.942892638132751, 0.0],
              [105.539830670223665, 18.945079771355001, 0.0],
              [105.539336183042664, 18.946725867163948, 0.0],
              [105.53739431632718, 18.956965981814289, 0.0],
              [105.537390342335911, 18.957013755700082, 0.0],
              [105.535937081764374, 18.961762780590128, 0.0],
              [105.535103470653254, 18.965097502812348, 0.0],
              [105.533758718786927, 18.973380590139673, 0.0],
              [105.533649422481943, 18.974798496994524, 0.0],
              [105.533455917247352, 18.975961661225277, 0.0],
              [105.532778060146725, 18.98414551740554, 0.0],
              [105.532778036938836, 18.984199673012949, 0.0],
              [105.532347748299941, 18.986782050602141, 0.0],
              [105.532252052783264, 18.987378574722051, 0.0],
              [105.531695108338823, 18.99098968583316, 0.0],
              [105.53132602808347, 18.999998888888889, 0.0],
              [105.531209722222215, 18.999998888888889, 0.0],
              [105.531263852173652, 19.001516595102377, 0.0],
              [105.531237290985445, 19.002164950397585, 0.0],
              [105.53133617987433, 19.003552728175364, 0.0],
              [105.531336471405808, 19.003552707401703, 0.0],
              [105.531336843495069, 19.003563140113485, 0.0],
              [105.531388333333325, 19.004283837694057, 0.0],
              [105.531388333333325, 19.004469238361054, 0.0],
              [105.5313457089011, 19.00502384874801, 0.0],
              [105.531261392255729, 19.006101916526635, 0.0],
              [105.531122052367621, 19.009705210960796, 0.0],
              [105.531058782969467, 19.010147907034522, 0.0],
              [105.5305558343332, 19.017231943777592, 0.0],
              [105.530556667666531, 19.021398888222038, 0.0],
              [105.530682703083457, 19.024936811731962, 0.0],
              [105.530833688572073, 19.027059249308593, 0.0],
              [105.530834167666669, 19.029454722222166, 0.0],
              [105.532596785200909, 19.042603560671232, 0.0],
              [105.532679989755721, 19.042908570103897, 0.0],
              [105.532801616968811, 19.043700548505004, 0.0],
              [105.53336153764711, 19.047325656101165, 0.0],
              [105.533910448193922, 19.050907076973086, 0.0],
              [105.534429817479193, 19.054280973305918, 0.0],
              [105.534946050858181, 19.05789796583468, 0.0],
              [105.535025112802273, 19.05843133702124, 0.0],
              [105.535213324477112, 19.05965551320746, 0.0],
              [105.536760138703684, 19.071203261893828, 0.0],
              [105.536845849024047, 19.071517742722357, 0.0],
              [105.536969367248773, 19.072321074608169, 0.0],
              [105.538951679319581, 19.080525585211639, 0.0],
              [105.539626467931853, 19.082551132814878, 0.0],
              [105.540098076729706, 19.08427884746877, 0.0],
              [105.540936173976661, 19.087345833134993, 0.0],
              [105.54545762378649, 19.098443857100904, 0.0],
              [105.545872208397952, 19.099190275235383, 0.0],
              [105.546431324161219, 19.10041981583651, 0.0],
              [105.547047639098125, 19.101711889428614, 0.0],
              [105.549440158740509, 19.108181489750745, 0.0],
              [105.550828214296075, 19.110959545306304, 0.0],
              [105.552013496541733, 19.113329287318269, 0.0],
              [105.552204676010248, 19.113712435166484, 0.0],
              [105.553874133080939, 19.116519212408253, 0.0],
              [105.554197664175987, 19.117342815434487, 0.0],
              [105.555113270446981, 19.119358761987897, 0.0],
              [105.55580043678043, 19.121075904952633, 0.0],
              [105.556711001482498, 19.123206765226659, 0.0],
              [105.558101557038057, 19.126262876337769, 0.0],
              [105.558887902042187, 19.127910591043353, 0.0],
              [105.560275171449362, 19.130685962385837, 0.0],
              [105.561661885642295, 19.133461055827791, 0.0],
              [105.564113395812825, 19.137113573666156, 0.0],
              [105.564717041733729, 19.13845775439405, 0.0],
              [105.566104819511494, 19.14123553217183, 0.0],
              [105.567501757206799, 19.144029135421377, 0.0],
              [105.567653955096063, 19.143953028866093, 0.0],
              [105.567871915553454, 19.144402995413795, 0.0],
              [105.567948573811137, 19.144670609330273, 0.0],
              [105.568783296033345, 19.147447831552494, 0.0],
              [105.570510304849321, 19.152279229979932, 0.0],
              [105.571763314240471, 19.155287806039521, 0.0],
              [105.571913855295392, 19.155664139845065, 0.0],
              [105.572106564406354, 19.156306803218097, 0.0],
              [105.57529896248721, 19.164347387603684, 0.0],
              [105.576689795820542, 19.167122665381463, 0.0],
              [105.578501919336034, 19.170422290164211, 0.0],
              [105.580167197113809, 19.173201179053095, 0.0],
              [105.584829959152131, 19.179606143184085, 0.0],
              [105.585060751486054, 19.179952408641409, 0.0],
              [105.588705195601179, 19.184763468916202, 0.0],
              [105.590371584490057, 19.186707357805094, 0.0],
              [105.592988203616954, 19.189531933843249, 0.0],
              [105.595212648061406, 19.191754989398802, 0.0],
              [105.597607074864939, 19.193995872307504, 0.0],
              [105.599827630420506, 19.195941427863062, 0.0],
              [105.599870593938704, 19.195979027318188, 0.0],
              [105.602086759414064, 19.19791626782996, 0.0],
              [105.602908593268694, 19.198635154343993, 0.0],
              [105.604018261300325, 19.199883461559978, 0.0],
              [105.604987596073499, 19.203034526573877, 0.0],
              [105.607889780337601, 19.210275400244466, 0.0],
              [105.608973530973685, 19.213112863768298, 0.0],
              [105.60899253290701, 19.213182383806963, 0.0],
              [105.610360542468982, 19.217261025738996, 0.0],
              [105.610440383177036, 19.217607792994563, 0.0],
              [105.614449563212347, 19.228760577636081, 0.0],
              [105.614992831904772, 19.229846463489409, 0.0],
              [105.616489726199603, 19.234333435712276, 0.0],
              [105.617046609515583, 19.236562826492285, 0.0],
              [105.618256045556663, 19.239628015242197, 0.0],
              [105.618607722192948, 19.24068217337739, 0.0],
              [105.618913183750536, 19.241293463046446, 0.0],
              [105.621842290486825, 19.248716976742376, 0.0],
              [105.623230068264604, 19.251216421186822, 0.0],
              [105.62694328881291, 19.256944199882039, 0.0],
              [105.628609677701803, 19.259166144326482, 0.0],
              [105.633274822984987, 19.264542156593443, 0.0],
              [105.635499267429424, 19.266764101037886, 0.0],
              [105.640004155383352, 19.270160224471947, 0.0],
              [105.640184477041188, 19.270340703950698, 0.0],
              [105.643774299576478, 19.273196780026801, 0.0],
              [105.645987635904746, 19.276733328550673, 0.0],
              [105.647596666117181, 19.279031221233776, 0.0],
              [105.648935696244621, 19.281042448060713, 0.0],
              [105.650552877761697, 19.283329855267421, 0.0],
              [105.652219266650576, 19.285552077489644, 0.0],
              [105.657694978997142, 19.291453274420643, 0.0],
              [105.658139824973006, 19.291972570364798, 0.0],
              [105.658311334771568, 19.292117523485281, 0.0],
              [105.659320744500661, 19.293205368357047, 0.0],
              [105.661544911167326, 19.295148979468156, 0.0],
              [105.661694982747633, 19.294977245418782, 0.0],
              [105.670367258624154, 19.302306700998351, 0.0],
              [105.672488827014291, 19.303581000379534, 0.0],
              [105.672925291237107, 19.303920278568739, 0.0],
              [105.675412707957719, 19.305712583712527, 0.0],
              [105.674971288261659, 19.306695719842484, 0.0],
              [105.673859066039427, 19.309474053175816, 0.0],
              [105.673852312022362, 19.309490968362013, 0.0],
              [105.673136101177519, 19.310852073197282, 0.0],
              [105.673124530040084, 19.310869424119794, 0.0],
              [105.671846240941463, 19.312889196742251, 0.0],
              [105.670179018719224, 19.315668363408921, 0.0],
              [105.6648679837527, 19.328049912903378, 0.0],
              [105.663055556556614, 19.341400005335956, 0.0],
              [105.663056389889945, 19.345564449780397, 0.0],
              [105.666060610682706, 19.362624793907681, 0.0],
              [105.667170888460504, 19.365681460574347, 0.0],
              [105.672572688862516, 19.376358922023453, 0.0],
              [105.674239911084726, 19.378858088690123, 0.0],
              [105.677817682989911, 19.383531289323621, 0.0],
              [105.677845209339168, 19.383572567376277, 0.0],
              [105.677877279710572, 19.383609133143771, 0.0],
              [105.678194276297234, 19.384023186551552, 0.0],
              [105.680138165186122, 19.386246242107106, 0.0],
              [105.680167604689686, 19.386220499554817, 0.0],
              [105.686514942844269, 19.393457562333055, 0.0],
              [105.687214143757302, 19.394069494166605, 0.0],
              [105.688180965816727, 19.395157440970159, 0.0],
              [105.692636983350354, 19.399578548499036, 0.0],
              [105.693595809841582, 19.400417222195319, 0.0],
              [105.694351452016647, 19.40117351252665, 0.0],
              [105.694365395420292, 19.401159581072786, 0.0],
              [105.695160918046639, 19.401940906475062, 0.0],
              [105.695575351984118, 19.402526654888366, 0.0],
              [105.697244518650791, 19.404749154888364, 0.0],
              [105.699837528042565, 19.407922140894748, 0.0],
              [105.701845162842204, 19.410183022581883, 0.0],
              [105.702740183450075, 19.411724641191359, 0.0],
              [105.702784504159425, 19.411813238289344, 0.0],
              [105.705099091708504, 19.415939746561911, 0.0],
              [105.706241805592597, 19.417768454518033, 0.0],
              [105.706693350035394, 19.418521831870553, 0.0],
              [105.706707244419022, 19.418549590088485, 0.0],
              [105.707435693171803, 19.420917412759394, 0.0],
              [105.708215300284238, 19.423518879698207, 0.0],
              [105.708317831688547, 19.423856675110656, 0.0],
              [105.709085968216201, 19.426355569098405, 0.0],
              [105.70919211656566, 19.427045613020965, 0.0],
              [105.709749502719788, 19.430665008247789, 0.0],
              [105.710926830865375, 19.436203541252066, 0.0],
              [105.711759608643149, 19.439258819029845, 0.0],
              [105.714046573714739, 19.445246298418816, 0.0],
              [105.717505214123946, 19.454589104095017, 0.0],
              [105.718893825235071, 19.457365492983907, 0.0],
              [105.719892602728081, 19.459147480329722, 0.0],
              [105.721016941924944, 19.462090305587132, 0.0],
              [105.720918969023231, 19.462169238659147, 0.0],
              [105.720755357912125, 19.462310627548035, 0.0],
              [105.720504147730807, 19.462529182871585, 0.0],
              [105.719288014095056, 19.463594366298899, 0.0],
              [105.717384652010153, 19.46511637089349, 0.0],
              [105.71607483857585, 19.466200773484218, 0.0],
              [105.71584405535161, 19.466398549992149, 0.0],
              [105.713941501876434, 19.467558979470478, 0.0],
              [105.711443446320885, 19.469223423914926, 0.0],
              [105.705839196922042, 19.473815269385788, 0.0],
              [105.704992277577887, 19.47445072362239, 0.0],
              [105.704634866061667, 19.474802038676927, 0.0],
              [105.703822537357965, 19.475467620740375, 0.0],
              [105.701876704024627, 19.477412342962598, 0.0],
              [105.701927528498771, 19.477463196475153, 0.0],
              [105.70050636830895, 19.478860115564039, 0.0],
              [105.700125932251353, 19.479150611751407, 0.0],
              [105.697625932251356, 19.481096167306962, 0.0],
              [105.690695153968633, 19.487641365315071, 0.0],
              [105.688750431746413, 19.489865254203959, 0.0],
              [105.68639757277451, 19.492767961793074, 0.0],
              [105.684731183885617, 19.494988517348631, 0.0],
              [105.677733979635306, 19.507910168420945, 0.0],
              [105.676622590746419, 19.510966001754277, 0.0],
              [105.676819497599922, 19.511037615636727, 0.0],
              [105.673443688890245, 19.518125271839168, 0.0],
              [105.673264244445804, 19.518841382950278, 0.0],
              [105.67324580284486, 19.518915216336094, 0.0],
              [105.672594413955963, 19.521531605224983, 0.0],
              [105.671261422055451, 19.529765731813288, 0.0],
              [105.670983207232879, 19.533372538730536, 0.0],
              [105.670704437923362, 19.53697684560402, 0.0],
              [105.670979343452828, 19.544257877208327, 0.0],
              [105.670405585205486, 19.551628564506135, 0.0],
              [105.670420855209045, 19.551841720358411, 0.0],
              [105.67027777777777, 19.555555833333333, 0.0],
              [105.67027777777777, 19.557802457554871, 0.0],
              [105.670147722433995, 19.559494088322662, 0.0],
              [105.67006730204929, 19.560537787606719, 0.0],
              [105.669971669854448, 19.561064266998574, 0.0],
              [105.669313649284319, 19.566169265134182, 0.0],
              [105.66903614928431, 19.569780376245294, 0.0],
              [105.668795601518013, 19.572929478045772, 0.0],
              [105.66653680267801, 19.58339188518913, 0.0],
              [105.666260000764282, 19.58699612872622, 0.0],
              [105.665982091058737, 19.590597594681093, 0.0],
              [105.665966866551315, 19.59079513326699, 0.0],
              [105.664866583401903, 19.597584855153052, 0.0],
              [105.66459307524643, 19.601169411130041, 0.0],
              [105.664461102049941, 19.602874830170258, 0.0],
              [105.664192232826181, 19.604623354386781, 0.0],
              [105.663759206408329, 19.608380638221472, 0.0],
              [105.663507910451813, 19.611641466591436, 0.0],
              [105.663261271894001, 19.614344654692992, 0.0],
              [105.663201252509253, 19.619260044957496, 0.0],
              [105.662613196526294, 19.622765071903672, 0.0],
              [105.66233375208185, 19.626931460792559, 0.0],
              [105.662221666666667, 19.6302775, 0.0],
              [105.662221666666667, 19.632112487962846, 0.0],
              [105.662070946785079, 19.634231948466407, 0.0],
              [105.661945001331773, 19.63776707087429, 0.0],
              [105.661944167998428, 19.641377626429847, 0.0],
              [105.662449240826334, 19.648478053466562, 0.0],
              [105.662736839734606, 19.650486081953748, 0.0],
              [105.662777777777777, 19.651102618748514, 0.0],
              [105.662777777777777, 19.651421206686273, 0.0],
              [105.662648631356618, 19.653107501070991, 0.0],
              [105.662370729913818, 19.656698396553061, 0.0],
              [105.662221668708938, 19.660570679706357, 0.0],
              [105.662222302006327, 19.662786428948294, 0.0],
              [105.66205571267983, 19.665285602024426, 0.0],
              [105.662500277777767, 19.675621723571201, 0.0],
              [105.662500277777767, 19.676111944444443, 0.0],
              [105.663083012221009, 19.683723374329368, 0.0],
              [105.663333888888886, 19.685352192975287, 0.0],
              [105.663333888888886, 19.687221944444442, 0.0],
              [105.663914732826157, 19.69482109005747, 0.0],
              [105.664160714093995, 19.696420768137504, 0.0],
              [105.664293406479928, 19.698280852394195, 0.0],
              [105.664315798433719, 19.698581933167119, 0.0],
              [105.664573582806597, 19.701912117769641, 0.0],
              [105.664721666666665, 19.704151587596897, 0.0],
              [105.664721666666665, 19.704464133456469, 0.0],
              [105.664591173492298, 19.706157288905477, 0.0],
              [105.664886828749076, 19.716644205793955, 0.0],
              [105.665445439860193, 19.720810316905066, 0.0],
              [105.666748322670571, 19.727264715288314, 0.0],
              [105.666803397116468, 19.727467594063441, 0.0],
              [105.666912889488671, 19.728566805137401, 0.0],
              [105.667345194869043, 19.731820121957558, 0.0],
              [105.667622694869024, 19.733487344179778, 0.0],
              [105.66995586756488, 19.742368981438105, 0.0],
              [105.671067256453782, 19.745424536993664, 0.0],
              [105.672541908904449, 19.749034045128759, 0.0],
              [105.673931631126663, 19.752089600684315, 0.0],
              [105.674721233765098, 19.753744476710434, 0.0],
              [105.676109011542877, 19.756520865599324, 0.0],
              [105.682852620728994, 19.766684574150613, 0.0],
              [105.684518176284556, 19.768629851928388, 0.0],
              [105.685124480403644, 19.76932490194682, 0.0],
              [105.68734670262586, 19.771825457502377, 0.0],
              [105.691797933827829, 19.776242263023715, 0.0],
              [105.69277704799967, 19.777098880846847, 0.0],
              [105.6935556828995, 19.777876627274392, 0.0],
              [105.695968934145029, 19.780132860390619, 0.0],
              [105.698190600811699, 19.782076471501728, 0.0],
              [105.70158215772075, 19.784352392339873, 0.0],
              [105.704295549032864, 19.78734847497299, 0.0],
              [105.706517215699535, 19.789292641639655, 0.0],
              [105.708745592891631, 19.791131750119231, 0.0],
              [105.709923555987302, 19.792048030865537, 0.0],
              [105.710979283456751, 19.793234603118812, 0.0],
              [105.712953593629962, 19.795328975947854, 0.0],
              [105.714897482518836, 19.797275642614519, 0.0],
              [105.716862879217061, 19.799115838591764, 0.0],
              [105.71875887558933, 19.801534677039406, 0.0],
              [105.720703875589336, 19.803757732594963, 0.0],
              [105.72539761030184, 19.808453088166708, 0.0],
              [105.727217163038176, 19.810046164173922, 0.0],
              [105.729302206735213, 19.81239102396469, 0.0],
              [105.731735742283902, 19.814629677862118, 0.0],
              [105.732218709894582, 19.815273742555434, 0.0],
              [105.734606839462359, 19.818218810941861, 0.0],
              [105.735354142234314, 19.819072109569316, 0.0],
              [105.737230624125942, 19.822788699271367, 0.0],
              [105.738897846348152, 19.825010365938031, 0.0],
              [105.740971297962105, 19.827568278580152, 0.0],
              [105.741194892939276, 19.827904768893578, 0.0],
              [105.741249161898793, 19.827986265571706, 0.0],
              [105.742576939676567, 19.829975987793926, 0.0],
              [105.745332530259262, 19.833574279318537, 0.0],
              [105.746628407794674, 19.835465459928002, 0.0],
              [105.750058978068424, 19.841193370323378, 0.0],
              [105.75078393450498, 19.843188315493716, 0.0],
              [105.752475024045054, 19.846899382087816, 0.0],
              [105.753849098659117, 19.850902058001104, 0.0],
              [105.755238820881345, 19.854236224667769, 0.0],
              [105.758623061963974, 19.860159580610013, 0.0],
              [105.759722468352308, 19.862358613267968, 0.0],
              [105.760776863425647, 19.86392932761531, 0.0],
              [105.761382476634168, 19.864989317878941, 0.0],
              [105.76239655970295, 19.866342161519221, 0.0],
              [105.76681413965332, 19.872922954984592, 0.0],
              [105.76875886187554, 19.87514573276237, 0.0],
              [105.770617705962437, 19.877132304791193, 0.0],
              [105.770555835111821, 19.878624447111083, 0.0],
              [105.77055643066447, 19.880857322911901, 0.0],
              [105.770426535503162, 19.882540650236653, 0.0],
              [105.770147765601692, 19.886155208574529, 0.0],
              [105.770127566031604, 19.89357323899258, 0.0],
              [105.770406177142704, 19.897461850103689, 0.0],
              [105.770833611111115, 19.901260544932359, 0.0],
              [105.770833611111115, 19.901388888888889, 0.0],
              [105.772321495075829, 19.913495688539452, 0.0],
              [105.773153161742485, 19.916828188539451, 0.0],
              [105.774026228779135, 19.919683495983239, 0.0],
              [105.774570859852773, 19.922948560630552, 0.0],
              [105.775645085886381, 19.927855179663592, 0.0],
              [105.776477030330824, 19.930911290774702, 0.0],
              [105.777321793094558, 19.934004969415742, 0.0],
              [105.781845679342027, 19.945111912656429, 0.0],
              [105.78323456823091, 19.947612468211986, 0.0],
              [105.784082950128067, 19.949080677041646, 0.0],
              [105.784749787881736, 19.950190814135063, 0.0],
              [105.785269701543569, 19.951231681910311, 0.0],
              [105.790364322299382, 19.95882451184087, 0.0],
              [105.790338652167833, 19.958841620508707, 0.0],
              [105.792005041056711, 19.961341898286488, 0.0],
              [105.793614112211642, 19.963616223272691, 0.0],
              [105.795280501100549, 19.965837612161579, 0.0],
              [105.795815321221482, 19.966537624628106, 0.0],
              [105.797760043443688, 19.969037069072552, 0.0],
              [105.804299322716716, 19.975963929690383, 0.0],
              [105.805788856821337, 19.977267109134488, 0.0],
              [105.805703208546802, 19.978378057861093, 0.0],
              [105.805424671387257, 19.98201406432597, 0.0],
              [105.805278697163175, 19.985740291337358, 0.0],
              [105.805277586052071, 19.986339180226242, 0.0],
              [105.8052775, 19.98643194444444, 0.0],
              [105.8052775, 19.98780430470935, 0.0],
              [105.805147005133321, 19.989502305482141, 0.0],
              [105.80529919376653, 19.989514001492953, 0.0],
              [105.804278083244057, 19.999716622655008, 0.0],
              [105.804422210975801, 20.001877374970128, 0.0],
              [105.80442941605223, 20.002725083999103, 0.0],
              [105.804315360849472, 20.004199298513424, 0.0],
              [105.804048229735884, 20.007674860919785, 0.0],
              [105.804038231160831, 20.007794853818996, 0.0],
              [105.802924505133319, 20.014224805482137, 0.0],
              [105.802647005133323, 20.017835638815473, 0.0],
              [105.802370079834077, 20.021439271326749, 0.0],
              [105.802092068358775, 20.025042333308292, 0.0],
              [105.801920728518425, 20.02727894067872, 0.0],
              [105.801550755717102, 20.030050410259758, 0.0],
              [105.8012580712182, 20.032835669186582, 0.0],
              [105.800980571218219, 20.036447058075474, 0.0],
              [105.801412085525897, 20.047861497764039, 0.0],
              [105.801966252192557, 20.051472886652927, 0.0],
              [105.802071976233719, 20.052132449875931, 0.0],
              [105.80257495181614, 20.055141523248114, 0.0],
              [105.803080492857617, 20.058430195435779, 0.0],
              [105.803993826243357, 20.062963918953546, 0.0],
              [105.804827437354461, 20.06629725228688, 0.0],
              [105.806344438891713, 20.071255191884934, 0.0],
              [105.806412806927682, 20.071443186891823, 0.0],
              [105.806560314662391, 20.072082059499007, 0.0],
              [105.808844215201049, 20.079376719708861, 0.0],
              [105.809953381867714, 20.082154219708858, 0.0],
              [105.810876259443816, 20.084316223980586, 0.0],
              [105.812265981666044, 20.08737094620281, 0.0],
              [105.813156237732358, 20.088971728615917, 0.0],
              [105.813956305441423, 20.091371131875395, 0.0],
              [105.814000885827667, 20.091356266792857, 0.0],
              [105.814193859110077, 20.0926094364455, 0.0],
              [105.815377014330963, 20.097228586491585, 0.0],
              [105.815495441101717, 20.098894977613654, 0.0],
              [105.815370465843188, 20.099353595529351, 0.0],
              [105.814291811961809, 20.104278779524037, 0.0],
              [105.814255266217117, 20.104498034375595, 0.0],
              [105.814198030090893, 20.104695560133475, 0.0],
              [105.812428036168711, 20.123140337084191, 0.0],
              [105.817496668016247, 20.140963121559139, 0.0],
              [105.818329445794035, 20.142629510448028, 0.0],
              [105.819351307627969, 20.144566931594746, 0.0],
              [105.820738624374954, 20.147063158929598, 0.0],
              [105.822124830907583, 20.149558552525779, 0.0],
              [105.824244616378721, 20.153033334641716, 0.0],
              [105.825912116378731, 20.155531945752827, 0.0],
              [105.832119265498619, 20.163105479285452, 0.0],
              [105.834339821054172, 20.165329368174341, 0.0],
              [105.836797435678392, 20.167630264746979, 0.0],
              [105.839018824567276, 20.169573875858092, 0.0],
              [105.841240325538251, 20.171516996086591, 0.0],
              [105.843455336988754, 20.173455996236495, 0.0],
              [105.847367680387109, 20.176550159556641, 0.0],
              [105.849313513720446, 20.177937104001085, 0.0],
              [105.852599841371273, 20.180089977710871, 0.0],
              [105.855375674704604, 20.18175636659976, 0.0],
              [105.856823463051867, 20.182592893470545, 0.0],
              [105.857059192729906, 20.182723889314065, 0.0],
              [105.857713847203016, 20.183182193275638, 0.0],
              [105.858621891098153, 20.183803116069218, 0.0],
              [105.861121057764805, 20.185472004958108, 0.0],
              [105.864638080380914, 20.187616554642762, 0.0],
              [105.867138913714257, 20.189003499087207, 0.0],
              [105.874296590719581, 20.192265577718732, 0.0],
              [105.877351868497357, 20.193376966607623, 0.0],
              [105.878582807198285, 20.193824278414297, 0.0],
              [105.879855153621008, 20.194402954246858, 0.0],
              [105.882924358945985, 20.195797796241791, 0.0],
              [105.886526523321692, 20.197268558516807, 0.0],
              [105.887897954346286, 20.197767185116081, 0.0],
              [105.888835656842161, 20.19810825232717, 0.0],
              [105.890880238373612, 20.198925798583794, 0.0],
              [105.896554794984084, 20.20047590435999, 0.0],
              [105.899749745032494, 20.201880746120381, 0.0],
              [105.901685365665543, 20.20252573789325, 0.0],
              [105.903095531900149, 20.203089860799384, 0.0],
              [105.90456716987552, 20.203651847410065, 0.0],
              [105.907623280986627, 20.204764069632283, 0.0],
              [105.909066622736631, 20.205288195158243, 0.0],
              [105.90975952050627, 20.205596226711169, 0.0],
              [105.910012826908385, 20.205711600552643, 0.0],
              [105.915526132252907, 20.208746688542139, 0.0],
              [105.91783228110873, 20.209771643589168, 0.0],
              [105.918116059129545, 20.209900661736789, 0.0],
              [105.918464430542443, 20.210109447763013, 0.0],
              [105.922913356456178, 20.212445704387928, 0.0],
              [105.925449692574091, 20.213991414945362, 0.0],
              [105.927220116112096, 20.214974459182443, 0.0],
              [105.929282274676609, 20.216211383243941, 0.0],
              [105.932977198286594, 20.218044768008379, 0.0],
              [105.933082632912814, 20.219002296306325, 0.0],
              [105.933638744023924, 20.222612296306327, 0.0],
              [105.933734472308785, 20.223209676344354, 0.0],
              [105.93424063149827, 20.226250431475144, 0.0],
              [105.934460187718358, 20.227673769005658, 0.0],
              [105.934590527092155, 20.229375116594809, 0.0],
              [105.935026914665613, 20.233165547556602, 0.0],
              [105.935583025776722, 20.236776936445494, 0.0],
              [105.938004150149325, 20.246235844864206, 0.0],
              [105.93813038412776, 20.246583414984578, 0.0],
              [105.938300094522816, 20.247520478900746, 0.0],
              [105.942779256938437, 20.26097246821805, 0.0],
              [105.945556973621123, 20.26652734620669, 0.0],
              [105.946944690395682, 20.269303057354691, 0.0],
              [105.948789272098935, 20.272663910332419, 0.0],
              [105.950455660987828, 20.275441965887975, 0.0],
              [105.952367986105472, 20.27838997983423, 0.0],
              [105.952567430549919, 20.278674979834232, 0.0],
              [105.953569304889527, 20.280106479690133, 0.0],
              [105.954271196847941, 20.281229113999778, 0.0],
              [105.959286858986815, 20.287929866820935, 0.0],
              [105.9601398514599, 20.288890043269443, 0.0],
              [105.960590859101913, 20.289489980314148, 0.0],
              [105.966109477740503, 20.295438802412914, 0.0],
              [105.966505649243771, 20.29590032043205, 0.0],
              [105.966706110538254, 20.296081945671133, 0.0],
              [105.967601146504222, 20.297046754091909, 0.0],
              [105.969821979837562, 20.298993142980795, 0.0],
              [105.969865020634188, 20.298944033351983, 0.0],
              [105.972303628417649, 20.30115350088461, 0.0],
              [105.97596105195494, 20.304848185829599, 0.0],
              [105.978185218621604, 20.306794574718484, 0.0],
              [105.980398445158073, 20.308621925490364, 0.0],
              [105.981779795502121, 20.309697281476776, 0.0],
              [105.9829235650367, 20.310696668155472, 0.0],
              [105.984465677615873, 20.312045844397662, 0.0],
              [105.985125825035126, 20.31262340479563, 0.0],
              [105.985550896654729, 20.312995621625401, 0.0],
              [105.988744211922736, 20.316520360390555, 0.0],
              [105.990965878589407, 20.318463971501671, 0.0],
              [105.991984257684422, 20.319304509371882, 0.0],
              [105.992693865355264, 20.320070653341926, 0.0],
              [105.994915532021935, 20.322293153341928, 0.0],
              [105.997146038075783, 20.324523382722926, 0.0],
              [106.000539821626987, 20.327083302595113, 0.0],
              [106.001803169718286, 20.328504016759268, 0.0],
              [106.005758174091127, 20.331841917701553, 0.0],
              [106.006227133021881, 20.332369928982342, 0.0],
              [106.009763451541517, 20.335549560248346, 0.0],
              [106.010409782167258, 20.336276561075884, 0.0],
              [106.01484827617746, 20.340680617888474, 0.0],
              [106.015824857950818, 20.341535309957738, 0.0],
              [106.016594555965938, 20.342304678055136, 0.0],
              [106.018808368758641, 20.344518214017455, 0.0],
              [106.020748478282798, 20.34645915477962, 0.0],
              [106.023196818410256, 20.348749548384372, 0.0],
              [106.025402055577445, 20.350678028287067, 0.0],
              [106.027606750610261, 20.352609548428969, 0.0],
              [106.029650481911986, 20.354396596025694, 0.0],
              [106.034452689966656, 20.358894932629038, 0.0],
              [106.036675189966644, 20.360561043740148, 0.0],
              [106.040937819495383, 20.363426821529977, 0.0],
              [106.042688775710204, 20.36447760531059, 0.0],
              [106.044189905114919, 20.365479304138319, 0.0],
              [106.047669153395233, 20.367601331898989, 0.0],
              [106.049439731229981, 20.368584549266131, 0.0],
              [106.050479301537152, 20.369208166726942, 0.0],
              [106.051987490188623, 20.370213625827926, 0.0],
              [106.062125409902592, 20.374826379976259, 0.0],
              [106.062067786445184, 20.374953011149834, 0.0],
              [106.065123619778504, 20.376343566705387, 0.0],
              [106.07269954255861, 20.379078247446941, 0.0],
              [106.074493381826471, 20.379566572170376, 0.0],
              [106.077633369750984, 20.381154936964485, 0.0],
              [106.080681022893174, 20.382263401258768, 0.0],
              [106.083730621136866, 20.383373530414008, 0.0],
              [106.086820466178949, 20.384495669553864, 0.0],
              [106.088241895571088, 20.384946799827155, 0.0],
              [106.088626357641857, 20.385169922106467, 0.0],
              [106.08882143201923, 20.385364885028689, 0.0],
              [106.090953382813083, 20.387246785160475, 0.0],
              [106.091245599707179, 20.387656251378701, 0.0],
              [106.093357258746281, 20.390324598755626, 0.0],
              [106.092890106345621, 20.390402470467688, 0.0],
              [106.084287537994484, 20.392637360543944, 0.0],
              [106.082707884350341, 20.3932017885408, 0.0],
              [106.081753706661459, 20.393440531783178, 0.0],
              [106.075353287096334, 20.39550832832234, 0.0],
              [106.07328533923328, 20.396333812258877, 0.0],
              [106.070950977102953, 20.397183789962391, 0.0],
              [106.067899548224588, 20.398294460118937, 0.0],
              [106.062670848240344, 20.400542333812282, 0.0],
              [106.061413312397519, 20.401170033148798, 0.0],
              [106.059649667222402, 20.401905301790737, 0.0],
              [106.054600154623444, 20.404351537596131, 0.0],
              [106.052100154623446, 20.405740982040577, 0.0],
              [106.048667512855843, 20.407833676719289, 0.0],
              [106.0461666795225, 20.409499787830399, 0.0],
              [106.043647479675315, 20.411179807817874, 0.0],
              [106.041087996358272, 20.413024608874, 0.0],
              [106.038666679522407, 20.414501176719359, 0.0],
              [106.036165846189078, 20.416167287830469, 0.0],
              [106.033644277512934, 20.41784916570467, 0.0],
              [106.030690947142801, 20.419978375536086, 0.0],
              [106.030447908934065, 20.420167414258415, 0.0],
              [106.027987494708967, 20.421793529926003, 0.0],
              [106.026848637453213, 20.422394329245069, 0.0],
              [106.025829039704334, 20.422960205995697, 0.0],
              [106.025693581396268, 20.423009455725122, 0.0],
              [106.015046521829376, 20.428395353255805, 0.0],
              [106.012544855162702, 20.430062853255805, 0.0],
              [106.0100456907074, 20.43172896271512, 0.0],
              [106.007548891560361, 20.433392940635553, 0.0],
              [106.005044089817446, 20.435062807752846, 0.0],
              [106.002544856228539, 20.436728685878695, 0.0],
              [106.000035320493524, 20.438402821346916, 0.0],
              [105.99854174570271, 20.439398703826882, 0.0],
              [105.996794904532436, 20.440445656305201, 0.0],
              [105.994719896738758, 20.442065485173448, 0.0],
              [105.994082931357269, 20.442317141992202, 0.0],
              [105.993761125972924, 20.442391374308766, 0.0],
              [105.986436592862432, 20.444685548629433, 0.0],
              [105.983659092862425, 20.445796104184993, 0.0],
              [105.981524359607832, 20.446707683915605, 0.0],
              [105.979654341226407, 20.447558074774555, 0.0],
              [105.97824420493798, 20.447991712562505, 0.0],
              [105.975629737511582, 20.44877615734821, 0.0],
              [105.970780962926284, 20.4505077490258, 0.0],
              [105.96947885096931, 20.451049870502509, 0.0],
              [105.968473513590411, 20.451282020200424, 0.0],
              [105.967596552081503, 20.451492874992734, 0.0],
              [105.964483435868402, 20.452379070417372, 0.0],
              [105.964407046979503, 20.452403514861818, 0.0],
              [105.963823525146722, 20.452594198678323, 0.0],
              [105.960566025146733, 20.453680865344989, 0.0],
              [105.95782040101129, 20.454686913778403, 0.0],
              [105.955043734344613, 20.455797469333959, 0.0],
              [105.952928692220866, 20.456700360903504, 0.0],
              [105.949873692220876, 20.458088416459059, 0.0],
              [105.942812058490503, 20.462013885792647, 0.0],
              [105.941306673591001, 20.463017977520611, 0.0],
              [105.939316255497445, 20.463922301961119, 0.0],
              [105.932242261026047, 20.467855886707571, 0.0],
              [105.929755939712109, 20.46951527740325, 0.0],
              [105.92727190285278, 20.47117111805515, 0.0],
              [105.924777239346099, 20.472833118320271, 0.0],
              [105.92226763507287, 20.47450590739, 0.0],
              [105.918027479247428, 20.477982490693361, 0.0],
              [105.917808577976245, 20.478128522196041, 0.0],
              [105.910214308909033, 20.48435390683181, 0.0],
              [105.9079909755757, 20.486575573498474, 0.0],
              [105.906890635485112, 20.487676844268449, 0.0],
              [105.90068473636687, 20.49265137514038, 0.0],
              [105.898742514144658, 20.494873597362602, 0.0],
              [105.898432529098315, 20.495231679949679, 0.0],
              [105.896765306876091, 20.497176124394123, 0.0],
              [105.893124530040183, 20.501980535230743, 0.0],
              [105.891457307817944, 20.504480535230744, 0.0],
              [105.890172209796404, 20.506511661355709, 0.0],
              [105.888506654240857, 20.509289716911265, 0.0],
              [105.884961687208616, 20.51644166571738, 0.0],
              [105.883850576097501, 20.519221387939602, 0.0],
              [105.882095030670698, 20.524426228027437, 0.0],
              [105.882061697337363, 20.524546505805215, 0.0],
              [105.882012849149632, 20.524724035793852, 0.0],
              [105.881211460260744, 20.527657646904959, 0.0],
              [105.879554923491895, 20.544159782400893, 0.0],
              [105.879832701269677, 20.548326171289787, 0.0],
              [105.880308423195316, 20.552635700214342, 0.0],
              [105.88038841181023, 20.553153336974809, 0.0],
              [105.880570723261698, 20.554338307945617, 0.0],
              [105.880702650803258, 20.556054422462662, 0.0],
              [105.883560773184982, 20.569295035258467, 0.0],
              [105.883791653230816, 20.569930547458679, 0.0],
              [105.884001164634029, 20.570766573181011, 0.0],
              [105.884693848396466, 20.573031350359443, 0.0],
              [105.885279972100633, 20.57854743033845, 0.0],
              [105.885869772941192, 20.581295450827241, 0.0],
              [105.886232530780632, 20.583477452868941, 0.0],
              [105.888119415340711, 20.591082961129537, 0.0],
              [105.888481820469707, 20.592170629522922, 0.0],
              [105.888782487770285, 20.593472586061129, 0.0],
              [105.889133067238291, 20.594718500820495, 0.0],
              [105.889065937682957, 20.595521646048809, 0.0],
              [105.888459692941083, 20.598438719837183, 0.0],
              [105.887903581829974, 20.601772053170517, 0.0],
              [105.887367152225593, 20.606192153782526, 0.0],
              [105.887237645420754, 20.607887740861713, 0.0],
              [105.886973618349998, 20.609599373712484, 0.0],
              [105.886595286198855, 20.612686586910801, 0.0],
              [105.886316952865528, 20.615742420244132, 0.0],
              [105.88626028701357, 20.616417024384234, 0.0],
              [105.884894456051327, 20.623072910257644, 0.0],
              [105.884641830992962, 20.626106181103662, 0.0],
              [105.884117490596736, 20.628208094558431, 0.0],
              [105.883426476833421, 20.630743962945381, 0.0],
              [105.88225195168333, 20.636266873712472, 0.0],
              [105.882045926949232, 20.637602489420093, 0.0],
              [105.881770770687794, 20.638702747713101, 0.0],
              [105.880421794613568, 20.647030172103463, 0.0],
              [105.880395577243462, 20.647373852225307, 0.0],
              [105.879339811474324, 20.653351980618503, 0.0],
              [105.879183643747709, 20.655228181874538, 0.0],
              [105.879063760726822, 20.655680345298737, 0.0],
              [105.878261538504603, 20.659149234187627, 0.0],
              [105.878198444134327, 20.659425627728147, 0.0],
              [105.878166777467655, 20.659566183283705, 0.0],
              [105.877749240536232, 20.661619155664017, 0.0],
              [105.877194240536241, 20.664674433441796, 0.0],
              [105.876974983685017, 20.665979416672155, 0.0],
              [105.876460373983122, 20.669311565747851, 0.0],
              [105.875953368115646, 20.672365054398426, 0.0],
              [105.875424497680868, 20.67673102729653, 0.0],
              [105.87529381350997, 20.678434771382108, 0.0],
              [105.875028353363092, 20.680156091765969, 0.0],
              [105.874902136419777, 20.680977706995581, 0.0],
              [105.874819997686075, 20.68127864514187, 0.0],
              [105.87320283128048, 20.690609341722368, 0.0],
              [105.872937041486367, 20.694064609045878, 0.0],
              [105.872672503587367, 20.697243565479766, 0.0],
              [105.87262784960906, 20.697820559069537, 0.0],
              [105.872607816824953, 20.698100458248582, 0.0],
              [105.871859841941074, 20.70251305899567, 0.0],
              [105.871771484713548, 20.70286628180763, 0.0],
              [105.870423004720593, 20.711180730992631, 0.0],
              [105.870146820942949, 20.714786093921052, 0.0],
              [105.870112424775812, 20.715233622830528, 0.0],
              [105.86969778927832, 20.717627448119551, 0.0],
              [105.869262896311952, 20.719063383773413, 0.0],
              [105.868429285200861, 20.722119217106748, 0.0],
              [105.866812771691087, 20.731458480217452, 0.0],
              [105.866537172412407, 20.735055659557599, 0.0],
              [105.866405219391524, 20.736765391820246, 0.0],
              [105.866137102470887, 20.738507950817151, 0.0],
              [105.865702944134142, 20.742275374906782, 0.0],
              [105.865537288316716, 20.744428072254394, 0.0],
              [105.865439805552725, 20.744582074971206, 0.0],
              [105.864396070361138, 20.746324362115647, 0.0],
              [105.863399185059265, 20.747819523976261, 0.0],
              [105.858589913230716, 20.756953493211299, 0.0],
              [105.857477691008498, 20.759728215433523, 0.0],
              [105.856891281993128, 20.761263779954888, 0.0],
              [105.856765979160926, 20.761608809469823, 0.0],
              [105.85666752933885, 20.761805709113982, 0.0],
              [105.854960252935243, 20.765608863097874, 0.0],
              [105.853854134363857, 20.768376235055243, 0.0],
              [105.853517347543473, 20.769217739371403, 0.0],
              [105.853056418227752, 20.770139598002846, 0.0],
              [105.851359066039436, 20.773917942064706, 0.0],
              [105.850246843817203, 20.776696275398038, 0.0],
              [105.84967376357244, 20.778197291307993, 0.0],
              [105.848563485794671, 20.781251735752438, 0.0],
              [105.847313042904815, 20.785192021560388, 0.0],
              [105.847234616682215, 20.785479933170087, 0.0],
              [105.847190631526885, 20.785589857542526, 0.0],
              [105.845723767978555, 20.789788075775672, 0.0],
              [105.845338668122437, 20.791070814458219, 0.0],
              [105.844952760250777, 20.792144542072823, 0.0],
              [105.841761985554911, 20.799621722861787, 0.0],
              [105.841471426116939, 20.800687139741321, 0.0],
              [105.841338786178014, 20.80105191616164, 0.0],
              [105.840523213117336, 20.803089931981255, 0.0],
              [105.839254994422987, 20.806872238920583, 0.0],
              [105.837743549119963, 20.810386722468913, 0.0],
              [105.836630493564414, 20.813442278024468, 0.0],
              [105.835712654880368, 20.816210412080896, 0.0],
              [105.835526627382265, 20.816831538952687, 0.0],
              [105.835251526213113, 20.817518329983365, 0.0],
              [105.833155699907977, 20.823997761334091, 0.0],
              [105.832323199907989, 20.827331928000756, 0.0],
              [105.831712091605425, 20.830165838654839, 0.0],
              [105.830510898247724, 20.832840453295102, 0.0],
              [105.829405293069087, 20.83560806485643, 0.0],
              [105.828430691995209, 20.838044811191416, 0.0],
              [105.827179196060214, 20.841048651734567, 0.0],
              [105.824134114343266, 20.85136685374038, 0.0],
              [105.824064667111671, 20.851750277762974, 0.0],
              [105.823843815247855, 20.852357634188284, 0.0],
              [105.82232743735446, 20.857313858824213, 0.0],
              [105.822219689866017, 20.857744705162563, 0.0],
              [105.820382953084788, 20.863424018481879, 0.0],
              [105.81967690474076, 20.866247035502898, 0.0],
              [105.818982386420984, 20.868795069858837, 0.0],
              [105.818715612721448, 20.869816156761765, 0.0],
              [105.818634101148277, 20.870142175892958, 0.0],
              [105.817040294846535, 20.874895977951031, 0.0],
              [105.816750040921377, 20.875960016740631, 0.0],
              [105.816345103145068, 20.877073190687696, 0.0],
              [105.81509205773007, 20.881019239505296, 0.0],
              [105.814259279952296, 20.88407507283863, 0.0],
              [105.813185533542409, 20.888970400218177, 0.0],
              [105.812627755764623, 20.892304011329287, 0.0],
              [105.81252400493203, 20.89295083412155, 0.0],
              [105.811911377505993, 20.894482019890194, 0.0],
              [105.809141260536876, 20.904104988814726, 0.0],
              [105.80908496224022, 20.904414404478107, 0.0],
              [105.809053892902668, 20.904517934426636, 0.0],
              [105.808432009962274, 20.906781972513418, 0.0],
              [105.808070082910262, 20.908232098403854, 0.0],
              [105.807686173435627, 20.909382330937799, 0.0],
              [105.807664680690976, 20.909446871587278, 0.0],
              [105.807550514024314, 20.909790482698387, 0.0],
              [105.807114357232123, 20.911169547617188, 0.0],
              [105.806279912787673, 20.913947047617189, 0.0],
              [105.805157121761042, 20.919975228169136, 0.0],
              [105.804271088346809, 20.922870087910702, 0.0],
              [105.803565397855508, 20.925692144420534, 0.0],
              [105.802871300881918, 20.928238401430363, 0.0],
              [105.802603510813981, 20.92926345339929, 0.0],
              [105.80176989970289, 20.93259845339929, 0.0],
              [105.800424617789261, 20.940890562105817, 0.0],
              [105.800397716278567, 20.941240470243905, 0.0],
              [105.799338500578045, 20.947244103762031, 0.0],
              [105.79906100057805, 20.950579937095366, 0.0],
              [105.799036345241888, 20.950887827613315, 0.0],
              [105.798758567464105, 20.954496716502202, 0.0],
              [105.7986111111111, 20.958333888888887, 0.0],
              [105.7986111111111, 20.959127617280803, 0.0],
              [105.798334445776206, 20.961934848652263, 0.0],
              [105.798334091959717, 20.963467817524499, 0.0],
              [105.798167599059511, 20.964189268265702, 0.0],
              [105.797592891063402, 20.966298128394168, 0.0],
              [105.797327437354454, 20.967314136602003, 0.0],
              [105.796493826243349, 20.970647469935336, 0.0],
              [105.79514700513333, 20.978946749926386, 0.0],
              [105.794869651640568, 20.982555676905637, 0.0],
              [105.794592719721365, 20.986155514923279, 0.0],
              [105.794314255584297, 20.989758092744481, 0.0],
              [105.794061491129511, 20.993056575069062, 0.0],
              [105.793973143022626, 20.994032012280105, 0.0],
              [105.79360729718924, 20.996471100699573, 0.0],
              [105.793166829467609, 21.007242414447791, 0.0],
              [105.79333444444444, 21.009735043513572, 0.0],
              [105.79333444444444, 21.011944444444442, 0.0],
              [105.793911384792892, 21.019518160486069, 0.0],
              [105.794464718126221, 21.023128993819402, 0.0],
              [105.794696069607355, 21.024509374453405, 0.0],
              [105.794918847385134, 21.025733263342296, 0.0],
              [105.794931926478171, 21.025804821328204, 0.0],
              [105.795268037589281, 21.027636210217093, 0.0],
              [105.796641119970332, 21.033260801460184, 0.0],
              [105.797466675525897, 21.035954690349072, 0.0],
              [105.79775865267294, 21.036905166139444, 0.0],
              [105.798687692543126, 21.036619761942042, 0.0],
              [105.800832746130098, 21.045691946601302, 0.0],
              [105.801293425920974, 21.046613398319021, 0.0],
              [105.80163368483818, 21.047463747959892, 0.0],
              [105.807104075482499, 21.057576570790598, 0.0],
              [105.80904963103805, 21.060353793012819, 0.0],
              [105.817074603354428, 21.069293793407947, 0.0],
              [105.819261662469088, 21.071207572715775, 0.0],
              [105.81933429971339, 21.071272555426571, 0.0],
              [105.821516843433244, 21.073182073293744, 0.0],
              [105.823733832568408, 21.075122701067592, 0.0],
              [105.82471591364272, 21.075981999678017, 0.0],
              [105.825758259469325, 21.077024215227663, 0.0],
              [105.828176501169708, 21.079287049053409, 0.0],
              [105.830397890058592, 21.081231771275633, 0.0],
              [105.835626071739583, 21.085232758886924, 0.0],
              [105.837581696542571, 21.086534588248615, 0.0],
              [105.838079284810846, 21.086866666848106, 0.0],
              [105.838118065158611, 21.086808558177086, 0.0],
              [105.846660570863179, 21.092413665173719, 0.0],
              [105.848630393432586, 21.09334622615858, 0.0],
              [105.848766972454172, 21.093437284107697, 0.0],
              [105.848049008923283, 21.094120054945215, 0.0],
              [105.847998755762092, 21.094069744327218, 0.0],
              [105.846052922428754, 21.09601335543833, 0.0],
              [105.846014391665562, 21.096054940589557, 0.0],
              [105.845808167579179, 21.096251056110916, 0.0],
              [105.845680166565458, 21.096415660185546, 0.0],
              [105.843424842562953, 21.098849766908124, 0.0],
              [105.843338077654749, 21.098950995044902, 0.0],
              [105.840608001432344, 21.101554180960566, 0.0],
              [105.840128385302165, 21.101927375600525, 0.0],
              [105.837698138942628, 21.104074283667131, 0.0],
              [105.836382452936334, 21.105004758133099, 0.0],
              [105.835279177494044, 21.105832456207256, 0.0],
              [105.833940142141302, 21.106724700394661, 0.0],
              [105.833491771195852, 21.107023662273296, 0.0],
              [105.829814665968428, 21.108957648608602, 0.0],
              [105.829262571177352, 21.109170125746168, 0.0],
              [105.825957012915978, 21.110715707653348, 0.0],
              [105.825179966836799, 21.110927590787103, 0.0],
              [105.819315738422873, 21.112940102845013, 0.0],
              [105.81850940531956, 21.113150723684768, 0.0],
              [105.815961172917582, 21.113845759343093, 0.0],
              [105.813138235552017, 21.114552317178468, 0.0],
              [105.808212790056814, 21.116058587424458, 0.0],
              [105.805777918671495, 21.116942727688439, 0.0],
              [105.803792943478385, 21.117604661823101, 0.0],
              [105.801743231941046, 21.118219636781799, 0.0],
              [105.795399666934955, 21.12060229739981, 0.0],
              [105.794261898015876, 21.121120132767469, 0.0],
              [105.793583817566585, 21.121362204049767, 0.0],
              [105.792053329958563, 21.121820203040112, 0.0],
              [105.789291361512852, 21.122735087152137, 0.0],
              [105.786871684634306, 21.123615509777736, 0.0],
              [105.78417884882748, 21.124513720071441, 0.0],
              [105.782917372073143, 21.124953304778348, 0.0],
              [105.779862372073126, 21.126063860333904, 0.0],
              [105.776246157531233, 21.127540780969248, 0.0],
              [105.774245258811007, 21.128450726909659, 0.0],
              [105.772542099694761, 21.129131956503191, 0.0],
              [105.770425674346868, 21.130035520191118, 0.0],
              [105.767369841013547, 21.131424131302229, 0.0],
              [105.766757791009496, 21.131716107107092, 0.0],
              [105.764551255109794, 21.132376545823846, 0.0],
              [105.758188209176566, 21.134763156864253, 0.0],
              [105.756910206877563, 21.135344405045704, 0.0],
              [105.755689530337122, 21.135788327780659, 0.0],
              [105.750420951558354, 21.138054352739786, 0.0],
              [105.747641507113912, 21.139443797184231, 0.0],
              [105.742248665788495, 21.142574390608551, 0.0],
              [105.7397497768996, 21.144241612830772, 0.0],
              [105.7345751580078, 21.148204749035099, 0.0],
              [105.732353491341144, 21.150148637923987, 0.0],
              [105.729641385742852, 21.153021616605315, 0.0],
              [105.723253802857144, 21.158257741426713, 0.0],
              [105.721309080634924, 21.160202741426712, 0.0],
              [105.717507938436682, 21.164837666127962, 0.0],
              [105.717419911925617, 21.164925791743176, 0.0],
              [105.715490341147458, 21.166853985240262, 0.0],
              [105.713460757064084, 21.169005814244418, 0.0],
              [105.713460450396752, 21.169006159283494, 0.0],
              [105.711521878286831, 21.170702167558169, 0.0],
              [105.711234498539483, 21.170955539217179, 0.0],
              [105.709949054432641, 21.172097648596868, 0.0],
              [105.709542401755044, 21.172414165054022, 0.0],
              [105.708433427825341, 21.173206538420803, 0.0],
              [105.704597464929151, 21.176241421669268, 0.0],
              [105.7023730204847, 21.178185588335936, 0.0],
              [105.700193752218169, 21.18022369080013, 0.0],
              [105.695463617450059, 21.184102653855021, 0.0],
              [105.693263143598273, 21.186304779920945, 0.0],
              [105.692488927087524, 21.187077891670697, 0.0],
              [105.691492979422904, 21.187950559991982, 0.0],
              [105.68713557165097, 21.192310242048968, 0.0],
              [105.683179316231346, 21.196266042227688, 0.0],
              [105.683178832568359, 21.196266465599098, 0.0],
              [105.680763627326343, 21.198525973956453, 0.0],
              [105.678818905104137, 21.200469862845342, 0.0],
              [105.676789102360758, 21.202622573223199, 0.0],
              [105.675546081419114, 21.204021573795558, 0.0],
              [105.674648252263651, 21.20491940295101, 0.0],
              [105.673793616404367, 21.205773718482025, 0.0],
              [105.673316288680084, 21.206182359578932, 0.0],
              [105.672894180426795, 21.206547830999625, 0.0],
              [105.670671680426793, 21.208493942110735, 0.0],
              [105.670383858357596, 21.208747929360062, 0.0],
              [105.670074509731734, 21.209023031989332, 0.0],
              [105.669854955042723, 21.209169272935355, 0.0],
              [105.668917465237811, 21.209794819344076, 0.0],
              [105.666423120963785, 21.21145845492034, 0.0],
              [105.658820165336834, 21.217691103197534, 0.0],
              [105.658714017997539, 21.217797197489684, 0.0],
              [105.654078727525373, 21.221598930575443, 0.0],
              [105.653180756380507, 21.222497414993324, 0.0],
              [105.651786725696596, 21.223736243594423, 0.0],
              [105.651880972136837, 21.22384229735313, 0.0],
              [105.647976018523494, 21.227167689249764, 0.0],
              [105.647909989885875, 21.227092222561847, 0.0],
              [105.645686656552527, 21.229037500339626, 0.0],
              [105.64539545771494, 21.229294283983183, 0.0],
              [105.64527730983518, 21.229399286811525, 0.0],
              [105.643653879077561, 21.230341096394252, 0.0],
              [105.64317623630312, 21.230659524910543, 0.0],
              [105.639100094403489, 21.232500088442755, 0.0],
              [105.636045927736831, 21.2341670328872, 0.0],
              [105.627476953767001, 21.240078569580799, 0.0],
              [105.625531120433664, 21.241744958469688, 0.0],
              [105.625109620887244, 21.242110019428729, 0.0],
              [105.622889065331691, 21.244055019428732, 0.0],
              [105.620485849548871, 21.24630402951172, 0.0],
              [105.618541127326637, 21.248247918400605, 0.0],
              [105.617699024007592, 21.249218720324485, 0.0],
              [105.617248995374823, 21.249518986268153, 0.0],
              [105.616338708679095, 21.250140961722373, 0.0],
              [105.613561208679087, 21.252084017277927, 0.0],
              [105.612209710999366, 21.25306348383462, 0.0],
              [105.611836032680415, 21.25334392931962, 0.0],
              [105.610875622260252, 21.253871409090149, 0.0],
              [105.610839144034756, 21.253882643519415, 0.0],
              [105.604345352809375, 21.256966552200868, 0.0],
              [105.601721604367981, 21.258015212229736, 0.0],
              [105.596334888439799, 21.260549845318337, 0.0],
              [105.594056670224589, 21.261792566258443, 0.0],
              [105.593106881646818, 21.262267745597928, 0.0],
              [105.592525590619474, 21.262525709638286, 0.0],
              [105.590709960423524, 21.262944378846353, 0.0],
              [105.590674912783655, 21.262952804985744, 0.0],
              [105.590229296943804, 21.262905120564014, 0.0],
              [105.589588317562672, 21.262859336322506, 0.0],
              [105.58867747671087, 21.26257930933345, 0.0],
              [105.586827693953694, 21.261905757700042, 0.0],
              [105.586443655679233, 21.261766105478173, 0.0],
              [105.586225755911741, 21.261657297186794, 0.0],
              [105.582495471928667, 21.259981502817716, 0.0],
              [105.579717971928673, 21.258867891706608, 0.0],
              [105.578183924147268, 21.258281884296082, 0.0],
              [105.575128838380351, 21.257171979023372, 0.0],
              [105.574906647334004, 21.257091246578611, 0.0],
              [105.569588737481453, 21.254399869603741, 0.0],
              [105.568357733183959, 21.253952201162161, 0.0],
              [105.567070582404767, 21.253367430506319, 0.0],
              [105.566718699814359, 21.253209200311929, 0.0],
              [105.564396251268491, 21.252175624233494, 0.0],
              [105.56151541116914, 21.250866746405528, 0.0],
              [105.55335796641964, 21.248437100082288, 0.0],
              [105.553014098738331, 21.248299656170069, 0.0],
              [105.550248169046242, 21.247192399372715, 0.0],
              [105.547483151522428, 21.246178923249861, 0.0],
              [105.544792594294549, 21.245281697089773, 0.0],
              [105.542372669944271, 21.244401224705282, 0.0],
              [105.53930566715384, 21.243287135146957, 0.0],
              [105.536263916264915, 21.242180364929915, 0.0],
              [105.531301887229716, 21.240661443787481, 0.0],
              [105.527967442785268, 21.239827277120817, 0.0],
              [105.523430200165876, 21.238913036286096, 0.0],
              [105.519819922388109, 21.238358036286098, 0.0],
              [105.519292360974006, 21.238279813251712, 0.0],
              [105.51540263875178, 21.237724257696154, 0.0],
              [105.512484985940119, 21.237394627899381, 0.0],
              [105.509151374829003, 21.237116850121602, 0.0],
              [105.501673273154694, 21.237054923491897, 0.0],
              [105.501398484845595, 21.237073243933867, 0.0],
              [105.500119415735355, 21.236890702499419, 0.0],
              [105.48600449701668, 21.236888798075523, 0.0],
              [105.482113941461137, 21.23744296474219, 0.0],
              [105.478193717526338, 21.238003946326938, 0.0],
              [105.477026722661151, 21.238185034512508, 0.0],
              [105.476035364775058, 21.238350880580477, 0.0],
              [105.474514191864927, 21.238458883857096, 0.0],
              [105.471446658894507, 21.23877199601829, 0.0],
              [105.467280270005631, 21.239327551573844, 0.0],
              [105.466828216014264, 21.239389930328556, 0.0],
              [105.462939327125369, 21.239944652550779, 0.0],
              [105.459033608818871, 21.240503722164803, 0.0],
              [105.455151588667107, 21.241058217258615, 0.0],
              [105.446415022810285, 21.243120087212951, 0.0],
              [105.44439761074095, 21.243792333708466, 0.0],
              [105.442679133503503, 21.244260924120422, 0.0],
              [105.436595999841472, 21.246348380154743, 0.0],
              [105.433263222063701, 21.247737546821408, 0.0],
              [105.430133953608291, 21.249170213049769, 0.0],
              [105.427356453608283, 21.250559379716435, 0.0],
              [105.423994559889692, 21.252405300830894, 0.0],
              [105.421216782111912, 21.254072245275342, 0.0],
              [105.419206512463688, 21.25534461875905, 0.0],
              [105.416783451065896, 21.256960262253287, 0.0],
              [105.407029983852453, 21.258161046025453, 0.0],
              [105.403695261630233, 21.2589954904699, 0.0],
              [105.395135184163536, 21.261984935272313, 0.0],
              [105.392079073052429, 21.263374657494534, 0.0],
              [105.385029635299389, 21.267295039085504, 0.0],
              [105.382548941516873, 21.268949846717728, 0.0],
              [105.380062700940428, 21.270605500819688, 0.0],
              [105.374834505752389, 21.274607965145652, 0.0],
              [105.372613950196836, 21.276552687367872, 0.0],
              [105.367786153635279, 21.282058936603178, 0.0],
              [105.366584332039452, 21.283261101674739, 0.0],
              [105.364460356428097, 21.285852109761027, 0.0],
              [105.363957585595628, 21.286425535230904, 0.0],
              [105.363814897468174, 21.286639496101802, 0.0],
              [105.361344797336159, 21.289652736640789, 0.0],
              [105.361014483905734, 21.289939291262666, 0.0],
              [105.360256890397636, 21.290697642905798, 0.0],
              [105.359573744928355, 21.291295395191423, 0.0],
              [105.356402416077785, 21.292868910009393, 0.0],
              [105.355133071009831, 21.293324127736462, 0.0],
              [105.353274856632197, 21.294037704910227, 0.0],
              [105.352298439055019, 21.294330630183378, 0.0],
              [105.347861633709527, 21.295995788844408, 0.0],
              [105.347229330152075, 21.296141660166494, 0.0],
              [105.345881838764939, 21.296237916426737, 0.0],
              [105.341694074179003, 21.297071761382274, 0.0],
              [105.338654097667671, 21.297071684050778, 0.0],
              [105.334764375445445, 21.297350017384115, 0.0],
              [105.326207225351595, 21.298715137240674, 0.0],
              [105.322873614240478, 21.299548470574006, 0.0],
              [105.319192799401989, 21.30062008760817, 0.0],
              [105.317680902519356, 21.301123885261166, 0.0],
              [105.316210196349374, 21.301491408617871, 0.0],
              [105.311232032668812, 21.30301479360423, 0.0],
              [105.308177588224368, 21.304126460270897, 0.0],
              [105.3046091397986, 21.305583294221027, 0.0],
              [105.301552195354162, 21.306971071998802, 0.0],
              [105.2964878495292, 21.309629439066217, 0.0],
              [105.296194414667042, 21.309805576284209, 0.0],
              [105.293004356632579, 21.311381751661802, 0.0],
              [105.291726247295003, 21.312078796561494, 0.0],
              [105.291075372436865, 21.312368186760612, 0.0],
              [105.287099321290114, 21.314352093151687, 0.0],
              [105.286364228636089, 21.314760641313402, 0.0],
              [105.285147483796052, 21.315313586458927, 0.0],
              [105.278110607305692, 21.319223279962955, 0.0],
              [105.277447433412092, 21.319665125920046, 0.0],
              [105.276332933643332, 21.320273108604265, 0.0],
              [105.27254916933812, 21.32255988508, 0.0],
              [105.270049169338122, 21.32422599619111, 0.0],
              [105.268528644723105, 21.325239846614625, 0.0],
              [105.26677044596012, 21.326295047212351, 0.0],
              [105.264773802617697, 21.327558463446643, 0.0],
              [105.264762124048616, 21.327566245699433, 0.0],
              [105.259493891560339, 21.33033738508, 0.0],
              [105.254493891560344, 21.33366960730222, 0.0],
              [105.252968792210368, 21.334687345557807, 0.0],
              [105.252103876025615, 21.335206226096105, 0.0],
              [105.249952155341404, 21.336379518416827, 0.0],
              [105.245002882901034, 21.339561400168368, 0.0],
              [105.244858277879715, 21.339641848761893, 0.0],
              [105.241444188061422, 21.341724226586027, 0.0],
              [105.23894502139477, 21.343389226586027, 0.0],
              [105.236432212411017, 21.345064429727504, 0.0],
              [105.234204967082945, 21.346668995505048, 0.0],
              [105.232400333821488, 21.347670700351966, 0.0],
              [105.228912186777464, 21.349797786546322, 0.0],
              [105.22729141765943, 21.350879379804425, 0.0],
              [105.225913992798056, 21.351505220141966, 0.0],
              [105.224196765411762, 21.352192591775953, 0.0],
              [105.222096084261892, 21.353089652728542, 0.0],
              [105.220813758634364, 21.353672231250293, 0.0],
              [105.219588153594628, 21.354117642480986, 0.0],
              [105.219035736555156, 21.354343181775015, 0.0],
              [105.210926199021969, 21.355661088346768, 0.0],
              [105.210326142555317, 21.355811139963837, 0.0],
              [105.208354019312935, 21.355942097677648, 0.0],
              [105.208094720947685, 21.355959993283772, 0.0],
              [105.204204998725459, 21.356238604394882, 0.0],
              [105.200698729497546, 21.356614419920369, 0.0],
              [105.197048143788521, 21.357136490967548, 0.0],
              [105.193120096678371, 21.357659741726007, 0.0],
              [105.192642738342968, 21.357725672786842, 0.0],
              [105.188754682787405, 21.358281783897951, 0.0],
              [105.185366534921812, 21.358886045107482, 0.0],
              [105.181476812699586, 21.359718822885259, 0.0],
              [105.174867580357031, 21.361617421955344, 0.0],
              [105.171811469245924, 21.3627279775109, 0.0],
              [105.17186226511933, 21.362867761452655, 0.0],
              [105.166053565328184, 21.364898020576447, 0.0],
              [105.165972599132971, 21.364675318007517, 0.0],
              [105.162915654688533, 21.365786706896408, 0.0],
              [105.154268630190302, 21.369906636901096, 0.0],
              [105.151490852412522, 21.371573859123316, 0.0],
              [105.149434106278434, 21.372808441554458, 0.0],
              [105.147671794641795, 21.373787046526857, 0.0],
              [105.143265015636715, 21.37654312857088, 0.0],
              [105.142623381953626, 21.376992438940437, 0.0],
              [105.142403065221743, 21.377114709343509, 0.0],
              [105.135156912169109, 21.382210210098492, 0.0],
              [105.134215836004799, 21.382837385079998, 0.0],
              [105.133919767407079, 21.383080171307313, 0.0],
              [105.133730945614147, 21.383212950946586, 0.0],
              [105.133332880749506, 21.383561438143953, 0.0],
              [105.126573952016784, 21.389103987473213, 0.0],
              [105.124630896461213, 21.391048709695436, 0.0],
              [105.119401146797088, 21.397427432249515, 0.0],
              [105.118736702625867, 21.398175098053176, 0.0],
              [105.118149917823573, 21.39884736441693, 0.0],
              [105.11648352893468, 21.400791253305819, 0.0],
              [105.115426273905925, 21.402187278701795, 0.0],
              [105.11365735836219, 21.403117851123174, 0.0],
              [105.111158191695537, 21.404783684456504, 0.0],
              [105.10865576018945, 21.406452526438066, 0.0],
              [105.106164596187497, 21.408112471774476, 0.0],
              [105.105500187095402, 21.408555626235398, 0.0],
              [105.104399954791418, 21.409155416756494, 0.0],
              [105.095779251413504, 21.415104494865151, 0.0],
              [105.093836195857932, 21.416771161531816, 0.0],
              [105.091040457769111, 21.419360532022001, 0.0],
              [105.089064046828256, 21.421336201901386, 0.0],
              [105.089019977178438, 21.421370488637617, 0.0],
              [105.088943986671524, 21.4214562170412, 0.0],
              [105.088817957769123, 21.421582198688665, 0.0],
              [105.086863803217753, 21.423536629954949, 0.0],
              [105.086988961944002, 21.423661770809034, 0.0],
              [105.076860618239394, 21.43508802353367, 0.0],
              [105.076509241705253, 21.435673007543812, 0.0],
              [105.076380788928958, 21.435844413591692, 0.0],
              [105.07471797771386, 21.438062234485461, 0.0],
              [105.074305915750685, 21.43864478817348, 0.0],
              [105.073544759580329, 21.439356787406911, 0.0],
              [105.072509731335373, 21.440391224629302, 0.0],
              [105.069819760804805, 21.442109836289116, 0.0],
              [105.069756502934823, 21.442014996903833, 0.0],
              [105.067271966325535, 21.443672182822233, 0.0],
              [105.064786326267054, 21.445327435797651, 0.0],
              [105.059261968286179, 21.449591345517639, 0.0],
              [105.058572765671016, 21.450204625523678, 0.0],
              [105.052259426251851, 21.45367841750712, 0.0],
              [105.050747688373633, 21.454686578589076, 0.0],
              [105.049698643797569, 21.455316278113578, 0.0],
              [105.049097040448103, 21.455631025617851, 0.0],
              [105.048399144843358, 21.455680651092422, 0.0],
              [105.030972500606637, 21.460166056609427, 0.0],
              [105.027706686886816, 21.461675113764425, 0.0],
              [105.025553538474128, 21.462630553940887, 0.0],
              [105.012610780845037, 21.470966713091883, 0.0],
              [105.010110780845039, 21.473189490869661, 0.0],
              [105.007985848466234, 21.475192919482776, 0.0],
              [105.006040848466228, 21.477137086149444, 0.0],
              [104.997675251721233, 21.488227748129766, 0.0],
              [104.996286640610137, 21.490728581463099, 0.0],
              [104.993583853639876, 21.496412090582005, 0.0],
              [104.992471631417644, 21.499189312804226, 0.0],
              [104.990989088762575, 21.503435266753307, 0.0],
              [104.990743086320848, 21.50425680812965, 0.0],
              [104.987659449063415, 21.50734022711395, 0.0],
              [104.986802659500469, 21.508318768407129, 0.0],
              [104.9857491423044, 21.509372680820352, 0.0],
              [104.983262252026549, 21.512408128010691, 0.0],
              [104.982367649348532, 21.513190248462227, 0.0],
              [104.976012585876646, 21.520435489081205, 0.0],
              [104.975981984964903, 21.520408713761629, 0.0],
              [104.974037818298228, 21.522630658206072, 0.0],
              [104.972324463902169, 21.524743394256891, 0.0],
              [104.970489785591781, 21.526576763018173, 0.0],
              [104.964232119470495, 21.534206511396714, 0.0],
              [104.964197600099652, 21.534258281821693, 0.0],
              [104.960332683954874, 21.538668030525447, 0.0],
              [104.95979093749861, 21.539481237591328, 0.0],
              [104.956854363421769, 21.542591621500833, 0.0],
              [104.953182857532298, 21.546263289893897, 0.0],
              [104.953182606640738, 21.546263509459287, 0.0],
              [104.950783302257193, 21.54850659703429, 0.0],
              [104.948838580034973, 21.550448263700957, 0.0],
              [104.948793103220012, 21.550493727495741, 0.0],
              [104.946582792881429, 21.55270624869738, 0.0],
              [104.945819579556115, 21.553469243992886, 0.0],
              [104.944842836189949, 21.554324352401224, 0.0],
              [104.94015155175984, 21.559016550310268, 0.0],
              [104.93820682953762, 21.561238772532491, 0.0],
              [104.937857487823095, 21.561642288766642, 0.0],
              [104.936497259517665, 21.563230507306731, 0.0],
              [104.934585892493047, 21.565379242999807, 0.0],
              [104.933976638188739, 21.566077071052742, 0.0],
              [104.93231024929986, 21.568021793274966, 0.0],
              [104.928678385163309, 21.572816279731249, 0.0],
              [104.928021312414515, 21.573801669903165, 0.0],
              [104.927924655584704, 21.573925978486816, 0.0],
              [104.927032431609163, 21.574967303266799, 0.0],
              [104.923897609583918, 21.579104245575092, 0.0],
              [104.923742004389624, 21.579279272257274, 0.0],
              [104.92314038104324, 21.57996858465868, 0.0],
              [104.922720763994292, 21.58045833620022, 0.0],
              [104.922130896461212, 21.581048709695438, 0.0],
              [104.915900296170165, 21.588651746198813, 0.0],
              [104.914971205085564, 21.590045228028806, 0.0],
              [104.910730892610829, 21.595116538349007, 0.0],
              [104.909680740080674, 21.596867609487386, 0.0],
              [104.908679098228077, 21.598369654845946, 0.0],
              [104.903857421523711, 21.607532466900022, 0.0],
              [104.902745199301478, 21.610311633566688, 0.0],
              [104.900660135537805, 21.616756677994939, 0.0],
              [104.8998265244267, 21.620089455772714, 0.0],
              [104.899134795685768, 21.623299320268174, 0.0],
              [104.898580629019108, 21.626354875823733, 0.0],
              [104.898360437742454, 21.627668357493917, 0.0],
              [104.897804326631331, 21.631280024160581, 0.0],
              [104.897368094237663, 21.635069007041679, 0.0],
              [104.89735486371471, 21.635241668022921, 0.0],
              [104.896785853594778, 21.638736150329205, 0.0],
              [104.896654638825325, 21.639127515993348, 0.0],
              [104.896241746278179, 21.639425100070639, 0.0],
              [104.894083552016824, 21.641104095539479, 0.0],
              [104.892206812750928, 21.642512882061069, 0.0],
              [104.880643148517592, 21.654732218239715, 0.0],
              [104.878973981850933, 21.657231662684158, 0.0],
              [104.878941974975461, 21.657279650348354, 0.0],
              [104.87835714338226, 21.658157580496866, 0.0],
              [104.873751002014359, 21.658504052672054, 0.0],
              [104.870140724236563, 21.659337663783166, 0.0],
              [104.860709551302804, 21.662532976099367, 0.0],
              [104.857653440191697, 21.663921309432698, 0.0],
              [104.854578486954338, 21.665319823530918, 0.0],
              [104.849565802438292, 21.667951779641879, 0.0],
              [104.846787191327195, 21.669617890752992, 0.0],
              [104.845994813822955, 21.670103081957695, 0.0],
              [104.843772313822953, 21.671492526402137, 0.0],
              [104.84255849731116, 21.67227598498182, 0.0],
              [104.840058497311148, 21.673941262759598, 0.0],
              [104.832404489901066, 21.680216785261337, 0.0],
              [104.832399922309492, 21.680221357422223, 0.0],
              [104.832374740086109, 21.680240925578257, 0.0],
              [104.825075641164034, 21.687200973773756, 0.0],
              [104.823410363386259, 21.689145695995979, 0.0],
              [104.821915848084203, 21.690976896389227, 0.0],
              [104.819971681417528, 21.693477451944783, 0.0],
              [104.816865406544281, 21.697956779361313, 0.0],
              [104.815118288692148, 21.700794972312124, 0.0],
              [104.814955440668413, 21.701039223996819, 0.0],
              [104.814033585297992, 21.70233000588647, 0.0],
              [104.811152676375741, 21.707113554902772, 0.0],
              [104.810047834475455, 21.708675729468322, 0.0],
              [104.809162277461766, 21.710005616006139, 0.0],
              [104.808340215117269, 21.711101196676964, 0.0],
              [104.806723277358614, 21.713386722325687, 0.0],
              [104.805069837958072, 21.71586839733196, 0.0],
              [104.801380290888531, 21.721214985629743, 0.0],
              [104.8000090924251, 21.723041955658399, 0.0],
              [104.798321610712762, 21.725293784979577, 0.0],
              [104.796733229159329, 21.727539569085319, 0.0],
              [104.795212343500921, 21.729820517541519, 0.0],
              [104.790374608080569, 21.736282316345832, 0.0],
              [104.790112726908077, 21.736701430974293, 0.0],
              [104.788201042510039, 21.738744711725797, 0.0],
              [104.786257153621136, 21.740966656170244, 0.0],
              [104.785603313717829, 21.741714208315216, 0.0],
              [104.784848995529714, 21.742374342792548, 0.0],
              [104.781993683641844, 21.745630141855184, 0.0],
              [104.780377716775646, 21.746908450804423, 0.0],
              [104.778164453731478, 21.748236364374513, 0.0],
              [104.774106673656831, 21.751215248398154, 0.0],
              [104.771159724893678, 21.752837940635555, 0.0],
              [104.768659724893681, 21.754504051746665, 0.0],
              [104.765696768286531, 21.756638972027101, 0.0],
              [104.765533654100679, 21.756765802368506, 0.0],
              [104.760602356228588, 21.759506185878667, 0.0],
              [104.758101522895245, 21.761173130323108, 0.0],
              [104.755594355722309, 21.762845408260716, 0.0],
              [104.755248548041777, 21.763075946714405, 0.0],
              [104.754936644264973, 21.763214859511297, 0.0],
              [104.747566285023737, 21.767272278919997, 0.0],
              [104.745065451690408, 21.768937556697779, 0.0],
              [104.742527878932393, 21.770630656491992, 0.0],
              [104.740278089006921, 21.772223099923966, 0.0],
              [104.738055589006919, 21.773890044368407, 0.0],
              [104.732728830003694, 21.778506347021885, 0.0],
              [104.730782163337039, 21.780449958132998, 0.0],
              [104.729298445365004, 21.782023595964084, 0.0],
              [104.72383516308561, 21.786288895614476, 0.0],
              [104.723052884758701, 21.787070169303128, 0.0],
              [104.722069551664134, 21.787930800918776, 0.0],
              [104.715532305784166, 21.794857917764169, 0.0],
              [104.713587583561946, 21.797358195541946, 0.0],
              [104.712612016422653, 21.798712213044695, 0.0],
              [104.711922146498466, 21.799414153778777, 0.0],
              [104.711871025078821, 21.799363019577175, 0.0],
              [104.709648525078805, 21.801584964021618, 0.0],
              [104.707363908537346, 21.804027151883773, 0.0],
              [104.705420019648457, 21.806249651883771, 0.0],
              [104.705094640045616, 21.806625419972679, 0.0],
              [104.703428251156737, 21.808569308861571, 0.0],
              [104.70123041534741, 21.811470766980811, 0.0],
              [104.699916032080139, 21.812863070473011, 0.0],
              [104.699167643708392, 21.813611816850688, 0.0],
              [104.696976179458574, 21.815252677076732, 0.0],
              [104.693719788572025, 21.817911700451987, 0.0],
              [104.691555474911468, 21.819836176308879, 0.0],
              [104.689950888103041, 21.821212256754205, 0.0],
              [104.689574714431302, 21.821538123267835, 0.0],
              [104.68918909990316, 21.821875542004427, 0.0],
              [104.686712723580428, 21.823904922868078, 0.0],
              [104.685324300672875, 21.824783685878767, 0.0],
              [104.682823467339546, 21.826450630323212, 0.0],
              [104.678262888237725, 21.829491522411161, 0.0],
              [104.675658865598834, 21.831148326489707, 0.0],
              [104.674780163977701, 21.831720429426333, 0.0],
              [104.672280163977703, 21.833385707204112, 0.0],
              [104.672236418771035, 21.833414879591025, 0.0],
              [104.669738363215487, 21.835082657368805, 0.0],
              [104.666947627080319, 21.837198394388441, 0.0],
              [104.662082569389483, 21.840532082975113, 0.0],
              [104.661024551574997, 21.841354907321893, 0.0],
              [104.660043601299847, 21.842008874171995, 0.0],
              [104.655302309211763, 21.84559442142773, 0.0],
              [104.626690086989527, 21.87003664364995, 0.0],
              [104.621529983586186, 21.875137034802336, 0.0],
              [104.619584983586194, 21.877360923691228, 0.0],
              [104.617119061504354, 21.880583153273378, 0.0],
              [104.613060633269228, 21.88499360115188, 0.0],
              [104.612092053868267, 21.886284610016872, 0.0],
              [104.610414871193086, 21.887644271571624, 0.0],
              [104.608190704526422, 21.889589827127178, 0.0],
              [104.607895179937216, 21.889850395094246, 0.0],
              [104.607568891717435, 21.890140380712268, 0.0],
              [104.607429652018922, 21.890233191712024, 0.0],
              [104.605675802438441, 21.891284835197354, 0.0],
              [104.603666406012877, 21.892555618320202, 0.0],
              [104.601166406012865, 21.894221173875756, 0.0],
              [104.59862564323592, 21.895917527278449, 0.0],
              [104.595706987843855, 21.898021891390147, 0.0],
              [104.593206154510511, 21.899965502501257, 0.0],
              [104.591340556643758, 21.901488889509871, 0.0],
              [104.590049133917702, 21.902596324173921, 0.0],
              [104.588344602560781, 21.9039591994906, 0.0],
              [104.586979975406933, 21.904791199553305, 0.0],
              [104.584481642073598, 21.906457310664415, 0.0],
              [104.579432282630208, 21.910595598429438, 0.0],
              [104.574572328863084, 21.914318509459182, 0.0],
              [104.573384446984548, 21.915358073127916, 0.0],
              [104.569568042578879, 21.91776434132991, 0.0],
              [104.567069987023331, 21.919708507996575, 0.0],
              [104.562426037246979, 21.92380911810578, 0.0],
              [104.560203537246977, 21.926031340328002, 0.0],
              [104.55914585114553, 21.927385009925217, 0.0],
              [104.559006513626514, 21.92749349889532, 0.0],
              [104.557215134032404, 21.92895605749516, 0.0],
              [104.555268467365735, 21.93062189082849, 0.0],
              [104.554828341836227, 21.931002983248771, 0.0],
              [104.552608619614006, 21.932947705470994, 0.0],
              [104.5502198275653, 21.935182836472759, 0.0],
              [104.547994549787518, 21.937405892028313, 0.0],
              [104.547211377221672, 21.938189382453807, 0.0],
              [104.546249925269109, 21.939030232487294, 0.0],
              [104.542070454594253, 21.943208483017898, 0.0],
              [104.542068331276269, 21.943210341618109, 0.0],
              [104.539647741426776, 21.945475191745984, 0.0],
              [104.537707004631073, 21.947415651372758, 0.0],
              [104.535488768838135, 21.949632500941597, 0.0],
              [104.534704427686805, 21.950417058919918, 0.0],
              [104.533733114766548, 21.951267337096834, 0.0],
              [104.530258601054186, 21.955228625890122, 0.0],
              [104.527136103197364, 21.957986832003691, 0.0],
              [104.524913880975149, 21.960210165337024, 0.0],
              [104.524926143165871, 21.960222421399713, 0.0],
              [104.523113443731134, 21.961557561821774, 0.0],
              [104.522876353986859, 21.961287059130026, 0.0],
              [104.521676671419627, 21.962338554888692, 0.0],
              [104.52155151846587, 21.962446697240374, 0.0],
              [104.520661240688099, 21.963226697240376, 0.0],
              [104.518250163206929, 21.965484159396766, 0.0],
              [104.516307107651372, 21.967427770507879, 0.0],
              [104.514313298729945, 21.969541574883316, 0.0],
              [104.514034074026299, 21.969855393180826, 0.0],
              [104.509590989804991, 21.974300208729311, 0.0],
              [104.50775157186041, 21.976402888605133, 0.0],
              [104.506747507713456, 21.977360384109517, 0.0],
              [104.5041550410361, 21.9794859691794, 0.0],
              [104.499291109286744, 21.983208604821439, 0.0],
              [104.498158511467025, 21.984199911063147, 0.0],
              [104.496802336031706, 21.98525476442498, 0.0],
              [104.494970977637465, 21.986750037357655, 0.0],
              [104.493025144304127, 21.9884169818021, 0.0],
              [104.490188057878157, 21.991044323011838, 0.0],
              [104.48998756959972, 21.991244936642456, 0.0],
              [104.485463344647982, 21.994657926653378, 0.0],
              [104.484607982792298, 21.995513930511962, 0.0],
              [104.484129777583433, 21.995923762143608, 0.0],
              [104.483756088369518, 21.996247238604294, 0.0],
              [104.482646102063782, 21.997217713887586, 0.0],
              [104.481697189087399, 21.997850744418237, 0.0],
              [104.474100709138185, 22.004078338416754, 0.0],
              [104.471877375804837, 22.006300282861197, 0.0],
              [104.470750797907186, 22.00742713563756, 0.0],
              [104.470327343433183, 22.008007841753308, 0.0],
              [104.469972017983466, 22.008284324433795, 0.0],
              [104.468050707589853, 22.009725650271132, 0.0],
              [104.462977233944997, 22.014126993703517, 0.0],
              [104.462329461596482, 22.014589648589965, 0.0],
              [104.456034383162773, 22.019922160940784, 0.0],
              [104.456015893074181, 22.019940651029369, 0.0],
              [104.455975732826744, 22.019971876368935, 0.0],
              [104.451484979870656, 22.023936158806841, 0.0],
              [104.44714466094068, 22.027699660940669, 0.0],
              [104.444922160940678, 22.029922160940671, 0.0],
              [104.444408987332309, 22.030435842233331, 0.0],
              [104.438245676296091, 22.035486981802265, 0.0],
              [104.436302685736521, 22.037431082483547, 0.0],
              [104.434083862039202, 22.039650738864275, 0.0],
              [104.433020913937668, 22.04079840229695, 0.0],
              [104.429918575685122, 22.043537691192945, 0.0],
              [104.427696353462906, 22.04576046897072, 0.0],
              [104.423070517734956, 22.051092189659769, 0.0],
              [104.42252207232886, 22.051822719306141, 0.0],
              [104.42194099114711, 22.052487250986264, 0.0],
              [104.419855651118255, 22.054832704669526, 0.0],
              [104.419252120186272, 22.055524194927983, 0.0],
              [104.419169320751394, 22.055620837975667, 0.0],
              [104.419098458592259, 22.055640110730881, 0.0],
              [104.404459942889758, 22.062302065237088, 0.0],
              [104.401961609556423, 22.063969843014863, 0.0],
              [104.394382353538759, 22.07018447510896, 0.0],
              [104.392159020205426, 22.072405863997847, 0.0],
              [104.389623749214579, 22.075593859726105, 0.0],
              [104.379674237359055, 22.080974703789202, 0.0],
              [104.376895626247929, 22.082918314900319, 0.0],
              [104.365552322206156, 22.093892922510328, 0.0],
              [104.365014955595839, 22.094609530758788, 0.0],
              [104.364310904582268, 22.0954144336831, 0.0],
              [104.361944677701786, 22.098334133451321, 0.0],
              [104.360284586895332, 22.100547680102572, 0.0],
              [104.35986211086275, 22.101110512452376, 0.0],
              [104.359010769027293, 22.10206868433443, 0.0],
              [104.358438913757553, 22.102723681104845, 0.0],
              [104.356772524868674, 22.104666181104843, 0.0],
              [104.353428604869748, 22.109081250197239, 0.0],
              [104.353147620340735, 22.109405600241455, 0.0],
              [104.352733118680987, 22.109889197027005, 0.0],
              [104.351871025078665, 22.110751075132871, 0.0],
              [104.345618718495857, 22.118376890399229, 0.0],
              [104.344720536444356, 22.119724238337461, 0.0],
              [104.344230539269347, 22.120377758490363, 0.0],
              [104.342910651118231, 22.121777704669547, 0.0],
              [104.340688151118243, 22.124277426891773, 0.0],
              [104.340680657671371, 22.124286598064852, 0.0],
              [104.338757093792978, 22.125968304017782, 0.0],
              [104.336313852898471, 22.128252969163221, 0.0],
              [104.334369130676251, 22.130197413607664, 0.0],
              [104.332142950728453, 22.132424426210775, 0.0],
              [104.330297315145785, 22.134269784712586, 0.0],
              [104.330139709177431, 22.134428072584463, 0.0],
              [104.330045264732973, 22.13452335036224, 0.0],
              [104.32819333622794, 22.136495588500178, 0.0],
              [104.32806896936826, 22.136635431295925, 0.0],
              [104.327811143473369, 22.136856602655644, 0.0],
              [104.32661776783327, 22.137880050475204, 0.0],
              [104.323827625516387, 22.140463369792929, 0.0],
              [104.321603458849722, 22.142685592015152, 0.0],
              [104.321148542394482, 22.143140631692919, 0.0],
              [104.320320545744281, 22.143674985283109, 0.0],
              [104.317820545744283, 22.145341651949774, 0.0],
              [104.31212706312148, 22.150012592201335, 0.0],
              [104.305467616414262, 22.155209486130996, 0.0],
              [104.304556103545536, 22.156121520013073, 0.0],
              [104.303323398278835, 22.157218674300371, 0.0],
              [104.301274566555023, 22.159008140809703, 0.0],
              [104.298810494273951, 22.161311327607372, 0.0],
              [104.29686632760729, 22.163255494274036, 0.0],
              [104.295469720227644, 22.164865438308865, 0.0],
              [104.292411500973344, 22.167432268241061, 0.0],
              [104.290468445417787, 22.169376434907726, 0.0],
              [104.288469836385076, 22.171496261018387, 0.0],
              [104.286246503051743, 22.173996538796167, 0.0],
              [104.282348105027012, 22.179048298660511, 0.0],
              [104.282216001425681, 22.179211209201526, 0.0],
              [104.280758574759986, 22.180475469523891, 0.0],
              [104.279988816281573, 22.181245118068215, 0.0],
              [104.279018104086092, 22.182094567104603, 0.0],
              [104.278314584929717, 22.182752870082631, 0.0],
              [104.275976244623678, 22.184438025883445, 0.0],
              [104.274267446379781, 22.185463680652653, 0.0],
              [104.272267358362257, 22.186729517789793, 0.0],
              [104.26976819169559, 22.188395351123127, 0.0],
              [104.267261790241477, 22.190066563203491, 0.0],
              [104.264749823376846, 22.191742600936433, 0.0],
              [104.259600920511062, 22.195683471863557, 0.0],
              [104.257377587177714, 22.197626249641338, 0.0],
              [104.25705853515538, 22.197907443327338, 0.0],
              [104.254557701822051, 22.200130498882892, 0.0],
              [104.24980311666566, 22.204973219805648, 0.0],
              [104.248137561110113, 22.206917664250092, 0.0],
              [104.246643972450926, 22.208747084430723, 0.0],
              [104.245123528878125, 22.210701878402819, 0.0],
              [104.24034616294098, 22.216149335286968, 0.0],
              [104.238678940718771, 22.218649613064745, 0.0],
              [104.237408504226806, 22.22065653696124, 0.0],
              [104.235741004226796, 22.223434592516792, 0.0],
              [104.234198134203666, 22.226246832824856, 0.0],
              [104.232916114005619, 22.227606144055851, 0.0],
              [104.232219411181944, 22.228389543032993, 0.0],
              [104.229725495701388, 22.230884808784896, 0.0],
              [104.229317800797887, 22.231241128122313, 0.0],
              [104.226885107441362, 22.233514916462806, 0.0],
              [104.226257628126518, 22.234017100788407, 0.0],
              [104.223248692399167, 22.237195469253397, 0.0],
              [104.222519656561531, 22.237764837330868, 0.0],
              [104.22116160383851, 22.238670205812873, 0.0],
              [104.220904099887591, 22.238841732055739, 0.0],
              [104.220103040598701, 22.239133628682637, 0.0],
              [104.213274029406051, 22.242219758650158, 0.0],
              [104.212007869849046, 22.242910569042156, 0.0],
              [104.211903395662063, 22.242956971048514, 0.0],
              [104.209107206702072, 22.24412171970371, 0.0],
              [104.208026410030641, 22.244586922568992, 0.0],
              [104.205526410030643, 22.245698033680103, 0.0],
              [104.199345055003917, 22.249943666974222, 0.0],
              [104.199324149428492, 22.249906046138754, 0.0],
              [104.196825260539597, 22.251294657249868, 0.0],
              [104.187896072241088, 22.257627472205222, 0.0],
              [104.186052482509439, 22.259266013790054, 0.0],
              [104.184004414489849, 22.260291378644805, 0.0],
              [104.182451599785836, 22.261103129527939, 0.0],
              [104.181180632132154, 22.261796163990493, 0.0],
              [104.180538553884574, 22.262081341791685, 0.0],
              [104.16762679984565, 22.270396858986889, 0.0],
              [104.165125966512321, 22.272618525653552, 0.0],
              [104.160346018784566, 22.277487629376115, 0.0],
              [104.158986241958061, 22.279076454667386, 0.0],
              [104.157077020162561, 22.281224150153019, 0.0],
              [104.154460810813774, 22.284424299282556, 0.0],
              [104.153030810813775, 22.286329021504777, 0.0],
              [104.152911461156179, 22.286488653777038, 0.0],
              [104.152674238933955, 22.286807264888147, 0.0],
              [104.151224674037095, 22.288862237286917, 0.0],
              [104.149888421083261, 22.290387640202251, 0.0],
              [104.149919740268885, 22.290415075808856, 0.0],
              [104.142602360427674, 22.296893776648155, 0.0],
              [104.140934304872118, 22.298838776648154, 0.0],
              [104.137282263279076, 22.303658935046652, 0.0],
              [104.136699113814771, 22.304533902262556, 0.0],
              [104.13603603918213, 22.305196893948647, 0.0],
              [104.132401783669778, 22.30938806143547, 0.0],
              [104.132141896987676, 22.309647980587169, 0.0],
              [104.131883211818234, 22.309924532413607, 0.0],
              [104.131087133148696, 22.310598273169937, 0.0],
              [104.126088892598048, 22.313730520225914, 0.0],
              [104.119353729658812, 22.321273243444441, 0.0],
              [104.119298262509531, 22.32122393314873, 0.0],
              [104.117075762509529, 22.323723933148731, 0.0],
              [104.116843150876917, 22.32408484593142, 0.0],
              [104.116725439212743, 22.324216671473053, 0.0],
              [104.115059883657196, 22.326715838139719, 0.0],
              [104.115121140426396, 22.326756662368698, 0.0],
              [104.113599736452187, 22.329117224201987, 0.0],
              [104.113122953700227, 22.329329121765671, 0.0],
              [104.111771279293464, 22.329906158323464, 0.0],
              [104.111609666378982, 22.330003151932804, 0.0],
              [104.111547742770071, 22.330030972045734, 0.0],
              [104.111030690945285, 22.330265773297317, 0.0],
              [104.109608173513806, 22.33065416777929, 0.0],
              [104.102076403651111, 22.333375392050399, 0.0],
              [104.099022236984439, 22.334764558717069, 0.0],
              [104.09580531956108, 22.336369745149018, 0.0],
              [104.092747264005524, 22.338035578482348, 0.0],
              [104.084103210491662, 22.344000315472204, 0.0],
              [104.082160154936119, 22.345667815472204, 0.0],
              [104.069999896475167, 22.36125331099289, 0.0],
              [104.069204870168122, 22.361733954640862, 0.0],
              [104.065038481279231, 22.364512287974193, 0.0],
              [104.062068556430617, 22.366947349563336, 0.0],
              [104.061530545904944, 22.367286302702965, 0.0],
              [104.06085197204429, 22.367659906903594, 0.0],
              [104.060781270170622, 22.36768346437675, 0.0],
              [104.059054763642351, 22.368154743396374, 0.0],
              [104.051538414443158, 22.370868416459025, 0.0],
              [104.048483414443155, 22.37225647201458, 0.0],
              [104.041428179130321, 22.376177674314633, 0.0],
              [104.038928179130323, 22.377844618759077, 0.0],
              [104.036429011396649, 22.37951100835943, 0.0],
              [104.031253978794211, 22.383472068928924, 0.0],
              [104.029030645460864, 22.385416235595589, 0.0],
              [104.021289622405249, 22.394996947107781, 0.0],
              [104.021096962860028, 22.394847012750724, 0.0],
              [104.019152240637808, 22.397345901639611, 0.0],
              [104.016547233237375, 22.401074322293269, 0.0],
              [104.016333506160549, 22.401287774774275, 0.0],
              [104.015075537843842, 22.402821684907714, 0.0],
              [104.014556847154182, 22.403218833884392, 0.0],
              [104.012335458265298, 22.40516438943995, 0.0],
              [104.009925203913653, 22.407420229216893, 0.0],
              [104.008581662786952, 22.408763602421939, 0.0],
              [104.007614219121209, 22.409343894533752, 0.0],
              [104.003822131473569, 22.412303609661041, 0.0],
              [103.998318102233014, 22.415844135708411, 0.0],
              [103.997219752592216, 22.416668515915173, 0.0],
              [103.995888628234951, 22.417555340542524, 0.0],
              [103.993375826472416, 22.419232199138037, 0.0],
              [103.990895033546366, 22.42088440722679, 0.0],
              [103.985685602939967, 22.424870887486815, 0.0],
              [103.983463380717737, 22.426815331931259, 0.0],
              [103.981023173412169, 22.429098929132255, 0.0],
              [103.979345522540143, 22.430777538798907, 0.0],
              [103.979296315085676, 22.430815127205268, 0.0],
              [103.97679714841901, 22.432759571649711, 0.0],
              [103.97606248477743, 22.433359568744788, 0.0],
              [103.97208558096699, 22.436084679263168, 0.0],
              [103.969586414300309, 22.438028012596501, 0.0],
              [103.967743784555367, 22.439532510427171, 0.0],
              [103.96579822899983, 22.441199732649395, 0.0],
              [103.96540943433024, 22.441536389228588, 0.0],
              [103.963186100996907, 22.443481667006363, 0.0],
              [103.960775140673633, 22.445737329983757, 0.0],
              [103.960152153028133, 22.446235757468202, 0.0],
              [103.956526901504191, 22.449481798235485, 0.0],
              [103.956258346792566, 22.449690554764651, 0.0],
              [103.949304831852785, 22.456253757892892, 0.0],
              [103.947360942963897, 22.458476813448446, 0.0],
              [103.942635714056578, 22.464833739755594, 0.0],
              [103.942127102945463, 22.465645128644486, 0.0],
              [103.942085462328023, 22.465711674074605, 0.0],
              [103.941204351216925, 22.46712222963016, 0.0],
              [103.937455849506534, 22.474383628078488, 0.0],
              [103.936066960617637, 22.477717516967378, 0.0],
              [103.934332740003725, 22.482571130417973, 0.0],
              [103.933715622100095, 22.484627093363837, 0.0],
              [103.932839958613698, 22.487256246043284, 0.0],
              [103.932388508312087, 22.488682550311818, 0.0],
              [103.931579897200976, 22.491376716978486, 0.0],
              [103.929637434677929, 22.501654782956813, 0.0],
              [103.929496714461692, 22.503367114956781, 0.0],
              [103.92972115107419, 22.506350658277235, 0.0],
              [103.920346340757391, 22.51588489421869, 0.0],
              [103.918342621813991, 22.518046602043665, 0.0],
              [103.917958521813986, 22.518486302043666, 0.0],
              [103.916753328750744, 22.519919240503626, 0.0],
              [103.916378328750739, 22.520382440503624, 0.0],
              [103.915933130244099, 22.520940448112594, 0.0],
              [103.915499530244105, 22.521491948112594, 0.0],
              [103.914597322695755, 22.522675300792834, 0.0],
              [103.914222722695754, 22.523182100792834, 0.0],
              [103.913448606947497, 22.524259001936187, 0.0],
              [103.913211606947499, 22.524598101936185, 0.0],
              [103.91091360416516, 22.528205425113235, 0.0],
              [103.910778617957121, 22.528438782520368, 0.0],
              [103.910620551005991, 22.528706827270845, 0.0],
              [103.910107960486158, 22.529596827883044, 0.0],
              [103.909810760486153, 22.530125327883042, 0.0],
              [103.908246830217095, 22.533141963862466, 0.0],
              [103.908028230217099, 22.533601163862468, 0.0],
              [103.907020740902112, 22.535859841943811, 0.0],
              [103.906514640902117, 22.537074341943811, 0.0],
              [103.906488778494534, 22.537136522473578, 0.0],
              [103.906353278494521, 22.537462922473576, 0.0],
              [103.905853853784407, 22.538713243901952, 0.0],
              [103.905741253784413, 22.539006543901955, 0.0],
              [103.905011684788661, 22.541036779442795, 0.0],
              [103.896376087547026, 22.566801267084948, 0.0],
              [103.874580801090502, 22.601770615767123, 0.0],
              [103.87429550633145, 22.601989723596731, 0.0],
              [103.873074360129664, 22.602958198804817, 0.0],
              [103.87252746012966, 22.603405998804817, 0.0],
              [103.872421981753462, 22.603492604903277, 0.0],
              [103.870759781753463, 22.604861204903276, 0.0],
              [103.870681155874564, 22.604926077420647, 0.0],
              [103.866866718636388, 22.608079827946788, 0.0],
              [103.866529875277521, 22.608355179217664, 0.0],
              [103.865935569513439, 22.608848699861582, 0.0],
              [103.847278869513445, 22.624586599861583, 0.0],
              [103.846781222693025, 22.625011998397273, 0.0],
              [103.845910422693024, 22.625766298397274, 0.0],
              [103.845009848147384, 22.626565571354742, 0.0],
              [103.844166648147379, 22.627332271354742, 0.0],
              [103.841872239575167, 22.629556537153192, 0.0],
              [103.841160339575168, 22.630292237153192, 0.0],
              [103.83843692675913, 22.633347603378354, 0.0],
              [103.837906926759132, 22.633993603378354, 0.0],
              [103.835275769461859, 22.637504073435139, 0.0],
              [103.834741569461855, 22.638286073435136, 0.0],
              [103.832768741488863, 22.641416801893108, 0.0],
              [103.832410841488866, 22.642034301893109, 0.0],
              [103.831424488016424, 22.643819020016629, 0.0],
              [103.831044788016428, 22.644540420016629, 0.0],
              [103.830760238566569, 22.64508924696181, 0.0],
              [103.829901618081024, 22.646770675234976, 0.0],
              [103.8260372672827, 22.654157025011692, 0.0],
              [103.825659605256988, 22.654893673919588, 0.0],
              [103.824764843630788, 22.656675125068482, 0.0],
              [103.819741526599671, 22.666128045213608, 0.0],
              [103.818759373558066, 22.668077839878148, 0.0],
              [103.818366573558066, 22.668901939878147, 0.0],
              [103.817238171356976, 22.671449812645786, 0.0],
              [103.816853071356974, 22.672389212645786, 0.0],
              [103.815677387568755, 22.675558362349751, 0.0],
              [103.815364587568752, 22.676497762349751, 0.0],
              [103.814790975701285, 22.678338044179583, 0.0],
              [103.814546375701298, 22.679179544179583, 0.0],
              [103.813616427408405, 22.682907840881352, 0.0],
              [103.813428227408394, 22.683808440881354, 0.0],
              [103.813357575503872, 22.684205390038613, 0.0],
              [103.812249204442452, 22.68461677275058, 0.0],
              [103.810479504442455, 22.685322772750581, 0.0],
              [103.807719900978981, 22.686521134305501, 0.0],
              [103.80604530097898, 22.6873090343055, 0.0],
              [103.803819830722389, 22.688424607992008, 0.0],
              [103.802129230722386, 22.689325407992008, 0.0],
              [103.800160301892603, 22.690432319346225, 0.0],
              [103.798686401892596, 22.691305319346224, 0.0],
              [103.796563584862739, 22.692635620343417, 0.0],
              [103.794999984862741, 22.693670920343418, 0.0],
              [103.792676903206058, 22.695305876829252, 0.0],
              [103.791325903206058, 22.696315276829253, 0.0],
              [103.790268387279554, 22.697127597316566, 0.0],
              [103.748422287279553, 22.730167797316565, 0.0],
              [103.747799659848752, 22.730667523106455, 0.0],
              [103.74736475984875, 22.731022323106455, 0.0],
              [103.745546396765945, 22.732579755363968, 0.0],
              [103.745186396765945, 22.73290335536397, 0.0],
              [103.744628530790976, 22.733412484967634, 0.0],
              [103.74429893079099, 22.733717884967632, 0.0],
              [103.743484881113815, 22.734489312306984, 0.0],
              [103.743124981113809, 22.734838112306985, 0.0],
              [103.741861991268038, 22.736106776351843, 0.0],
              [103.741487491268032, 22.736496676351841, 0.0],
              [103.74116116929855, 22.736839652509342, 0.0],
              [103.740717269298557, 22.737310652509343, 0.0],
              [103.739586346038976, 22.73855172358736, 0.0],
              [103.739191846038977, 22.73899952358736, 0.0],
              [103.738837082698865, 22.739406629311905, 0.0],
              [103.738408682698861, 22.739903629311904, 0.0],
              [103.736913335618439, 22.741723396575338, 0.0],
              [103.734812723949418, 22.744406150759257, 0.0],
              [103.731873161177546, 22.746533610322679, 0.0],
              [103.731524038953083, 22.746786315814262, 0.0],
              [103.730980977709066, 22.747179311349903, 0.0],
              [103.730781099558328, 22.74721567297744, 0.0],
              [103.722249747684671, 22.748572455194164, 0.0],
              [103.718753027571935, 22.749257109048287, 0.0],
              [103.716938627571935, 22.749680009048287, 0.0],
              [103.713536661530611, 22.750600474132117, 0.0],
              [103.711895361530608, 22.751107274132117, 0.0],
              [103.705840808735431, 22.7534162478754, 0.0],
              [103.704479008735433, 22.7540394478754, 0.0],
              [103.697423238782292, 22.757987267020539, 0.0],
              [103.696338438782291, 22.758715267020538, 0.0],
              [103.690232939395415, 22.763542135975293, 0.0],
              [103.689331539395425, 22.764376635975292, 0.0],
              [103.684886649024747, 22.769059744484569, 0.0],
              [103.684130049024745, 22.769967744484568, 0.0],
              [103.67987551901939, 22.775907528058386, 0.0],
              [103.679340319019389, 22.776783528058388, 0.0],
              [103.677210057109349, 22.780643035110653, 0.0],
              [103.676772557109345, 22.781525535110653, 0.0],
              [103.675664194378683, 22.783917761734482, 0.0],
              [103.675301894378691, 22.784757061734481, 0.0],
              [103.674862579731283, 22.785807483429121, 0.0],
              [103.674009426576447, 22.78791449199921, 0.0],
              [103.673655073602433, 22.78878940066534, 0.0],
              [103.671949807769209, 22.793726543192715, 0.0],
              [103.664746967360514, 22.818746004474672, 0.0],
              [103.633264556784155, 22.836215038744683, 0.0],
              [103.629455686467196, 22.838322067052253, 0.0],
              [103.628514572685603, 22.838856062187872, 0.0],
              [103.623089150907646, 22.842012578535677, 0.0],
              [103.622560629303024, 22.842319995132982, 0.0],
              [103.610165121330169, 22.849531235749232, 0.0],
              [103.608550703919576, 22.850511718200856, 0.0],
              [103.606109303919581, 22.852058318200857, 0.0],
              [103.604851853889357, 22.852881640755285, 0.0],
              [103.602884953889358, 22.854212140755283, 0.0],
              [103.599727166517894, 22.856533665611636, 0.0],
              [103.597618666517889, 22.858214965611637, 0.0],
              [103.596438567533013, 22.859185833901869, 0.0],
              [103.594866667533012, 22.860519833901868, 0.0],
              [103.591995319985443, 22.863155888143353, 0.0],
              [103.590574419985444, 22.864566288143354, 0.0],
              [103.589840367146039, 22.865310308456092, 0.0],
              [103.588557367146052, 22.866638208456092, 0.0],
              [103.584643482036213, 22.871210379153322, 0.0],
              [103.5837108820362, 22.872442879153322, 0.0],
              [103.580826854866672, 22.876691303680396, 0.0],
              [103.580041554866682, 22.877986603680394, 0.0],
              [103.577295085864833, 22.883183087023934, 0.0],
              [103.576683385864825, 22.884526087023932, 0.0],
              [103.574891007386015, 22.889027680295573, 0.0],
              [103.574459407386016, 22.890285880295576, 0.0],
              [103.573682359580829, 22.89275810338065, 0.0],
              [103.573396359580826, 22.893757903380649, 0.0],
              [103.57300387640764, 22.895212479350342, 0.0],
              [103.57272477640764, 22.896312479350343, 0.0],
              [103.572595011006129, 22.89683573343931, 0.0],
              [103.571357411006133, 22.901943833439308, 0.0],
              [103.571323212910372, 22.902085890165928, 0.0],
              [103.571227512910369, 22.902485990165928, 0.0],
              [103.571165535863102, 22.902748223324444, 0.0],
              [103.571105080564294, 22.903007132527076, 0.0],
              [103.570919542388964, 22.903781435026207, 0.0],
              [103.570271816168912, 22.906927272867186, 0.0],
              [103.570026416168915, 22.908348872867187, 0.0],
              [103.569690249006285, 22.910601136278416, 0.0],
              [103.569468349006286, 22.912361536278418, 0.0],
              [103.569087195078694, 22.917547183482622, 0.0],
              [103.569070052078743, 22.918350014090976, 0.0],
              [103.569047709368277, 22.919391144500434, 0.0],
              [103.569121091403446, 22.923376275970593, 0.0],
              [103.569231191403446, 22.925263275970593, 0.0],
              [103.569543063631457, 22.928637309290473, 0.0],
              [103.569776963631455, 22.930482909290472, 0.0],
              [103.570220554292106, 22.933324984752375, 0.0],
              [103.570601554292111, 22.935376784752375, 0.0],
              [103.57136238194775, 22.938800368002749, 0.0],
              [103.571824381947749, 22.940581768002748, 0.0],
              [103.572820019030019, 22.94393373828991, 0.0],
              [103.573345119030023, 22.945498838289911, 0.0],
              [103.574030424075488, 22.947411647900275, 0.0],
              [103.57475472407549, 22.949310847900275, 0.0],
              [103.575624393860892, 22.951442483496873, 0.0],
              [103.575638017175649, 22.951473794375371, 0.0],
              [103.575770018886303, 22.951900035561337, 0.0],
              [103.576194383289504, 22.953206543850531, 0.0],
              [103.577132483289503, 22.955965143850531, 0.0],
              [103.577220314227745, 22.956221146474409, 0.0],
              [103.578164045744089, 22.958947795915368, 0.0],
              [103.579044265847358, 22.961737274384273, 0.0],
              [103.579672885387026, 22.963918846156638, 0.0],
              [103.580384927627662, 22.966987351803038, 0.0],
              [103.581059833239721, 22.970108016284463, 0.0],
              [103.584802529210222, 22.988094564219633, 0.0],
              [103.585415242001289, 22.991221234219122, 0.0],
              [103.585908386709747, 22.993967077847252, 0.0],
              [103.586188928804091, 22.995895777624629, 0.0],
              [103.58636687040385, 22.997478699715348, 0.0],
              [103.586459882097756, 22.998901042124103, 0.0],
              [103.586500291956597, 22.999918671508453, 0.0],
              [103.586495468110968, 23.000509106243072, 0.0],
              [103.586463318263625, 23.001086216700205, 0.0],
              [103.586311101872454, 23.002358579950158, 0.0],
              [103.586145496305633, 23.003530223829291, 0.0],
              [103.586081161359658, 23.004001556752392, 0.0],
              [103.585871161359663, 23.005596656752392, 0.0],
              [103.585813147200966, 23.006053567810397, 0.0],
              [103.585659547200962, 23.007309567810399, 0.0],
              [103.585632527202904, 23.007534749974972, 0.0],
              [103.585586027202908, 23.007929849974971, 0.0],
              [103.585441389970711, 23.009327780461877, 0.0],
              [103.585412989970706, 23.009645880461878, 0.0],
              [103.585228484571914, 23.012926750451157, 0.0],
              [103.585220284571918, 23.013278450451157, 0.0],
              [103.5852067, 23.0144439, 0.0],
              [103.5852067, 23.0147732, 0.0],
              [103.585240979100178, 23.016624344230184, 0.0],
              [103.585253179100178, 23.016953644230185, 0.0],
              [103.585352486960019, 23.018755012905672, 0.0],
              [103.585380986960018, 23.019144112905671, 0.0],
              [103.585623143553093, 23.02160986544796, 0.0],
              [103.585663743553098, 23.021939165447961, 0.0],
              [103.585901132910294, 23.023627138470854, 0.0],
              [103.585970332910293, 23.024064938470854, 0.0],
              [103.586146880669929, 23.025109941236813, 0.0],
              [103.58617765563902, 23.025281041087769, 0.0],
              [103.586269618073658, 23.02585042438124, 0.0],
              [103.58665827393024, 23.028288828501587, 0.0],
              [103.586747948831388, 23.028848799229237, 0.0],
              [103.587407071576422, 23.032964761862257, 0.0],
              [103.587415817140808, 23.033028871723403, 0.0],
              [103.587474036804466, 23.033871149602557, 0.0],
              [103.590407703274678, 23.094837248263886, 0.0],
              [103.590037410772524, 23.095075508906231, 0.0],
              [103.588128345544675, 23.09636704938924, 0.0],
              [103.58719584554467, 23.09702974938924, 0.0],
              [103.58458586887329, 23.099016579979093, 0.0],
              [103.583660168873294, 23.099770479979096, 0.0],
              [103.581651070094878, 23.101497222552453, 0.0],
              [103.580726970094872, 23.102335022552452, 0.0],
              [103.579770633234801, 23.103225087096519, 0.0],
              [103.572117826354997, 23.110536464566035, 0.0],
              [103.548656753435282, 23.115041459780315, 0.0],
              [103.546072415521706, 23.115608992292668, 0.0],
              [103.544776315521702, 23.115929792292665, 0.0],
              [103.543093831355094, 23.116377453125221, 0.0],
              [103.541713231355089, 23.116770653125222, 0.0],
              [103.538844123463861, 23.117682012990681, 0.0],
              [103.537641123463871, 23.118104412990682, 0.0],
              [103.534601206044997, 23.119284496932696, 0.0],
              [103.533628706044993, 23.119698996932694, 0.0],
              [103.531696679571354, 23.120571315462815, 0.0],
              [103.530512879571347, 23.121136315462817, 0.0],
              [103.527529162295409, 23.122685616537545, 0.0],
              [103.526505562295412, 23.123261616537544, 0.0],
              [103.524792923495781, 23.124270692477857, 0.0],
              [103.523779123495785, 23.124895492477858, 0.0],
              [103.519689741689902, 23.127704910714389, 0.0],
              [103.518841841689905, 23.12835161071439, 0.0],
              [103.516535968663874, 23.130221146414929, 0.0],
              [103.515720368663864, 23.130923546414927, 0.0],
              [103.512636581342406, 23.133815175733691, 0.0],
              [103.511899581342405, 23.134567275733691, 0.0],
              [103.509936355349254, 23.136690185061852, 0.0],
              [103.509050755349264, 23.137705185061854, 0.0],
              [103.508968136751221, 23.137800116428412, 0.0],
              [103.506429437755244, 23.140724585192203, 0.0],
              [103.504713564259291, 23.142686300212432, 0.0],
              [103.504702428687224, 23.142699029888313, 0.0],
              [103.504188617178031, 23.143244029795962, 0.0],
              [103.468044435799897, 23.15704496622644, 0.0],
              [103.464214416136016, 23.158693493264941, 0.0],
              [103.462418216136015, 23.159557093264944, 0.0],
              [103.455350827639208, 23.163699667800849, 0.0],
              [103.45450702763921, 23.164292167800848, 0.0],
              [103.447109972673815, 23.170648508411819, 0.0],
              [103.446419472673824, 23.17137030841182, 0.0],
              [103.440019871523887, 23.179642333357183, 0.0],
              [103.439592271523878, 23.18033403335718, 0.0],
              [103.4350316052588, 23.189817440493602, 0.0],
              [103.434675105258805, 23.190816240493604, 0.0],
              [103.432984990790487, 23.196648140937036, 0.0],
              [103.432274642664481, 23.199805138158776, 0.0],
              [103.423229100629953, 23.238766115080946, 0.0],
              [103.423226123705305, 23.238772775127778, 0.0],
              [103.423023145047168, 23.239233085816569, 0.0],
              [103.422301830439238, 23.240891416153925, 0.0],
              [103.42168843809462, 23.241630893341242, 0.0],
              [103.421261670441851, 23.242130917994896, 0.0],
              [103.419112062982265, 23.244833177341018, 0.0],
              [103.418512562982258, 23.245642677341017, 0.0],
              [103.41772534550563, 23.246736154303978, 0.0],
              [103.417232645505635, 23.247440354303979, 0.0],
              [103.415552668902805, 23.250005500154103, 0.0],
              [103.415075468902799, 23.250785300154103, 0.0],
              [103.413541035047004, 23.253476615788141, 0.0],
              [103.413140835047017, 23.254232015788141, 0.0],
              [103.411350132159527, 23.257980748576589, 0.0],
              [103.410963232159517, 23.25888554857659, 0.0],
              [103.410942168170436, 23.258934881771022, 0.0],
              [103.410625568170445, 23.259677481771021, 0.0],
              [103.409866222955159, 23.26156401163772, 0.0],
              [103.408005922955155, 23.266471611637719, 0.0],
              [103.407812381293354, 23.266982390335166, 0.0],
              [103.407416620654288, 23.268028521125256, 0.0],
              [103.407051795250297, 23.26898852705348, 0.0],
              [103.40643200716724, 23.270714076078949, 0.0],
              [103.406167007167241, 23.27149667607895, 0.0],
              [103.405376469022485, 23.274054825564644, 0.0],
              [103.405165769022474, 23.274807525564643, 0.0],
              [103.404451033319674, 23.277687467456431, 0.0],
              [103.40429773331968, 23.278394267456431, 0.0],
              [103.403784969799133, 23.281121770046138, 0.0],
              [103.403659169799127, 23.281910970046138, 0.0],
              [103.403237715282174, 23.285292740383699, 0.0],
              [103.403173515282177, 23.286004940383702, 0.0],
              [103.402992230638191, 23.28905771122572, 0.0],
              [103.402988602132837, 23.289183983212212, 0.0],
              [103.402747281831907, 23.289668079895673, 0.0],
              [103.402398781831906, 23.290450579895673, 0.0],
              [103.401683091460654, 23.292140315719454, 0.0],
              [103.401329991460656, 23.293018515719453, 0.0],
              [103.39974554904154, 23.297585642262444, 0.0],
              [103.399252749041537, 23.299264142262444, 0.0],
              [103.398114178322331, 23.303976451386951, 0.0],
              [103.397816178322344, 23.305537951386952, 0.0],
              [103.397227360061962, 23.309464115241603, 0.0],
              [103.397098660061957, 23.310638515241603, 0.0],
              [103.396874943010076, 23.313368896455447, 0.0],
              [103.396822243010078, 23.314337496455448, 0.0],
              [103.396749241631341, 23.316763792390311, 0.0],
              [103.396744341631333, 23.317608292390311, 0.0],
              [103.396841915718937, 23.321033983875431, 0.0],
              [103.396871941886445, 23.32151183852325, 0.0],
              [103.392923462825053, 23.326978285039676, 0.0],
              [103.392846002447257, 23.32708582454088, 0.0],
              [103.392338102447255, 23.32779292454088, 0.0],
              [103.388706420984903, 23.333666369393057, 0.0],
              [103.387423920984915, 23.336101969393059, 0.0],
              [103.383923791542088, 23.344540296890379, 0.0],
              [103.383043691542085, 23.347368296890377, 0.0],
              [103.381123484546578, 23.356419522624861, 0.0],
              [103.380939384546579, 23.357994122624863, 0.0],
              [103.380808874755473, 23.35911071724092, 0.0],
              [103.380540092473225, 23.362283865813737, 0.0],
              [103.380192092473237, 23.368887065813738, 0.0],
              [103.380171775120516, 23.369272695059902, 0.0],
              [103.379938538981335, 23.373698093013676, 0.0],
              [103.379748050654754, 23.377103540572516, 0.0],
              [103.379713325782546, 23.377665084567656, 0.0],
              [103.37949146272733, 23.381255867312209, 0.0],
              [103.377511170173449, 23.390263584184726, 0.0],
              [103.372364078678842, 23.400988840506894, 0.0],
              [103.37116853745772, 23.402017836279636, 0.0],
              [103.369613012251321, 23.401754420421597, 0.0],
              [103.368925012251324, 23.401661820421598, 0.0],
              [103.365396788136536, 23.40131377447554, 0.0],
              [103.364646988136528, 23.401266574475539, 0.0],
              [103.359903810457013, 23.401193467089072, 0.0],
              [103.359254910457011, 23.40121426708907, 0.0],
              [103.355600211781962, 23.401465684957675, 0.0],
              [103.355171711781963, 23.401510984957675, 0.0],
              [103.351899010297629, 23.401966758646221, 0.0],
              [103.351276910297628, 23.402074458646222, 0.0],
              [103.350156218684248, 23.402281658493656, 0.0],
              [103.349041818684256, 23.402500858493656, 0.0],
              [103.348721077032863, 23.402565038106623, 0.0],
              [103.347590808903433, 23.402795049641533, 0.0],
              [103.346780082433327, 23.402952546760712, 0.0],
              [103.346397029437952, 23.403025657183544, 0.0],
              [103.345540382553438, 23.40317077838489, 0.0],
              [103.345407222444635, 23.403193521607331, 0.0],
              [103.344516552729345, 23.403346883065648, 0.0],
              [103.34340768588099, 23.403529847826604, 0.0],
              [103.342816542734823, 23.40363282704039, 0.0],
              [103.341918711565441, 23.403745098963615, 0.0],
              [103.341259595002157, 23.403819805345073, 0.0],
              [103.340204475892136, 23.403950772590118, 0.0],
              [103.339397226541422, 23.404059699917049, 0.0],
              [103.339000186762092, 23.404110028903165, 0.0],
              [103.337535109423982, 23.404317814412362, 0.0],
              [103.336740609423984, 23.404442514412359, 0.0],
              [103.336019833893502, 23.404561044045099, 0.0],
              [103.335497033893503, 23.404650944045102, 0.0],
              [103.333094697551502, 23.405124885061408, 0.0],
              [103.332549497551497, 23.405246385061407, 0.0],
              [103.330277778214736, 23.405808760103671, 0.0],
              [103.329881878214735, 23.405916660103671, 0.0],
              [103.329423027605714, 23.406044067368668, 0.0],
              [103.328647927605715, 23.406263267368669, 0.0],
              [103.324541694142184, 23.407618840154601, 0.0],
              [103.324450094142179, 23.407653540154602, 0.0],
              [103.323876357952983, 23.407871142109038, 0.0],
              [103.321690355229677, 23.408759801450763, 0.0],
              [103.320898955229666, 23.409103501450765, 0.0],
              [103.31625414711381, 23.411414129598054, 0.0],
              [103.315653247113815, 23.411753029598053, 0.0],
              [103.31200741702736, 23.414020882404845, 0.0],
              [103.311389517027365, 23.414443082404844, 0.0],
              [103.311020091017241, 23.414697944191609, 0.0],
              [103.310495491017235, 23.415063344191612, 0.0],
              [103.306450387255794, 23.41820020837271, 0.0],
              [103.305853487255789, 23.418714108372708, 0.0],
              [103.303606067667104, 23.420909778490721, 0.0],
              [103.303541638012689, 23.420911177152401, 0.0],
              [103.299241961483546, 23.42100491930448, 0.0],
              [103.295488275529891, 23.421079454004399, 0.0],
              [103.294572512741141, 23.421098378304119, 0.0],
              [103.293543796907045, 23.421117240013047, 0.0],
              [103.292811589211126, 23.421128488000448, 0.0],
              [103.291436773692709, 23.421149569837251, 0.0],
              [103.28994847241951, 23.421172362199574, 0.0],
              [103.287240872682318, 23.421287278955564, 0.0],
              [103.285721472682312, 23.421393078955564, 0.0],
              [103.281387054794848, 23.421885655283532, 0.0],
              [103.276243854794856, 23.422698755283534, 0.0],
              [103.273682996038019, 23.423172271643796, 0.0],
              [103.271779496038022, 23.423575771643794, 0.0],
              [103.267402090840264, 23.424712774549594, 0.0],
              [103.265861490840251, 23.425188274549594, 0.0],
              [103.262008878939824, 23.426552170853203, 0.0],
              [103.260739178939829, 23.427060970853205, 0.0],
              [103.260018903929122, 23.427356130292878, 0.0],
              [103.255337061825273, 23.429317390047991, 0.0],
              [103.251526397431206, 23.430771170007482, 0.0],
              [103.240830335653129, 23.434836898238274, 0.0],
              [103.240721808485958, 23.434878295325642, 0.0],
              [103.235878910058275, 23.4367320387089, 0.0],
              [103.228374230529312, 23.439578916155703, 0.0],
              [103.219571112282225, 23.442896253628749, 0.0],
              [103.219249906963427, 23.443018557966084, 0.0],
              [103.217660906963417, 23.443629857966084, 0.0],
              [103.214771299698668, 23.444741568534795, 0.0],
              [103.213324050084111, 23.445324447052268, 0.0],
              [103.212441150084118, 23.445696147052267, 0.0],
              [103.208295101191609, 23.447670430432801, 0.0],
              [103.207495401289094, 23.448097341989413, 0.0],
              [103.207092565161659, 23.448310461720624, 0.0],
              [103.204196117937016, 23.449968847363568, 0.0],
              [103.203524017937013, 23.450384047363567, 0.0],
              [103.199882347079537, 23.452861789650161, 0.0],
              [103.198976847079535, 23.453538089650159, 0.0],
              [103.198638813356794, 23.453792796266068, 0.0],
              [103.197794113356792, 23.454434896266068, 0.0],
              [103.194721423786319, 23.456969923945422, 0.0],
              [103.194156623786327, 23.457475023945424, 0.0],
              [103.191443819794415, 23.460091664326576, 0.0],
              [103.190678419794409, 23.460887764326575, 0.0],
              [103.188329463354137, 23.463509740431459, 0.0],
              [103.187243763354132, 23.46481104043146, 0.0],
              [103.186605314576539, 23.465592160274127, 0.0],
              [103.18484857368513, 23.467786278278641, 0.0],
              [103.183508446534788, 23.469430119273863, 0.0],
              [103.183215590756902, 23.469792783972299, 0.0],
              [103.182123490756908, 23.471158183972296, 0.0],
              [103.180276670674544, 23.47361870520465, 0.0],
              [103.178876470674538, 23.475608905204652, 0.0],
              [103.177809547922919, 23.47718854337889, 0.0],
              [103.176757649526195, 23.478811812731077, 0.0],
              [103.174509357692685, 23.482277086327048, 0.0],
              [103.17193781832772, 23.486245208851045, 0.0],
              [103.171709481784589, 23.486600838637948, 0.0],
              [103.171002381784589, 23.487712438637949, 0.0],
              [103.170795092078791, 23.488052993406097, 0.0],
              [103.169630226388136, 23.489896128147013, 0.0],
              [103.168455855860827, 23.491743690480206, 0.0],
              [103.168302834010518, 23.491985960675809, 0.0],
              [103.168276880374279, 23.492027313469553, 0.0],
              [103.166750403486148, 23.494451776026448, 0.0],
              [103.166517554778125, 23.494812241503602, 0.0],
              [103.164128519768028, 23.495326175663347, 0.0],
              [103.162248036221627, 23.495657998020086, 0.0],
              [103.16114196834765, 23.495866032518986, 0.0],
              [103.160382568347643, 23.496017732518986, 0.0],
              [103.158633335375896, 23.496399856230141, 0.0],
              [103.158515887329145, 23.496427725258187, 0.0],
              [103.158003640772876, 23.496549000558009, 0.0],
              [103.156668669459108, 23.496884528479317, 0.0],
              [103.155434569459118, 23.49721282847932, 0.0],
              [103.150961095112379, 23.498630763683391, 0.0],
              [103.150119295112376, 23.498941763683391, 0.0],
              [103.14619401890829, 23.500584985346212, 0.0],
              [103.145339018908288, 23.50098648534621, 0.0],
              [103.144955346620819, 23.501168647126558, 0.0],
              [103.144695346620821, 23.501293447126557, 0.0],
              [103.143642508030112, 23.501814112211889, 0.0],
              [103.142819908030106, 23.502233012211892, 0.0],
              [103.140009735520621, 23.503779521735435, 0.0],
              [103.139011235520627, 23.504371521735433, 0.0],
              [103.136147215975143, 23.506203964190576, 0.0],
              [103.135333515975134, 23.506764464190578, 0.0],
              [103.132667554368766, 23.508734274838119, 0.0],
              [103.132165554368768, 23.509131574838118, 0.0],
              [103.131013696674259, 23.510071378514379, 0.0],
              [103.130651496674261, 23.510375978514379, 0.0],
              [103.128160597920882, 23.512617471917409, 0.0],
              [103.127580197920878, 23.513176071917407, 0.0],
              [103.126978581894207, 23.51376492706375, 0.0],
              [103.126499281894212, 23.514242027063752, 0.0],
              [103.124364053356175, 23.516503974947398, 0.0],
              [103.123706753356174, 23.517245174947398, 0.0],
              [103.121245058245208, 23.520248356916117, 0.0],
              [103.120719358245211, 23.520943056916117, 0.0],
              [103.119170951527394, 23.523106539417963, 0.0],
              [103.116581351527387, 23.526936139417963, 0.0],
              [103.11628896375241, 23.527368556552961, 0.0],
              [103.116194892471796, 23.527508186190666, 0.0],
              [103.114359492471792, 23.530242386190665, 0.0],
              [103.114096776563684, 23.530637798374428, 0.0],
              [103.111450376563681, 23.534662198374431, 0.0],
              [103.108772943542533, 23.539246811526798, 0.0],
              [103.108638970459197, 23.539507028477132, 0.0],
              [103.093230373863136, 23.54406701857156, 0.0],
              [103.092773169870426, 23.544204700290692, 0.0],
              [103.088646569870434, 23.545468900290693, 0.0],
              [103.088377853697253, 23.54555205005741, 0.0],
              [103.085990153697253, 23.546298250057408, 0.0],
              [103.084481062242432, 23.546796327714599, 0.0],
              [103.083945362242432, 23.546982627714598, 0.0],
              [103.082368428760503, 23.547560905270476, 0.0],
              [103.081835628760501, 23.547766505270477, 0.0],
              [103.079483751582444, 23.548743583125571, 0.0],
              [103.07900915158244, 23.548955083125573, 0.0],
              [103.076980452005586, 23.549914280416033, 0.0],
              [103.076456252005585, 23.55017668041603, 0.0],
              [103.074894793465873, 23.550993021354326, 0.0],
              [103.074397593465875, 23.551264221354327, 0.0],
              [103.072778596484468, 23.552186864543227, 0.0],
              [103.071902396484475, 23.552708064543229, 0.0],
              [103.069462854445177, 23.554256343979375, 0.0],
              [103.068599054445173, 23.554840243979374, 0.0],
              [103.065898029234262, 23.556800487516195, 0.0],
              [103.065047629234257, 23.557462087516196, 0.0],
              [103.062804596484241, 23.559314351110256, 0.0],
              [103.062058196484244, 23.559968151110255, 0.0],
              [103.059814738982311, 23.562058265002012, 0.0],
              [103.059205938982316, 23.562661365002015, 0.0],
              [103.057196956440279, 23.564770995524846, 0.0],
              [103.056758356440284, 23.565259295524843, 0.0],
              [103.055566646009197, 23.566635645979332, 0.0],
              [103.055167346009185, 23.567114145979335, 0.0],
              [103.053778157030479, 23.568856372432212, 0.0],
              [103.053438357030487, 23.56930257243221, 0.0],
              [103.052625330037998, 23.570401003787342, 0.0],
              [103.050755176431593, 23.573001227143781, 0.0],
              [103.049378393599284, 23.574895818523924, 0.0],
              [103.048343780985874, 23.576304702366897, 0.0],
              [103.048146432402618, 23.576576577295871, 0.0],
              [103.047329675088847, 23.576608014938145, 0.0],
              [103.046299875088835, 23.576666014938144, 0.0],
              [103.044987270855401, 23.576741061307359, 0.0],
              [103.0431700078787, 23.576878253635343, 0.0],
              [103.039405507878698, 23.577231553635343, 0.0],
              [103.038992119685176, 23.57727208320728, 0.0],
              [103.035220519685183, 23.577657683207281, 0.0],
              [103.035128727453426, 23.577667153439887, 0.0],
              [103.034670527453414, 23.577714853439886, 0.0],
              [103.032980108816147, 23.577919983744721, 0.0],
              [103.032543808816158, 23.577980483744721, 0.0],
              [103.031080079675348, 23.578205594922537, 0.0],
              [103.030577679675346, 23.578290494922538, 0.0],
              [103.029406034562484, 23.578502869464067, 0.0],
              [103.028916334562481, 23.578597669464067, 0.0],
              [103.028609567182883, 23.578658051590978, 0.0],
              [103.028129267182877, 23.578754151590978, 0.0],
              [103.02759525506012, 23.578864029824587, 0.0],
              [103.02712185506013, 23.578964129824584, 0.0],
              [103.026170730952501, 23.579174944803707, 0.0],
              [103.025588130952499, 23.579310044803709, 0.0],
              [103.024368573387349, 23.579609035400782, 0.0],
              [103.022065082588, 23.5802045264425, 0.0],
              [103.019087856056785, 23.580956393646062, 0.0],
              [103.012464233744581, 23.581012493268855, 0.0],
              [103.010362131539381, 23.581074525697691, 0.0],
              [103.009606831539386, 23.58111272569769, 0.0],
              [103.008442052248228, 23.581185272640258, 0.0],
              [103.007874552248225, 23.581227272640259, 0.0],
              [103.005892484515357, 23.581413705005016, 0.0],
              [103.005122684515356, 23.581501605005016, 0.0],
              [103.002525971464422, 23.581867325541594, 0.0],
              [103.001664271464421, 23.582011825541592, 0.0],
              [102.999368653500966, 23.582452182441553, 0.0],
              [102.998635453500967, 23.582610682441555, 0.0],
              [102.996363765267816, 23.583157624441938, 0.0],
              [102.995668065267822, 23.583342424441938, 0.0],
              [102.992250511574468, 23.584382270034748, 0.0],
              [102.991495311574468, 23.584641870034748, 0.0],
              [102.990577955101799, 23.58496722945776, 0.0],
              [102.989937755101792, 23.58520132945776, 0.0],
              [102.988111192048862, 23.585910116287064, 0.0],
              [102.987499892048874, 23.586161216287064, 0.0],
              [102.985141659273893, 23.587201719031359, 0.0],
              [102.984471859273881, 23.587518119031362, 0.0],
              [102.983134012047529, 23.588174652963982, 0.0],
              [102.982466912047542, 23.588514452963981, 0.0],
              [102.979029865323611, 23.590439334415517, 0.0],
              [102.978382065323601, 23.590836434415518, 0.0],
              [102.978030404953458, 23.591054007208303, 0.0],
              [102.977323204953464, 23.591495607208302, 0.0],
              [102.976334610951355, 23.592129173746446, 0.0],
              [102.974516702334924, 23.59332457174397, 0.0],
              [102.974256847340456, 23.593396245751208, 0.0],
              [102.968000299053955, 23.595121903906147, 0.0],
              [102.965630753590858, 23.595775523983772, 0.0],
              [102.965317586427915, 23.595861437530857, 0.0],
              [102.95269813582405, 23.595997297367177, 0.0],
              [102.951693256803196, 23.596018218582508, 0.0],
              [102.951324056803202, 23.596029618582509, 0.0],
              [102.950466250985258, 23.596063478830189, 0.0],
              [102.950079350985263, 23.596082078830189, 0.0],
              [102.949809737796457, 23.596095769961547, 0.0],
              [102.949213337796451, 23.596127669961547, 0.0],
              [102.947033589202462, 23.596292111217632, 0.0],
              [102.946469289202469, 23.596347111217632, 0.0],
              [102.944095117394909, 23.596635984426591, 0.0],
              [102.943576017394903, 23.596711784426589, 0.0],
              [102.942386898905895, 23.596900070097302, 0.0],
              [102.941813398905893, 23.596997970097302, 0.0],
              [102.940733440050963, 23.597194549609988, 0.0],
              [102.940267540050968, 23.597284649609989, 0.0],
              [102.937880457188641, 23.597807103063861, 0.0],
              [102.937332257188643, 23.597941203063861, 0.0],
              [102.935758458598642, 23.598353431845219, 0.0],
              [102.935256658598632, 23.598493631845219, 0.0],
              [102.934271340697677, 23.598779854866475, 0.0],
              [102.933749540697676, 23.598937254866474, 0.0],
              [102.932125925206137, 23.599457375608228, 0.0],
              [102.931652825206143, 23.599617875608228, 0.0],
              [102.931444635347603, 23.599689015515864, 0.0],
              [102.930918435347607, 23.599870115515863, 0.0],
              [102.928708254204068, 23.600689546459101, 0.0],
              [102.928151454204055, 23.600911046459103, 0.0],
              [102.928115008066356, 23.600926011366074, 0.0],
              [102.911033364536166, 23.598222161156272, 0.0],
              [102.908350311376196, 23.597871589485553, 0.0],
              [102.907098711376193, 23.597742389485553, 0.0],
              [102.904671872546075, 23.597551447044278, 0.0],
              [102.903486072546073, 23.597487147044276, 0.0],
              [102.899599738646558, 23.597427703789904, 0.0],
              [102.898289738646554, 23.597458603789907, 0.0],
              [102.894738727652921, 23.597668938673916, 0.0],
              [102.894105227652929, 23.597729138673916, 0.0],
              [102.892996141552672, 23.597847028230994, 0.0],
              [102.892400841552671, 23.597917028230992, 0.0],
              [102.889681727980971, 23.598312784941385, 0.0],
              [102.888782627980973, 23.598468984941388, 0.0],
              [102.887031172470785, 23.598805549228718, 0.0],
              [102.886147072470777, 23.598991849228717, 0.0],
              [102.883143781927117, 23.599722342682977, 0.0],
              [102.882295581927124, 23.599956642682976, 0.0],
              [102.881572470735478, 23.600162252459217, 0.0],
              [102.880838070735479, 23.600377052459219, 0.0],
              [102.878585197686348, 23.601094220558178, 0.0],
              [102.87779669768635, 23.601365920558177, 0.0],
              [102.876404127950877, 23.601868957865115, 0.0],
              [102.875852627950877, 23.602077457865114, 0.0],
              [102.874200702523453, 23.602735791579931, 0.0],
              [102.873665502523451, 23.602960191579932, 0.0],
              [102.871460803094493, 23.60394786791209, 0.0],
              [102.870634103094488, 23.60434246791209, 0.0],
              [102.869964089238763, 23.604668430275332, 0.0],
              [102.869399489238759, 23.604948330275331, 0.0],
              [102.867702962370643, 23.6058301867733, 0.0],
              [102.867190962370643, 23.606108886773299, 0.0],
              [102.86663798500625, 23.606414436697246, 0.0],
              [102.866494721947888, 23.606494782903013, 0.0],
              [102.86635580172927, 23.606566308990022, 0.0],
              [102.864298863872165, 23.607687085316293, 0.0],
              [102.86395048052951, 23.607887634488648, 0.0],
              [102.856560278859789, 23.612068682451749, 0.0],
              [102.849689760957517, 23.615898445523325, 0.0],
              [102.849368316296633, 23.616077696156843, 0.0],
              [102.849210525734961, 23.616166061486911, 0.0],
              [102.842209925734963, 23.620103161486909, 0.0],
              [102.842077037551704, 23.620178164234648, 0.0],
              [102.841994885842809, 23.62022469649909, 0.0],
              [102.837869437863318, 23.622558435319604, 0.0],
              [102.836543126532675, 23.623335875743606, 0.0],
              [102.835077426532678, 23.624225575743608, 0.0],
              [102.832767640362832, 23.625716045976311, 0.0],
              [102.83148154036283, 23.62659694597631, 0.0],
              [102.827086157715399, 23.629980441084896, 0.0],
              [102.8257892577154, 23.631098641084897, 0.0],
              [102.82181863301534, 23.634923486772635, 0.0],
              [102.82068283301534, 23.636145286772635, 0.0],
              [102.818999092016369, 23.638051524663574, 0.0],
              [102.817962192016367, 23.639287424663575, 0.0],
              [102.814172904865671, 23.644440485838711, 0.0],
              [102.81345250486568, 23.645564285838709, 0.0],
              [102.812408868012383, 23.647266176707568, 0.0],
              [102.803828868012374, 23.661905876707568, 0.0],
              [102.803092871694929, 23.663205809677599, 0.0],
              [102.802554071694928, 23.6641915096776, 0.0],
              [102.800660991376148, 23.668037962540772, 0.0],
              [102.800254291376149, 23.668962362540771, 0.0],
              [102.799238686137457, 23.671450047197862, 0.0],
              [102.798970586137457, 23.672160747197864, 0.0],
              [102.797940260402711, 23.675180438534642, 0.0],
              [102.79766916040272, 23.676066538534641, 0.0],
              [102.796954386038891, 23.678648056487216, 0.0],
              [102.796774186038888, 23.679373956487215, 0.0],
              [102.795987391429946, 23.683165899976721, 0.0],
              [102.795852191429944, 23.683973599976721, 0.0],
              [102.79550498014963, 23.686416730718733, 0.0],
              [102.79540468014963, 23.687273830718734, 0.0],
              [102.795155610666043, 23.690089803271761, 0.0],
              [102.795094710666049, 23.69110450327176, 0.0],
              [102.795045141154105, 23.696105616129607, 0.0],
              [102.795088441154093, 23.697184216129607, 0.0],
              [102.795317209915723, 23.700358235627977, 0.0],
              [102.795413009915734, 23.701278035627979, 0.0],
              [102.796003251756076, 23.705328072910067, 0.0],
              [102.796222551756074, 23.706495672910066, 0.0],
              [102.796940814417539, 23.709619791401376, 0.0],
              [102.795188565800672, 23.713385142180009, 0.0],
              [102.793994971207795, 23.715387020360414, 0.0],
              [102.793564412766926, 23.716109115238599, 0.0],
              [102.792994003666237, 23.71706591728632, 0.0],
              [102.792345794344342, 23.718185923822809, 0.0],
              [102.791909594344347, 23.718962623822808, 0.0],
              [102.791062456545461, 23.720536269549044, 0.0],
              [102.790536756545464, 23.721556069549045, 0.0],
              [102.789647254585958, 23.723370742769514, 0.0],
              [102.789202754585958, 23.724325942769514, 0.0],
              [102.788191674881546, 23.726651050605948, 0.0],
              [102.78702265369644, 23.729537356012518, 0.0],
              [102.785832048123027, 23.732476882199418, 0.0],
              [102.784921963702431, 23.734723603130107, 0.0],
              [102.784242214108573, 23.736401813078441, 0.0],
              [102.783931222322749, 23.737169680365536, 0.0],
              [102.783049430958357, 23.739346765257956, 0.0],
              [102.782920277512545, 23.739665644110023, 0.0],
              [102.782017962052223, 23.74206900842465, 0.0],
              [102.781846762052226, 23.742563208424649, 0.0],
              [102.781238981891107, 23.744436124900915, 0.0],
              [102.781147481891097, 23.744738224900917, 0.0],
              [102.780530076823396, 23.746960134254625, 0.0],
              [102.780454476823408, 23.747258734254626, 0.0],
              [102.780014538985881, 23.74914999205615, 0.0],
              [102.77994203898588, 23.749491592056149, 0.0],
              [102.779710776567697, 23.750648253461364, 0.0],
              [102.779640576567687, 23.751022253461365, 0.0],
              [102.779207727853375, 23.753738367676146, 0.0],
              [102.779144427853382, 23.754220567676146, 0.0],
              [102.778829264725175, 23.757411121559553, 0.0],
              [102.778783564725174, 23.758098421559552, 0.0],
              [102.778714947146511, 23.759377811758291, 0.0],
              [102.778687947146508, 23.760039711758292, 0.0],
              [102.778646976702831, 23.762317745686005, 0.0],
              [102.77865137670284, 23.763233845686003, 0.0],
              [102.778675527992064, 23.764566019220691, 0.0],
              [102.778708927992056, 23.765627619220691, 0.0],
              [102.778791796692587, 23.767333728314068, 0.0],
              [102.779035396692592, 23.771040928314068, 0.0],
              [102.779266071654192, 23.773568767106099, 0.0],
              [102.779330071654186, 23.774116167106097, 0.0],
              [102.779577299629381, 23.775939261252585, 0.0],
              [102.779659499629389, 23.776471661252586, 0.0],
              [102.780091867861742, 23.778879766373006, 0.0],
              [102.780205967861733, 23.779436566373008, 0.0],
              [102.780840536200117, 23.782147161602321, 0.0],
              [102.780988036200114, 23.782706561602321, 0.0],
              [102.781423471845628, 23.784256331154403, 0.0],
              [102.781572471845635, 23.7847556311544, 0.0],
              [102.782185967606082, 23.786670121661796, 0.0],
              [102.782334967606076, 23.787104821661796, 0.0],
              [102.782461056349533, 23.787468118406117, 0.0],
              [102.782612256349537, 23.787898418406119, 0.0],
              [102.782738404566672, 23.788253147803015, 0.0],
              [102.782750276614848, 23.788286138092399, 0.0],
              [102.783291943226345, 23.789827076684031, 0.0],
              [102.783325330469026, 23.790017983495268, 0.0],
              [102.783567030469015, 23.79127428349527, 0.0],
              [102.783589454051111, 23.791379937719476, 0.0],
              [102.78338563650253, 23.792299767230233, 0.0],
              [102.78284136512066, 23.795143595093041, 0.0],
              [102.782676965120658, 23.796161395093041, 0.0],
              [102.782227983513593, 23.799770591369757, 0.0],
              [102.782123983513586, 23.800957691369756, 0.0],
              [102.781993568226554, 23.802865147095087, 0.0],
              [102.781934768226563, 23.804060647095085, 0.0],
              [102.781905047764496, 23.808267282005165, 0.0],
              [102.781941747764492, 23.809314982005166, 0.0],
              [102.782178027469982, 23.812724202380455, 0.0],
              [102.78229822746998, 23.813882802380455, 0.0],
              [102.782670293908467, 23.816691328866398, 0.0],
              [102.782824293908476, 23.817645328866398, 0.0],
              [102.782946048403545, 23.818366049303609, 0.0],
              [102.786627448403536, 23.83922834930361, 0.0],
              [102.786667829899784, 23.839454161006568, 0.0],
              [102.787171229899783, 23.842232361006566, 0.0],
              [102.78773183697497, 23.844907323372173, 0.0],
              [102.787974836974968, 23.845927123372174, 0.0],
              [102.788495467213153, 23.847927695546431, 0.0],
              [102.788717067213156, 23.848712295546431, 0.0],
              [102.789136144001759, 23.850117024330686, 0.0],
              [102.789342244001759, 23.850772624330688, 0.0],
              [102.790925803756252, 23.855101445015904, 0.0],
              [102.791186903756255, 23.855724545015903, 0.0],
              [102.791976778228502, 23.857379437508719, 0.0],
              [102.791965529211964, 23.857723971340821, 0.0],
              [102.791986929232436, 23.861546630907046, 0.0],
              [102.792024129232431, 23.862394730907045, 0.0],
              [102.792177848708405, 23.864690811353633, 0.0],
              [102.792255348708409, 23.865550911353633, 0.0],
              [102.792617070063812, 23.868549086091299, 0.0],
              [102.792706070063815, 23.869136886091297, 0.0],
              [102.793454670671636, 23.873030771222737, 0.0],
              [102.79356447067164, 23.873500571222738, 0.0],
              [102.794077819379794, 23.875508325788491, 0.0],
              [102.794209119379786, 23.875980825788492, 0.0],
              [102.795854405104578, 23.880897580409542, 0.0],
              [102.796018405104576, 23.881314480409543, 0.0],
              [102.797055696606506, 23.883636354444644, 0.0],
              [102.79687788279908, 23.884294495417702, 0.0],
              [102.795225128360755, 23.894545222756552, 0.0],
              [102.795128628360757, 23.896271622756551, 0.0],
              [102.795096081484999, 23.901191909620874, 0.0],
              [102.795160481484999, 23.902702409620876, 0.0],
              [102.796230325326889, 23.911073971584667, 0.0],
              [102.79658432532689, 23.912721871584665, 0.0],
              [102.800843394506003, 23.924771473574616, 0.0],
              [102.801690994506004, 23.926448773574617, 0.0],
              [102.801824449481742, 23.926710946293763, 0.0],
              [102.802307249481743, 23.927652546293764, 0.0],
              [102.805266975251342, 23.931923952974266, 0.0],
              [102.805123280193413, 23.932093188688537, 0.0],
              [102.800695631056925, 23.938183844257498, 0.0],
              [102.79986797859361, 23.939524077664043, 0.0],
              [102.798822644678367, 23.940373645132389, 0.0],
              [102.790688303691539, 23.948739021667848, 0.0],
              [102.78805810369154, 23.952167121667848, 0.0],
              [102.785480753425048, 23.956056123677794, 0.0],
              [102.726940739229306, 23.98764542071007, 0.0],
              [102.72502521420266, 23.988734239071288, 0.0],
              [102.724119114202651, 23.989276039071289, 0.0],
              [102.721212443308289, 23.991153587369016, 0.0],
              [102.720389043308288, 23.991726787369014, 0.0],
              [102.718119430272907, 23.993403781451359, 0.0],
              [102.717478430272905, 23.993905981451359, 0.0],
              [102.716391734534497, 23.994782121047738, 0.0],
              [102.716040334534497, 23.995073621047737, 0.0],
              [102.712046474460152, 23.99877160960045, 0.0],
              [102.711324374460162, 23.999517209600452, 0.0],
              [102.710614987876156, 24.00026495275058, 0.0],
              [102.644968608010956, 24.070904988488302, 0.0],
              [102.642014009781121, 24.074065957510513, 0.0],
              [102.634843909822976, 24.080739799188358, 0.0],
              [102.633924909437511, 24.081617249786241, 0.0],
              [102.633225214612082, 24.082302515392964, 0.0],
              [102.63210690912922, 24.083309061306828, 0.0],
              [102.631058509129232, 24.084285161306831, 0.0],
              [102.630862154848103, 24.084468962928593, 0.0],
              [102.629968654848099, 24.085309862928593, 0.0],
              [102.629686165545152, 24.085579498462113, 0.0],
              [102.629641749952, 24.085620291405473, 0.0],
              [102.629256301664128, 24.085978056664331, 0.0],
              [102.628809481707876, 24.086397181581898, 0.0],
              [102.612939461536371, 24.101283406702034, 0.0],
              [102.612735733046648, 24.101475581328039, 0.0],
              [102.612070433046654, 24.102106681328038, 0.0],
              [102.61053766601232, 24.103624805036596, 0.0],
              [102.609928166012324, 24.104255105036593, 0.0],
              [102.609186635665296, 24.105038683809958, 0.0],
              [102.608593935665283, 24.105678683809959, 0.0],
              [102.607030705827356, 24.107448741162337, 0.0],
              [102.606523505827369, 24.108051141162338, 0.0],
              [102.606311597596928, 24.108314104936021, 0.0],
              [102.570618343064027, 24.132738041994415, 0.0],
              [102.566076973346426, 24.136244460959574, 0.0],
              [102.564168773346424, 24.137900960959573, 0.0],
              [102.560360068833774, 24.141578466381315, 0.0],
              [102.558885768833775, 24.143161166381315, 0.0],
              [102.553161315441386, 24.150598898307855, 0.0],
              [102.551931215441385, 24.152552398307854, 0.0],
              [102.548723618022819, 24.158504220622092, 0.0],
              [102.547844818022824, 24.160437520622093, 0.0],
              [102.544221655549023, 24.171901169393745, 0.0],
              [102.543868055549027, 24.173784369393747, 0.0],
              [102.543778823279425, 24.174868580565771, 0.0],
              [102.539710402108952, 24.176299290086224, 0.0],
              [102.538247264651474, 24.176811642757187, 0.0],
              [102.537586422152529, 24.177048273024145, 0.0],
              [102.535138391962008, 24.177944284074275, 0.0],
              [102.533948578228589, 24.178366630595399, 0.0],
              [102.533267042956012, 24.178508986817874, 0.0],
              [102.530636731683771, 24.17913305231664, 0.0],
              [102.529937131683781, 24.179319152316641, 0.0],
              [102.527434661681468, 24.18005524025131, 0.0],
              [102.526643561681468, 24.180310540251309, 0.0],
              [102.523652036909667, 24.181382052118309, 0.0],
              [102.523008636909665, 24.181635852118308, 0.0],
              [102.520608112717156, 24.182655911433759, 0.0],
              [102.519968312717154, 24.182947711433759, 0.0],
              [102.517443425167556, 24.184186188308455, 0.0],
              [102.516812125167561, 24.184518188308456, 0.0],
              [102.513870936751744, 24.186194442126617, 0.0],
              [102.513379936751733, 24.186496742126618, 0.0],
              [102.512242023023148, 24.187218661565602, 0.0],
              [102.511769023023149, 24.187527761565601, 0.0],
              [102.50964036833652, 24.188998791701817, 0.0],
              [102.50917406833652, 24.189339191701816, 0.0],
              [102.506650088192089, 24.191308596342367, 0.0],
              [102.506158088192095, 24.191718496342368, 0.0],
              [102.503969137664797, 24.193653264380348, 0.0],
              [102.5035176376648, 24.194076464380348, 0.0],
              [102.501492166704992, 24.196086589452069, 0.0],
              [102.501032966704983, 24.196569089452069, 0.0],
              [102.49922607149874, 24.198573290883068, 0.0],
              [102.497949071498738, 24.200068990883068, 0.0],
              [102.497783664375177, 24.200263731173681, 0.0],
              [102.49511106437518, 24.203426631173681, 0.0],
              [102.494731815184991, 24.203880880752486, 0.0],
              [102.494040715184994, 24.204718680752485, 0.0],
              [102.493100309940104, 24.205894324035512, 0.0],
              [102.49247330994011, 24.206702824035514, 0.0],
              [102.491589252413448, 24.207878085276722, 0.0],
              [102.490837852413449, 24.208908185276723, 0.0],
              [102.489729928708527, 24.210490352511925, 0.0],
              [102.489155228708526, 24.211345752511924, 0.0],
              [102.488494474902978, 24.212355343530593, 0.0],
              [102.488396925724828, 24.212508391561528, 0.0],
              [102.487497580022804, 24.213918141792728, 0.0],
              [102.48636229572665, 24.215786609819439, 0.0],
              [102.48592719572666, 24.216539309819439, 0.0],
              [102.484101726031653, 24.220003680674768, 0.0],
              [102.483692526031646, 24.220859980674767, 0.0],
              [102.482072052353814, 24.224644014198944, 0.0],
              [102.48169925235382, 24.225624214198945, 0.0],
              [102.480347239051866, 24.229697113128434, 0.0],
              [102.47999123905187, 24.230946513128437, 0.0],
              [102.478701994843505, 24.236768961943053, 0.0],
              [102.478482994843503, 24.23814136194305, 0.0],
              [102.478272428151442, 24.240258309233692, 0.0],
              [102.477873088437448, 24.240883567912469, 0.0],
              [102.476459652929421, 24.243144437615662, 0.0],
              [102.475407921306612, 24.244667842089793, 0.0],
              [102.474296944107891, 24.246373558330024, 0.0],
              [102.469022657645269, 24.254431077512933, 0.0],
              [102.468830697167249, 24.254709701466837, 0.0],
              [102.468722792065236, 24.254865635546, 0.0],
              [102.468693105346546, 24.254906653540196, 0.0],
              [102.468519322302996, 24.255148279608768, 0.0],
              [102.465345622302991, 24.259588779608766, 0.0],
              [102.465140952179425, 24.259877296944566, 0.0],
              [102.465002952179432, 24.260073296944569, 0.0],
              [102.464620099693946, 24.260624889438574, 0.0],
              [102.464491199693938, 24.260813289438573, 0.0],
              [102.46410801947745, 24.261381666263773, 0.0],
              [102.463980219477449, 24.261574066263773, 0.0],
              [102.463653872184139, 24.262071776619209, 0.0],
              [102.463511872184142, 24.262291176619208, 0.0],
              [102.462960504909262, 24.263162650530727, 0.0],
              [102.462807404909256, 24.263410250530729, 0.0],
              [102.462642637326795, 24.263678605373745, 0.0],
              [102.462513937326804, 24.263889705373746, 0.0],
              [102.462025558353943, 24.264708220658459, 0.0],
              [102.461903658353947, 24.264917020658459, 0.0],
              [102.461639948796858, 24.265374249150018, 0.0],
              [102.461499848796848, 24.265620149150017, 0.0],
              [102.46102926486148, 24.266464998230855, 0.0],
              [102.46090726486149, 24.266689098230856, 0.0],
              [102.460657356252639, 24.267153977752294, 0.0],
              [102.460537556252632, 24.267379677752292, 0.0],
              [102.460077723733093, 24.268267304815666, 0.0],
              [102.459970723733093, 24.268479004815667, 0.0],
              [102.459804364565244, 24.26881120722695, 0.0],
              [102.459695164565247, 24.26903130722695, 0.0],
              [102.459291401350612, 24.269864403542492, 0.0],
              [102.459188701350612, 24.270081403542491, 0.0],
              [102.459052284718695, 24.270372054930963, 0.0],
              [102.458943884718693, 24.270604954930963, 0.0],
              [102.458504368905693, 24.271576198167008, 0.0],
              [102.4584003689057, 24.271812698167007, 0.0],
              [102.458186304068889, 24.272306690343957, 0.0],
              [102.458088104068878, 24.272536690343959, 0.0],
              [102.457781081637663, 24.273271954059663, 0.0],
              [102.457684981637669, 24.27350735405966, 0.0],
              [102.457376605077883, 24.274281087658405, 0.0],
              [102.45728450507788, 24.274517887658405, 0.0],
              [102.457056835812779, 24.275114501927732, 0.0],
              [102.45696943581278, 24.275348001927732, 0.0],
              [102.456718383065592, 24.276033940631745, 0.0],
              [102.456636783065591, 24.276262040631746, 0.0],
              [102.45645548972692, 24.276777687359143, 0.0],
              [102.456383289726915, 24.276986687359145, 0.0],
              [102.456096537752146, 24.277841664279709, 0.0],
              [102.456029637752152, 24.278047264279706, 0.0],
              [102.455975953494047, 24.2782132324526, 0.0],
              [102.455911453494039, 24.2784138324526, 0.0],
              [102.455642860813271, 24.279275806282609, 0.0],
              [102.455576360813282, 24.279496206282612, 0.0],
              [102.455398478279037, 24.280099453186889, 0.0],
              [102.455340378279033, 24.280301153186887, 0.0],
              [102.455161812731617, 24.280936811158416, 0.0],
              [102.45510401273161, 24.281147911158417, 0.0],
              [102.454969614688622, 24.281648956597436, 0.0],
              [102.454917314688629, 24.281848056597436, 0.0],
              [102.454743676779302, 24.282528485786518, 0.0],
              [102.454686576779295, 24.282758985786518, 0.0],
              [102.454523262226004, 24.283438566067876, 0.0],
              [102.454480262226014, 24.283623166067873, 0.0],
              [102.454367831213276, 24.284117148442235, 0.0],
              [102.454324131213269, 24.284313748442237, 0.0],
              [102.454221344633879, 24.284786978273878, 0.0],
              [102.454179044633875, 24.284986378273878, 0.0],
              [102.454028740461851, 24.285722074968426, 0.0],
              [102.453983940461853, 24.285950074968426, 0.0],
              [102.453835161533135, 24.286740833254296, 0.0],
              [102.453793261533136, 24.286973833254294, 0.0],
              [102.45370374564591, 24.28748694704062, 0.0],
              [102.453661945645919, 24.28773414704062, 0.0],
              [102.453519458671465, 24.288625688487461, 0.0],
              [102.453480158671454, 24.288886688487462, 0.0],
              [102.453387761258284, 24.289528564100113, 0.0],
              [102.453351161258297, 24.289795064100112, 0.0],
              [102.453228347550606, 24.290758677255521, 0.0],
              [102.453191247550606, 24.291074177255521, 0.0],
              [102.453107916717755, 24.291832684545657, 0.0],
              [102.453077916717746, 24.292126384545657, 0.0],
              [102.452974518071059, 24.293267954852841, 0.0],
              [102.452952018071059, 24.293552654852842, 0.0],
              [102.452918285120674, 24.294005683598332, 0.0],
              [102.452899085120677, 24.294280383598331, 0.0],
              [102.452822758428837, 24.295637331229518, 0.0],
              [102.452809958428844, 24.295937631229517, 0.0],
              [102.452801157221472, 24.296155255232723, 0.0],
              [102.452790157221472, 24.296442755232725, 0.0],
              [102.452755142634743, 24.297961639139086, 0.0],
              [102.452753142634734, 24.298216239139084, 0.0],
              [102.452752733632593, 24.298272307298571, 0.0],
              [102.452750933632601, 24.298539607298572, 0.0],
              [102.452764869544382, 24.300103788226391, 0.0],
              [102.452770969544375, 24.300352188226391, 0.0],
              [102.452773287081527, 24.300443186193309, 0.0],
              [102.452779887081533, 24.300693386193309, 0.0],
              [102.452811809676703, 24.301594930681162, 0.0],
              [102.452822809676704, 24.301842430681162, 0.0],
              [102.452866135180841, 24.302664592762895, 0.0],
              [102.452881935180841, 24.302923792762893, 0.0],
              [102.452927334185375, 24.303594330141078, 0.0],
              [102.452947334185367, 24.303862930141079, 0.0],
              [102.453028933515583, 24.304831557995023, 0.0],
              [102.45305323351559, 24.305089957995023, 0.0],
              [102.453074709497571, 24.305312967030279, 0.0],
              [102.453098709497567, 24.305556467030279, 0.0],
              [102.453247500025697, 24.306884112559334, 0.0],
              [102.4532855000257, 24.307186612559335, 0.0],
              [102.453345563488455, 24.307647423148989, 0.0],
              [102.453380263488455, 24.307904323148989, 0.0],
              [102.453517494832738, 24.308851832813524, 0.0],
              [102.45355530499026, 24.309096364824427, 0.0],
              [102.453637715571475, 24.309629796885748, 0.0],
              [102.453670969645373, 24.30984202341617, 0.0],
              [102.453895469645374, 24.311254923416168, 0.0],
              [102.454012509048709, 24.311959048489506, 0.0],
              [102.454172309048715, 24.312879748489507, 0.0],
              [102.454275262439921, 24.313453080551398, 0.0],
              [102.45432626243992, 24.313727880551397, 0.0],
              [102.454723909294032, 24.315657728395799, 0.0],
              [102.454796809294024, 24.315979328395798, 0.0],
              [102.455048614259695, 24.317036727309532, 0.0],
              [102.455120514259704, 24.317324727309533, 0.0],
              [102.455354441903324, 24.318225948404777, 0.0],
              [102.455447941903316, 24.318572848404777, 0.0],
              [102.45607535031526, 24.320710002128546, 0.0],
              [102.456173050315257, 24.321017302128546, 0.0],
              [102.45661492103352, 24.32234271284991, 0.0],
              [102.456721221033519, 24.322647312849909, 0.0],
              [102.457149101581393, 24.323825694571646, 0.0],
              [102.457274801581406, 24.324158794571645, 0.0],
              [102.458183671496997, 24.32640141737485, 0.0],
              [102.458307371496986, 24.32668661737485, 0.0],
              [102.458943317364358, 24.328092971540602, 0.0],
              [102.459102817364368, 24.328431671540603, 0.0],
              [102.45951864424579, 24.329293204169396, 0.0],
              [102.459649244245782, 24.329557304169395, 0.0],
              [102.4599288884435, 24.330114045386107, 0.0],
              [102.460044888443505, 24.330341445386107, 0.0],
              [102.460704235443217, 24.331586315168622, 0.0],
              [102.460637402675431, 24.332801062500867, 0.0],
              [102.460625952887483, 24.333009249329631, 0.0],
              [102.460584058612568, 24.333769929664385, 0.0],
              [102.460573395840825, 24.333963786655957, 0.0],
              [102.460074430707593, 24.343031253037886, 0.0],
              [102.460027516806448, 24.344087091792897, 0.0],
              [102.460004916806454, 24.344754791792894, 0.0],
              [102.459983862519294, 24.347315794582023, 0.0],
              [102.459993262519291, 24.347856194582025, 0.0],
              [102.460828068294674, 24.352592289582439, 0.0],
              [102.461153215733177, 24.358332939271257, 0.0],
              [102.462409705887012, 24.361565377831777, 0.0],
              [102.462708786072554, 24.363262146365535, 0.0],
              [102.46404968656374, 24.365784381667005, 0.0],
              [102.466820893808219, 24.372913571759668, 0.0],
              [102.469739334905682, 24.376486616467673, 0.0],
              [102.470052103358668, 24.37707493427239, 0.0],
              [102.470846691326216, 24.377842351898387, 0.0],
              [102.476716839201387, 24.385029168455642, 0.0],
              [102.489872367828525, 24.393493770340253, 0.0],
              [102.504999724887625, 24.397478803204692, 0.0],
              [102.520618139271264, 24.396594184266821, 0.0],
              [102.535198771759667, 24.390926506191789, 0.0],
              [102.547314368455645, 24.381030560798614, 0.0],
              [102.550412120464784, 24.376216091578261, 0.0],
              [102.550941566382917, 24.375667900682245, 0.0],
              [102.551495540090386, 24.374532260714862, 0.0],
              [102.555778970340256, 24.367875032171483, 0.0],
              [102.556995287631807, 24.363257839141351, 0.0],
              [102.557800052935576, 24.361608079178001, 0.0],
              [102.558223779678997, 24.358594430212456, 0.0],
              [102.559764003204691, 24.352747675112379, 0.0],
              [102.55977000320469, 24.35268817511238, 0.0],
              [102.559831036197508, 24.352040787385217, 0.0],
              [102.5598960361975, 24.351299787385216, 0.0],
              [102.560011802788722, 24.349677238181183, 0.0],
              [102.560473897845029, 24.341277928040672, 0.0],
              [102.560543894266686, 24.340005715850609, 0.0],
              [102.560602789203102, 24.338945112910203, 0.0],
              [102.560778156820106, 24.335758139910453, 0.0],
              [102.560851233808023, 24.334721045314698, 0.0],
              [102.560892038983042, 24.3340839661128, 0.0],
              [102.560995138983046, 24.332295366112799, 0.0],
              [102.56103180369945, 24.331566835953694, 0.0],
              [102.561035444995682, 24.331482187054796, 0.0],
              [102.561229874695627, 24.327929871420089, 0.0],
              [102.561297482766221, 24.326040906972011, 0.0],
              [102.561311282766212, 24.325223106972011, 0.0],
              [102.561306938867432, 24.323308994559362, 0.0],
              [102.561291138867432, 24.322571194559362, 0.0],
              [102.561251073947091, 24.321372349794295, 0.0],
              [102.561221173947104, 24.320714249794296, 0.0],
              [102.561119652645715, 24.319074468135277, 0.0],
              [102.561031152645711, 24.317945968135277, 0.0],
              [102.560836238130435, 24.315966542494674, 0.0],
              [102.560768638130426, 24.315396542494675, 0.0],
              [102.560541742159245, 24.313724986076362, 0.0],
              [102.560404842159244, 24.312829986076363, 0.0],
              [102.560183390287449, 24.31150208210536, 0.0],
              [102.560051290287461, 24.310770782105358, 0.0],
              [102.559796971718058, 24.309462770949061, 0.0],
              [102.559651871718046, 24.308766170949063, 0.0],
              [102.559431498555014, 24.30776020464987, 0.0],
              [102.559255798555014, 24.30699590464987, 0.0],
              [102.558781547080059, 24.305102886283375, 0.0],
              [102.55860854708007, 24.304465386283375, 0.0],
              [102.558356746733992, 24.303570507046395, 0.0],
              [102.558149446733992, 24.302859207046392, 0.0],
              [102.55774509223113, 24.301546290124428, 0.0],
              [102.559183245816556, 24.299348030070465, 0.0],
              [102.559319781842021, 24.2991392979247, 0.0],
              [102.559418686625477, 24.298995703638088, 0.0],
              [102.559743679989197, 24.298517978742598, 0.0],
              [102.559842579989194, 24.298370778742601, 0.0],
              [102.560474912990401, 24.297405763855448, 0.0],
              [102.560587612990403, 24.297229363855447, 0.0],
              [102.560910019496589, 24.296717938787808, 0.0],
              [102.561154220493847, 24.296325327453616, 0.0],
              [102.56413101499777, 24.293024450025236, 0.0],
              [102.564892714997768, 24.292085250025234, 0.0],
              [102.568006987139142, 24.287799711787386, 0.0],
              [102.568459087139146, 24.287102711787387, 0.0],
              [102.569977315384818, 24.284605077050067, 0.0],
              [102.570371015384822, 24.283912577050067, 0.0],
              [102.572169624351972, 24.280439373699529, 0.0],
              [102.572469724351976, 24.27979977369953, 0.0],
              [102.573797123696551, 24.27670352599414, 0.0],
              [102.574132923696553, 24.275841125994138, 0.0],
              [102.575444283158049, 24.272024431176067, 0.0],
              [102.575763783158038, 24.27095603117607, 0.0],
              [102.576117921792019, 24.269499269400345, 0.0],
              [102.590761945903481, 24.264349521172203, 0.0],
              [102.594712797906126, 24.262768186184239, 0.0],
              [102.595918497906126, 24.262224986184236, 0.0],
              [102.598512455287775, 24.26096513081518, 0.0],
              [102.599652055287763, 24.260370430815183, 0.0],
              [102.601985306052313, 24.259072412107482, 0.0],
              [102.603207306052326, 24.258349212107479, 0.0],
              [102.605724100559073, 24.256756655896343, 0.0],
              [102.607021300559069, 24.255880655896345, 0.0],
              [102.608545575107357, 24.254809429847072, 0.0],
              [102.609674875107359, 24.25398392984707, 0.0],
              [102.609769782028465, 24.253914382941129, 0.0],
              [102.619927682028461, 24.246452382941129, 0.0],
              [102.621076380457893, 24.245582792646314, 0.0],
              [102.621693480457893, 24.245101492646317, 0.0],
              [102.623372341080284, 24.24373257484919, 0.0],
              [102.623837541080277, 24.243336174849187, 0.0],
              [102.625392542646409, 24.241954291028822, 0.0],
              [102.625829942646419, 24.241548991028825, 0.0],
              [102.627665794048823, 24.23975820086299, 0.0],
              [102.628031394048818, 24.239382800862987, 0.0],
              [102.629356432370912, 24.237968406663313, 0.0],
              [102.629783632370916, 24.237494306663315, 0.0],
              [102.630773803137402, 24.236361617965933, 0.0],
              [102.631432003137405, 24.235585417965932, 0.0],
              [102.634353214820436, 24.231785270536456, 0.0],
              [102.634873414820433, 24.231036870536457, 0.0],
              [102.636938713789434, 24.227808193896745, 0.0],
              [102.637502213789432, 24.226848093896745, 0.0],
              [102.63959275318706, 24.222890418158325, 0.0],
              [102.640075953187051, 24.221867218158327, 0.0],
              [102.643003022895314, 24.214029976086042, 0.0],
              [102.643335822895324, 24.21284447608604, 0.0],
              [102.644980546868609, 24.203024512284617, 0.0],
              [102.664131456935976, 24.189920058005587, 0.0],
              [102.664449154981853, 24.189700860557636, 0.0],
              [102.665167504840568, 24.189201127734332, 0.0],
              [102.668370772256125, 24.187000297087103, 0.0],
              [102.669841935911762, 24.185949875817354, 0.0],
              [102.670135735911757, 24.185731975817351, 0.0],
              [102.671032216334794, 24.185051317255802, 0.0],
              [102.671353516334804, 24.184801617255804, 0.0],
              [102.673999815704192, 24.182594655174302, 0.0],
              [102.674222815704184, 24.182395255174303, 0.0],
              [102.675190983574794, 24.181506374803465, 0.0],
              [102.675499483574796, 24.181215574803463, 0.0],
              [102.67725759544922, 24.179474183118479, 0.0],
              [102.677510295449224, 24.179211183118479, 0.0],
              [102.67857997975895, 24.178062334085762, 0.0],
              [102.678833679758952, 24.177781134085762, 0.0],
              [102.680260231747795, 24.176128813390761, 0.0],
              [102.680538331747783, 24.175792113390763, 0.0],
              [102.681265399550554, 24.174890783023574, 0.0],
              [102.681537399550564, 24.174545483023572, 0.0],
              [102.682354336742776, 24.173479235501883, 0.0],
              [102.682848203241733, 24.172816396364965, 0.0],
              [102.69712609888613, 24.159423598718384, 0.0],
              [102.69794107327111, 24.158667283204014, 0.0],
              [102.698328773831349, 24.158303633127453, 0.0],
              [102.699365427814271, 24.157320876168811, 0.0],
              [102.699632189220139, 24.157072511223863, 0.0],
              [102.700011991061558, 24.156742078011767, 0.0],
              [102.702178490562488, 24.154741950213761, 0.0],
              [102.70344116536161, 24.153505314496478, 0.0],
              [102.711419690177024, 24.146079000811643, 0.0],
              [102.71388121887918, 24.143622633201389, 0.0],
              [102.718073218879184, 24.139137833201389, 0.0],
              [102.718171812123856, 24.139032047249419, 0.0],
              [102.779732557750293, 24.072788435948659, 0.0],
              [102.844497260770694, 24.03784017928993, 0.0],
              [102.85618862244452, 24.029112572042138, 0.0],
              [102.858027322444528, 24.027265472042139, 0.0],
              [102.863037203874143, 24.021387143958474, 0.0],
              [102.864808003874145, 24.018950743958474, 0.0],
              [102.868704423633801, 24.012483942618871, 0.0],
              [102.86943279396155, 24.011885122316727, 0.0],
              [102.870257693961548, 24.011157022316727, 0.0],
              [102.873355321990431, 24.008176412332183, 0.0],
              [102.874154621990428, 24.007338212332183, 0.0],
              [102.878732048011926, 24.001788031977053, 0.0],
              [102.879456248011934, 24.000768531977055, 0.0],
              [102.881235668943077, 23.998084455742504, 0.0],
              [102.882838452631688, 23.99548903757103, 0.0],
              [102.884630920300467, 23.993816002802358, 0.0],
              [102.885212107339029, 23.993264763404426, 0.0],
              [102.887971623241256, 23.990605128549316, 0.0],
              [102.892530824985712, 23.986473451982093, 0.0],
              [102.896553640118981, 23.982383748851571, 0.0],
              [102.897980540118979, 23.980756048851571, 0.0],
              [102.902300754252622, 23.975050996044217, 0.0],
              [102.903846254252613, 23.972673996044218, 0.0],
              [102.910155982950755, 23.958611146285651, 0.0],
              [102.910792882950759, 23.956282746285652, 0.0],
              [102.912062462446912, 23.950158952933084, 0.0],
              [102.91220826244691, 23.949137952933082, 0.0],
              [102.912708881295657, 23.942459302615148, 0.0],
              [102.912719581295661, 23.94108650261515, 0.0],
              [102.912102071050782, 23.932853350626019, 0.0],
              [102.911812371050786, 23.931029450626017, 0.0],
              [102.910397188512263, 23.924756132225557, 0.0],
              [102.910080688512252, 23.923680732225556, 0.0],
              [102.908357032215761, 23.918884757142081, 0.0],
              [102.908162858128051, 23.913019687380746, 0.0],
              [102.908023358128062, 23.911901687380748, 0.0],
              [102.906248549530517, 23.903556634400779, 0.0],
              [102.905980349530509, 23.902673934400777, 0.0],
              [102.903893915425783, 23.897046217173109, 0.0],
              [102.903293115425782, 23.895682917173112, 0.0],
              [102.898708065191926, 23.888104304099709, 0.0],
              [102.898858942794263, 23.882107597924197, 0.0],
              [102.898134742794255, 23.872630797924195, 0.0],
              [102.89771174616925, 23.868923129880493, 0.0],
              [102.897518546169252, 23.867652729880493, 0.0],
              [102.896373251175248, 23.862192207467217, 0.0],
              [102.896030350109427, 23.860916398343385, 0.0],
              [102.89587558788196, 23.860322849592684, 0.0],
              [102.894001783449397, 23.854926733445392, 0.0],
              [102.894283645868327, 23.851103246922513, 0.0],
              [102.894305045868322, 23.850128846922512, 0.0],
              [102.894085142231873, 23.844220389601546, 0.0],
              [102.89398904223188, 23.843226189601545, 0.0],
              [102.893011390598346, 23.837105295745744, 0.0],
              [102.892808490598341, 23.836199695745744, 0.0],
              [102.891683537821123, 23.832031331215099, 0.0],
              [102.891384837821121, 23.8310884312151, 0.0],
              [102.889482355320965, 23.826045015255655, 0.0],
              [102.889301755320972, 23.825634715255653, 0.0],
              [102.888629060241612, 23.824170861565118, 0.0],
              [102.888402160241611, 23.82369736156512, 0.0],
              [102.888043829473133, 23.822964972574148, 0.0],
              [102.887790329473134, 23.822457372574146, 0.0],
              [102.887618663171921, 23.822116887961887, 0.0],
              [102.887468363171919, 23.821821587961889, 0.0],
              [102.886425718192484, 23.819880127524666, 0.0],
              [102.886233918192488, 23.819541127524666, 0.0],
              [102.88532194583432, 23.8179947009051, 0.0],
              [102.885069145834308, 23.8175831009051, 0.0],
              [102.884086830817694, 23.816075346892703, 0.0],
              [102.882726408009972, 23.808365902458082, 0.0],
              [102.883427833833949, 23.805163552831569, 0.0],
              [102.883537933833949, 23.804566652831571, 0.0],
              [102.883622574215224, 23.804105933862434, 0.0],
              [102.883990834858452, 23.801798966873765, 0.0],
              [102.884054734858452, 23.801328266873764, 0.0],
              [102.88421383683486, 23.800028900389286, 0.0],
              [102.884263436834857, 23.799574600389285, 0.0],
              [102.884483828579647, 23.79688496436194, 0.0],
              [102.88451752857965, 23.79627026436194, 0.0],
              [102.8845905142324, 23.793978815099958, 0.0],
              [102.884597014232398, 23.793249515099959, 0.0],
              [102.884530568555206, 23.790188854758174, 0.0],
              [102.884500768555213, 23.789619854758175, 0.0],
              [102.884452181014794, 23.788816098297982, 0.0],
              [102.884207081014793, 23.785239898297981, 0.0],
              [102.883969492115028, 23.782714371463818, 0.0],
              [102.883925992115024, 23.782351071463818, 0.0],
              [102.883495029991849, 23.779467043381814, 0.0],
              [102.883422629991856, 23.779063443381816, 0.0],
              [102.883323908915088, 23.778529794992011, 0.0],
              [102.883263408915084, 23.778212394992011, 0.0],
              [102.883103400358095, 23.777408801028571, 0.0],
              [102.883018700358093, 23.777000901028572, 0.0],
              [102.882350662720455, 23.774193388230074, 0.0],
              [102.88197206272045, 23.772784188230073, 0.0],
              [102.881591971568767, 23.771369780162331, 0.0],
              [102.881489836960384, 23.770721258264999, 0.0],
              [102.881285716893856, 23.769520516528051, 0.0],
              [102.881202216893868, 23.769063116528052, 0.0],
              [102.880633091271662, 23.766368029579759, 0.0],
              [102.880532791271662, 23.765950329579759, 0.0],
              [102.880456105663228, 23.765643455615951, 0.0],
              [102.882123770829125, 23.76284647369906, 0.0],
              [102.883070237637952, 23.761187864460354, 0.0],
              [102.883250337637946, 23.760857764460354, 0.0],
              [102.883488288369492, 23.760416381699539, 0.0],
              [102.883706088369493, 23.760007481699539, 0.0],
              [102.884748583658975, 23.757935886809822, 0.0],
              [102.884960683658974, 23.757488886809821, 0.0],
              [102.885119916522484, 23.757150034207392, 0.0],
              [102.885663862309315, 23.755981150705907, 0.0],
              [102.888499206967623, 23.749888369627897, 0.0],
              [102.889661317186096, 23.747389599986356, 0.0],
              [102.889703034399162, 23.747299666439222, 0.0],
              [102.893649734399162, 23.73876926643922, 0.0],
              [102.894290320331336, 23.73738456764146, 0.0],
              [102.894615317119744, 23.736667280780662, 0.0],
              [102.895059217119737, 23.73566668078066, 0.0],
              [102.896390106706065, 23.732352107079539, 0.0],
              [102.896798606706071, 23.731219307079538, 0.0],
              [102.898322100425176, 23.726176482676582, 0.0],
              [102.898584900425178, 23.725105782676582, 0.0],
              [102.899625800333908, 23.719502233389992, 0.0],
              [102.899864500333905, 23.717627433389993, 0.0],
              [102.90024470809621, 23.712733238718961, 0.0],
              [102.900274208096207, 23.71169553871896, 0.0],
              [102.900234505006495, 23.707828087660495, 0.0],
              [102.900167505006493, 23.706460487660497, 0.0],
              [102.899678319333489, 23.702520430101544, 0.0],
              [102.905387658307063, 23.699337876510739, 0.0],
              [102.905663611636115, 23.699182905228326, 0.0],
              [102.906444900352611, 23.698740886763517, 0.0],
              [102.920044335463842, 23.700893538843729, 0.0],
              [102.922249659776568, 23.701192474403239, 0.0],
              [102.923614859776563, 23.70134667440324, 0.0],
              [102.926419935168425, 23.701583758552065, 0.0],
              [102.927691635168429, 23.701655258552062, 0.0],
              [102.928922964170184, 23.701709273856086, 0.0],
              [102.930369464170184, 23.701754873856085, 0.0],
              [102.933032887887208, 23.701767861422052, 0.0],
              [102.934466387887198, 23.701736661422053, 0.0],
              [102.938208513049446, 23.701514653236206, 0.0],
              [102.939546913049455, 23.701384753236205, 0.0],
              [102.942167245259355, 23.70106039270048, 0.0],
              [102.943035245259352, 23.700929592700483, 0.0],
              [102.945791268084719, 23.700434996132525, 0.0],
              [102.946885168084719, 23.700206896132524, 0.0],
              [102.949683923561722, 23.699538724017785, 0.0],
              [102.950714823561725, 23.699261024017783, 0.0],
              [102.95219113891315, 23.698838922495149, 0.0],
              [102.953171638913147, 23.698542222495149, 0.0],
              [102.955980285014206, 23.697600643995056, 0.0],
              [102.956864585014202, 23.697274743995056, 0.0],
              [102.95907346313686, 23.696400539612139, 0.0],
              [102.960202683274147, 23.695922299174608, 0.0],
              [102.970856364175944, 23.695807602632822, 0.0],
              [102.972120710919725, 23.695777995373213, 0.0],
              [102.972802610919729, 23.695753395373213, 0.0],
              [102.975298490333913, 23.695600787140787, 0.0],
              [102.975989190333905, 23.695541187140787, 0.0],
              [102.978135696066943, 23.695309180369108, 0.0],
              [102.97877269606694, 23.695226380369107, 0.0],
              [102.980123966580507, 23.69503194224518, 0.0],
              [102.980668766580507, 23.69494594224518, 0.0],
              [102.981166659372974, 23.694864770460811, 0.0],
              [102.981608359372984, 23.694790470460813, 0.0],
              [102.983220363423456, 23.694492055589862, 0.0],
              [102.983661663423447, 23.69440285558986, 0.0],
              [102.986262719743394, 23.693804427123609, 0.0],
              [102.986702419743395, 23.693690827123611, 0.0],
              [102.987490367561023, 23.693480384642367, 0.0],
              [102.99218776756102, 23.692184684642367, 0.0],
              [102.994589675346575, 23.691522137664808, 0.0],
              [103.000845800946053, 23.689796596093853, 0.0],
              [103.002969203921594, 23.68921091252723, 0.0],
              [103.005672829361515, 23.688463626548167, 0.0],
              [103.006686785343959, 23.688171814768758, 0.0],
              [103.007707985343956, 23.687866214768761, 0.0],
              [103.008773179306928, 23.687534456915266, 0.0],
              [103.009401779306927, 23.687330956915265, 0.0],
              [103.011170621472445, 23.686721529759335, 0.0],
              [103.011873021472439, 23.686464729759336, 0.0],
              [103.014222763646387, 23.685537718405037, 0.0],
              [103.014877463646386, 23.685260118405036, 0.0],
              [103.015874551322995, 23.684824482308414, 0.0],
              [103.016510651323003, 23.684538282308413, 0.0],
              [103.020152904914468, 23.682717711408173, 0.0],
              [103.020652504914466, 23.682442011408174, 0.0],
              [103.022144436636893, 23.681584887724696, 0.0],
              [103.023249064816795, 23.680924736418536, 0.0],
              [103.024102666255416, 23.680917506731145, 0.0],
              [103.026679024815337, 23.680829229383612, 0.0],
              [103.02740442481533, 23.680785629383614, 0.0],
              [103.028419705158896, 23.680714228575422, 0.0],
              [103.029081305158897, 23.680660928575421, 0.0],
              [103.031024635799739, 23.680466100937988, 0.0],
              [103.031524535799747, 23.680406100937986, 0.0],
              [103.034090220889468, 23.680030435916422, 0.0],
              [103.034589020889456, 23.679944135916422, 0.0],
              [103.035059951867595, 23.679860335705143, 0.0],
              [103.035699151867604, 23.679743435705145, 0.0],
              [103.038037060963887, 23.679257906305111, 0.0],
              [103.040234160963877, 23.678746606305111, 0.0],
              [103.041143813355617, 23.678525919949511, 0.0],
              [103.046686313355607, 23.67712621994951, 0.0],
              [103.046958126612651, 23.677056764599218, 0.0],
              [103.047456201745931, 23.676928003815778, 0.0],
              [103.048956270392452, 23.676774640131903, 0.0],
              [103.051606610960633, 23.676525904490319, 0.0],
              [103.051944677554076, 23.67650657118218, 0.0],
              [103.052064720301161, 23.676499810180694, 0.0],
              [103.052150759957172, 23.676498030502934, 0.0],
              [103.052652323090285, 23.67649699303653, 0.0],
              [103.054799095601581, 23.67649249206568, 0.0],
              [103.059460159884651, 23.67648289399251, 0.0],
              [103.064019976737768, 23.67647349375175, 0.0],
              [103.064222633968754, 23.676472665258668, 0.0],
              [103.066168733968752, 23.676460765258668, 0.0],
              [103.067705112418935, 23.676427754695524, 0.0],
              [103.068206912418944, 23.676409254695525, 0.0],
              [103.070270774458379, 23.676290400157388, 0.0],
              [103.071272574458376, 23.676211900157387, 0.0],
              [103.074035244427918, 23.675917996373641, 0.0],
              [103.075135744427925, 23.675769896373641, 0.0],
              [103.077142664661636, 23.675458193981122, 0.0],
              [103.078331764661627, 23.675248693981121, 0.0],
              [103.080138868102978, 23.674895888790914, 0.0],
              [103.081159768102978, 23.674676988790914, 0.0],
              [103.08603880920559, 23.67336989700928, 0.0],
              [103.087072109205593, 23.673036297009283, 0.0],
              [103.088846892937809, 23.672426300094767, 0.0],
              [103.089748692937803, 23.672097300094766, 0.0],
              [103.093130213644159, 23.670721774358142, 0.0],
              [103.093991113644165, 23.670334374358141, 0.0],
              [103.096811981592609, 23.668956935915968, 0.0],
              [103.097822581592609, 23.66842353591597, 0.0],
              [103.102839317717965, 23.665386822095002, 0.0],
              [103.103701717717968, 23.664793022095001, 0.0],
              [103.107070624372554, 23.662257533522883, 0.0],
              [103.107785824372556, 23.661670433522882, 0.0],
              [103.110170699118882, 23.659582741499005, 0.0],
              [103.110870699118877, 23.658929641499004, 0.0],
              [103.114118541008537, 23.655603864021089, 0.0],
              [103.114714841008535, 23.654933564021089, 0.0],
              [103.118089009556201, 23.650699677153241, 0.0],
              [103.124528205196128, 23.641655368294529, 0.0],
              [103.126863541347078, 23.638400756108133, 0.0],
              [103.152395826136853, 23.63084478142844, 0.0],
              [103.154634768836317, 23.630124504993592, 0.0],
              [103.156183368836324, 23.629585804993592, 0.0],
              [103.160001611227329, 23.628079189440164, 0.0],
              [103.161320811227327, 23.627494989440162, 0.0],
              [103.163955882656651, 23.626234753917789, 0.0],
              [103.165319282656654, 23.625533053917788, 0.0],
              [103.169225373104126, 23.623294767115414, 0.0],
              [103.170356073104116, 23.622577367115415, 0.0],
              [103.172287113187139, 23.621288332159367, 0.0],
              [103.173418613187138, 23.620494432159369, 0.0],
              [103.176000596151624, 23.618555455931933, 0.0],
              [103.176954696151626, 23.617789555931932, 0.0],
              [103.179394081246485, 23.61569899827569, 0.0],
              [103.180329081246498, 23.61484409827569, 0.0],
              [103.182987705305308, 23.612224474458078, 0.0],
              [103.183860505305304, 23.611297774458077, 0.0],
              [103.186037694268066, 23.608828030519764, 0.0],
              [103.186222994268064, 23.608603330519763, 0.0],
              [103.186794117563934, 23.60789782007177, 0.0],
              [103.186982517563933, 23.60766072007177, 0.0],
              [103.188369360186087, 23.605830637061022, 0.0],
              [103.188562060186086, 23.605563837061023, 0.0],
              [103.189613422502987, 23.604050179183751, 0.0],
              [103.189993422502994, 23.60348097918375, 0.0],
              [103.19083546855903, 23.602176253831537, 0.0],
              [103.19127566855903, 23.601470353831537, 0.0],
              [103.192565364453301, 23.59928011922878, 0.0],
              [103.192878664453289, 23.598715719228782, 0.0],
              [103.193348457491894, 23.597849390659093, 0.0],
              [103.193638357491892, 23.597301990659091, 0.0],
              [103.195531622242072, 23.59330995945167, 0.0],
              [103.195785522242076, 23.59270715945167, 0.0],
              [103.196577715785764, 23.590707147504737, 0.0],
              [103.196607507370416, 23.590626935832343, 0.0],
              [103.201313238819765, 23.589614629136047, 0.0],
              [103.208090636418461, 23.58764722990065, 0.0],
              [103.208827736418456, 23.587375529900651, 0.0],
              [103.210062117775564, 23.586901898703221, 0.0],
              [103.210953717775567, 23.586546198703221, 0.0],
              [103.213713910436468, 23.585347536861942, 0.0],
              [103.214190500913134, 23.585123289116932, 0.0],
              [103.214787960993419, 23.584847788052613, 0.0],
              [103.216981497148154, 23.58377053953356, 0.0],
              [103.217891597148153, 23.58329563953356, 0.0],
              [103.221851794524554, 23.580992431000574, 0.0],
              [103.22257529452456, 23.580526031000574, 0.0],
              [103.224542303256612, 23.579190763583817, 0.0],
              [103.225150823677055, 23.578756194366104, 0.0],
              [103.225751951973308, 23.57833920036942, 0.0],
              [103.229726883042702, 23.57527530448461, 0.0],
              [103.230478116895611, 23.574633646397313, 0.0],
              [103.23115935159305, 23.574051787586161, 0.0],
              [103.232857308244363, 23.572533282080872, 0.0],
              [103.233739408244361, 23.571707482080875, 0.0],
              [103.236798371595697, 23.56858174347343, 0.0],
              [103.237465871595703, 23.56783714347343, 0.0],
              [103.238075486114042, 23.567144357356753, 0.0],
              [103.238714886114039, 23.566404057356753, 0.0],
              [103.240232838567778, 23.56455924814755, 0.0],
              [103.240946938567788, 23.56364784814755, 0.0],
              [103.241842522367079, 23.562469296205691, 0.0],
              [103.24255192236707, 23.561506496205691, 0.0],
              [103.244529350617952, 23.558615949756824, 0.0],
              [103.245248150617954, 23.557481949756824, 0.0],
              [103.245369796558947, 23.557289066223522, 0.0],
              [103.246545896558942, 23.555414766223521, 0.0],
              [103.246684874618325, 23.555191985700805, 0.0],
              [103.248713305668289, 23.551921337186137, 0.0],
              [103.249643362871083, 23.550424189340692, 0.0],
              [103.250904531131738, 23.548471815961854, 0.0],
              [103.251046446406292, 23.548252206254244, 0.0],
              [103.251308088821972, 23.547842975464917, 0.0],
              [103.251339588821978, 23.547793175464918, 0.0],
              [103.251425497589622, 23.547656872188561, 0.0],
              [103.25288059126278, 23.545339946174543, 0.0],
              [103.254064607331216, 23.54347635529863, 0.0],
              [103.25412836147521, 23.543375744434126, 0.0],
              [103.255361461475218, 23.541424644434127, 0.0],
              [103.255415773216924, 23.541338514398866, 0.0],
              [103.255961365275297, 23.540471333802017, 0.0],
              [103.258412631278759, 23.536685185620421, 0.0],
              [103.259753314647568, 23.534618801439681, 0.0],
              [103.26368858771778, 23.533135846371252, 0.0],
              [103.263791308574682, 23.533097008510708, 0.0],
              [103.271417308574684, 23.530204108510709, 0.0],
              [103.271557191514049, 23.530150804674356, 0.0],
              [103.276415751973389, 23.528291066247434, 0.0],
              [103.287085864346878, 23.524235201761723, 0.0],
              [103.287142527703026, 23.524213623868381, 0.0],
              [103.291734627703022, 23.522461723868382, 0.0],
              [103.293231196070877, 23.521862969707122, 0.0],
              [103.295038001740977, 23.521106084881133, 0.0],
              [103.29515409660344, 23.521104301464241, 0.0],
              [103.295302705861559, 23.521101797630944, 0.0],
              [103.296464405861556, 23.521080497630948, 0.0],
              [103.296581765967716, 23.521078208000588, 0.0],
              [103.297493913278885, 23.521059341380603, 0.0],
              [103.297679560234343, 23.521055657196108, 0.0],
              [103.301275856889688, 23.520984245351851, 0.0],
              [103.30137305059489, 23.520982220845664, 0.0],
              [103.30520421185733, 23.520898693133269, 0.0],
              [103.308241564437566, 23.521730297715667, 0.0],
              [103.309107664437576, 23.521935697715666, 0.0],
              [103.311111739569526, 23.52236777839876, 0.0],
              [103.311753739569525, 23.52249247839876, 0.0],
              [103.316722096651674, 23.52320094384444, 0.0],
              [103.317689496651667, 23.523289643844443, 0.0],
              [103.320947535838087, 23.523481407682638, 0.0],
              [103.321761935838097, 23.523502707682635, 0.0],
              [103.323767172966015, 23.523514928100031, 0.0],
              [103.324655372966006, 23.523502528100032, 0.0],
              [103.329416482071565, 23.52320849076203, 0.0],
              [103.330158482071568, 23.52312699076203, 0.0],
              [103.332480497363193, 23.522816734411098, 0.0],
              [103.33325489736319, 23.5226947344111, 0.0],
              [103.335352816335885, 23.522318235007578, 0.0],
              [103.336073716335889, 23.522172935007578, 0.0],
              [103.340346912320484, 23.521113942626616, 0.0],
              [103.341157112320488, 23.520874842626615, 0.0],
              [103.344296666963402, 23.519834260953065, 0.0],
              [103.345199866963398, 23.519501360953065, 0.0],
              [103.348273437868627, 23.518251170659283, 0.0],
              [103.349237837868628, 23.517821070659284, 0.0],
              [103.353825734251501, 23.515484736756068, 0.0],
              [103.354278234251495, 23.515224136756068, 0.0],
              [103.355632282121803, 23.514415623745148, 0.0],
              [103.356164682121801, 23.514086223745149, 0.0],
              [103.358632841717409, 23.512456278111017, 0.0],
              [103.359158041717407, 23.512086678111014, 0.0],
              [103.362054488826146, 23.509886581546684, 0.0],
              [103.362644388826155, 23.509403681546686, 0.0],
              [103.365525960931393, 23.506853429127517, 0.0],
              [103.365911060931396, 23.506485229127517, 0.0],
              [103.366456528554053, 23.505955703318566, 0.0],
              [103.366951328554052, 23.505468003318565, 0.0],
              [103.368040798080514, 23.504316893065358, 0.0],
              [103.370269618817531, 23.50471089358841, 0.0],
              [103.371913518817522, 23.504922093588409, 0.0],
              [103.376995789544111, 23.50531307917981, 0.0],
              [103.378725089544119, 23.505357679179809, 0.0],
              [103.383141691691364, 23.505276392097631, 0.0],
              [103.384590491691355, 23.505185592097632, 0.0],
              [103.389215627320084, 23.504678811211043, 0.0],
              [103.390821227320089, 23.504426811211044, 0.0],
              [103.394386175530968, 23.503733784177449, 0.0],
              [103.395792475530968, 23.503406984177449, 0.0],
              [103.401686910117974, 23.501648780646008, 0.0],
              [103.40302361011797, 23.501158680646007, 0.0],
              [103.404778907573501, 23.500477341416953, 0.0],
              [103.405001107573511, 23.500386241416955, 0.0],
              [103.406176304758134, 23.499886798636229, 0.0],
              [103.407029204758132, 23.499511398636226, 0.0],
              [103.41023203739617, 23.497963427906271, 0.0],
              [103.411425237396159, 23.497333427906273, 0.0],
              [103.415502144416735, 23.494927435215335, 0.0],
              [103.416581444416735, 23.494219535215333, 0.0],
              [103.420183130562222, 23.491621368466014, 0.0],
              [103.421517430562233, 23.490565668466015, 0.0],
              [103.423109157858249, 23.489251978312861, 0.0],
              [103.424018957858237, 23.488468978312859, 0.0],
              [103.441790110909253, 23.473173427726959, 0.0],
              [103.443364367207295, 23.471759393032979, 0.0],
              [103.445092267207301, 23.470139993032976, 0.0],
              [103.448197446906903, 23.466958964976936, 0.0],
              [103.4496035469069, 23.465384164976935, 0.0],
              [103.453614792448803, 23.460255083398408, 0.0],
              [103.453940343370732, 23.459777738868212, 0.0],
              [103.454204660365534, 23.459409671677165, 0.0],
              [103.456221167173425, 23.45637393753946, 0.0],
              [103.456383167173414, 23.456109637539463, 0.0],
              [103.456608798337498, 23.455737906041797, 0.0],
              [103.457291698337499, 23.454601706041796, 0.0],
              [103.459041204724841, 23.451437078485306, 0.0],
              [103.459725304724842, 23.450086478485304, 0.0],
              [103.460259786906875, 23.448998758939659, 0.0],
              [103.462410384704143, 23.44448468833524, 0.0],
              [103.462652863609563, 23.443989676717585, 0.0],
              [103.468478163609561, 23.431839076717583, 0.0],
              [103.469905369902463, 23.428567457763094, 0.0],
              [103.471602769902461, 23.424263457763097, 0.0],
              [103.47307086817699, 23.419982640755009, 0.0],
              [103.473767168176991, 23.417606940755007, 0.0],
              [103.474619421346915, 23.41427972286823, 0.0],
              [103.47777062134692, 23.39994592286823, 0.0],
              [103.478444365908899, 23.39621016555515, 0.0],
              [103.478725965908893, 23.39421856555515, 0.0],
              [103.479123232158628, 23.390301960267035, 0.0],
              [103.479522753223549, 23.383835837806629, 0.0],
              [103.479566474217464, 23.383128815432343, 0.0],
              [103.479583761184927, 23.382835252587014, 0.0],
              [103.479786961184928, 23.379202552587017, 0.0],
              [103.479795701565081, 23.379041647305232, 0.0],
              [103.479883825662796, 23.377369589951435, 0.0],
              [103.485137037174937, 23.370096814960323, 0.0],
              [103.487186288685038, 23.367257245954637, 0.0],
              [103.488340011205693, 23.365588225722874, 0.0],
              [103.488596611205693, 23.365200425722872, 0.0],
              [103.489876666957002, 23.363160792909984, 0.0],
              [103.490123866957006, 23.362744992909985, 0.0],
              [103.490960876999594, 23.361281487392134, 0.0],
              [103.491255876999588, 23.360744887392134, 0.0],
              [103.492523092696317, 23.35828044045159, 0.0],
              [103.492831692696328, 23.357637040451589, 0.0],
              [103.493473353135386, 23.356244909060546, 0.0],
              [103.493847853135378, 23.355398509060546, 0.0],
              [103.496112470769901, 23.349205742933375, 0.0],
              [103.496510670769908, 23.347844542933377, 0.0],
              [103.498084667507584, 23.34040398428133, 0.0],
              [103.498348967507582, 23.338418584281332, 0.0],
              [103.49876103712154, 23.330234618452486, 0.0],
              [103.498683337121534, 23.327786418452487, 0.0],
              [103.498182212609819, 23.322819004726021, 0.0],
              [103.499122864290428, 23.320596312810345, 0.0],
              [103.49938996429043, 23.319896712810348, 0.0],
              [103.50104142785662, 23.314752830800259, 0.0],
              [103.501187527856615, 23.314196030800257, 0.0],
              [103.501650901984121, 23.312276422452491, 0.0],
              [103.501901201984126, 23.31114172245249, 0.0],
              [103.502341650115824, 23.308903426719922, 0.0],
              [103.502451950115827, 23.308266526719922, 0.0],
              [103.50292407284941, 23.304838758474418, 0.0],
              [103.502986272849412, 23.304232658474419, 0.0],
              [103.503148768688419, 23.302268902376305, 0.0],
              [103.503208268688411, 23.301323502376306, 0.0],
              [103.503240017582428, 23.29994000619045, 0.0],
              [103.503339122433346, 23.299815970035031, 0.0],
              [103.503661022433349, 23.299401870035034, 0.0],
              [103.50382169912902, 23.299194047227132, 0.0],
              [103.50409959912902, 23.29883264722713, 0.0],
              [103.505824944237418, 23.296446665257672, 0.0],
              [103.506117744237415, 23.296015565257672, 0.0],
              [103.507424884817581, 23.293987391835397, 0.0],
              [103.507727684817581, 23.293491691835399, 0.0],
              [103.50848267006586, 23.292213462802597, 0.0],
              [103.509244170065855, 23.290879362802595, 0.0],
              [103.510617313544884, 23.28830162579634, 0.0],
              [103.510927013544887, 23.28767692579634, 0.0],
              [103.511744723137937, 23.285944920947045, 0.0],
              [103.512034623137936, 23.285299120947045, 0.0],
              [103.512304353703087, 23.284687335877141, 0.0],
              [103.512733037982258, 23.283697139634377, 0.0],
              [103.514623723496413, 23.279350380103857, 0.0],
              [103.515433039032175, 23.277539760080955, 0.0],
              [103.515491948023609, 23.277412767044101, 0.0],
              [103.516314256802417, 23.275540724375478, 0.0],
              [103.516501456802416, 23.275089724375476, 0.0],
              [103.516978203589531, 23.273898188835556, 0.0],
              [103.517130203589531, 23.273503688835557, 0.0],
              [103.517679269223152, 23.272008043449841, 0.0],
              [103.517852369223149, 23.271512243449841, 0.0],
              [103.517882308467094, 23.271426238662446, 0.0],
              [103.51808750846709, 23.270835038662444, 0.0],
              [103.518728845701148, 23.268855202750199, 0.0],
              [103.51894734570115, 23.268129502750199, 0.0],
              [103.519523366748601, 23.26605569429962, 0.0],
              [103.5197275667486, 23.26525399429962, 0.0],
              [103.519979176504833, 23.264220306552854, 0.0],
              [103.525065015483477, 23.242314570631187, 0.0],
              [103.542010182083487, 23.235844395954828, 0.0],
              [103.542057372284788, 23.235830427852846, 0.0],
              [103.543076399456965, 23.235516945710266, 0.0],
              [103.543547999456962, 23.235366345710268, 0.0],
              [103.544826569623041, 23.234938971053932, 0.0],
              [103.545360469623034, 23.23475247105393, 0.0],
              [103.547090305138269, 23.234112172032603, 0.0],
              [103.547605805138275, 23.233910472032605, 0.0],
              [103.549823010551904, 23.232980876239573, 0.0],
              [103.550748810551909, 23.23256627623957, 0.0],
              [103.552008088495441, 23.231981209225438, 0.0],
              [103.552448288495441, 23.23176920922544, 0.0],
              [103.555684463763313, 23.230062082399467, 0.0],
              [103.556603563763304, 23.229533382399467, 0.0],
              [103.560676132444385, 23.226920594769311, 0.0],
              [103.56180443244439, 23.226117094769311, 0.0],
              [103.563675310575562, 23.224717771235255, 0.0],
              [103.564885310575562, 23.223767871235253, 0.0],
              [103.568640488032401, 23.220505301004035, 0.0],
              [103.569300888032402, 23.219871201004036, 0.0],
              [103.570776020835453, 23.218394412693367, 0.0],
              [103.571930820835448, 23.217189012693368, 0.0],
              [103.572415285166983, 23.216676125280834, 0.0],
              [103.574193131565181, 23.214767172302796, 0.0],
              [103.57741885009716, 23.211345458252673, 0.0],
              [103.597714746564719, 23.207448240219687, 0.0],
              [103.599178267699088, 23.207144464996659, 0.0],
              [103.600691667699095, 23.206806664996659, 0.0],
              [103.603276901095157, 23.2061568194576, 0.0],
              [103.604662701095151, 23.205768919457601, 0.0],
              [103.60591109197405, 23.205401899082073, 0.0],
              [103.607216791974054, 23.204999499082074, 0.0],
              [103.610466793830611, 23.203874109895438, 0.0],
              [103.611859293830605, 23.203337609895435, 0.0],
              [103.614294000624938, 23.202325057615472, 0.0],
              [103.615502500624942, 23.201784657615473, 0.0],
              [103.617020133391904, 23.201075281699232, 0.0],
              [103.617974233391905, 23.20060968169923, 0.0],
              [103.620833575552453, 23.199097920726139, 0.0],
              [103.621775175552457, 23.198560420726139, 0.0],
              [103.624015756110438, 23.197202372973258, 0.0],
              [103.624934156110427, 23.196612272973258, 0.0],
              [103.627199438075465, 23.195067397206689, 0.0],
              [103.62808333807547, 23.194428397206689, 0.0],
              [103.62900932672359, 23.193742585668794, 0.0],
              [103.629858626723589, 23.193098285668796, 0.0],
              [103.631598720722124, 23.191716225608953, 0.0],
              [103.632344920722119, 23.191096025608953, 0.0],
              [103.634058158999238, 23.189605002859999, 0.0],
              [103.634908958999247, 23.18882990286, 0.0],
              [103.635775866765201, 23.188021112903481, 0.0],
              [103.645744432546394, 23.178497293943881, 0.0],
              [103.646153684121714, 23.178286578019545, 0.0],
              [103.647145084121718, 23.177764678019546, 0.0],
              [103.650978922697774, 23.175523575427881, 0.0],
              [103.652412822697769, 23.174597575427882, 0.0],
              [103.655639367963502, 23.172328693871059, 0.0],
              [103.6572668679635, 23.171085493871058, 0.0],
              [103.660379793203504, 23.168501669914232, 0.0],
              [103.662841293203513, 23.166284369914234, 0.0],
              [103.666492180531691, 23.162637262973263, 0.0],
              [103.669334780531685, 23.159488162973261, 0.0],
              [103.672032960527517, 23.156232189901839, 0.0],
              [103.674470660527518, 23.153023489901841, 0.0],
              [103.678397093986902, 23.147000721886887, 0.0],
              [103.6803613939869, 23.143453921886888, 0.0],
              [103.682514266490969, 23.139075223556752, 0.0],
              [103.683844166490971, 23.135999823556752, 0.0],
              [103.684682776303262, 23.133935445140768, 0.0],
              [103.685754976303258, 23.131117545140768, 0.0],
              [103.686627106019955, 23.128630081502383, 0.0],
              [103.686948506019959, 23.127629681502381, 0.0],
              [103.687525140379535, 23.125702541698196, 0.0],
              [103.687798240379536, 23.124718141698196, 0.0],
              [103.688653608109817, 23.121124477636595, 0.0],
              [103.689093108109816, 23.118919277636596, 0.0],
              [103.689570814253514, 23.116105689592537, 0.0],
              [103.689963114253516, 23.113314589592537, 0.0],
              [103.690296063707081, 23.110273206895808, 0.0],
              [103.690503763707085, 23.107630706895808, 0.0],
              [103.690655774132864, 23.104128231986135, 0.0],
              [103.690681874132864, 23.100987031986133, 0.0],
              [103.690666066464573, 23.099247573520568, 0.0],
              [103.690595166464576, 23.096571073520568, 0.0],
              [103.690554912851255, 23.095491898901241, 0.0],
              [103.687333312851251, 23.028542098901241, 0.0],
              [103.687272081144613, 23.027497442686965, 0.0],
              [103.687062981144607, 23.024472342686966, 0.0],
              [103.686723165851618, 23.021162028201221, 0.0],
              [103.686410965851621, 23.018873428201221, 0.0],
              [103.686240766898052, 23.017725423455627, 0.0],
              [103.685636903521555, 23.013954533872663, 0.0],
              [103.685943695158727, 23.011390089915391, 0.0],
              [103.686220294728329, 23.008231903304711, 0.0],
              [103.686406694728333, 23.004885903304714, 0.0],
              [103.686482431365292, 23.002513285846018, 0.0],
              [103.686506731365284, 22.999538985846016, 0.0],
              [103.686469024856493, 22.997146573602969, 0.0],
              [103.686355724856497, 22.994293373602968, 0.0],
              [103.686288534495702, 22.993014602615393, 0.0],
              [103.686077634495703, 22.989789502615395, 0.0],
              [103.685871243841788, 22.98746671217306, 0.0],
              [103.685472243841787, 22.983917312173059, 0.0],
              [103.685264507548595, 22.982305708607488, 0.0],
              [103.684747307548591, 22.978750008607488, 0.0],
              [103.684480622074403, 22.977108670922334, 0.0],
              [103.683770622074405, 22.973155370922335, 0.0],
              [103.683624753192333, 22.972378513672371, 0.0],
              [103.682880053192335, 22.968578313672371, 0.0],
              [103.68276476573071, 22.968007629117725, 0.0],
              [103.678922865730712, 22.949544329117725, 0.0],
              [103.678841566884117, 22.949161156765175, 0.0],
              [103.678045866884119, 22.945481956765175, 0.0],
              [103.677881571754781, 22.944748973801453, 0.0],
              [103.676787671754781, 22.940034873801451, 0.0],
              [103.676126965712953, 22.937492793572229, 0.0],
              [103.674960765712953, 22.93344559357223, 0.0],
              [103.674598010196803, 22.932243612515304, 0.0],
              [103.67339676690959, 22.928436789343298, 0.0],
              [103.678335159657024, 22.9255636273687, 0.0],
              [103.681698913532799, 22.923702832947747, 0.0],
              [103.681755552578622, 22.923671452889295, 0.0],
              [103.718248152578624, 22.903422352889294, 0.0],
              [103.72045161220565, 22.902124914708811, 0.0],
              [103.722626212205654, 22.900768414708811, 0.0],
              [103.726229135878583, 22.898295887814736, 0.0],
              [103.728434735878579, 22.896635987814737, 0.0],
              [103.730361257608976, 22.895110543170247, 0.0],
              [103.732448457608967, 22.89337274317025, 0.0],
              [103.734664796822301, 22.891413556240625, 0.0],
              [103.736354896822306, 22.889828056240624, 0.0],
              [103.7388944845368, 22.887267297924328, 0.0],
              [103.740551884536799, 22.885470897924328, 0.0],
              [103.742567312816064, 22.883146892118493, 0.0],
              [103.743943912816064, 22.881457192118493, 0.0],
              [103.745875822018448, 22.878925297580523, 0.0],
              [103.747248622018446, 22.877002097580522, 0.0],
              [103.749351178604002, 22.873804475564626, 0.0],
              [103.750661378604008, 22.871635375564626, 0.0],
              [103.751348711039483, 22.87046168222188, 0.0],
              [103.752380411039482, 22.868643682221879, 0.0],
              [103.754161486292432, 22.865200731262718, 0.0],
              [103.754981386292428, 22.863452931262717, 0.0],
              [103.756154641553195, 22.860747064907333, 0.0],
              [103.75694224155319, 22.858773064907332, 0.0],
              [103.757154658768869, 22.858231542586925, 0.0],
              [103.757495958768871, 22.857346342586926, 0.0],
              [103.758891992230787, 22.853191556807285, 0.0],
              [103.761946723272686, 22.84258078096148, 0.0],
              [103.765359740147744, 22.841449766304549, 0.0],
              [103.770240235219035, 22.839543232027388, 0.0],
              [103.773416735219044, 22.838106232027386, 0.0],
              [103.778063348417263, 22.835703854457627, 0.0],
              [103.781559648417257, 22.833657654457628, 0.0],
              [103.784955173214215, 22.831481997670448, 0.0],
              [103.78772497321421, 22.829545397670447, 0.0],
              [103.788387277170358, 22.829074264585273, 0.0],
              [103.79015217717037, 22.827797064585273, 0.0],
              [103.795002826240605, 22.824286454035885, 0.0],
              [103.797245261560832, 22.8225648526738, 0.0],
              [103.800407672123512, 22.819991639135193, 0.0],
              [103.800846482646179, 22.819634625527414, 0.0],
              [103.801098601102694, 22.8194294763904, 0.0],
              [103.80260957073834, 22.818149440100445, 0.0],
              [103.80304937073835, 22.817761640100443, 0.0],
              [103.804283249475432, 22.81663647309059, 0.0],
              [103.804716249475433, 22.81622817309059, 0.0],
              [103.806547222999669, 22.814410137087688, 0.0],
              [103.807072022999662, 22.813861437087688, 0.0],
              [103.808955916866537, 22.811777575815157, 0.0],
              [103.809509716866543, 22.811129275815158, 0.0],
              [103.810664555180438, 22.809726549803315, 0.0],
              [103.811319455180438, 22.808900949803313, 0.0],
              [103.811514864381564, 22.808653003424659, 0.0],
              [103.813335492599052, 22.806327824506614, 0.0],
              [103.850113387330651, 22.777289300067991, 0.0],
              [103.852848156948625, 22.776360868857118, 0.0],
              [103.853286018314378, 22.776209953398077, 0.0],
              [103.855628418314382, 22.775390453398078, 0.0],
              [103.857607022224897, 22.774650960249801, 0.0],
              [103.858262022224892, 22.774390260249799, 0.0],
              [103.859206943871413, 22.774002942387952, 0.0],
              [103.859957643871411, 22.773686242387953, 0.0],
              [103.860893601699644, 22.773280088913484, 0.0],
              [103.860992901699646, 22.773235788913485, 0.0],
              [103.861409842018531, 22.773047490519509, 0.0],
              [103.862145942018529, 22.77271099051951, 0.0],
              [103.863245111288066, 22.77219227465099, 0.0],
              [103.863903611288066, 22.771871674650988, 0.0],
              [103.864544548452159, 22.771553933461313, 0.0],
              [103.86754124845217, 22.770041533461313, 0.0],
              [103.867691543152532, 22.769965363444364, 0.0],
              [103.869815043152528, 22.768884663444364, 0.0],
              [103.871412098718537, 22.76803516745991, 0.0],
              [103.871791498718537, 22.76782446745991, 0.0],
              [103.873807411108402, 22.766704705575869, 0.0],
              [103.877953975285934, 22.764128865566303, 0.0],
              [103.880153375285943, 22.762608965566304, 0.0],
              [103.884453157187465, 22.75927799086196, 0.0],
              [103.886493157187459, 22.757511990861961, 0.0],
              [103.889399843114418, 22.754785652264911, 0.0],
              [103.890959243114423, 22.753201552264912, 0.0],
              [103.894782168185841, 22.748838378650365, 0.0],
              [103.896299968185843, 22.746888578650363, 0.0],
              [103.898499055433234, 22.743832842659565, 0.0],
              [103.899826355433234, 22.741833842659563, 0.0],
              [103.902816606161124, 22.736690427284703, 0.0],
              [103.903854506161125, 22.734632327284704, 0.0],
              [103.906313924781699, 22.728888385201447, 0.0],
              [103.907054424781691, 22.726808485201449, 0.0],
              [103.908942223383008, 22.72002982824209, 0.0],
              [103.909423123383007, 22.717671828242089, 0.0],
              [103.909894145907558, 22.714991698795234, 0.0],
              [103.911002537061435, 22.70749329118987, 0.0],
              [103.913340573400333, 22.703093554786392, 0.0],
              [103.91386839474302, 22.702072126080409, 0.0],
              [103.914835412885367, 22.700146813762309, 0.0],
              [103.916446403764027, 22.69706755343169, 0.0],
              [103.930118583893815, 22.685534356046045, 0.0],
              [103.930264324722472, 22.685415220782335, 0.0],
              [103.930479744125435, 22.685238122579353, 0.0],
              [103.934362364251299, 22.682027998909682, 0.0],
              [103.935460573533021, 22.681123770042539, 0.0],
              [103.937380117087855, 22.679628936445347, 0.0],
              [103.937714378910755, 22.679372176290268, 0.0],
              [103.939014553950443, 22.67833867391175, 0.0],
              [103.939373153950442, 22.67804377391175, 0.0],
              [103.940250810330738, 22.677304980559665, 0.0],
              [103.94064741033074, 22.676963280559665, 0.0],
              [103.94138526652489, 22.676314826642933, 0.0],
              [103.941809966524886, 22.675934126642932, 0.0],
              [103.942070065976964, 22.675699325229193, 0.0],
              [103.942419965976967, 22.675381225229192, 0.0],
              [103.943390873250792, 22.674474711156932, 0.0],
              [103.943750573250782, 22.674129811156934, 0.0],
              [103.945157254137271, 22.672726304060753, 0.0],
              [103.94547395413727, 22.672397504060751, 0.0],
              [103.946060118839455, 22.671778467423049, 0.0],
              [103.947406418839464, 22.670332167423052, 0.0],
              [103.947663876024677, 22.670053474142897, 0.0],
              [103.949830076024682, 22.667690674142897, 0.0],
              [103.951163909060341, 22.666175485350042, 0.0],
              [103.951477609060333, 22.665804285350042, 0.0],
              [103.952165858670952, 22.664971806966658, 0.0],
              [103.952521858670949, 22.664531606966658, 0.0],
              [103.953742992431941, 22.662958591418381, 0.0],
              [103.955280992431952, 22.660893791418378, 0.0],
              [103.956583929787854, 22.659059845808752, 0.0],
              [103.95760442978785, 22.657552745808754, 0.0],
              [103.957707924409192, 22.657399886086594, 0.0],
              [103.958741830996544, 22.655808589983845, 0.0],
              [103.983276030996549, 22.616431789983846, 0.0],
              [103.983989646273244, 22.61525043361242, 0.0],
              [103.984280346273252, 22.614753833612419, 0.0],
              [103.985199642613878, 22.61311341322974, 0.0],
              [103.985332373003573, 22.612865757070097, 0.0],
              [103.985412613391986, 22.612719231143437, 0.0],
              [103.986210013627087, 22.611201940350412, 0.0],
              [103.986399313627089, 22.610826240350409, 0.0],
              [103.987101797047742, 22.609374211943788, 0.0],
              [103.987331497047748, 22.60887921194379, 0.0],
              [103.988095108588467, 22.607148638395987, 0.0],
              [103.988330408588467, 22.606586838395987, 0.0],
              [103.988685661810905, 22.605715729670262, 0.0],
              [103.988922761810898, 22.605118329670262, 0.0],
              [103.989857115211336, 22.602563520557208, 0.0],
              [103.997353913661669, 22.58019666327743, 0.0],
              [104.002252959242611, 22.575214305781312, 0.0],
              [104.002292515909289, 22.575158884047955, 0.0],
              [104.002880825999227, 22.574597538415937, 0.0],
              [104.00320242599922, 22.574267438415937, 0.0],
              [104.003275206636147, 22.574192577945844, 0.0],
              [104.005629459894976, 22.571765983799498, 0.0],
              [104.005921355150747, 22.571474596187656, 0.0],
              [104.006236930748969, 22.571156734631874, 0.0],
              [104.012037730748972, 22.565261334631874, 0.0],
              [104.013764286388522, 22.563415543443277, 0.0],
              [104.014298100510345, 22.56284922930039, 0.0],
              [104.023115902706664, 22.549927782672757, 0.0],
              [104.027509184345035, 22.534913905925887, 0.0],
              [104.027086635862403, 22.520590319780833, 0.0],
              [104.02952481041919, 22.518407811963275, 0.0],
              [104.030288854440911, 22.517643658714398, 0.0],
              [104.031060487727061, 22.516968527791988, 0.0],
              [104.031397880063409, 22.516679503085118, 0.0],
              [104.038089595614068, 22.511856417366673, 0.0],
              [104.039136808350406, 22.510959084242074, 0.0],
              [104.040352620233861, 22.51001313746157, 0.0],
              [104.042219822360181, 22.508612910895156, 0.0],
              [104.047573141035457, 22.503970869863966, 0.0],
              [104.049631784566728, 22.501912740993571, 0.0],
              [104.051349041045341, 22.500766775938423, 0.0],
              [104.053833038431691, 22.499111881679696, 0.0],
              [104.055274740097147, 22.498091799503257, 0.0],
              [104.055332061919387, 22.498060530212097, 0.0],
              [104.055561157564895, 22.497889143599558, 0.0],
              [104.05612523110031, 22.49749003095825, 0.0],
              [104.058346897766995, 22.49582253095825, 0.0],
              [104.058338533384074, 22.495811386807897, 0.0],
              [104.06024823927963, 22.494382734492582, 0.0],
              [104.061831058656566, 22.493433327688468, 0.0],
              [104.067422878206202, 22.489068926629802, 0.0],
              [104.07645887267347, 22.482306803821483, 0.0],
              [104.07840359489569, 22.480362914932599, 0.0],
              [104.079463591146748, 22.479303051979215, 0.0],
              [104.080442597290244, 22.478445610560048, 0.0],
              [104.080260927672697, 22.478238184527566, 0.0],
              [104.086727474807262, 22.471772301699847, 0.0],
              [104.086998716061657, 22.47204389189239, 0.0],
              [104.088944549394995, 22.470100558559057, 0.0],
              [104.091582046480525, 22.467253582849633, 0.0],
              [104.093248435369404, 22.465308582849634, 0.0],
              [104.094748306849269, 22.463471492745335, 0.0],
              [104.096592559457562, 22.461099934173276, 0.0],
              [104.100168807185071, 22.459724687105339, 0.0],
              [104.106792674701637, 22.456295455952485, 0.0],
              [104.107530003522129, 22.455967726936908, 0.0],
              [104.108196238412319, 22.455568819378062, 0.0],
              [104.109970306646829, 22.454650369538623, 0.0],
              [104.112073404865555, 22.45324736934915, 0.0],
              [104.117906856862405, 22.449754595058934, 0.0],
              [104.120407690195748, 22.447810706170046, 0.0],
              [104.120214706312581, 22.44756243039123, 0.0],
              [104.120353364476486, 22.447462491241165, 0.0],
              [104.120518740942998, 22.447710489803576, 0.0],
              [104.122838680780404, 22.446163450784063, 0.0],
              [104.123946512837108, 22.445559087213404, 0.0],
              [104.127723316209369, 22.443276881679768, 0.0],
              [104.130223316209381, 22.44161132612421, 0.0],
              [104.132524304669928, 22.439982872097421, 0.0],
              [104.134745693558813, 22.438314816541865, 0.0],
              [104.14234783661442, 22.431261450039631, 0.0],
              [104.144291725503308, 22.429040338928523, 0.0],
              [104.144132818143532, 22.428901265178688, 0.0],
              [104.150488559281229, 22.422183720268585, 0.0],
              [104.15049648691722, 22.422171831456271, 0.0],
              [104.152712187471025, 22.421165647475807, 0.0],
              [104.155030063739687, 22.420135508838811, 0.0],
              [104.160453442928741, 22.417316341676536, 0.0],
              [104.161832856204157, 22.41648847298309, 0.0],
              [104.168274558244377, 22.41355734835151, 0.0],
              [104.170774558244389, 22.411892070573732, 0.0],
              [104.173072353915856, 22.410266284605502, 0.0],
              [104.17529374280474, 22.408598784605502, 0.0],
              [104.175951197611028, 22.40809670505416, 0.0],
              [104.178452030944371, 22.406153927276382, 0.0],
              [104.185167015945908, 22.399865672264273, 0.0],
              [104.187388682612564, 22.397363450042054, 0.0],
              [104.187948877429164, 22.396721581042168, 0.0],
              [104.18961693298472, 22.394777136597721, 0.0],
              [104.194513948337473, 22.387983416013309, 0.0],
              [104.194614175361323, 22.387911840619577, 0.0],
              [104.203188721970903, 22.380143454076514, 0.0],
              [104.204034898077452, 22.379176188294089, 0.0],
              [104.205080325234519, 22.378130630523941, 0.0],
              [104.208707927368451, 22.373946607611558, 0.0],
              [104.208962849706751, 22.373691717162462, 0.0],
              [104.211226903262343, 22.371272710814743, 0.0],
              [104.213172736595666, 22.369050488592521, 0.0],
              [104.215563352800004, 22.366101545302854, 0.0],
              [104.217229741688897, 22.363878489747297, 0.0],
              [104.218258634282734, 22.362423656837123, 0.0],
              [104.22510880113893, 22.35628069313108, 0.0],
              [104.227055467805599, 22.354058470908857, 0.0],
              [104.227431457728414, 22.353624251848821, 0.0],
              [104.229096179950645, 22.351679251848822, 0.0],
              [104.231612450666418, 22.348378066889651, 0.0],
              [104.237661030900838, 22.345378732674614, 0.0],
              [104.240437697567501, 22.343713454896836, 0.0],
              [104.247650334933596, 22.338459228999614, 0.0],
              [104.249873668266929, 22.336513395666284, 0.0],
              [104.25191353705921, 22.334605583899943, 0.0],
              [104.251962557226435, 22.334584491541694, 0.0],
              [104.254461723893115, 22.333474491541693, 0.0],
              [104.257967802215944, 22.331743013081464, 0.0],
              [104.260946748332842, 22.330526150910671, 0.0],
              [104.264001748332831, 22.329139206466227, 0.0],
              [104.267287123792471, 22.327499610531607, 0.0],
              [104.270343234903578, 22.325831554976052, 0.0],
              [104.274107613800055, 22.323556515018105, 0.0],
              [104.276607613800053, 22.321891237240326, 0.0],
              [104.279124454255609, 22.320213348050288, 0.0],
              [104.286747308975364, 22.313963646740653, 0.0],
              [104.288687479024091, 22.312023199485179, 0.0],
              [104.288742371873468, 22.312091788100481, 0.0],
              [104.291519038540144, 22.309869565878259, 0.0],
              [104.295619373857903, 22.306200188638105, 0.0],
              [104.296382615243814, 22.305437492346748, 0.0],
              [104.297349143646557, 22.304592760766575, 0.0],
              [104.301219159885434, 22.300683736982329, 0.0],
              [104.305417219327708, 22.296561078166366, 0.0],
              [104.306668245580326, 22.295154376982762, 0.0],
              [104.307855339059287, 22.293967283503797, 0.0],
              [104.310552904137225, 22.290436902912639, 0.0],
              [104.311196409937736, 22.28979315582761, 0.0],
              [104.319733188945321, 22.278379778811129, 0.0],
              [104.321398744500897, 22.275325056588905, 0.0],
              [104.321766878975524, 22.274620680616, 0.0],
              [104.32356300067822, 22.272717373428829, 0.0],
              [104.325235009190578, 22.271602515308533, 0.0],
              [104.326745916352394, 22.270595411801878, 0.0],
              [104.328509498064648, 22.269536874902901, 0.0],
              [104.330506386217408, 22.268273170475553, 0.0],
              [104.333006386217406, 22.266607059364443, 0.0],
              [104.337809756270133, 22.262969612448952, 0.0],
              [104.338540144162934, 22.262343818938859, 0.0],
              [104.345361501293866, 22.257016676103035, 0.0],
              [104.346126608676599, 22.25625135005572, 0.0],
              [104.347093284802796, 22.255405432895394, 0.0],
              [104.349519203017792, 22.253135919364993, 0.0],
              [104.351464203017784, 22.251191197142774, 0.0],
              [104.351387542924741, 22.251114526099851, 0.0],
              [104.358321975402475, 22.244180786656155, 0.0],
              [104.358863742026244, 22.243458972653677, 0.0],
              [104.359573543398852, 22.242647785568654, 0.0],
              [104.362691214609924, 22.238574163062147, 0.0],
              [104.363142387915531, 22.238122731758938, 0.0],
              [104.363083782640373, 22.238064159977299, 0.0],
              [104.367450016323062, 22.233839182989659, 0.0],
              [104.367577005726019, 22.233966172392623, 0.0],
              [104.368328000231955, 22.233215177886681, 0.0],
              [104.369282100111619, 22.232381859190294, 0.0],
              [104.369632989394233, 22.232072484065604, 0.0],
              [104.372131322727569, 22.229848872954491, 0.0],
              [104.373797331607676, 22.22827652510421, 0.0],
              [104.374390786088767, 22.227813200902258, 0.0],
              [104.375170719016424, 22.227293245617151, 0.0],
              [104.376763003538159, 22.226298937810398, 0.0],
              [104.380972196810887, 22.22335976518119, 0.0],
              [104.383471363477554, 22.221416431847857, 0.0],
              [104.38571910200217, 22.219560997364816, 0.0],
              [104.387940490891069, 22.217615719587037, 0.0],
              [104.390360670126526, 22.215350285047545, 0.0],
              [104.392293469734938, 22.213416932815935, 0.0],
              [104.393161847127502, 22.212549314589321, 0.0],
              [104.393666313958505, 22.21211656705788, 0.0],
              [104.39404289427776, 22.211790252992611, 0.0],
              [104.396263449833313, 22.209846641881498, 0.0],
              [104.400625068175302, 22.205528365052981, 0.0],
              [104.40200176587895, 22.203986839807886, 0.0],
              [104.402852962631997, 22.20313577084297, 0.0],
              [104.405079335922338, 22.200908564892039, 0.0],
              [104.405789247580074, 22.200198754635764, 0.0],
              [104.407105313143148, 22.199174124480162, 0.0],
              [104.416393368291153, 22.189715785905449, 0.0],
              [104.416757312674434, 22.189230385099403, 0.0],
              [104.417584856131612, 22.1884024870314, 0.0],
              [104.422213542540717, 22.183065921493586, 0.0],
              [104.423880764762927, 22.180844254826923, 0.0],
              [104.425559755079391, 22.17860495537381, 0.0],
              [104.426103834675743, 22.177835819573389, 0.0],
              [104.42740765743703, 22.17642801086965, 0.0],
              [104.428902663949373, 22.174683795070376, 0.0],
              [104.430675851537728, 22.172658596232306, 0.0],
              [104.434495995223614, 22.167667380064227, 0.0],
              [104.434799309165385, 22.16732600498041, 0.0],
              [104.438866637732389, 22.166351674991034, 0.0],
              [104.452660574644568, 22.157650354046918, 0.0],
              [104.455160852422338, 22.155428131824699, 0.0],
              [104.463113054298645, 22.146285764333605, 0.0],
              [104.465222970949711, 22.145326990282278, 0.0],
              [104.467535381728936, 22.144298823648285, 0.0],
              [104.480438034896324, 22.135983228929433, 0.0],
              [104.481384053597836, 22.135142393469089, 0.0],
              [104.481942322360169, 22.134723744228491, 0.0],
              [104.489576179712273, 22.127644177162981, 0.0],
              [104.491520068601162, 22.125422232718538, 0.0],
              [104.495342958861897, 22.120429614958518, 0.0],
              [104.496811293326161, 22.118778128663806, 0.0],
              [104.497084334813735, 22.118468464329464, 0.0],
              [104.499028223702638, 22.11624540877391, 0.0],
              [104.500314869287195, 22.114658363119826, 0.0],
              [104.505728849955332, 22.109497401861049, 0.0],
              [104.506153298706934, 22.109002565004769, 0.0],
              [104.509037452615686, 22.106795779179741, 0.0],
              [104.511259674837902, 22.104851334735297, 0.0],
              [104.513707460538498, 22.102560153181965, 0.0],
              [104.515641679794612, 22.100623998324032, 0.0],
              [104.515892342089103, 22.100373336029545, 0.0],
              [104.519431440617765, 22.097304131295118, 0.0],
              [104.519857878284355, 22.096972568075511, 0.0],
              [104.523637823782238, 22.093636242478915, 0.0],
              [104.524572332329214, 22.092929487450537, 0.0],
              [104.527348998995876, 22.090707820783873, 0.0],
              [104.530503206012355, 22.087884056705125, 0.0],
              [104.530983003586712, 22.087517624399467, 0.0],
              [104.53348300358671, 22.085572346621692, 0.0],
              [104.53345642027368, 22.085538182718047, 0.0],
              [104.541752249979638, 22.079228760361236, 0.0],
              [104.543808799433506, 22.076336545007127, 0.0],
              [104.545149472502843, 22.075293302575378, 0.0],
              [104.547353911630466, 22.073474428062369, 0.0],
              [104.549391199754396, 22.071693200889563, 0.0],
              [104.551148277972118, 22.070187348967497, 0.0],
              [104.553979988685342, 22.067564295568843, 0.0],
              [104.554177148111322, 22.067366988162306, 0.0],
              [104.558699442121835, 22.063955676988162, 0.0],
              [104.559403926486553, 22.063250752155543, 0.0],
              [104.560697386190498, 22.062244680019464, 0.0],
              [104.562930001824341, 22.060401950734114, 0.0],
              [104.56333378250757, 22.060048541691121, 0.0],
              [104.570081422106938, 22.054518699904413, 0.0],
              [104.571816393127548, 22.05278329535782, 0.0],
              [104.571822075913786, 22.052790596582103, 0.0],
              [104.574322075913784, 22.050844763248772, 0.0],
              [104.581559284565699, 22.043944761877992, 0.0],
              [104.582908146988487, 22.042372549588777, 0.0],
              [104.586797534603377, 22.038514258450014, 0.0],
              [104.587923226291167, 22.037249103023715, 0.0],
              [104.588789757124246, 22.036489607536634, 0.0],
              [104.591595053105223, 22.033681913775762, 0.0],
              [104.595642230135965, 22.030903167996307, 0.0],
              [104.59566597554084, 22.030879410718736, 0.0],
              [104.595711046355461, 22.030844328923155, 0.0],
              [104.600345715747451, 22.025857839474405, 0.0],
              [104.601822718566766, 22.024564885125386, 0.0],
              [104.604249556849453, 22.022293620547448, 0.0],
              [104.606185395843383, 22.020357228298586, 0.0],
              [104.608399842272945, 22.018144165725065, 0.0],
              [104.609180634569313, 22.017363486994398, 0.0],
              [104.610154168723724, 22.016511325048558, 0.0],
              [104.614306059662923, 22.01235884608726, 0.0],
              [104.616752084847334, 22.010070536090673, 0.0],
              [104.618682522040373, 22.008139270976038, 0.0],
              [104.619737356164208, 22.007085490237916, 0.0],
              [104.62050714919792, 22.006411066382455, 0.0],
              [104.621350698060297, 22.005689210998938, 0.0],
              [104.622750512401723, 22.004599682959899, 0.0],
              [104.622840562961557, 22.004529427924115, 0.0],
              [104.623022785183778, 22.004386927924116, 0.0],
              [104.625440136385961, 22.002370743711943, 0.0],
              [104.627940136385959, 22.00014852148972, 0.0],
              [104.630213311012582, 21.997408877571694, 0.0],
              [104.633719357953268, 21.995166251728229, 0.0],
              [104.636498524619938, 21.992944585061558, 0.0],
              [104.638206282248007, 21.991515934985255, 0.0],
              [104.638570187667924, 21.991197466575027, 0.0],
              [104.642187555918198, 21.988231861148098, 0.0],
              [104.64977965005059, 21.982948348313887, 0.0],
              [104.651066523406655, 21.981844263199594, 0.0],
              [104.65316899930113, 21.980163207295963, 0.0],
              [104.654492776689551, 21.979066943823454, 0.0],
              [104.655522217817122, 21.978184166428974, 0.0],
              [104.655650457282704, 21.978084500590846, 0.0],
              [104.656631621202052, 21.977429409820193, 0.0],
              [104.658121228779166, 21.976437000149936, 0.0],
              [104.659880030894882, 21.975382387024869, 0.0],
              [104.661899032660443, 21.974105203010122, 0.0],
              [104.664399865993772, 21.972438258565678, 0.0],
              [104.665743715582806, 21.971510459489259, 0.0],
              [104.667686771138364, 21.970121570600369, 0.0],
              [104.671826208951657, 21.966817938239082, 0.0],
              [104.674178126637983, 21.964727693288552, 0.0],
              [104.674843624375043, 21.964145559386925, 0.0],
              [104.675566234190867, 21.963603308354692, 0.0],
              [104.68090864637982, 21.958968976002812, 0.0],
              [104.68285281304648, 21.957025087113927, 0.0],
              [104.685081979870432, 21.954795364362582, 0.0],
              [104.68972462223816, 21.949441244156475, 0.0],
              [104.691387411730986, 21.947223821929011, 0.0],
              [104.691820888780143, 21.946646045122399, 0.0],
              [104.694285197341799, 21.943813195978752, 0.0],
              [104.717991025553459, 21.923562300518391, 0.0],
              [104.718013620922378, 21.923547236939115, 0.0],
              [104.720973819499392, 21.921413750358219, 0.0],
              [104.721092016207209, 21.921321828343704, 0.0],
              [104.721284882979432, 21.921206089003331, 0.0],
              [104.726899782196099, 21.917158483945286, 0.0],
              [104.727740049629716, 21.916597495879962, 0.0],
              [104.729781818049858, 21.915237451248991, 0.0],
              [104.732395578845598, 21.913574451288067, 0.0],
              [104.733293487536329, 21.912989547907589, 0.0],
              [104.738290287993635, 21.909657792402662, 0.0],
              [104.739803782253091, 21.90864896433968, 0.0],
              [104.74156667147237, 21.907590737051009, 0.0],
              [104.746647391902968, 21.903623864686452, 0.0],
              [104.748006386217455, 21.902718170475527, 0.0],
              [104.753203341124234, 21.898739932287715, 0.0],
              [104.755238565200997, 21.896959079424143, 0.0],
              [104.75699438967473, 21.895453298801346, 0.0],
              [104.757669378094647, 21.894863855103566, 0.0],
              [104.758596292827036, 21.894039656164022, 0.0],
              [104.758423282475647, 21.894169197772701, 0.0],
              [104.766184361454577, 21.887556693151463, 0.0],
              [104.766251795473607, 21.887633783983901, 0.0],
              [104.768475962140272, 21.885688228428343, 0.0],
              [104.768881103873085, 21.885259045910257, 0.0],
              [104.769039523622894, 21.885124070949878, 0.0],
              [104.769426081678986, 21.884681729558739, 0.0],
              [104.77502329113068, 21.878752386190367, 0.0],
              [104.776550571609448, 21.876788833394219, 0.0],
              [104.779322127924715, 21.873628949720043, 0.0],
              [104.779350082176592, 21.873652913360651, 0.0],
              [104.78085471518115, 21.871897717200294, 0.0],
              [104.781533530905435, 21.871121609082259, 0.0],
              [104.782572863810074, 21.87008253597838, 0.0],
              [104.787224343261144, 21.86471957908908, 0.0],
              [104.788107099421907, 21.863542374772049, 0.0],
              [104.790867868464943, 21.860571973258949, 0.0],
              [104.794442697314764, 21.857996698829485, 0.0],
              [104.796389363981447, 21.856331698829486, 0.0],
              [104.800540532602184, 21.852255565303739, 0.0],
              [104.80170192678969, 21.851681659380166, 0.0],
              [104.804758037900797, 21.850016381602387, 0.0],
              [104.808569176477974, 21.847713903605751, 0.0],
              [104.811069176477972, 21.846047236939082, 0.0],
              [104.813278907660319, 21.844573347408542, 0.0],
              [104.819145787416545, 21.841310784706334, 0.0],
              [104.821644676305439, 21.839643006928551, 0.0],
              [104.824579898380122, 21.837526583528447, 0.0],
              [104.825637429585882, 21.836704294264237, 0.0],
              [104.826616941772969, 21.836051503808886, 0.0],
              [104.826525729049891, 21.835914639102704, 0.0],
              [104.829586285045679, 21.833942272857119, 0.0],
              [104.829612768490733, 21.83398641340326, 0.0],
              [104.832391101824058, 21.832319468958818, 0.0],
              [104.835191725637486, 21.830637030488568, 0.0],
              [104.84234619104501, 21.825425030746104, 0.0],
              [104.842736631304902, 21.825083810154155, 0.0],
              [104.844310596161478, 21.823910207931828, 0.0],
              [104.846810596161475, 21.821965485709605, 0.0],
              [104.851444076005848, 21.816980365757377, 0.0],
              [104.852927948914726, 21.815681768318562, 0.0],
              [104.855347484867224, 21.813418469405981, 0.0],
              [104.857292484867216, 21.811474302739313, 0.0],
              [104.859580258129299, 21.809028959227334, 0.0],
              [104.861522107986701, 21.806808790506405, 0.0],
              [104.862364394440988, 21.805846022665904, 0.0],
              [104.863406754356049, 21.804803923210589, 0.0],
              [104.867107217028035, 21.799897687223115, 0.0],
              [104.870750271567459, 21.795318324999776, 0.0],
              [104.87236468843696, 21.793502711427916, 0.0],
              [104.876602948170799, 21.788012276267434, 0.0],
              [104.878267915168664, 21.785514687000237, 0.0],
              [104.879170701679826, 21.784160732817355, 0.0],
              [104.87999979279482, 21.78305435601667, 0.0],
              [104.881655907574881, 21.78084776656382, 0.0],
              [104.88169328596841, 21.780797899293685, 0.0],
              [104.882294567406873, 21.779994675023346, 0.0],
              [104.883314412142482, 21.778636692685655, 0.0],
              [104.886518120702064, 21.773657211050246, 0.0],
              [104.88827755597471, 21.771334388785423, 0.0],
              [104.889167482042765, 21.769998683781797, 0.0],
              [104.889993395993827, 21.768897969989702, 0.0],
              [104.891617443302309, 21.766601770531675, 0.0],
              [104.892503557059428, 21.765271047903596, 0.0],
              [104.89332737853384, 21.764173030975925, 0.0],
              [104.897121606474855, 21.758037271935976, 0.0],
              [104.897712559271056, 21.757181054024478, 0.0],
              [104.898745704404206, 21.755631465435627, 0.0],
              [104.904433454013827, 21.754930604625937, 0.0],
              [104.905932159254974, 21.754430661348479, 0.0],
              [104.906948852973002, 21.754176763158839, 0.0],
              [104.907768280232602, 21.753987969133949, 0.0],
              [104.910146605895832, 21.753438377733424, 0.0],
              [104.921247779577058, 21.749444476270902, 0.0],
              [104.924025279577037, 21.748055865159792, 0.0],
              [104.927397480920789, 21.746204474210014, 0.0],
              [104.928349229410543, 21.745633234766462, 0.0],
              [104.934963909213565, 21.742154081071014, 0.0],
              [104.937463909213562, 21.74048685884879, 0.0],
              [104.945082258752947, 21.734239529924256, 0.0],
              [104.947299192090412, 21.732022042214862, 0.0],
              [104.949240290820768, 21.730081497688282, 0.0],
              [104.955490380529497, 21.722459321936618, 0.0],
              [104.956387369835909, 21.721114062261709, 0.0],
              [104.957221577481789, 21.72000187810572, 0.0],
              [104.958830980997817, 21.717726752937796, 0.0],
              [104.95883582934114, 21.717719477189508, 0.0],
              [104.959697541841479, 21.717144431407135, 0.0],
              [104.964843246155681, 21.71320569480303, 0.0],
              [104.967066579489014, 21.711262917025252, 0.0],
              [104.971804241132403, 21.706527183898771, 0.0],
              [104.973748130021306, 21.704304406120997, 0.0],
              [104.97405271117367, 21.703952840093532, 0.0],
              [104.975721044506997, 21.70200895120464, 0.0],
              [104.98159080813592, 21.692316364611663, 0.0],
              [104.981750111867342, 21.692412055209566, 0.0],
              [104.983418167422897, 21.689635110765121, 0.0],
              [104.985284902710617, 21.686235254394234, 0.0],
              [104.986672680488397, 21.683457476616454, 0.0],
              [104.988366400271758, 21.67968464677649, 0.0],
              [104.989477789160645, 21.676906868998714, 0.0],
              [104.991292937021242, 21.671492171782567, 0.0],
              [104.991373269766498, 21.671197689766384, 0.0],
              [104.991420908607097, 21.671078652213442, 0.0],
              [104.993242209839494, 21.665643256710407, 0.0],
              [104.994074987617267, 21.662586312265962, 0.0],
              [104.995686131167275, 21.653274421495219, 0.0],
              [104.995699455799269, 21.653100993377215, 0.0],
              [104.99653950381672, 21.647920850264448, 0.0],
              [104.997413785623408, 21.646976137563538, 0.0],
              [104.998781405232904, 21.645379934993436, 0.0],
              [105.000700773388132, 21.643221005520502, 0.0],
              [105.004922769009269, 21.637753924333566, 0.0],
              [105.0049850618514, 21.637660578416288, 0.0],
              [105.006138805750695, 21.636247398380107, 0.0],
              [105.008082694639583, 21.633747398380105, 0.0],
              [105.010107553784778, 21.630937949980467, 0.0],
              [105.011526329729165, 21.629342979222415, 0.0],
              [105.012143623288011, 21.628635766788914, 0.0],
              [105.013332787187679, 21.6272472850575, 0.0],
              [105.015350010158144, 21.625359833905641, 0.0],
              [105.017294732380364, 21.623415667238973, 0.0],
              [105.019516395213316, 21.621191796800389, 0.0],
              [105.020275569488277, 21.620433815343169, 0.0],
              [105.021261560025906, 21.619570934985155, 0.0],
              [105.025961876732055, 21.614870285568795, 0.0],
              [105.026344612406021, 21.614432881179795, 0.0],
              [105.030213202591071, 21.610334117613057, 0.0],
              [105.03463704648037, 21.605864971738679, 0.0],
              [105.036303435369263, 21.60391997173868, 0.0],
              [105.037790318804284, 21.602099575913837, 0.0],
              [105.039736152137621, 21.599599575913835, 0.0],
              [105.041890927156217, 21.596610025030106, 0.0],
              [105.041912717317317, 21.596577316162758, 0.0],
              [105.041924127484549, 21.596564302906017, 0.0],
              [105.043121047741536, 21.595368236981827, 0.0],
              [105.045371905614431, 21.593115152549839, 0.0],
              [105.049985087695546, 21.58779589277832, 0.0],
              [105.050529027673619, 21.58707133392992, 0.0],
              [105.051240237257304, 21.586258508460592, 0.0],
              [105.05256069472334, 21.584533227867169, 0.0],
              [105.056838640469437, 21.579704399269151, 0.0],
              [105.058694468806692, 21.577847874735202, 0.0],
              [105.060700432807607, 21.575704027713712, 0.0],
              [105.062836549650569, 21.573706064077459, 0.0],
              [105.064782382983907, 21.571762175188571, 0.0],
              [105.067026979318129, 21.569517031581707, 0.0],
              [105.071664221121935, 21.56417011216125, 0.0],
              [105.073330610010814, 21.561948723272362, 0.0],
              [105.074934703829712, 21.559681864912434, 0.0],
              [105.076601926051936, 21.557181309356878, 0.0],
              [105.079736702625055, 21.551219130122888, 0.0],
              [105.087271743512119, 21.548618885452726, 0.0],
              [105.090327021289895, 21.546952774341616, 0.0],
              [105.092685873354256, 21.545526916358977, 0.0],
              [105.097654662840043, 21.543161495394738, 0.0],
              [105.098002162840046, 21.542953162061401, 0.0],
              [105.098214451956352, 21.542825173964268, 0.0],
              [105.098224592729878, 21.542819025814136, 0.0],
              [105.100434422933873, 21.541494029230336, 0.0],
              [105.103232983804091, 21.539814172044917, 0.0],
              [105.104808731358119, 21.53881660889882, 0.0],
              [105.108215961651041, 21.537046885166905, 0.0],
              [105.110994572762138, 21.535380496278016, 0.0],
              [105.113044557172628, 21.534082429482879, 0.0],
              [105.115542612728206, 21.532414373927324, 0.0],
              [105.117735059622362, 21.530863671498121, 0.0],
              [105.119959504066799, 21.529198949275898, 0.0],
              [105.12307210689805, 21.526657010515411, 0.0],
              [105.125245719287378, 21.525207225318386, 0.0],
              [105.127365575337151, 21.523583067554899, 0.0],
              [105.129970310912498, 21.522149811137389, 0.0],
              [105.132469477579164, 21.520482588915169, 0.0],
              [105.140070375564235, 21.514250579089079, 0.0],
              [105.142291141410936, 21.512030645925467, 0.0],
              [105.143065261319336, 21.511256968055573, 0.0],
              [105.144042779602358, 21.510401395178349, 0.0],
              [105.148737267810432, 21.505706782566747, 0.0],
              [105.150681434477121, 21.50348539367786, 0.0],
              [105.154661037054481, 21.498287642704849, 0.0],
              [105.155558844413193, 21.496940707177526, 0.0],
              [105.156393688952789, 21.495827209958982, 0.0],
              [105.157587244054241, 21.494234543893583, 0.0],
              [105.158381420184341, 21.493440254342161, 0.0],
              [105.159134608176274, 21.492985003096166, 0.0],
              [105.161625007469908, 21.491323906767313, 0.0],
              [105.164114570479157, 21.489665028225524, 0.0],
              [105.166626608081401, 21.487989782892356, 0.0],
              [105.166631053164053, 21.487986819997985, 0.0],
              [105.171894441773006, 21.48521817047553, 0.0],
              [105.174394441773003, 21.483552059364417, 0.0],
              [105.176908073747995, 21.481875749159645, 0.0],
              [105.187124137568517, 21.472823320050125, 0.0],
              [105.188791359790727, 21.470878875605678, 0.0],
              [105.190295357104745, 21.469037982297806, 0.0],
              [105.192239523771434, 21.466539371186698, 0.0],
              [105.194277496771505, 21.463711437824909, 0.0],
              [105.195707186263007, 21.462102679724598, 0.0],
              [105.196248750086824, 21.461401303531254, 0.0],
              [105.197847206585493, 21.460401871429116, 0.0],
              [105.198493873277371, 21.459949036645078, 0.0],
              [105.198717927580404, 21.459824620139806, 0.0],
              [105.200177428248523, 21.458981672044914, 0.0],
              [105.202386647325071, 21.457655566144581, 0.0],
              [105.20493847758155, 21.456984714887277, 0.0],
              [105.206563185792703, 21.456752331816709, 0.0],
              [105.210490736654947, 21.45622914716288, 0.0],
              [105.210967103835756, 21.456163357857406, 0.0],
              [105.213109210746609, 21.455857014687499, 0.0],
              [105.215109542015071, 21.455713735942783, 0.0],
              [105.219146258464818, 21.455445680100127, 0.0],
              [105.222897004126651, 21.455054086391563, 0.0],
              [105.226255212378319, 21.454574854439734, 0.0],
              [105.226736194856045, 21.454506708652112, 0.0],
              [105.230870230175228, 21.45369925303623, 0.0],
              [105.23425354494573, 21.453309288886672, 0.0],
              [105.237864933834629, 21.452754844442229, 0.0],
              [105.242418545290761, 21.451837445657929, 0.0],
              [105.245752156401863, 21.451003001213486, 0.0],
              [105.254302817278216, 21.448017059670793, 0.0],
              [105.255580172263421, 21.447436390980361, 0.0],
              [105.256800457516462, 21.446992913074567, 0.0],
              [105.260403637960323, 21.4455222917159, 0.0],
              [105.262418823179942, 21.444606764800504, 0.0],
              [105.26413684569934, 21.443919074890708, 0.0],
              [105.266239085556819, 21.443021305763192, 0.0],
              [105.269294085556822, 21.441633250207637, 0.0],
              [105.272365369735681, 21.440236428559377, 0.0],
              [105.279394166128654, 21.436329280164831, 0.0],
              [105.281894999461983, 21.434662613498162, 0.0],
              [105.282720005303275, 21.434112070975484, 0.0],
              [105.283431610622941, 21.433717077425811, 0.0],
              [105.28595719023896, 21.432313332245066, 0.0],
              [105.292346111453057, 21.428091344422253, 0.0],
              [105.293413110729034, 21.427262206697637, 0.0],
              [105.294395828204628, 21.426607061713906, 0.0],
              [105.295223215683762, 21.42605583791153, 0.0],
              [105.295974499898037, 21.425637873460325, 0.0],
              [105.30034606020179, 21.422801134858382, 0.0],
              [105.300880622436367, 21.422509648249836, 0.0],
              [105.302666155245092, 21.421487825700567, 0.0],
              [105.305444766356217, 21.419820881256122, 0.0],
              [105.307476702111572, 21.418534435675799, 0.0],
              [105.309963907912405, 21.416874640338026, 0.0],
              [105.312460783020725, 21.415210611793619, 0.0],
              [105.317726475160072, 21.412440980997797, 0.0],
              [105.319243361409434, 21.411430172896058, 0.0],
              [105.321007609595412, 21.410371341676534, 0.0],
              [105.323015987536323, 21.409100103463143, 0.0],
              [105.325511187243393, 21.407436359747351, 0.0],
              [105.326165103999486, 21.407000560558121, 0.0],
              [105.327276788578871, 21.406394113617953, 0.0],
              [105.329973255908584, 21.404764697526229, 0.0],
              [105.333178456487659, 21.403149017959421, 0.0],
              [105.333734552129769, 21.402839952359216, 0.0],
              [105.334202683118676, 21.402631813239385, 0.0],
              [105.337828976700735, 21.400840470560414, 0.0],
              [105.339110714159929, 21.400141446985195, 0.0],
              [105.339764389538587, 21.399850682411962, 0.0],
              [105.34415134001668, 21.39756917344971, 0.0],
              [105.347472478375764, 21.396602412391829, 0.0],
              [105.348091118372537, 21.396396267791619, 0.0],
              [105.352992471554231, 21.395779664842429, 0.0],
              [105.353007050123949, 21.395983750239932, 0.0],
              [105.356895661235058, 21.395705972462149, 0.0],
              [105.361548339822576, 21.395153529036772, 0.0],
              [105.364881950933679, 21.394598251258998, 0.0],
              [105.367906358470549, 21.3939980951839, 0.0],
              [105.371518580692779, 21.393164761850567, 0.0],
              [105.372418038672876, 21.392948475643117, 0.0],
              [105.375749983117316, 21.392114586754225, 0.0],
              [105.38430066872094, 21.38912902116714, 0.0],
              [105.384444821932121, 21.389063498171804, 0.0],
              [105.387368040101251, 21.38806531670798, 0.0],
              [105.389940335489001, 21.387077523644397, 0.0],
              [105.392213880782691, 21.386318980229195, 0.0],
              [105.39874833513241, 21.383611420715436, 0.0],
              [105.401525835132418, 21.382222809604325, 0.0],
              [105.404654089458418, 21.38050510987599, 0.0],
              [105.408644109151439, 21.378628370823325, 0.0],
              [105.411698275818111, 21.376964481934436, 0.0],
              [105.420339049562131, 21.371001955053462, 0.0],
              [105.422283216228792, 21.369333621720127, 0.0],
              [105.422945052488288, 21.368755509130335, 0.0],
              [105.425296773370064, 21.366664567964119, 0.0],
              [105.427369674837877, 21.364850779179775, 0.0],
              [105.429817460538686, 21.36255959762622, 0.0],
              [105.431760516094243, 21.360614597626213, 0.0],
              [105.431597520343331, 21.360451764824496, 0.0],
              [105.436611208219034, 21.35515457834898, 0.0],
              [105.439336638761588, 21.354621047844407, 0.0],
              [105.440747669136314, 21.354268672372942, 0.0],
              [105.442124232386647, 21.354038747740653, 0.0],
              [105.457798574363821, 21.348633605248814, 0.0],
              [105.459261074363823, 21.347837216359927, 0.0],
              [105.460878223552143, 21.346955577228822, 0.0],
              [105.46445275331449, 21.344808776049096, 0.0],
              [105.464941637003136, 21.34448668551288, 0.0],
              [105.469677363859958, 21.341882426654649, 0.0],
              [105.472176530526625, 21.340216593321315, 0.0],
              [105.473143255899586, 21.339572002778958, 0.0],
              [105.473573701138463, 21.339441708788598, 0.0],
              [105.477072799996066, 21.33894083982419, 0.0],
              [105.480723677098297, 21.338420068283252, 0.0],
              [105.483134959834757, 21.338098542483337, 0.0],
              [105.485485252579494, 21.33793167169846, 0.0],
              [105.490194110672149, 21.337371909931932, 0.0],
              [105.492944182604973, 21.336911845385028, 0.0],
              [105.493531561746423, 21.336827790200324, 0.0],
              [105.4964393923008, 21.337035341299178, 0.0],
              [105.496448426995073, 21.337034394460385, 0.0],
              [105.497157238730011, 21.337086645091947, 0.0],
              [105.50400107346627, 21.337110633278993, 0.0],
              [105.504889205278516, 21.337237482070286, 0.0],
              [105.505170650630362, 21.337280748040353, 0.0],
              [105.508193567186566, 21.338378823670901, 0.0],
              [105.511237330055721, 21.339486275294718, 0.0],
              [105.512515737366442, 21.339931910083468, 0.0],
              [105.514451076961052, 21.340577292123644, 0.0],
              [105.515861830953739, 21.341142045071727, 0.0],
              [105.518664418653657, 21.342262247064852, 0.0],
              [105.524374438368156, 21.343820269542778, 0.0],
              [105.525883386978521, 21.344491807859541, 0.0],
              [105.528763028706337, 21.345800069493677, 0.0],
              [105.532356262518547, 21.347267074840698, 0.0],
              [105.532594766278649, 21.347353809392974, 0.0],
              [105.537925414194987, 21.350050704027979, 0.0],
              [105.540979580861645, 21.351160426250203, 0.0],
              [105.543265906374216, 21.351991042831809, 0.0],
              [105.543381758975926, 21.352037492784834, 0.0],
              [105.544329521866018, 21.352510758368759, 0.0],
              [105.549580134531453, 21.354767573765816, 0.0],
              [105.552623163911122, 21.355874104736564, 0.0],
              [105.554991472712956, 21.356736464522175, 0.0],
              [105.555709423648821, 21.356997235374685, 0.0],
              [105.558084871152474, 21.357793200214427, 0.0],
              [105.561696260041344, 21.358903477992204, 0.0],
              [105.563222444327408, 21.359346265385955, 0.0],
              [105.566278277660743, 21.360180432052623, 0.0],
              [105.571231994572514, 21.361266084533046, 0.0],
              [105.5745647723503, 21.361821084533045, 0.0],
              [105.579215703056178, 21.362373212769313, 0.0],
              [105.58134360563875, 21.362525205810925, 0.0],
              [105.583484765521405, 21.362831085794163, 0.0],
              [105.593881342420133, 21.363222898431271, 0.0],
              [105.598048564642355, 21.362945120653492, 0.0],
              [105.601796103815289, 21.362553025054837, 0.0],
              [105.605683881593066, 21.361997469499279, 0.0],
              [105.610750926676943, 21.361004072821135, 0.0],
              [105.613633163182072, 21.360282673182628, 0.0],
              [105.616789761798685, 21.359554787820311, 0.0],
              [105.617680830203994, 21.359340696092648, 0.0],
              [105.621014441315097, 21.358507362759315, 0.0],
              [105.629585926947485, 21.355515064727722, 0.0],
              [105.632434544896796, 21.354219697012731, 0.0],
              [105.634726200094022, 21.35320271136187, 0.0],
              [105.636816137484985, 21.352216823528572, 0.0],
              [105.639592804151647, 21.350827656861906, 0.0],
              [105.641164833782412, 21.350005988014995, 0.0],
              [105.641604000717052, 21.349766431530796, 0.0],
              [105.641613673409779, 21.349762565548037, 0.0],
              [105.645205585973926, 21.347873801194545, 0.0],
              [105.64773115051517, 21.34698163191716, 0.0],
              [105.650507817181847, 21.345871354139383, 0.0],
              [105.657686950765168, 21.342308954302712, 0.0],
              [105.658809963295155, 21.341634495567689, 0.0],
              [105.659860679774866, 21.341109137327841, 0.0],
              [105.665225403812613, 21.337996694892116, 0.0],
              [105.667724570479265, 21.336331417114337, 0.0],
              [105.670011955667277, 21.334712905054268, 0.0],
              [105.671567715446443, 21.333545307728752, 0.0],
              [105.67320957677768, 21.332396710867872, 0.0],
              [105.675235007759284, 21.331045298307362, 0.0],
              [105.677719002688846, 21.329390681684846, 0.0],
              [105.682918899650261, 21.325411873195474, 0.0],
              [105.685140288539145, 21.323468817639917, 0.0],
              [105.688675741744532, 21.319656897033475, 0.0],
              [105.691843949445385, 21.318147426295159, 0.0],
              [105.694619782778716, 21.316481315184046, 0.0],
              [105.696503913820905, 21.315288764391898, 0.0],
              [105.696514542800656, 21.315283453622538, 0.0],
              [105.696560474325921, 21.315252964718976, 0.0],
              [105.69662306536685, 21.31521334805019, 0.0],
              [105.697294293797299, 21.314765862429887, 0.0],
              [105.706706850522551, 21.308517898038343, 0.0],
              [105.708651850522557, 21.306850675816118, 0.0],
              [105.709326486729481, 21.306261827127926, 0.0],
              [105.711680552456542, 21.304169673126179, 0.0],
              [105.713757787891893, 21.302352221882597, 0.0],
              [105.715869110546279, 21.300241067376355, 0.0],
              [105.718213829858925, 21.298485423072243, 0.0],
              [105.720713829858937, 21.296263756405576, 0.0],
              [105.722591457444722, 21.294493045265192, 0.0],
              [105.724524851907418, 21.292908196197114, 0.0],
              [105.72529063309355, 21.292397207855128, 0.0],
              [105.726018036990368, 21.291913596885479, 0.0],
              [105.726070565366399, 21.291878625828275, 0.0],
              [105.726459126554673, 21.291619585036102, 0.0],
              [105.726850444529944, 21.291359401598847, 0.0],
              [105.728233523380609, 21.29040591729246, 0.0],
              [105.730178245602815, 21.289016472848015, 0.0],
              [105.734338086086822, 21.285696237306603, 0.0],
              [105.736693829204256, 21.283601283357221, 0.0],
              [105.738561896862478, 21.281965527575011, 0.0],
              [105.740293711319907, 21.280482918198846, 0.0],
              [105.743125655827811, 21.277862521048664, 0.0],
              [105.74534898916113, 21.275640021048662, 0.0],
              [105.747299505725977, 21.273689505725994, 0.0],
              [105.749321730972568, 21.271544371221243, 0.0],
              [105.750425978872514, 21.270301557530587, 0.0],
              [105.751265611876065, 21.269566589956455, 0.0],
              [105.755428381125384, 21.265403820707128, 0.0],
              [105.755428504470274, 21.265403712763007, 0.0],
              [105.759612663249357, 21.26121992464827, 0.0],
              [105.759617020577082, 21.261216106674684, 0.0],
              [105.761995920392422, 21.258990573036581, 0.0],
              [105.763942587059091, 21.257046684147689, 0.0],
              [105.763981104772142, 21.257008179478309, 0.0],
              [105.764074192186555, 21.2569150221697, 0.0],
              [105.76869597048811, 21.253125539340175, 0.0],
              [105.769008604356046, 21.252812771447999, 0.0],
              [105.770155441023107, 21.251957300088588, 0.0],
              [105.772654329911987, 21.250012300088585, 0.0],
              [105.775153279238282, 21.247933349671705, 0.0],
              [105.777511185843409, 21.245838363794213, 0.0],
              [105.779401452055353, 21.244184617142032, 0.0],
              [105.78115620777362, 21.242680075198145, 0.0],
              [105.785983131824793, 21.237938352422248, 0.0],
              [105.787222401152931, 21.236544019519425, 0.0],
              [105.788121603296972, 21.235645459204179, 0.0],
              [105.790374669013033, 21.233389886803657, 0.0],
              [105.792275016231798, 21.231071536452745, 0.0],
              [105.793340530976053, 21.230272100755982, 0.0],
              [105.796418070558857, 21.22724807039943, 0.0],
              [105.797887369200424, 21.226847048986393, 0.0],
              [105.807085883768991, 21.223331257428732, 0.0],
              [105.809586857117893, 21.222080562305102, 0.0],
              [105.810748178962783, 21.221552842288496, 0.0],
              [105.812458178082991, 21.220868876830139, 0.0],
              [105.814588009135406, 21.219959219030748, 0.0],
              [105.815864047320147, 21.219378916912369, 0.0],
              [105.816454270404336, 21.219164358638995, 0.0],
              [105.819154206728072, 21.218263779928556, 0.0],
              [105.820429749598247, 21.217819079514523, 0.0],
              [105.822116524963434, 21.217205330129648, 0.0],
              [105.823501392263637, 21.216790908070994, 0.0],
              [105.825977586334275, 21.215979023759314, 0.0],
              [105.829867308556501, 21.214590412648203, 0.0],
              [105.833768944176143, 21.213009369266857, 0.0],
              [105.833790463476987, 21.212999575138301, 0.0],
              [105.83470676263353, 21.212709410083473, 0.0],
              [105.838039540411316, 21.211598021194582, 0.0],
              [105.839287765498739, 21.211163357019984, 0.0],
              [105.839919996530512, 21.210933783944913, 0.0],
              [105.840751208892414, 21.210725738377086, 0.0],
              [105.841768094680418, 21.210459831870786, 0.0],
              [105.844303556254943, 21.209768279482063, 0.0],
              [105.847114416539412, 21.209066325622171, 0.0],
              [105.854239233644918, 21.206706429514735, 0.0],
              [105.85461153342392, 21.206551224465628, 0.0],
              [105.857190431295194, 21.205770778865077, 0.0],
              [105.860522097961862, 21.204661056642855, 0.0],
              [105.867258351994977, 21.201697648137014, 0.0],
              [105.868781640864668, 21.201111802432429, 0.0],
              [105.87734785642202, 21.196835142069382, 0.0],
              [105.877347983151623, 21.196835062803935, 0.0],
              [105.880062102259416, 21.195557477165035, 0.0],
              [105.883115435592757, 21.193891366053922, 0.0],
              [105.886903765314102, 21.191600936796476, 0.0],
              [105.889397367781498, 21.189938258084602, 0.0],
              [105.891892635636466, 21.188275577383113, 0.0],
              [105.894172824841434, 21.186662464089121, 0.0],
              [105.895269939610998, 21.185839387868004, 0.0],
              [105.896601492753973, 21.184952721080023, 0.0],
              [105.902868172258138, 21.179815476024736, 0.0],
              [105.904038836920051, 21.178904568843915, 0.0],
              [105.907725609678792, 21.175389152372741, 0.0],
              [105.90820522580897, 21.175015957732779, 0.0],
              [105.912855339059405, 21.170910061281464, 0.0],
              [105.915077005726062, 21.168688394614797, 0.0],
              [105.917684879659248, 21.165872177536318, 0.0],
              [105.918092108639527, 21.165397065745523, 0.0],
              [105.918669022015678, 21.164820811228335, 0.0],
              [105.92122458497127, 21.161927312206121, 0.0],
              [105.925687607362889, 21.157922069184938, 0.0],
              [105.926533522690406, 21.156955101706874, 0.0],
              [105.927296979352178, 21.156191754141506, 0.0],
              [105.92952504745675, 21.153963408301717, 0.0],
              [105.931474303821446, 21.152013317117955, 0.0],
              [105.935697947476569, 21.146859365054112, 0.0],
              [105.94000891225474, 21.142211262323354, 0.0],
              [105.940538891142666, 21.14150424078824, 0.0],
              [105.941235892170084, 21.140707838928389, 0.0],
              [105.943192018910324, 21.138471072787496, 0.0],
              [105.945009656646121, 21.136096186833178, 0.0],
              [105.946250464694501, 21.134895447415172, 0.0],
              [105.948472686916716, 21.132396836304061, 0.0],
              [105.952725983388888, 21.126885214914783, 0.0],
              [105.954388821507351, 21.124388601657067, 0.0],
              [105.956051658281623, 21.121893376345845, 0.0],
              [105.957024720465725, 21.1203745425378, 0.0],
              [105.959247220465741, 21.116763709204466, 0.0],
              [105.965077417429413, 21.103060966999312, 0.0],
              [105.966613458019609, 21.088248913803302, 0.0],
              [105.963719091540213, 21.073641416301705, 0.0],
              [105.956651055638758, 21.060534196570892, 0.0],
              [105.955817444527639, 21.059423918793112, 0.0],
              [105.954074299978657, 21.057251547116529, 0.0],
              [105.953056348500496, 21.054588187432909, 0.0],
              [105.951771626278273, 21.05201818743291, 0.0],
              [105.951660452242507, 21.051796114333843, 0.0],
              [105.950278425752956, 21.049031508544122, 0.0],
              [105.944602529352935, 21.040158623208029, 0.0],
              [105.942381973797382, 21.037382234319139, 0.0],
              [105.938692584590143, 21.033259406651581, 0.0],
              [105.938160779061334, 21.032727525204788, 0.0],
              [105.9336203802238, 21.027410591744001, 0.0],
              [105.923993802446503, 21.020452163209082, 0.0],
              [105.922231223579075, 21.019473583493596, 0.0],
              [105.920177983804322, 21.018241105733001, 0.0],
              [105.9115273501491, 21.014119415889468, 0.0],
              [105.911152642413498, 21.013983201893566, 0.0],
              [105.909812912169926, 21.013372198254523, 0.0],
              [105.907871259724232, 21.012113657107111, 0.0],
              [105.905371259724234, 21.010726434884891, 0.0],
              [105.903495317025289, 21.009736938852864, 0.0],
              [105.903490522321007, 21.009734538383853, 0.0],
              [105.901084615736323, 21.008129264045955, 0.0],
              [105.894728318025699, 21.004529668159609, 0.0],
              [105.89464575260638, 21.004490579720912, 0.0],
              [105.894242018308432, 21.004086895883443, 0.0],
              [105.893531922646844, 21.003422847049432, 0.0],
              [105.893685056201548, 21.001732124149139, 0.0],
              [105.893742739095657, 21.001042104069427, 0.0],
              [105.894018136150365, 20.99744811720478, 0.0],
              [105.894296022193458, 20.993853018366625, 0.0],
              [105.89451845729134, 20.990961619057583, 0.0],
              [105.894907108936579, 20.989535482716938, 0.0],
              [105.895385885529549, 20.987632137844596, 0.0],
              [105.896219496640668, 20.984019915622373, 0.0],
              [105.896819362661958, 20.980998616959493, 0.0],
              [105.897374640439736, 20.97766778362616, 0.0],
              [105.897927705946501, 20.973015274263609, 0.0],
              [105.898206039279827, 20.969126385374718, 0.0],
              [105.898333609779328, 20.965568484681064, 0.0],
              [105.898334117520562, 20.96336861118251, 0.0],
              [105.898611111111094, 20.96055472222222, 0.0],
              [105.898611111111094, 20.960255308337359, 0.0],
              [105.898729580370258, 20.958716155722314, 0.0],
              [105.898739992328373, 20.958590993354903, 0.0],
              [105.899600508457809, 20.953622668465588, 0.0],
              [105.90018369911806, 20.951483265236302, 0.0],
              [105.900450300542076, 20.950462967644849, 0.0],
              [105.900652845498598, 20.949652990296222, 0.0],
              [105.900874690983628, 20.949043344930587, 0.0],
              [105.902704875947293, 20.940569781405411, 0.0],
              [105.902756500263663, 20.940399927578564, 0.0],
              [105.903540215453248, 20.938051835728867, 0.0],
              [105.904624101148812, 20.934329694153249, 0.0],
              [105.905171412282868, 20.932136793564059, 0.0],
              [105.905667495986208, 20.930483732240027, 0.0],
              [105.906209314078254, 20.928228343672689, 0.0],
              [105.906348232024641, 20.927922901934508, 0.0],
              [105.910034293162482, 20.916132036227339, 0.0],
              [105.910587904273598, 20.913074814005117, 0.0],
              [105.910809231179641, 20.91175155581476, 0.0],
              [105.911296973234101, 20.908574020234823, 0.0],
              [105.911431563521589, 20.908204031534524, 0.0],
              [105.912681371820128, 20.904269855382299, 0.0],
              [105.912761952737526, 20.903974454650815, 0.0],
              [105.912809519718266, 20.903855596657678, 0.0],
              [105.914895776167413, 20.897405787682676, 0.0],
              [105.915601388804902, 20.894583572258536, 0.0],
              [105.916295391356769, 20.892037430141158, 0.0],
              [105.916561213581858, 20.891020148184783, 0.0],
              [105.916668960192311, 20.890589341260828, 0.0],
              [105.918506173756654, 20.884908363398004, 0.0],
              [105.918710209530289, 20.884092492260478, 0.0],
              [105.918934795863251, 20.883474865811714, 0.0],
              [105.920174781649948, 20.879574721623893, 0.0],
              [105.921010059427715, 20.876519721623893, 0.0],
              [105.921358468023527, 20.874983591610636, 0.0],
              [105.922258085901376, 20.872734322011532, 0.0],
              [105.922594691248392, 20.87189172458174, 0.0],
              [105.923043619029514, 20.87099503459989, 0.0],
              [105.925770030585468, 20.86441656779354, 0.0],
              [105.926880308363252, 20.861084345571321, 0.0],
              [105.927337324482522, 20.85964013655143, 0.0],
              [105.928170935593641, 20.856860136551429, 0.0],
              [105.929469124552767, 20.851454970758947, 0.0],
              [105.929590347843344, 20.850789150927195, 0.0],
              [105.930676511786274, 20.847679032363544, 0.0],
              [105.930927027354784, 20.84684258639189, 0.0],
              [105.934347025570389, 20.837883845836828, 0.0],
              [105.934427739051984, 20.837588048812332, 0.0],
              [105.934477064660413, 20.837464790240965, 0.0],
              [105.935046031842759, 20.835974522411867, 0.0],
              [105.936156587398315, 20.832920355745198, 0.0],
              [105.936713438704132, 20.831166899823902, 0.0],
              [105.938651721382655, 20.827099843079221, 0.0],
              [105.939763665827101, 20.824044565301442, 0.0],
              [105.940721588444532, 20.821138767607746, 0.0],
              [105.940759223620162, 20.821011647937276, 0.0],
              [105.940860686680509, 20.820673682107628, 0.0],
              [105.941144090695317, 20.819965420235253, 0.0],
              [105.942964734872945, 20.814531311772942, 0.0],
              [105.94325380541224, 20.813470100847166, 0.0],
              [105.943382867348788, 20.81311504329042, 0.0],
              [105.943426131793089, 20.813006968622108, 0.0],
              [105.943888026216683, 20.81208317977493, 0.0],
              [105.94558697953974, 20.808300835575753, 0.0],
              [105.946698923984172, 20.805522502242418, 0.0],
              [105.947043228280577, 20.804661108980483, 0.0],
              [105.94749913732781, 20.803749290886014, 0.0],
              [105.949774551340184, 20.798456220045107, 0.0],
              [105.949832882186655, 20.79829560225771, 0.0],
              [105.950592443977584, 20.797027680322692, 0.0],
              [105.951578005252472, 20.795552291157197, 0.0],
              [105.956432304009979, 20.786330016239738, 0.0],
              [105.957542581787763, 20.783551127350851, 0.0],
              [105.957329822137112, 20.783466121320899, 0.0],
              [105.96101970983942, 20.775921590043961, 0.0],
              [105.96185036540993, 20.772872435756664, 0.0],
              [105.962681851795182, 20.769824114126994, 0.0],
              [105.963762529281112, 20.76489433571837, 0.0],
              [105.964318640392221, 20.761561002385037, 0.0],
              [105.964853340175978, 20.757163482362014, 0.0],
              [105.965130614858239, 20.753554748209247, 0.0],
              [105.965262576335164, 20.751839908816521, 0.0],
              [105.965529841973535, 20.750102882516181, 0.0],
              [105.96596314130349, 20.746346604930345, 0.0],
              [105.966118081547563, 20.744339024260437, 0.0],
              [105.967830977074172, 20.735854037622449, 0.0],
              [105.96795803438134, 20.735388569691217, 0.0],
              [105.968158696625949, 20.73423064846957, 0.0],
              [105.968464991621516, 20.732713387840235, 0.0],
              [105.968499415527404, 20.732264530491708, 0.0],
              [105.969575750123624, 20.726053543103479, 0.0],
              [105.969853250123606, 20.722442987547918, 0.0],
              [105.969858799516132, 20.722370544992746, 0.0],
              [105.970643628134312, 20.717747521265672, 0.0],
              [105.970729783015642, 20.717402815527969, 0.0],
              [105.972094372613142, 20.70884832981935, 0.0],
              [105.972352048570727, 20.705248066939035, 0.0],
              [105.972593018837543, 20.702352323142122, 0.0],
              [105.973309507232443, 20.698981438490925, 0.0],
              [105.973862247978033, 20.695383090704222, 0.0],
              [105.974416924414669, 20.691786408234027, 0.0],
              [105.97485466898577, 20.68798952825902, 0.0],
              [105.974963276501754, 20.686573599981482, 0.0],
              [105.975156076328773, 20.685412445601571, 0.0],
              [105.975245571870531, 20.684853916661179, 0.0],
              [105.975695267079459, 20.681942095393037, 0.0],
              [105.975947683889089, 20.680567069164479, 0.0],
              [105.976132822757819, 20.679766510233467, 0.0],
              [105.976507400749099, 20.678516167148789, 0.0],
              [105.978435833532743, 20.668343545305465, 0.0],
              [105.978715277977187, 20.665009656416576, 0.0],
              [105.978741867332118, 20.664690221138066, 0.0],
              [105.979621538001908, 20.659606747648759, 0.0],
              [105.980526103872208, 20.655122570731972, 0.0],
              [105.980651958249396, 20.654306682854287, 0.0],
              [105.980741300944331, 20.653978814832396, 0.0],
              [105.981013576463724, 20.652935393100456, 0.0],
              [105.981845520908166, 20.649600393100457, 0.0],
              [105.982038975239149, 20.648796661109863, 0.0],
              [105.982345364128037, 20.647475827776528, 0.0],
              [105.982358270568227, 20.647420043412438, 0.0],
              [105.982886326123804, 20.645131710079102, 0.0],
              [105.983994069067563, 20.638040066566624, 0.0],
              [105.984268910333498, 20.634740872010276, 0.0],
              [105.985685779830618, 20.627723713833184, 0.0],
              [105.985936598136405, 20.624463075857953, 0.0],
              [105.986041915229876, 20.623306795074257, 0.0],
              [105.986361659427757, 20.621233959620845, 0.0],
              [105.986800903329936, 20.617419235106357, 0.0],
              [105.986877162818772, 20.616420796421195, 0.0],
              [105.987122549248582, 20.61543728367646, 0.0],
              [105.988460658975058, 20.607191325669159, 0.0],
              [105.988728234487894, 20.603733856393436, 0.0],
              [105.988850537664675, 20.602270608017186, 0.0],
              [105.989143382568955, 20.600362345483031, 0.0],
              [105.989141100507183, 20.585178909942705, 0.0],
              [105.988585822729419, 20.581567798831596, 0.0],
              [105.988029110618172, 20.577950141671337, 0.0],
              [105.986046974535725, 20.569749541834355, 0.0],
              [105.985685124326992, 20.568663538669124, 0.0],
              [105.98538445667414, 20.567361580605532, 0.0],
              [105.984236249220828, 20.563280998106933, 0.0],
              [105.983888083454914, 20.561451736328216, 0.0],
              [105.983865427668533, 20.561346177704213, 0.0],
              [105.98358318698395, 20.557666642087227, 0.0],
              [105.983045269071624, 20.554173937320787, 0.0],
              [105.984338141118101, 20.553312119366318, 0.0],
              [105.985866717927891, 20.55263258205343, 0.0],
              [105.993278833229951, 20.548554222641307, 0.0],
              [105.994125670567399, 20.547990009270876, 0.0],
              [105.994583153076235, 20.547884368688464, 0.0],
              [105.999157763148958, 20.546596204627619, 0.0],
              [106.002491374260075, 20.545483982405397, 0.0],
              [106.00588487040703, 20.544213362085308, 0.0],
              [106.00683706391861, 20.543816925703744, 0.0],
              [106.007146373599511, 20.543724120429562, 0.0],
              [106.00747376512075, 20.543624667556507, 0.0],
              [106.011085154009635, 20.542514112000955, 0.0],
              [106.014946939794186, 20.541151092807411, 0.0],
              [106.017725273127525, 20.540040537251855, 0.0],
              [106.01987995453257, 20.539120146950662, 0.0],
              [106.020705436927869, 20.538744427220895, 0.0],
              [106.021757447208614, 20.53826602554572, 0.0],
              [106.025476915340491, 20.536836070379696, 0.0],
              [106.026580182227391, 20.536560023772392, 0.0],
              [106.035124059808339, 20.533578135011727, 0.0],
              [106.037137941994317, 20.532663266518224, 0.0],
              [106.038852636848802, 20.531977148495141, 0.0],
              [106.048026270855232, 20.525925238000525, 0.0],
              [106.048202873245316, 20.526219899250357, 0.0],
              [106.050982317689773, 20.52455406591702, 0.0],
              [106.053016543091857, 20.523267325685392, 0.0],
              [106.055516543091855, 20.521600381240951, 0.0],
              [106.058016480509821, 20.519932646073567, 0.0],
              [106.060509310438107, 20.518271036343524, 0.0],
              [106.063009309319185, 20.516604370600504, 0.0],
              [106.065506108439649, 20.514940392697774, 0.0],
              [106.066239929906729, 20.514451178594843, 0.0],
              [106.068192502514535, 20.513611420357751, 0.0],
              [106.070971113625646, 20.512222253691089, 0.0],
              [106.07287580699122, 20.511218170754933, 0.0],
              [106.074447387831157, 20.510345943388771, 0.0],
              [106.076276263769898, 20.509430225462228, 0.0],
              [106.082958170512882, 20.505215667470107, 0.0],
              [106.083158262622192, 20.505104586679, 0.0],
              [106.083661555421173, 20.504772013195836, 0.0],
              [106.084594875848936, 20.504183328974502, 0.0],
              [106.084834044504603, 20.503997237996924, 0.0],
              [106.089587663968288, 20.500856068908355, 0.0],
              [106.090648951696068, 20.5000305835778, 0.0],
              [106.09162146794101, 20.499381915134325, 0.0],
              [106.092442183492707, 20.498835136074113, 0.0],
              [106.093189584109098, 20.498419498286889, 0.0],
              [106.099580453935644, 20.494193805750697, 0.0],
              [106.100644065811224, 20.493366788427885, 0.0],
              [106.10148707870232, 20.49280459249762, 0.0],
              [106.104552762870753, 20.491402388409934, 0.0],
              [106.104781095790145, 20.491288415975017, 0.0],
              [106.105156840664293, 20.491151650992173, 0.0],
              [106.108218427271311, 20.490036879862185, 0.0],
              [106.109248952930031, 20.489643687375171, 0.0],
              [106.109359071116316, 20.489616134883487, 0.0],
              [106.11401907327074, 20.488204321089356, 0.0],
              [106.116569996870609, 20.487673751648213, 0.0],
              [106.117400057825677, 20.487466253700941, 0.0],
              [106.118301652492079, 20.487337518862507, 0.0],
              [106.121290743908446, 20.486963905786276, 0.0],
              [106.123597128045674, 20.486771675069718, 0.0],
              [106.13339812350695, 20.484022400492282, 0.0],
              [106.133456706243123, 20.484276454486981, 0.0],
              [106.136344043403497, 20.483610658574872, 0.0],
              [106.137212777111287, 20.483610832333198, 0.0],
              [106.140539014514587, 20.483500737862261, 0.0],
              [106.144705403403464, 20.483223793417817, 0.0],
              [106.1535264085215, 20.48183839754692, 0.0],
              [106.154352354830166, 20.481631721706162, 0.0],
              [106.155680572623822, 20.481441989866124, 0.0],
              [106.160735830204047, 20.480451807203746, 0.0],
              [106.163248349392703, 20.479823729746368, 0.0],
              [106.166309392171641, 20.479167745151983, 0.0],
              [106.171634126693519, 20.47771510290346, 0.0],
              [106.174968848915739, 20.476604269570124, 0.0],
              [106.176256841932783, 20.476155617588486, 0.0],
              [106.179311841932773, 20.475044506477374, 0.0],
              [106.190474500148241, 20.469308628344123, 0.0],
              [106.197050859548483, 20.463466673869963, 0.0],
              [106.197066023933601, 20.463484028136261, 0.0],
              [106.19928935726692, 20.461541250358483, 0.0],
              [106.199620679204131, 20.461183834912816, 0.0],
              [106.199857188177759, 20.46097373771882, 0.0],
              [106.200554909616883, 20.460176028480959, 0.0],
              [106.20642180686832, 20.453847079322045, 0.0],
              [106.207254306868322, 20.452734579322048, 0.0],
              [106.211956696289249, 20.445111652886748, 0.0],
              [106.212234474067017, 20.444555263997859, 0.0],
              [106.215735888265726, 20.435384681995913, 0.0],
              [106.216569499376845, 20.432329959773689, 0.0],
              [106.217651361945002, 20.427396615260506, 0.0],
              [106.218207473056111, 20.424064115260506, 0.0],
              [106.218315161659319, 20.423390520138668, 0.0],
              [106.21856942514296, 20.421727395843696, 0.0],
              [106.218862278360092, 20.419823712700364, 0.0],
              [106.218860788554096, 20.404609386946667, 0.0],
              [106.218304677442973, 20.40099910916889, 0.0],
              [106.215883905406344, 20.391542488469529, 0.0],
              [106.21477446096192, 20.388487766247305, 0.0],
              [106.212497626894901, 20.383192133050038, 0.0],
              [106.211107904672673, 20.380413244161151, 0.0],
              [106.210282959450254, 20.378834613831962, 0.0],
              [106.209588826421196, 20.377562055896703, 0.0],
              [106.209302248046683, 20.37691718290947, 0.0],
              [106.203622232267946, 20.367237426820317, 0.0],
              [106.202782858833686, 20.366117375644944, 0.0],
              [106.20188069229205, 20.364764201025569, 0.0],
              [106.195620968868795, 20.357131684609644, 0.0],
              [106.194741616216561, 20.356252991142309, 0.0],
              [106.194448643968371, 20.355838933515209, 0.0],
              [106.192782255079479, 20.35361643351521, 0.0],
              [106.190144626659389, 20.350388260224964, 0.0],
              [106.187922126659387, 20.347888538002742, 0.0],
              [106.186820307886819, 20.346719888127851, 0.0],
              [106.185975810416835, 20.345512238636459, 0.0],
              [106.182930070796971, 20.341587437523362, 0.0],
              [106.182355116693387, 20.340918045127175, 0.0],
              [106.181697772750255, 20.340039757227206, 0.0],
              [106.179019917702078, 20.336760924965482, 0.0],
              [106.176795473257641, 20.334261202743264, 0.0],
              [106.175462020740227, 20.332847686695025, 0.0],
              [106.17530987283665, 20.33264842091527, 0.0],
              [106.173365983947761, 20.330147587581937, 0.0],
              [106.171509549053496, 20.32789789005869, 0.0],
              [106.171184210948638, 20.32752626760125, 0.0],
              [106.170010065787878, 20.325951451494365, 0.0],
              [106.168064232454554, 20.323452007049919, 0.0],
              [106.166244052470716, 20.321247043017856, 0.0],
              [106.164300163581828, 20.319024820795637, 0.0],
              [106.157371892475638, 20.312483486711663, 0.0],
              [106.157217816343618, 20.312363598361376, 0.0],
              [106.155151837224736, 20.310431078696553, 0.0],
              [106.15293133632585, 20.308487654553996, 0.0],
              [106.150711113168242, 20.306544230507068, 0.0],
              [106.142729136343817, 20.301184212151014, 0.0],
              [106.142735287589076, 20.301174985283136, 0.0],
              [106.140235287589078, 20.299508318616468, 0.0],
              [106.14021529324458, 20.299496128427823, 0.0],
              [106.140141356928098, 20.29944647907125, 0.0],
              [106.140099656204569, 20.299425626625073, 0.0],
              [106.136778713029088, 20.297400907895884, 0.0],
              [106.13427871302909, 20.296012296784774, 0.0],
              [106.130697593614158, 20.294207157494498, 0.0],
              [106.127641482503037, 20.292817435272276, 0.0],
              [106.120101891904881, 20.290094814871509, 0.0],
              [106.119026185614942, 20.289801395986203, 0.0],
              [106.117919319914819, 20.289399421021166, 0.0],
              [106.114881045529785, 20.288293414030434, 0.0],
              [106.111813852471229, 20.287177840813293, 0.0],
              [106.111777735984248, 20.287277140831904, 0.0],
              [106.104355938195084, 20.283994261936126, 0.0],
              [106.102071238795787, 20.283422753928736, 0.0],
              [106.101562328212083, 20.283238988358253, 0.0],
              [106.100165171837006, 20.282400862158454, 0.0],
              [106.098718068826969, 20.281565334767677, 0.0],
              [106.097999857436676, 20.281166505697097, 0.0],
              [106.097198150440633, 20.280631529195013, 0.0],
              [106.096678343484001, 20.280302388170263, 0.0],
              [106.09569001696849, 20.279304246365101, 0.0],
              [106.09348566862009, 20.277376784667123, 0.0],
              [106.091282138278629, 20.275446284904358, 0.0],
              [106.090288545485691, 20.274577360953757, 0.0],
              [106.089529299494956, 20.273817789664825, 0.0],
              [106.087298128314515, 20.27158689477853, 0.0],
              [106.08534859272963, 20.269638194013371, 0.0],
              [106.083106530406724, 20.267540853188262, 0.0],
              [106.082921884499399, 20.267333161146333, 0.0],
              [106.079400234470626, 20.264168277527364, 0.0],
              [106.078773700311444, 20.263462848795431, 0.0],
              [106.076147527903771, 20.261245091621145, 0.0],
              [106.074610573426114, 20.259863840784266, 0.0],
              [106.074538912164257, 20.259812668803857, 0.0],
              [106.074447844742053, 20.259710257775961, 0.0],
              [106.072643362648847, 20.257646260459627, 0.0],
              [106.067672008545571, 20.253628019773263, 0.0],
              [106.065635048846104, 20.251591314757412, 0.0],
              [106.06476537845181, 20.250721318155179, 0.0],
              [106.064339187051615, 20.25022447356551, 0.0],
              [106.057095654184991, 20.243318511923977, 0.0],
              [106.056198532526224, 20.242620385261606, 0.0],
              [106.053216719998161, 20.239327577428494, 0.0],
              [106.050996164442594, 20.237383132984053, 0.0],
              [106.050311626879235, 20.236784227582586, 0.0],
              [106.048757293953585, 20.235424359901682, 0.0],
              [106.046510847095234, 20.233461478075284, 0.0],
              [106.04432627706413, 20.231659185620742, 0.0],
              [106.042959958043326, 20.230595531244646, 0.0],
              [106.041816170267268, 20.229594591948178, 0.0],
              [106.041773057759954, 20.22964385723234, 0.0],
              [106.03939123704771, 20.227484538653371, 0.0],
              [106.037738985273648, 20.225815215188273, 0.0],
              [106.036775613382332, 20.224636300058187, 0.0],
              [106.036248866569437, 20.223840965105342, 0.0],
              [106.035436301393588, 20.222679291161899, 0.0],
              [106.035091086392143, 20.221988792102199, 0.0],
              [106.034613795043384, 20.220081851100929, 0.0],
              [106.034023818324314, 20.218152875689633, 0.0],
              [106.03402169513005, 20.218125161182964, 0.0],
              [106.03358332609443, 20.214321873712464, 0.0],
              [106.033026381649989, 20.21071131815691, 0.0],
              [106.032932194357869, 20.210123934766756, 0.0],
              [106.032426865612308, 20.207088168534082, 0.0],
              [106.032245700091693, 20.205912131018621, 0.0],
              [106.032111730123972, 20.203900301733562, 0.0],
              [106.031640104019303, 20.199615072137068, 0.0],
              [106.031085642142926, 20.196013285572448, 0.0],
              [106.030533120068498, 20.192413721962829, 0.0],
              [106.029346996313606, 20.186832346964483, 0.0],
              [106.028743350477086, 20.184621056736542, 0.0],
              [106.027268225564796, 20.176247274259318, 0.0],
              [106.026157114453667, 20.173191440925983, 0.0],
              [106.023890986310349, 20.167921907883663, 0.0],
              [106.022502097421466, 20.165143296772552, 0.0],
              [106.013110657257187, 20.15212054930732, 0.0],
              [106.011165101701636, 20.150177493751762, 0.0],
              [106.008758063346434, 20.147927012156693, 0.0],
              [106.006535563346432, 20.145982289934473, 0.0],
              [105.999342355710411, 20.140740728719596, 0.0],
              [105.99914762670673, 20.14062384456372, 0.0],
              [105.999024898380156, 20.140528416471575, 0.0],
              [105.994838519510495, 20.137603637513322, 0.0],
              [105.993236744685888, 20.136602252977301, 0.0],
              [105.991345843144643, 20.135341651949801, 0.0],
              [105.984299109709767, 20.131424992458733, 0.0],
              [105.981243831931977, 20.130036381347622, 0.0],
              [105.979114681590801, 20.129127559251518, 0.0],
              [105.977210588484908, 20.128366417122884, 0.0],
              [105.97649502964812, 20.127953307276854, 0.0],
              [105.975763359326379, 20.127547040483744, 0.0],
              [105.97494735145969, 20.127003307241907, 0.0],
              [105.967937035221738, 20.123105244580454, 0.0],
              [105.967450907562039, 20.122883955909533, 0.0],
              [105.967092513901974, 20.122669163348093, 0.0],
              [105.962083054224166, 20.120040043134626, 0.0],
              [105.959026943113059, 20.118650598690181, 0.0],
              [105.958997559126374, 20.118637389565599, 0.0],
              [105.953979986367344, 20.115850845892734, 0.0],
              [105.952872539919014, 20.115348753436624, 0.0],
              [105.95100311789929, 20.114497285025429, 0.0],
              [105.950589217927956, 20.114311029057703, 0.0],
              [105.948089217927958, 20.113199640168812, 0.0],
              [105.944843936128635, 20.11189093212576, 0.0],
              [105.941805468647786, 20.110787591902238, 0.0],
              [105.939506409461998, 20.109950886486867, 0.0],
              [105.937460301433177, 20.109132361422837, 0.0],
              [105.934695810523039, 20.108119809435173, 0.0],
              [105.931363032745253, 20.107009253879617, 0.0],
              [105.931275899320994, 20.107270741329398, 0.0],
              [105.927980613724316, 20.106142373013245, 0.0],
              [105.928008094959708, 20.106073645860647, 0.0],
              [105.925231428293046, 20.104963368082871, 0.0],
              [105.923758392232173, 20.104401133103128, 0.0],
              [105.922526694725434, 20.103953132126943, 0.0],
              [105.921248855253722, 20.103372401590804, 0.0],
              [105.918200401934527, 20.10198593464203, 0.0],
              [105.915660380214689, 20.100948670821147, 0.0],
              [105.915331085794179, 20.092651987743821, 0.0],
              [105.915277777777774, 20.092278831628981, 0.0],
              [105.915277777777774, 20.091666944444441, 0.0],
              [105.914696933840474, 20.084067798831214, 0.0],
              [105.914141656062682, 20.080456687720105, 0.0],
              [105.912534560128137, 20.074179640679834, 0.0],
              [105.912472807556583, 20.073778619110055, 0.0],
              [105.91226417693683, 20.073123569306492, 0.0],
              [105.911713168724134, 20.0709714236901, 0.0],
              [105.910628767049872, 20.06798877688502, 0.0],
              [105.910390602459131, 20.067240997539081, 0.0],
              [105.908821472336342, 20.059738868124608, 0.0],
              [105.908151882558471, 20.057730768213418, 0.0],
              [105.907686529305664, 20.056022764949859, 0.0],
              [105.903214141270269, 20.046194913790281, 0.0],
              [105.90317232633241, 20.046013808586405, 0.0],
              [105.90328901833395, 20.045960720463853, 0.0],
              [105.902917356329326, 20.045143777216815, 0.0],
              [105.901451792556458, 20.040193869692398, 0.0],
              [105.901364229364603, 20.039624249008661, 0.0],
              [105.901260523766268, 20.038977827901846, 0.0],
              [105.901249229276075, 20.038910258121355, 0.0],
              [105.901521161946079, 20.036319546784945, 0.0],
              [105.901796772825676, 20.032721662591566, 0.0],
              [105.902074320530105, 20.029124611136147, 0.0],
              [105.902353006111213, 20.025498103759624, 0.0],
              [105.902379824077684, 20.025149148057679, 0.0],
              [105.903438427656155, 20.019152208162396, 0.0],
              [105.903716205433938, 20.015818597051283, 0.0],
              [105.903741861234693, 20.015498265326094, 0.0],
              [105.904018392269379, 20.011900316989124, 0.0],
              [105.904296861372742, 20.008300979264352, 0.0],
              [105.904445831292804, 20.004429881973213, 0.0],
              [105.904444720181687, 20.000540715306546, 0.0],
              [105.904416777948796, 19.999684914342691, 0.0],
              [105.904852994866687, 19.997164916740083, 0.0],
              [105.905130494866683, 19.993554083406746, 0.0],
              [105.9052775, 19.989722777777775, 0.0],
              [105.9052775, 19.987766381122718, 0.0],
              [105.905400156221816, 19.986170708660989, 0.0],
              [105.905416746200018, 19.985942802462827, 0.0],
              [105.905685680342089, 19.982454442138902, 0.0],
              [105.905833610111102, 19.978621111110883, 0.0],
              [105.905834061958828, 19.976361872477426, 0.0],
              [105.905965028463385, 19.974652338817027, 0.0],
              [105.905528596315264, 19.963223051869875, 0.0],
              [105.904973818767729, 19.959620463437652, 0.0],
              [105.904419594862901, 19.956014819674664, 0.0],
              [105.901307613779395, 19.944753621722029, 0.0],
              [105.898253447112722, 19.937253621722029, 0.0],
              [105.895920123625203, 19.932390482632819, 0.0],
              [105.895885664350374, 19.932304118535519, 0.0],
              [105.895854353339317, 19.932253403462326, 0.0],
              [105.895631925721162, 19.931789817315718, 0.0],
              [105.894240259054484, 19.929290095093496, 0.0],
              [105.894079939416486, 19.92937934960915, 0.0],
              [105.886818590483443, 19.91761799696657, 0.0],
              [105.884882691195699, 19.915439807707951, 0.0],
              [105.883493717460212, 19.913821765413324, 0.0],
              [105.880930217114951, 19.911053994623188, 0.0],
              [105.880049266994718, 19.910172053062286, 0.0],
              [105.879616964829424, 19.90966808467665, 0.0],
              [105.874596281669156, 19.904597189807635, 0.0],
              [105.874030463490968, 19.904101975098044, 0.0],
              [105.873550792276603, 19.903382268380177, 0.0],
              [105.87247304962024, 19.90197422051153, 0.0],
              [105.872194941724644, 19.900168325085541, 0.0],
              [105.870545636843062, 19.893732172532406, 0.0],
              [105.87025276717381, 19.889900576609001, 0.0],
              [105.870188259014327, 19.889481063815953, 0.0],
              [105.870408742274591, 19.886623794207789, 0.0],
              [105.870556942665942, 19.882763608444471, 0.0],
              [105.870556388087792, 19.88068435627838, 0.0],
              [105.870660870383418, 19.879430673213115, 0.0],
              [105.870705331947192, 19.878857365663297, 0.0],
              [105.870984498613851, 19.874967643441074, 0.0],
              [105.870838942699066, 19.874957196844321, 0.0],
              [105.871441489763228, 19.860702039516084, 0.0],
              [105.870885378652119, 19.856812039516083, 0.0],
              [105.870577303265449, 19.854917405403768, 0.0],
              [105.870020358821009, 19.851863516514879, 0.0],
              [105.865570005376867, 19.838507477493152, 0.0],
              [105.864183060932419, 19.835728310826489, 0.0],
              [105.861047948170693, 19.830321057065763, 0.0],
              [105.8593815592818, 19.827821334843538, 0.0],
              [105.855789287398295, 19.82312817615815, 0.0],
              [105.855759776058036, 19.823083943566179, 0.0],
              [105.855694364062032, 19.823004162638437, 0.0],
              [105.855413869240408, 19.822637707439327, 0.0],
              [105.85509497836992, 19.822273111003955, 0.0],
              [105.849531395698676, 19.815487386454752, 0.0],
              [105.848808467407338, 19.814764096744454, 0.0],
              [105.847803069401053, 19.813471257473612, 0.0],
              [105.845562936078323, 19.81093404546608, 0.0],
              [105.844625404807744, 19.808634604415907, 0.0],
              [105.843660232161668, 19.805978628950726, 0.0],
              [105.843092059315055, 19.804489500651549, 0.0],
              [105.84198094820394, 19.801711167318217, 0.0],
              [105.840272720747691, 19.797907878188909, 0.0],
              [105.838882998525477, 19.795129822633353, 0.0],
              [105.836119759735411, 19.790748673066748, 0.0],
              [105.835830403241602, 19.790135185744045, 0.0],
              [105.834441792130505, 19.78735851907738, 0.0],
              [105.829195263026932, 19.779032729722587, 0.0],
              [105.829098648282823, 19.778908465409614, 0.0],
              [105.828980560933744, 19.778711738418043, 0.0],
              [105.82432199748358, 19.772317274058683, 0.0],
              [105.824143995949598, 19.772049397773085, 0.0],
              [105.824102948170662, 19.771987723732369, 0.0],
              [105.822436559281769, 19.769488001510151, 0.0],
              [105.818470907799238, 19.764306704990311, 0.0],
              [105.817758349540853, 19.763491916310173, 0.0],
              [105.8172138203185, 19.762766300728632, 0.0],
              [105.8171344663524, 19.76282585092925, 0.0],
              [105.813767698336875, 19.756790849358243, 0.0],
              [105.811664517858404, 19.754423653725951, 0.0],
              [105.811085321027363, 19.75376230483295, 0.0],
              [105.810560955619223, 19.753063034352067, 0.0],
              [105.80889784254029, 19.750844256283095, 0.0],
              [105.804013014262992, 19.745958353256647, 0.0],
              [105.804031682153663, 19.745941753813081, 0.0],
              [105.802114472210476, 19.743785641443534, 0.0],
              [105.800747846168747, 19.742190636600291, 0.0],
              [105.795690471785818, 19.737082283629114, 0.0],
              [105.794377771528815, 19.735934511117659, 0.0],
              [105.78979220275734, 19.730470692930435, 0.0],
              [105.787848313868452, 19.728527637374881, 0.0],
              [105.785428782247934, 19.726264342792444, 0.0],
              [105.784599564736382, 19.725538660875692, 0.0],
              [105.783465716543247, 19.724264285770076, 0.0],
              [105.781466172392598, 19.722144660940607, 0.0],
              [105.779522005725923, 19.720200494273939, 0.0],
              [105.777104217330475, 19.717937782396731, 0.0],
              [105.774882828441591, 19.715992782396732, 0.0],
              [105.772659359220086, 19.714157211706802, 0.0],
              [105.771185290820739, 19.712416835645016, 0.0],
              [105.769239457487402, 19.71047155786724, 0.0],
              [105.7647432575572, 19.707232461490314, 0.0],
              [105.764697432093811, 19.707017877648084, 0.0],
              [105.764721666666659, 19.706388055555554, 0.0],
              [105.764721666666659, 19.702500277777776, 0.0],
              [105.764612712541421, 19.699201256480034, 0.0],
              [105.76433715698586, 19.695034034257812, 0.0],
              [105.764296979344053, 19.694474177943992, 0.0],
              [105.764029185378462, 19.691014684527421, 0.0],
              [105.763762426853404, 19.687275258716916, 0.0],
              [105.76333388888888, 19.683461438744555, 0.0],
              [105.76333388888888, 19.683334444444441, 0.0],
              [105.763186973787285, 19.679504310489559, 0.0],
              [105.762909473787275, 19.675892366045119, 0.0],
              [105.762500277777761, 19.6723420619225, 0.0],
              [105.762500277777761, 19.672223333333331, 0.0],
              [105.762126551022064, 19.667332402135937, 0.0],
              [105.762222775735495, 19.664429598071418, 0.0],
              [105.76222221883144, 19.662481129992468, 0.0],
              [105.762352047863956, 19.660803547891383, 0.0],
              [105.762631784585551, 19.657151170955792, 0.0],
              [105.762777777777771, 19.653333055555553, 0.0],
              [105.762777777777771, 19.649444444444445, 0.0],
              [105.762667916923675, 19.646131739205185, 0.0],
              [105.762391250257011, 19.641965072538515, 0.0],
              [105.762023457548409, 19.638450889122311, 0.0],
              [105.762095719881586, 19.637434718200257, 0.0],
              [105.762221666666662, 19.633888055555555, 0.0],
              [105.762221666666662, 19.631952396918855, 0.0],
              [105.762389025695924, 19.629457150318551, 0.0],
              [105.762251610014403, 19.629447933692401, 0.0],
              [105.763221480115035, 19.619728493918199, 0.0],
              [105.76320279468716, 19.619448212500043, 0.0],
              [105.763318162177129, 19.617951198423608, 0.0],
              [105.763585822729368, 19.616210534502109, 0.0],
              [105.764017626249029, 19.612469086222529, 0.0],
              [105.764297070693459, 19.608857975111416, 0.0],
              [105.764301194375861, 19.608804311513612, 0.0],
              [105.764314806424238, 19.608625914093214, 0.0],
              [105.765407715396591, 19.601897988872107, 0.0],
              [105.765685867844923, 19.598288946975043, 0.0],
              [105.765798407313014, 19.596830534207172, 0.0],
              [105.766223184289046, 19.595394296322212, 0.0],
              [105.767055128733503, 19.591784296322214, 0.0],
              [105.768155362273006, 19.584757584810895, 0.0],
              [105.768436473384114, 19.581424251477564, 0.0],
              [105.768468103308891, 19.58103063742967, 0.0],
              [105.768743062969733, 19.577430964125586, 0.0],
              [105.768822231201909, 19.576400746890165, 0.0],
              [105.768916941256649, 19.575879344112533, 0.0],
              [105.769574172188442, 19.570784607725894, 0.0],
              [105.769852505521783, 19.567172385503671, 0.0],
              [105.770130659988524, 19.563554437893984, 0.0],
              [105.770277777777764, 19.559721666666665, 0.0],
              [105.770277777777764, 19.557481965255832, 0.0],
              [105.770408209418989, 19.555791555580594, 0.0],
              [105.770423613266047, 19.550181634030409, 0.0],
              [105.774866429494807, 19.547242985709605, 0.0],
              [105.777366429494805, 19.545298263487382, 0.0],
              [105.779202661424137, 19.543798670960221, 0.0],
              [105.780501142584697, 19.542685899135531, 0.0],
              [105.782615347989832, 19.540995295773172, 0.0],
              [105.784308134850662, 19.539579313248691, 0.0],
              [105.785124921393603, 19.538864864972656, 0.0],
              [105.785841333533057, 19.538327331933292, 0.0],
              [105.790638119036586, 19.533613091947469, 0.0],
              [105.795358419365058, 19.529519480795507, 0.0],
              [105.797303141587278, 19.527574480795508, 0.0],
              [105.803553482894415, 19.519948138980528, 0.0],
              [105.805217970976827, 19.51745029645792, 0.0],
              [105.805866657574953, 19.51647699622961, 0.0],
              [105.805955458196834, 19.516362852993453, 0.0],
              [105.806848830280472, 19.515320808793948, 0.0],
              [105.811752359662123, 19.508521551676335, 0.0],
              [105.812822922113511, 19.506739123135279, 0.0],
              [105.813844365850485, 19.505204570979036, 0.0],
              [105.817915452809245, 19.49779977186336, 0.0],
              [105.819026008364801, 19.495300049641141, 0.0],
              [105.821835580052252, 19.487142671840989, 0.0],
              [105.822545731922773, 19.484306083194369, 0.0],
              [105.823243247446896, 19.481743790774896, 0.0],
              [105.824421204455987, 19.461031985506619, 0.0],
              [105.823867593344872, 19.457421707728841, 0.0],
              [105.823637842745427, 19.456050889424201, 0.0],
              [105.82308200941209, 19.452995611646426, 0.0],
              [105.821320051740642, 19.446122942879846, 0.0],
              [105.820648103386944, 19.444108608192167, 0.0],
              [105.820180688836942, 19.442395325936261, 0.0],
              [105.818182082080327, 19.437163663368061, 0.0],
              [105.81671211445375, 19.432358940926161, 0.0],
              [105.815601003342636, 19.42930310759283, 0.0],
              [105.814014403520517, 19.425612492802905, 0.0],
              [105.812544263733898, 19.421329733236462, 0.0],
              [105.811154819289456, 19.417994455458683, 0.0],
              [105.808323229356958, 19.412506491199746, 0.0],
              [105.807995690094671, 19.411621493752545, 0.0],
              [105.807474272323205, 19.408231886979031, 0.0],
              [105.806290204131088, 19.402665036365065, 0.0],
              [105.805455759686652, 19.399608647476178, 0.0],
              [105.805014112755885, 19.398086380444898, 0.0],
              [105.803955696915523, 19.394643152731049, 0.0],
              [105.803174421937968, 19.392036120301789, 0.0],
              [105.803068475052228, 19.39168721827507, 0.0],
              [105.802003419673639, 19.388225255766987, 0.0],
              [105.801212981037722, 19.385597467748585, 0.0],
              [105.798069669222571, 19.377671524102812, 0.0],
              [105.796682724778108, 19.374892635213921, 0.0],
              [105.796656791542603, 19.374840750594412, 0.0],
              [105.795267069320388, 19.372064361705526, 0.0],
              [105.793442301452075, 19.368740111227172, 0.0],
              [105.791776745896527, 19.365961222338285, 0.0],
              [105.791292297180377, 19.365169697882532, 0.0],
              [105.791158708438999, 19.364955913139386, 0.0],
              [105.790829384729449, 19.364297595043986, 0.0],
              [105.787820513569727, 19.35911595262742, 0.0],
              [105.787775187774116, 19.35902531009593, 0.0],
              [105.785454339483479, 19.354887354081207, 0.0],
              [105.784066283927928, 19.352666520747874, 0.0],
              [105.776760986295258, 19.344085875271713, 0.0],
              [105.776831638624103, 19.344023136883028, 0.0],
              [105.776161899776483, 19.343268915898204, 0.0],
              [105.775511121995734, 19.342291391856445, 0.0],
              [105.771109576333316, 19.337636378449698, 0.0],
              [105.771125537139881, 19.337623957195053, 0.0],
              [105.770687046859919, 19.337060515035567, 0.0],
              [105.770874181547782, 19.336546408750223, 0.0],
              [105.772129810229231, 19.332594098569427, 0.0],
              [105.772962588007005, 19.329539098569427, 0.0],
              [105.774037579834598, 19.324638427124146, 0.0],
              [105.774527382068101, 19.32171034644146, 0.0],
              [105.776120819036692, 19.315586110184615, 0.0],
              [105.776142419383305, 19.31559002841443, 0.0],
              [105.776194497312375, 19.315302934146793, 0.0],
              [105.776493954578896, 19.314151996215053, 0.0],
              [105.776571014526624, 19.31322727684239, 0.0],
              [105.776696586049965, 19.31253502841443, 0.0],
              [105.776916710001188, 19.311222263218259, 0.0],
              [105.777472821112298, 19.307611707662701, 0.0],
              [105.778029108391294, 19.303999452692231, 0.0],
              [105.778464706559518, 19.300219886369362, 0.0],
              [105.778742206559528, 19.296608497480474, 0.0],
              [105.778306520317287, 19.285166919864995, 0.0],
              [105.778041098905675, 19.283443536783299, 0.0],
              [105.777910306241168, 19.281736272294076, 0.0],
              [105.775840886178912, 19.270836798177982, 0.0],
              [105.774787780001446, 19.267417885290673, 0.0],
              [105.774013685848814, 19.264831107736512, 0.0],
              [105.763459361932206, 19.245920828096654, 0.0],
              [105.761235195265527, 19.243422216985543, 0.0],
              [105.750400666529245, 19.234274773132885, 0.0],
              [105.748786304188684, 19.233265140671328, 0.0],
              [105.746880812591087, 19.231996082421006, 0.0],
              [105.743476847800409, 19.229920038983789, 0.0],
              [105.741683803714338, 19.228922307968045, 0.0],
              [105.739597756227056, 19.227671806053969, 0.0],
              [105.738177092503676, 19.226851550973898, 0.0],
              [105.737443235214513, 19.226443743796548, 0.0],
              [105.736652738651657, 19.225915984530594, 0.0],
              [105.732161167578397, 19.22330742282459, 0.0],
              [105.731797486540657, 19.223024721431258, 0.0],
              [105.729245411271179, 19.221242339412377, 0.0],
              [105.727170588508017, 19.217839471586611, 0.0],
              [105.725505032952455, 19.215338638253275, 0.0],
              [105.723823713862828, 19.212817066952269, 0.0],
              [105.717202202263877, 19.205820264654196, 0.0],
              [105.717370465934124, 19.205670696947312, 0.0],
              [105.715148243711894, 19.203170696947314, 0.0],
              [105.712891209413684, 19.201264935522708, 0.0],
              [105.712210535126047, 19.200545682320652, 0.0],
              [105.710687155650859, 19.199403909023339, 0.0],
              [105.710572647135479, 19.199307222007292, 0.0],
              [105.710078756021673, 19.198812898630703, 0.0],
              [105.706667037221692, 19.189587620370649, 0.0],
              [105.706065762249708, 19.188384829868571, 0.0],
              [105.704759047160678, 19.18421030377969, 0.0],
              [105.70470449102352, 19.184073879313623, 0.0],
              [105.704618578204091, 19.18375956063748, 0.0],
              [105.702417784228103, 19.177999990473207, 0.0],
              [105.702401870797701, 19.177941703031539, 0.0],
              [105.699827900701834, 19.171210647989415, 0.0],
              [105.699344661015459, 19.16927559170934, 0.0],
              [105.696912411642643, 19.163110524077638, 0.0],
              [105.696487854837486, 19.161700227669016, 0.0],
              [105.69553470653743, 19.15961842937503, 0.0],
              [105.694548947902021, 19.157119808664596, 0.0],
              [105.693646530250149, 19.155494409877356, 0.0],
              [105.690804555557435, 19.149287172172034, 0.0],
              [105.688963360733837, 19.146391197404494, 0.0],
              [105.687675926238626, 19.144331559699012, 0.0],
              [105.685290697182126, 19.140851493199659, 0.0],
              [105.683625141626564, 19.138628715421884, 0.0],
              [105.67728143747108, 19.131784694773526, 0.0],
              [105.676535938874494, 19.130946055422744, 0.0],
              [105.67452678340517, 19.128814994898395, 0.0],
              [105.672584561182944, 19.126872217120617, 0.0],
              [105.670143739918117, 19.124588716016174, 0.0],
              [105.667919573251467, 19.122643160460619, 0.0],
              [105.665705898554236, 19.120708093478658, 0.0],
              [105.665595158353128, 19.120611067663226, 0.0],
              [105.665589625229998, 19.120595220694479, 0.0],
              [105.664479347452229, 19.117819665138924, 0.0],
              [105.664212750706213, 19.117166603353397, 0.0],
              [105.663836536852102, 19.116263283711316, 0.0],
              [105.663241351395769, 19.114078687059706, 0.0],
              [105.66020195784408, 19.107593881343256, 0.0],
              [105.660111822490109, 19.107293560315501, 0.0],
              [105.656942687237631, 19.099304197911955, 0.0],
              [105.655557824188648, 19.096534748786603, 0.0],
              [105.655096116008281, 19.09561059310133, 0.0],
              [105.654750762714187, 19.09474807238681, 0.0],
              [105.651089384291751, 19.088774134752825, 0.0],
              [105.651115336579906, 19.088761166394431, 0.0],
              [105.649727281024354, 19.085983388616651, 0.0],
              [105.648744203294626, 19.084016642386956, 0.0],
              [105.648211754063126, 19.082846445334425, 0.0],
              [105.647530952108454, 19.081145206158478, 0.0],
              [105.64663455804623, 19.079045517898845, 0.0],
              [105.646323362352945, 19.078360339230692, 0.0],
              [105.646313225980151, 19.078329984083013, 0.0],
              [105.640350310970973, 19.066223236197501, 0.0],
              [105.64025443425983, 19.0660809731366, 0.0],
              [105.638061786955817, 19.060151846088125, 0.0],
              [105.637082831049767, 19.05819256264046, 0.0],
              [105.636071731394324, 19.055969073052374, 0.0],
              [105.635978667518529, 19.055784446438199, 0.0],
              [105.635734145492492, 19.054888652531229, 0.0],
              [105.635100062926995, 19.052794600995867, 0.0],
              [105.634747116776168, 19.05113316580033, 0.0],
              [105.634419053864377, 19.046846996312095, 0.0],
              [105.633904745045655, 19.0435018020844, 0.0],
              [105.6333878380307, 19.039880089720874, 0.0],
              [105.633307326241521, 19.039337294359296, 0.0],
              [105.632753722167976, 19.035741080085298, 0.0],
              [105.632202885139407, 19.032147089693577, 0.0],
              [105.632194005873046, 19.03208938107564, 0.0],
              [105.631639537072544, 19.028499692626262, 0.0],
              [105.63108838303117, 19.024910840383882, 0.0],
              [105.630766662953334, 19.023396588563617, 0.0],
              [105.630707296916526, 19.021730132712481, 0.0],
              [105.630610931514752, 19.02037550220011, 0.0],
              [105.631111652594782, 19.013295265284047, 0.0],
              [105.631110620646339, 19.011919792676732, 0.0],
              [105.631241318046747, 19.010219215518742, 0.0],
              [105.631388333333319, 19.006387777777778, 0.0],
              [105.631388333333319, 19.0025, 0.0],
              [105.631339080393914, 19.001109783394678, 0.0],
              [105.631543085033371, 18.999885449397858, 0.0],
              [105.631646289640528, 18.999240077670873, 0.0],
              [105.632199622973872, 18.995628688781984, 0.0],
              [105.632776384297713, 18.988077538150012, 0.0],
              [105.632776401607416, 18.98803714595557, 0.0],
              [105.633106792379678, 18.98531750899043, 0.0],
              [105.635408963216648, 18.97466371505211, 0.0],
              [105.635426397225444, 18.974436758811407, 0.0],
              [105.635942705846219, 18.972718021724937, 0.0],
              [105.636568781039585, 18.970439861867245, 0.0],
              [105.637268519713118, 18.967636000825127, 0.0],
              [105.637958388265744, 18.96510801532926, 0.0],
              [105.639041362951815, 18.960168003665476, 0.0],
              [105.639181831914229, 18.959325540887914, 0.0],
              [105.639350340135721, 18.958707433845962, 0.0],
              [105.639612722359175, 18.95770409488324, 0.0],
              [105.639653411476701, 18.957541636303514, 0.0],
              [105.640490525027644, 18.955255085615523, 0.0],
              [105.641324136138735, 18.952753974504411, 0.0],
              [105.642693806743551, 18.945973639547894, 0.0],
              [105.6437897336004, 18.942388834049694, 0.0],
              [105.644619503832359, 18.939064769516843, 0.0],
              [105.645450380248519, 18.935742648184785, 0.0],
              [105.64614108548642, 18.932538065249314, 0.0],
              [105.64640062890183, 18.931107715765567, 0.0],
              [105.646834388618757, 18.92937686014757, 0.0],
              [105.647974525109959, 18.922363503018911, 0.0],
              [105.648520871015535, 18.920356953341631, 0.0],
              [105.64888594656324, 18.918690894607778, 0.0],
              [105.652454142667025, 18.91753626858219, 0.0],
              [105.655231920444805, 18.916425435248861, 0.0],
              [105.655872846275585, 18.916163968575642, 0.0],
              [105.659206457386702, 18.914777024131197, 0.0],
              [105.660713199698279, 18.914120893982133, 0.0],
              [105.663568116952433, 18.912821459131965, 0.0],
              [105.665864447966484, 18.911800782492506, 0.0],
              [105.666244699584766, 18.911629865693072, 0.0],
              [105.669300532918101, 18.910240976804182, 0.0],
              [105.678599941894532, 18.904730943543804, 0.0],
              [105.679719483468091, 18.903891812083163, 0.0],
              [105.681072654202993, 18.902989547907588, 0.0],
              [105.690823596688318, 18.894473354189337, 0.0],
              [105.698061169913146, 18.883739111383527, 0.0],
              [105.699449225468712, 18.880961333605747, 0.0],
              [105.704038971553018, 18.866850662737992, 0.0],
              [105.704595915997459, 18.863517051626882, 0.0],
              [105.704886670823029, 18.861068145727582, 0.0],
              [105.705624641807475, 18.858799424803834, 0.0],
              [105.707734604039075, 18.854868382313082, 0.0],
              [105.707948506681021, 18.854398121437853, 0.0],
              [105.708153659790298, 18.854056153984278, 0.0],
              [105.710342010011757, 18.848396065832496, 0.0],
              [105.71092921827595, 18.847339208398587, 0.0],
              [105.711631273838861, 18.845061431896465, 0.0],
              [105.714305591181414, 18.838144407484076, 0.0],
              [105.714861702292524, 18.83536524081741, 0.0],
              [105.714633881610737, 18.835319653910368, 0.0],
              [105.717016454930601, 18.827589539929047, 0.0],
              [105.717294788263928, 18.824533151040157, 0.0],
              [105.717388895526824, 18.816654773409166, 0.0],
              [105.717109728860166, 18.812489773409165, 0.0],
              [105.716666417698264, 18.80846214213657, 0.0],
              [105.716666387740929, 18.808322341270113, 0.0],
              [105.716089797328706, 18.800761615917672, 0.0],
              [105.715571657525331, 18.797379401126815, 0.0],
              [105.715046102812877, 18.793721948018579, 0.0],
              [105.71497728381938, 18.79325845777149, 0.0],
              [105.714423672708264, 18.789646513327046, 0.0],
              [105.713510098234636, 18.785103448202939, 0.0],
              [105.712677598234635, 18.781770948202936, 0.0],
              [105.712401563630706, 18.780715120398369, 0.0],
              [105.711566841408484, 18.777659009287259, 0.0],
              [105.710932130790866, 18.775564125688085, 0.0],
              [105.710224067502708, 18.77223339971551, 0.0],
              [105.710313748834579, 18.772025217630784, 0.0],
              [105.711704304390139, 18.768691050964119, 0.0],
              [105.712929762337708, 18.764674031004038, 0.0],
              [105.713923707438283, 18.762460823624799, 0.0],
              [105.715035096327171, 18.759682768069247, 0.0],
              [105.716052315281487, 18.75690442603819, 0.0],
              [105.71716175972594, 18.753571926038191, 0.0],
              [105.718005426722897, 18.750179139743949, 0.0],
              [105.718784835984124, 18.748461935214593, 0.0],
              [105.719620113761906, 18.745406379659038, 0.0],
              [105.720707862195241, 18.740451225676786, 0.0],
              [105.721079107602179, 18.738226349356903, 0.0],
              [105.721674676855699, 18.735435664912956, 0.0],
              [105.722097111618638, 18.729154725880587, 0.0],
              [105.722671731752271, 18.726858349481109, 0.0],
              [105.723508076313877, 18.723511864279708, 0.0],
              [105.724196783587047, 18.720315057422447, 0.0],
              [105.724537667072468, 18.718436270236474, 0.0],
              [105.72510333818019, 18.715990923136626, 0.0],
              [105.726186048779368, 18.709230643388526, 0.0],
              [105.726462715446033, 18.706174810055192, 0.0],
              [105.726666388888873, 18.701666388888889, 0.0],
              [105.726666388888873, 18.699420387807407, 0.0],
              [105.726796868381356, 18.697724284884639, 0.0],
              [105.726803416967826, 18.695531499357468, 0.0],
              [105.72822287311098, 18.688869198336434, 0.0],
              [105.728469940385807, 18.685149049821721, 0.0],
              [105.728713772340626, 18.682259412489373, 0.0],
              [105.728744728308868, 18.681874853116263, 0.0],
              [105.729021394975561, 18.67826374200515, 0.0],
              [105.729167498221997, 18.674430832444607, 0.0],
              [105.729166387110865, 18.67026444355572, 0.0],
              [105.728586466606615, 18.662684628340795, 0.0],
              [105.728031466606623, 18.659072406118572, 0.0],
              [105.72412148754286, 18.645957322398054, 0.0],
              [105.722731765320631, 18.642903155731386, 0.0],
              [105.721031466404384, 18.639513641132289, 0.0],
              [105.719612021959946, 18.636933085576736, 0.0],
              [105.719465590521963, 18.637013630748761, 0.0],
              [105.715463672542, 18.630481874125781, 0.0],
              [105.715645314788361, 18.630372812511105, 0.0],
              [105.713976981455033, 18.627594201399994, 0.0],
              [105.709071193287528, 18.620790419972487, 0.0],
              [105.708188524174162, 18.619760761953593, 0.0],
              [105.706985380703998, 18.618212215973827, 0.0],
              [105.70345454431245, 18.614508944903889, 0.0],
              [105.703070570447508, 18.614015506969249, 0.0],
              [105.703020919565006, 18.614054143320271, 0.0],
              [105.702907585607875, 18.61393527449766, 0.0],
              [105.697575314129054, 18.606863802857387, 0.0],
              [105.695631576566413, 18.604920342892203, 0.0],
              [105.695372454666071, 18.604661220991865, 0.0],
              [105.694884361944133, 18.60405084562802, 0.0],
              [105.69378961759341, 18.602729000322874, 0.0],
              [105.692122395371186, 18.600784833656206, 0.0],
              [105.689526979318202, 18.59798241286282, 0.0],
              [105.689501765161509, 18.597957192403378, 0.0],
              [105.689466081866698, 18.59791132116586, 0.0],
              [105.687964046325945, 18.596072266908159, 0.0],
              [105.687423511845779, 18.595441628330605, 0.0],
              [105.68662679883009, 18.594244365287185, 0.0],
              [105.683012164582451, 18.589519015370893, 0.0],
              [105.682980454618999, 18.589471490043355, 0.0],
              [105.679025023986824, 18.584305932350144, 0.0],
              [105.678191706814303, 18.58335312738291, 0.0],
              [105.673493258131415, 18.577073842824298, 0.0],
              [105.672453283577042, 18.575903042410001, 0.0],
              [105.672429017294917, 18.575865441459719, 0.0],
              [105.670760683961575, 18.573364330348607, 0.0],
              [105.666156836844848, 18.568115684814209, 0.0],
              [105.665277133637233, 18.566942844916284, 0.0],
              [105.664732875757309, 18.566230618858661, 0.0],
              [105.663305958332401, 18.56439762107988, 0.0],
              [105.662817633808416, 18.563769081894122, 0.0],
              [105.658684532133748, 18.559085243455993, 0.0],
              [105.657835356150528, 18.558236279660676, 0.0],
              [105.657434029041482, 18.55776731691336, 0.0],
              [105.652360460567593, 18.552639077501045, 0.0],
              [105.652152818147954, 18.552457490948086, 0.0],
              [105.651592145544441, 18.551822440034794, 0.0],
              [105.651523005550544, 18.550916720054172, 0.0],
              [105.651085585334357, 18.547112785776722, 0.0],
              [105.650529474223248, 18.543501396887834, 0.0],
              [105.64997325809135, 18.539893892381453, 0.0],
              [105.649420985540473, 18.536298310318045, 0.0],
              [105.648904187775273, 18.53294027276549, 0.0],
              [105.648387272672039, 18.52932057410866, 0.0],
              [105.648305081109982, 18.528767168704221, 0.0],
              [105.647750571152898, 18.525172118862692, 0.0],
              [105.647486504698293, 18.52345280967036, 0.0],
              [105.647353212133964, 18.521720406211777, 0.0],
              [105.645585719805396, 18.513541128177348, 0.0],
              [105.645204751960961, 18.511256843459719, 0.0],
              [105.644984065011172, 18.509820611023169, 0.0],
              [105.644849802807002, 18.508085879283861, 0.0],
              [105.643129285511463, 18.500124086911182, 0.0],
              [105.642753673809111, 18.497680637897936, 0.0],
              [105.641564253300146, 18.492091949449254, 0.0],
              [105.64148486286436, 18.491801555234694, 0.0],
              [105.641356122709837, 18.490969157702654, 0.0],
              [105.640453350058024, 18.486495068189079, 0.0],
              [105.640179849010721, 18.485400060493642, 0.0],
              [105.63997547257577, 18.484070386180417, 0.0],
              [105.638904557568353, 18.479403869397593, 0.0],
              [105.638736740014636, 18.47724170071735, 0.0],
              [105.63740518630199, 18.469029721944231, 0.0],
              [105.636575186301997, 18.465696388610898, 0.0],
              [105.635086654173847, 18.460825667514499, 0.0],
              [105.634876972731078, 18.459566214564187, 0.0],
              [105.633795946912329, 18.45462868096995, 0.0],
              [105.632963169134541, 18.451573403192171, 0.0],
              [105.632504449452099, 18.449993393439811, 0.0],
              [105.6314508202328, 18.446575343471803, 0.0],
              [105.630981127321022, 18.445006773019834, 0.0],
              [105.631184884575248, 18.444803015765601, 0.0],
              [105.633126095978199, 18.442862636072775, 0.0],
              [105.635070817117949, 18.440918748265897, 0.0],
              [105.635946581977635, 18.44004255303793, 0.0],
              [105.636427286258538, 18.439630540423344, 0.0],
              [105.641593277282624, 18.434118007782995, 0.0],
              [105.643417063476278, 18.432293613660605, 0.0],
              [105.64372957869665, 18.431838400400867, 0.0],
              [105.64388201040731, 18.431675743366334, 0.0],
              [105.645549232629534, 18.429453798921891, 0.0],
              [105.645428737509519, 18.429363386156506, 0.0],
              [105.646800928494827, 18.427364637005528, 0.0],
              [105.648752200196057, 18.425170371228958, 0.0],
              [105.652065072323708, 18.421020646108659, 0.0],
              [105.653454794545937, 18.419076479441994, 0.0],
              [105.654382981498784, 18.417732087149485, 0.0],
              [105.656049370387677, 18.415232087149487, 0.0],
              [105.657718917114352, 18.412726514923701, 0.0],
              [105.659372510394505, 18.410244884601767, 0.0],
              [105.660272305746432, 18.408897213081175, 0.0],
              [105.66112071136628, 18.407765250946607, 0.0],
              [105.664822181490891, 18.402054429383888, 0.0],
              [105.666005112584926, 18.399924490840696, 0.0],
              [105.668577841396583, 18.39593259129396, 0.0],
              [105.668704472317359, 18.396008595185279, 0.0],
              [105.670370861206251, 18.393232206296389, 0.0],
              [105.672894667190278, 18.388378670567381, 0.0],
              [105.67315373630089, 18.387946859926103, 0.0],
              [105.676115394486203, 18.381237940370752, 0.0],
              [105.677220250374418, 18.379027344001937, 0.0],
              [105.678606393381713, 18.376256166236818, 0.0],
              [105.683206973725561, 18.362116280162823, 0.0],
              [105.683253500155644, 18.361837400462012, 0.0],
              [105.685154417866386, 18.355990783205158, 0.0],
              [105.685292678477822, 18.355160527541486, 0.0],
              [105.685458388265744, 18.354553293107038, 0.0],
              [105.687075059221613, 18.345223359246461, 0.0],
              [105.687352836999395, 18.341610859246462, 0.0],
              [105.687460607407942, 18.340208226890137, 0.0],
              [105.687651528334356, 18.339064227173179, 0.0],
              [105.68820679914009, 18.327274802908061, 0.0],
              [105.688190328667446, 18.327043985473594, 0.0],
              [105.688331661222946, 18.32335777621984, 0.0],
              [105.688331831711622, 18.322992418986622, 0.0],
              [105.688384740953779, 18.322635753086434, 0.0],
              [105.688940852064889, 18.318748253086433, 0.0],
              [105.689295773070185, 18.315524295553317, 0.0],
              [105.689390892034083, 18.314294745845032, 0.0],
              [105.691325062621715, 18.313006730869088, 0.0],
              [105.697571640464744, 18.307886201985557, 0.0],
              [105.698746842824562, 18.306972416861782, 0.0],
              [105.701265202642688, 18.304749883697028, 0.0],
              [105.703209067748517, 18.303348832693121, 0.0],
              [105.705709067748529, 18.301403277137567, 0.0],
              [105.712633444193131, 18.294865398520958, 0.0],
              [105.714576499748674, 18.292644287409846, 0.0],
              [105.714898195127873, 18.292272890018509, 0.0],
              [105.716566250683428, 18.29032789001851, 0.0],
              [105.716519204518519, 18.290287542657712, 0.0],
              [105.723225546588196, 18.282344711128264, 0.0],
              [105.724233814677063, 18.280732449543027, 0.0],
              [105.725500525024628, 18.278830905207062, 0.0],
              [105.728595093968025, 18.273500132482354, 0.0],
              [105.729508436358302, 18.271676366894432, 0.0],
              [105.730379943010092, 18.270106957715889, 0.0],
              [105.734558287096249, 18.260202206932767, 0.0],
              [105.73503572250327, 18.258610967698818, 0.0],
              [105.736666750371469, 18.255622968102141, 0.0],
              [105.739184945925899, 18.250274655339798, 0.0],
              [105.741974630446251, 18.244970456810474, 0.0],
              [105.743086852668483, 18.242191845699363, 0.0],
              [105.744202415112113, 18.239400586478286, 0.0],
              [105.744543595148713, 18.238548147645584, 0.0],
              [105.745009036687776, 18.237616145941679, 0.0],
              [105.747261999160443, 18.232376787523666, 0.0],
              [105.748373943604889, 18.229321509745887, 0.0],
              [105.749624852984809, 18.225385699777249, 0.0],
              [105.749706560820343, 18.225086303977502, 0.0],
              [105.749756442444422, 18.224961624858107, 0.0],
              [105.750331787817132, 18.223453398736229, 0.0],
              [105.751441232261584, 18.220397843180674, 0.0],
              [105.752669261544327, 18.216534085137209, 0.0],
              [105.753505650433212, 18.213478529581653, 0.0],
              [105.753789462040132, 18.212394094990426, 0.0],
              [105.754621962040133, 18.209061039434872, 0.0],
              [105.755306504645247, 18.205884665000738, 0.0],
              [105.75580286617955, 18.203153310885028, 0.0],
              [105.757909262229376, 18.194374518409894, 0.0],
              [105.75817582869692, 18.190894166658961, 0.0],
              [105.758209854346646, 18.190478790732065, 0.0],
              [105.75823370937087, 18.190395531478213, 0.0],
              [105.759068153815321, 18.187340253700434, 0.0],
              [105.759255880710754, 18.186621833685969, 0.0],
              [105.764911412821561, 18.181378219401878, 0.0],
              [105.765694796952886, 18.180693100846248, 0.0],
              [105.768683833519418, 18.177853164881203, 0.0],
              [105.769504720085649, 18.17700614240329, 0.0],
              [105.770803628782161, 18.175750046304877, 0.0],
              [105.77793240758615, 18.171821501214662, 0.0],
              [105.78010475398861, 18.169891330671405, 0.0],
              [105.780799870879846, 18.169295289054023, 0.0],
              [105.780926072524196, 18.169197203857756, 0.0],
              [105.781924351011597, 18.168530908168435, 0.0],
              [105.786587299079443, 18.164118946537474, 0.0],
              [105.793399842272862, 18.158699721280705, 0.0],
              [105.794276512910855, 18.157823598493394, 0.0],
              [105.79477624848117, 18.157394917066032, 0.0],
              [105.795147507790873, 18.157073265621079, 0.0],
              [105.797370007790875, 18.15512854339886, 0.0],
              [105.808153453488984, 18.141780085015167, 0.0],
              [105.80855655925933, 18.141054414007392, 0.0],
              [105.809097380310291, 18.14024354285818, 0.0],
              [105.81028120199727, 18.138204275146393, 0.0],
              [105.812163781387653, 18.137112291177043, 0.0],
              [105.815142589887188, 18.135830959870656, 0.0],
              [105.817920923220512, 18.134441515426211, 0.0],
              [105.823085624767756, 18.131443250039844, 0.0],
              [105.823993037532532, 18.131087048980604, 0.0],
              [105.827050815310301, 18.129699548980607, 0.0],
              [105.832336722359102, 18.126908648306909, 0.0],
              [105.832477042613064, 18.126823464929778, 0.0],
              [105.832882112451017, 18.12658044084402, 0.0],
              [105.839376623268848, 18.123007075846427, 0.0],
              [105.841877456602191, 18.121342075846425, 0.0],
              [105.848466682307873, 18.115942215016638, 0.0],
              [105.848611910993213, 18.115833288964797, 0.0],
              [105.848712149445078, 18.11574105505666, 0.0],
              [105.849532236765057, 18.115068994697225, 0.0],
              [105.850559409466399, 18.114041308024053, 0.0],
              [105.855981347980148, 18.109052338526872, 0.0],
              [105.856758284255008, 18.108178297355767, 0.0],
              [105.858308301712214, 18.106774578028492, 0.0],
              [105.858524388975056, 18.106585430743277, 0.0],
              [105.865066513084145, 18.101476661583131, 0.0],
              [105.867289846417478, 18.099254717138688, 0.0],
              [105.86851252716032, 18.09803117192363, 0.0],
              [105.86887493554508, 18.09771348896448, 0.0],
              [105.870815595607752, 18.096587390594546, 0.0],
              [105.87331559560775, 18.09491850170566, 0.0],
              [105.876066960684156, 18.092811229803498, 0.0],
              [105.877125741007504, 18.092181065134536, 0.0],
              [105.878136104256953, 18.091537956387434, 0.0],
              [105.883545381642762, 18.088561609968988, 0.0],
              [105.885074748597006, 18.087543221110757, 0.0],
              [105.886128012269864, 18.086910736275208, 0.0],
              [105.887889824140203, 18.085932147659669, 0.0],
              [105.891327195080024, 18.083837532952469, 0.0],
              [105.893828028413353, 18.082171977396914, 0.0],
              [105.896346402149206, 18.080491132240258, 0.0],
              [105.898824826087306, 18.07884077663558, 0.0],
              [105.898869628789257, 18.07881090816851, 0.0],
              [105.90036460770628, 18.077813092408068, 0.0],
              [105.902107574766575, 18.076767695547968, 0.0],
              [105.906388921703979, 18.073889489265053, 0.0],
              [105.907509115887251, 18.073049378655554, 0.0],
              [105.908865584607852, 18.072144162164015, 0.0],
              [105.911088985981038, 18.0705712368269, 0.0],
              [105.913312319314372, 18.068905681271342, 0.0],
              [105.913133109400377, 18.068666455762411, 0.0],
              [105.913695754778388, 18.068279988708852, 0.0],
              [105.913784480472614, 18.068427830355716, 0.0],
              [105.916561147139276, 18.066761441466827, 0.0],
              [105.918564821631747, 18.065493380831679, 0.0],
              [105.921065932742877, 18.063826158609455, 0.0],
              [105.925312837577707, 18.060345979007291, 0.0],
              [105.925535184344824, 18.060197574835176, 0.0],
              [105.933113215159352, 18.053985229540633, 0.0],
              [105.933218874189251, 18.053879689362294, 0.0],
              [105.93785730825411, 18.05007531412868, 0.0],
              [105.939796980602921, 18.048135364723375, 0.0],
              [105.941736929311531, 18.046196247183886, 0.0],
              [105.943762153224171, 18.044048689356895, 0.0],
              [105.945983542113055, 18.041549244912453, 0.0],
              [105.948609355859446, 18.038335488417047, 0.0],
              [105.95027657808167, 18.036112710639269, 0.0],
              [105.952669056592811, 18.032624871320188, 0.0],
              [105.954058778815039, 18.030402926875741, 0.0],
              [105.955568987976818, 18.02781946865851, 0.0],
              [105.95723454353238, 18.024763913102959, 0.0],
              [105.958039507995693, 18.023224080293733, 0.0],
              [105.95845700799569, 18.022390469182621, 0.0],
              [105.95848860495795, 18.022305141820944, 0.0],
              [105.95849722278075, 18.022309438667396, 0.0],
              [105.958695257736622, 18.02191225664599, 0.0],
              [105.960718469719282, 18.020425743711943, 0.0],
              [105.961029754233408, 18.020149046366051, 0.0],
              [105.964235899692113, 18.018228296995172, 0.0],
              [105.965126214477351, 18.017783451119275, 0.0],
              [105.965854080681538, 18.017258871197932, 0.0],
              [105.968203684914187, 18.0158512616837, 0.0],
              [105.970702851580867, 18.013906817239256, 0.0],
              [105.970631814423697, 18.013815514195954, 0.0],
              [105.971496874737042, 18.013192057208222, 0.0],
              [105.97156282969955, 18.013295720916808, 0.0],
              [105.974618107477326, 18.011351832027916, 0.0],
              [105.983130868241005, 18.004524254141572, 0.0],
              [105.985074757129894, 18.002580643030463, 0.0],
              [105.989720146026983, 17.99722517551799, 0.0],
              [105.990003945335317, 17.996846823692845, 0.0],
              [105.993380912171972, 17.993931871079234, 0.0],
              [105.994031468404174, 17.992782943756559, 0.0],
              [105.996467005725975, 17.990633394614886, 0.0],
              [105.997335437751005, 17.989764962589859, 0.0],
              [105.997827445230286, 17.989343021023569, 0.0],
              [105.998190294746252, 17.989028809190486, 0.0],
              [106.000412794746239, 17.987085475857153, 0.0],
              [106.009901959316224, 17.975942842932415, 0.0],
              [106.010169622916578, 17.975514527639124, 0.0],
              [106.010562131270021, 17.97499076878443, 0.0],
              [106.011424246598509, 17.973841185857243, 0.0],
              [106.01631904697706, 17.968576876191342, 0.0],
              [106.017986269199284, 17.966077153969124, 0.0],
              [106.02010051482425, 17.962609984939395, 0.0],
              [106.021489125935361, 17.960109707161614, 0.0],
              [106.021373871239305, 17.960045696693271, 0.0],
              [106.023424557573236, 17.956257648196598, 0.0],
              [106.023438802547389, 17.956266188912672, 0.0],
              [106.025104080325164, 17.953488688912671, 0.0],
              [106.02790331127386, 17.948103539468054, 0.0],
              [106.029015533496079, 17.945603817245829, 0.0],
              [106.031567981908807, 17.93844690807958, 0.0],
              [106.03203999827312, 17.936718014585423, 0.0],
              [106.032287511771656, 17.935974978691281, 0.0],
              [106.033014109330281, 17.935490338326446, 0.0],
              [106.03550610843979, 17.933829559364341, 0.0],
              [106.038023134647986, 17.932150521693501, 0.0],
              [106.037836912074553, 17.931871358508925, 0.0],
              [106.039937021022752, 17.93042983966901, 0.0],
              [106.047705388771803, 17.925421857449912, 0.0],
              [106.047746745759213, 17.925483855026766, 0.0],
              [106.048556445176047, 17.924943725391326, 0.0],
              [106.049280710902821, 17.924541346608514, 0.0],
              [106.051777196381749, 17.923154780204364, 0.0],
              [106.055228608439691, 17.921050948253306, 0.0],
              [106.057728608439689, 17.919384837142193, 0.0],
              [106.060702494539186, 17.917241416145743, 0.0],
              [106.06094498976411, 17.917052754860752, 0.0],
              [106.065702415834139, 17.913909625694682, 0.0],
              [106.068202795383854, 17.911964423165941, 0.0],
              [106.070701507995338, 17.910020609720601, 0.0],
              [106.070995005975277, 17.909780835827672, 0.0],
              [106.071157486559343, 17.909687612529211, 0.0],
              [106.071176012681278, 17.909721554976105, 0.0],
              [106.074232123792399, 17.90805349942055, 0.0],
              [106.077997576852923, 17.905777743929985, 0.0],
              [106.08049868796401, 17.904111632818871, 0.0],
              [106.084323465343715, 17.901215826572905, 0.0],
              [106.085708392162744, 17.900385590499425, 0.0],
              [106.087751004625176, 17.89909295817629, 0.0],
              [106.090244138152102, 17.897429484084153, 0.0],
              [106.095499982876191, 17.894665492790782, 0.0],
              [106.096157603655016, 17.894227371214136, 0.0],
              [106.097270065376094, 17.893620785332953, 0.0],
              [106.105885068471864, 17.887675374828618, 0.0],
              [106.107828957360752, 17.886008152606394, 0.0],
              [106.108495969719257, 17.885425743711966, 0.0],
              [106.109531602709708, 17.88450518105379, 0.0],
              [106.110955762668155, 17.883858294686629, 0.0],
              [106.116664355814095, 17.880685085419753, 0.0],
              [106.116922594470992, 17.880581660837663, 0.0],
              [106.122245743464163, 17.878076918004357, 0.0],
              [106.125302687908601, 17.876412195782134, 0.0],
              [106.125411404624344, 17.876352374064691, 0.0],
              [106.12588869858628, 17.876157485729632, 0.0],
              [106.126375399629879, 17.875954801747881, 0.0],
              [106.130243487307283, 17.874476196030315, 0.0],
              [106.134053077655864, 17.873766251579259, 0.0],
              [106.13412937395367, 17.873760785494493, 0.0],
              [106.1426584321691, 17.872401913909865, 0.0],
              [106.14377519815497, 17.872123327429144, 0.0],
              [106.144847011614516, 17.871957855920428, 0.0],
              [106.148453304624212, 17.871443186389474, 0.0],
              [106.153521655338537, 17.870450420017704, 0.0],
              [106.156029092361877, 17.869823247279989, 0.0],
              [106.159085261729558, 17.869168431824278, 0.0],
              [106.162956758465256, 17.868175555715165, 0.0],
              [106.164640647237206, 17.867671179799657, 0.0],
              [106.166862046666353, 17.867115181710087, 0.0],
              [106.173159620080781, 17.864915495840922, 0.0],
              [106.17322714705621, 17.864898629578448, 0.0],
              [106.181813754838487, 17.861901404103396, 0.0],
              [106.183082196762797, 17.861324409984984, 0.0],
              [106.183671978724007, 17.861110221774787, 0.0],
              [106.185045688208405, 17.860651822634225, 0.0],
              [106.186742679744199, 17.86018998804543, 0.0],
              [106.189839060246655, 17.859344363279543, 0.0],
              [106.197358751254669, 17.856628023974768, 0.0],
              [106.200415695699107, 17.855238301752543, 0.0],
              [106.207454863859837, 17.851325759988054, 0.0],
              [106.209948690281834, 17.849663486224284, 0.0],
              [106.212441404659614, 17.848002877769119, 0.0],
              [106.212591987345959, 17.847902533909025, 0.0],
              [106.213974957738259, 17.847325886707885, 0.0],
              [106.21569818268452, 17.846678507954998, 0.0],
              [106.219629757083297, 17.84500651565364, 0.0],
              [106.220118645972192, 17.844773460098082, 0.0],
              [106.222648442755883, 17.843386945459184, 0.0],
              [106.223713683518483, 17.84308310042077, 0.0],
              [106.224367161372712, 17.842891884123958, 0.0],
              [106.227146605817168, 17.842057995235066, 0.0],
              [106.233470039500403, 17.839684559670808, 0.0],
              [106.236525317278179, 17.838295670781921, 0.0],
              [106.238190713678136, 17.837501203530703, 0.0],
              [106.240969047011475, 17.836112314641813, 0.0],
              [106.242555110345279, 17.835283640198593, 0.0],
              [106.24483228018525, 17.834041509905738, 0.0],
              [106.246262704275239, 17.833325761451714, 0.0],
              [106.247835129765505, 17.832503755646776, 0.0],
              [106.250892074209958, 17.830835977868997, 0.0],
              [106.251228939925554, 17.830650509443654, 0.0],
              [106.253727273258875, 17.829262453888102, 0.0],
              [106.255141565595252, 17.828446179049436, 0.0],
              [106.256758153421075, 17.827477615785813, 0.0],
              [106.263511171667673, 17.824259370739568, 0.0],
              [106.26628700500099, 17.822593259628459, 0.0],
              [106.268314818835762, 17.821308927879091, 0.0],
              [106.270790786041601, 17.819656172980135, 0.0],
              [106.271592535329049, 17.819122266881973, 0.0],
              [106.272330834529527, 17.818712264725978, 0.0],
              [106.272902308215095, 17.818382171566782, 0.0],
              [106.273734534651354, 17.818106275944238, 0.0],
              [106.276791479095792, 17.816995998166462, 0.0],
              [106.282081391403594, 17.814721975913219, 0.0],
              [106.284029466207016, 17.813748035886025, 0.0],
              [106.286239085556744, 17.812744083541009, 0.0],
              [106.289020903584344, 17.811355467776252, 0.0],
              [106.294038915262917, 17.809438767972949, 0.0],
              [106.294237648176107, 17.809339341872619, 0.0],
              [106.294584687421107, 17.809213168724103, 0.0],
              [106.299866324169471, 17.806941175839118, 0.0],
              [106.302643824169479, 17.805552009172452, 0.0],
              [106.304229890231298, 17.804722925596352, 0.0],
              [106.304661147306859, 17.804487573262513, 0.0],
              [106.310389824140259, 17.801765758770756, 0.0],
              [106.311132492231067, 17.801353247905652, 0.0],
              [106.312356638490797, 17.800796787423057, 0.0],
              [106.317877073293232, 17.796972497440454, 0.0],
              [106.317910455767361, 17.79703253382764, 0.0],
              [106.320408789100696, 17.795643367160974, 0.0],
              [106.323848764247799, 17.793544826396356, 0.0],
              [106.323867337446757, 17.793532442200714, 0.0],
              [106.32914231106038, 17.790757919284513, 0.0],
              [106.33164119994926, 17.789090419284513, 0.0],
              [106.332563646065225, 17.788459864610626, 0.0],
              [106.333208112742938, 17.78800867995162, 0.0],
              [106.333430251435573, 17.787885392977209, 0.0],
              [106.334191897609458, 17.787462417939889, 0.0],
              [106.335421138324435, 17.786903377334522, 0.0],
              [106.342453755948384, 17.782993813410858, 0.0],
              [106.342456462556797, 17.782992009305783, 0.0],
              [106.346978749363714, 17.78061467457594, 0.0],
              [106.349008757299856, 17.779692765690481, 0.0],
              [106.356085957502899, 17.775758637128511, 0.0],
              [106.357065288471802, 17.775105169536104, 0.0],
              [106.362114787771333, 17.772874924063423, 0.0],
              [106.364892565549113, 17.771208257396758, 0.0],
              [106.368092267738916, 17.769056364149677, 0.0],
              [106.368382576845377, 17.768898052119443, 0.0],
              [106.368745139664668, 17.768698387175782, 0.0],
              [106.371245139664666, 17.767308109398002, 0.0],
              [106.376932441894667, 17.763619554654824, 0.0],
              [106.377759228410824, 17.762999852275449, 0.0],
              [106.378679638946252, 17.762497429795705, 0.0],
              [106.385422818383702, 17.758075763487383, 0.0],
              [106.3879228183837, 17.75613104126516, 0.0],
              [106.38974921566799, 17.754639874619102, 0.0],
              [106.391693104556879, 17.752974874619103, 0.0],
              [106.392398278697286, 17.752359335297076, 0.0],
              [106.394549940636495, 17.750445391704812, 0.0],
              [106.396141468149338, 17.74908187477552, 0.0],
              [106.400974885837115, 17.74433679453719, 0.0],
              [106.401759322796622, 17.743454645977405, 0.0],
              [106.405401395178473, 17.740153057380009, 0.0],
              [106.406341662422378, 17.739078773182456, 0.0],
              [106.408927052523424, 17.73627485137246, 0.0],
              [106.728281028974308, 17.360640612788728, 0.0],
              [106.837349357333096, 17.274944069078256, 0.0],
              [106.849197655497591, 17.261577058849223, 0.0],
              [106.981656571753305, 17.043409432075119, 0.0],
              [107.047045324500559, 16.992551513271689, 0.0],
              [107.05795080854169, 16.980818912214136, 0.0],
              [107.135931429856186, 16.86384798024239, 0.0],
              [107.204430456867669, 16.795348953230917, 0.0],
              [107.29457817247571, 16.711638803559644, 0.0],
              [107.296787358689897, 16.709363858825974, 0.0],
              [107.297188778042781, 16.709096112072984, 0.0],
              [107.302666225273967, 16.704867028539777, 0.0],
              [107.303120331158823, 16.70446329474262, 0.0],
              [107.307666996932724, 16.701531898019226, 0.0],
              [107.309809831745127, 16.699626679778238, 0.0],
              [107.311393328268522, 16.698272076231188, 0.0],
              [107.314253754764835, 16.695625255060669, 0.0],
              [107.315159662690277, 16.694718958444749, 0.0],
              [107.316563556474961, 16.693470168630505, 0.0],
              [107.321283953228814, 16.688663902057648, 0.0],
              [107.321703320484346, 16.688174977801857, 0.0],
              [107.3225701124408, 16.687308619024797, 0.0],
              [107.325186824103696, 16.684483566425207, 0.0],
              [107.326273040803969, 16.683216283430507, 0.0],
              [107.326645149895867, 16.682897135278246, 0.0],
              [107.328202772316956, 16.681685305034634, 0.0],
              [107.335133774692963, 16.675141845871, 0.0],
              [107.337077663581852, 16.672919623648777, 0.0],
              [107.341045970543902, 16.667735798263362, 0.0],
              [107.341698522069308, 16.66675702532736, 0.0],
              [107.341790331784296, 16.666639018015371, 0.0],
              [107.342686305200218, 16.665593616177365, 0.0],
              [107.34418412322286, 16.663759846850468, 0.0],
              [107.345395511111732, 16.66220291666562, 0.0],
              [107.346129322334136, 16.66134741447128, 0.0],
              [107.346817389205683, 16.660560729269886, 0.0],
              [107.347583167960522, 16.659794731658593, 0.0],
              [107.350617621230143, 16.656357155065837, 0.0],
              [107.354017086084099, 16.653205006522686, 0.0],
              [107.354871656519379, 16.652228459252878, 0.0],
              [107.355646018364553, 16.651453544134021, 0.0],
              [107.357912989029344, 16.649029047966483, 0.0],
              [107.362080813684884, 16.644862292560639, 0.0],
              [107.36293237637544, 16.643888678229803, 0.0],
              [107.363685048165706, 16.643135360831149, 0.0],
              [107.365614030672887, 16.641208580358793, 0.0],
              [107.366244406656463, 16.640577982325894, 0.0],
              [107.372580604945355, 16.63563118414622, 0.0],
              [107.3734017456419, 16.634809940768566, 0.0],
              [107.373888243881495, 16.634445067088876, 0.0],
              [107.374413051135051, 16.634051510867849, 0.0],
              [107.374873809661082, 16.633898832805841, 0.0],
              [107.375086849229874, 16.63386613058487, 0.0],
              [107.379627942617347, 16.632768821904264, 0.0],
              [107.382923514536259, 16.632377524295695, 0.0],
              [107.385963595415717, 16.631872026008846, 0.0],
              [107.389278946386483, 16.631361344109678, 0.0],
              [107.393807042225745, 16.630447960599309, 0.0],
              [107.397139820003517, 16.629613793932641, 0.0],
              [107.400780273440205, 16.628554432795173, 0.0],
              [107.402317762530757, 16.628043046655407, 0.0],
              [107.403812990749515, 16.627668553944957, 0.0],
              [107.414000933114934, 16.623900529686306, 0.0],
              [107.416782044226039, 16.622511918575196, 0.0],
              [107.418395707053818, 16.621669172645859, 0.0],
              [107.419672336923767, 16.620972575772477, 0.0],
              [107.420321056205282, 16.62068401574529, 0.0],
              [107.4353597576482, 16.610350642140386, 0.0],
              [107.436399890856165, 16.609310248899117, 0.0],
              [107.437363122555936, 16.608467692138472, 0.0],
              [107.446829510638551, 16.597356413921034, 0.0],
              [107.447842022707349, 16.595738336304109, 0.0],
              [107.449112469468972, 16.593831182985003, 0.0],
              [107.450382969214047, 16.591822022246024, 0.0],
              [107.452048246991822, 16.589044522246027, 0.0],
              [107.454557879889421, 16.584216013518351, 0.0],
              [107.454815585321185, 16.583786647587374, 0.0],
              [107.457481082549009, 16.578412416604245, 0.0],
              [107.458975284587567, 16.577014557989692, 0.0],
              [107.460747330635698, 16.575241626029271, 0.0],
              [107.462451113528388, 16.574105392149061, 0.0],
              [107.464939979257707, 16.572447806467906, 0.0],
              [107.466577538547881, 16.571289504849904, 0.0],
              [107.467733881856148, 16.570906557723966, 0.0],
              [107.467739485747487, 16.570948458404988, 0.0],
              [107.471905874636377, 16.570391236182768, 0.0],
              [107.476510354739148, 16.569554458240681, 0.0],
              [107.478626105953381, 16.569066683545181, 0.0],
              [107.480444060320977, 16.568763640643432, 0.0],
              [107.484329577428483, 16.567956282701918, 0.0],
              [107.487662077428482, 16.567124616035251, 0.0],
              [107.491035761550108, 16.56627966680356, 0.0],
              [107.494679288453298, 16.56521865639073, 0.0],
              [107.497487527424909, 16.564283902294054, 0.0],
              [107.500568395787241, 16.563333809889087, 0.0],
              [107.50290731899868, 16.562548825770502, 0.0],
              [107.50596259677647, 16.561438825770505, 0.0],
              [107.50747230643762, 16.560862556516526, 0.0],
              [107.510249806437614, 16.559750612072079, 0.0],
              [107.511910500694455, 16.55900507700715, 0.0],
              [107.514845710013219, 16.558107464607499, 0.0],
              [107.515983455994686, 16.557694242772406, 0.0],
              [107.516530651033534, 16.557544935418594, 0.0],
              [107.519340999095675, 16.556842875299413, 0.0],
              [107.52505829661699, 16.554847628448442, 0.0],
              [107.525134069895373, 16.554830140514241, 0.0],
              [107.5253893880042, 16.554732082765323, 0.0],
              [107.527917913383064, 16.553849667204304, 0.0],
              [107.529173887313732, 16.553278603868794, 0.0],
              [107.534339005824535, 16.551294882869129, 0.0],
              [107.534371300766892, 16.551378671842496, 0.0],
              [107.535596689853747, 16.550906367810942, 0.0],
              [107.536183486368827, 16.55074668657646, 0.0],
              [107.545429700820478, 16.547215318391654, 0.0],
              [107.54820914526492, 16.545824485058318, 0.0],
              [107.553541119461855, 16.542731483512412, 0.0],
              [107.553567387641067, 16.542713996964661, 0.0],
              [107.558823429725749, 16.539949114944889, 0.0],
              [107.561075243457282, 16.538449657201213, 0.0],
              [107.562635527379754, 16.537740398534133, 0.0],
              [107.568442486702423, 16.534623605604608, 0.0],
              [107.570665820035771, 16.533234161160163, 0.0],
              [107.571934786230017, 16.532414220060812, 0.0],
              [107.574433119563338, 16.53074588672748, 0.0],
              [107.576958198940886, 16.52892580926234, 0.0],
              [107.579425191811453, 16.52742062540716, 0.0],
              [107.581923525144788, 16.52575312540716, 0.0],
              [107.584170914064785, 16.524161952889699, 0.0],
              [107.585267112808907, 16.52333959814008, 0.0],
              [107.586599090723681, 16.5224527466296, 0.0],
              [107.588141389537057, 16.521425065046675, 0.0],
              [107.589913602295766, 16.520360460504442, 0.0],
              [107.591881910897953, 16.519114759439944, 0.0],
              [107.594381910897965, 16.517449759439945, 0.0],
              [107.596900933453441, 16.515770602580226, 0.0],
              [107.597754776869181, 16.515200811750496, 0.0],
              [107.599392036161987, 16.513681259699869, 0.0],
              [107.600902761341388, 16.512623344137694, 0.0],
              [107.600886623753681, 16.512600299330565, 0.0],
              [107.608471718785552, 16.507668428315672, 0.0],
              [107.60854708423355, 16.507601523279391, 0.0],
              [107.609848040757569, 16.506951565087945, 0.0],
              [107.615270821783056, 16.503802786484471, 0.0],
              [107.617768044005288, 16.502135008706691, 0.0],
              [107.619162074560535, 16.50114827060689, 0.0],
              [107.619217824650676, 16.501117866600271, 0.0],
              [107.619540673578101, 16.500940250331595, 0.0],
              [107.622039840244781, 16.499553305887151, 0.0],
              [107.623529386960982, 16.498692819564706, 0.0],
              [107.625573365470572, 16.497464674461636, 0.0],
              [107.627326302446562, 16.496491447901995, 0.0],
              [107.627293002458131, 16.496431469287106, 0.0],
              [107.633889342816119, 16.492647763952647, 0.0],
              [107.633898258342356, 16.492643806116323, 0.0],
              [107.641339719550786, 16.488551226031085, 0.0],
              [107.643763407216369, 16.486935972851281, 0.0],
              [107.647122706026337, 16.485091394267116, 0.0],
              [107.649900206026345, 16.483424172044892, 0.0],
              [107.650645238553736, 16.482968058428014, 0.0],
              [107.652866905220407, 16.48158111398357, 0.0],
              [107.655419206180298, 16.479831835651474, 0.0],
              [107.655614301329933, 16.479725394319949, 0.0],
              [107.659421437131115, 16.477422760469029, 0.0],
              [107.661283034392937, 16.476180453735047, 0.0],
              [107.662857755596875, 16.475197900077642, 0.0],
              [107.66402346060265, 16.474445456218945, 0.0],
              [107.66456976146695, 16.474172510632545, 0.0],
              [107.66996071082535, 16.471044824974047, 0.0],
              [107.670771587728368, 16.470504150244562, 0.0],
              [107.671498462815961, 16.470100465313099, 0.0],
              [107.675883470168515, 16.467256482438344, 0.0],
              [107.676423869183964, 16.466962062885749, 0.0],
              [107.680253798407563, 16.464647391942091, 0.0],
              [107.682137388014738, 16.46339061805115, 0.0],
              [107.682473606729801, 16.463180355272218, 0.0],
              [107.684223186653711, 16.462225850910311, 0.0],
              [107.685076544673379, 16.46174940994517, 0.0],
              [107.687021266895613, 16.460638576611839, 0.0],
              [107.689723482990772, 16.458979258741532, 0.0],
              [107.689895982990762, 16.458865647630422, 0.0],
              [107.690136047626424, 16.458706544242627, 0.0],
              [107.691219196595767, 16.457984186483309, 0.0],
              [107.693258515377053, 16.456793917972444, 0.0],
              [107.69770275049882, 16.4536325589008, 0.0],
              [107.698501304370637, 16.453153458523058, 0.0],
              [107.700344453153789, 16.45198709411655, 0.0],
              [107.702886799045871, 16.450845510927632, 0.0],
              [107.706221521268091, 16.449180788705405, 0.0],
              [107.709904155321397, 16.446965063856805, 0.0],
              [107.717213558840186, 16.443267987291115, 0.0],
              [107.719326313550269, 16.442210341775976, 0.0],
              [107.724677043143231, 16.43910365908323, 0.0],
              [107.724853843101272, 16.438985805539371, 0.0],
              [107.73029425403864, 16.43673274252075, 0.0],
              [107.730402748664801, 16.436949905573044, 0.0],
              [107.733179415331477, 16.43556268335082, 0.0],
              [107.73858086220234, 16.432428147316422, 0.0],
              [107.741070199700459, 16.430767482612126, 0.0],
              [107.743560644670822, 16.429107923547015, 0.0],
              [107.748770723031399, 16.425118643722339, 0.0],
              [107.750991278586952, 16.423174477055671, 0.0],
              [107.753403433605342, 16.420917521048889, 0.0],
              [107.75562676693869, 16.418695021048887, 0.0],
              [107.75758316579666, 16.416738067156409, 0.0],
              [107.759843741074164, 16.414322001932156, 0.0],
              [107.760703502273572, 16.413339891517921, 0.0],
              [107.761471972009815, 16.412570652762653, 0.0],
              [107.763681413593247, 16.410361763263548, 0.0],
              [107.765624127866161, 16.4084201584791, 0.0],
              [107.769752168932683, 16.403744462569513, 0.0],
              [107.770955049395241, 16.40219731238772, 0.0],
              [107.771837340121223, 16.401168928544692, 0.0],
              [107.777600514824371, 16.39288831827254, 0.0],
              [107.777808408109351, 16.392513993916044, 0.0],
              [107.7783505704475, 16.391817270808549, 0.0],
              [107.780494215587339, 16.388843708386922, 0.0],
              [107.782159771142901, 16.386345097275811, 0.0],
              [107.785169215467292, 16.380875480921926, 0.0],
              [107.788046701556624, 16.376541378925793, 0.0],
              [107.788483797236964, 16.375667886498835, 0.0],
              [107.789345315528067, 16.375452560793399, 0.0],
              [107.796460622533687, 16.373095040625891, 0.0],
              [107.799794233644818, 16.371705318403674, 0.0],
              [107.804816544437784, 16.369274303076487, 0.0],
              [107.807319322215548, 16.367885414187594, 0.0],
              [107.810820534923351, 16.365750114233403, 0.0],
              [107.813317757145583, 16.364082892011183, 0.0],
              [107.818061980543476, 16.360489627443776, 0.0],
              [107.820009480543476, 16.358823238554891, 0.0],
              [107.82286542468529, 16.35618025180549, 0.0],
              [107.823762446428418, 16.355282845019399, 0.0],
              [107.824829361592862, 16.354334673495377, 0.0],
              [107.825393163606435, 16.353851150060429, 0.0],
              [107.849841746897269, 16.336440849718745, 0.0],
              [107.859075166937302, 16.33598391444853, 0.0],
              [107.862407944715073, 16.335426970004086, 0.0],
              [107.869969753954166, 16.333547764433302, 0.0],
              [107.873303365065283, 16.332437208877746, 0.0],
              [107.876075414626555, 16.331421870717364, 0.0],
              [107.878120307087741, 16.330603627419315, 0.0],
              [107.890254178920145, 16.32364032620427, 0.0],
              [107.893253478373452, 16.321306076318542, 0.0],
              [107.895152288937894, 16.321995752489549, 0.0],
              [107.90008565110584, 16.323504468216807, 0.0],
              [107.903418428883612, 16.324338357105699, 0.0],
              [107.912070329100288, 16.325712053394042, 0.0],
              [107.912670812843089, 16.325754001805571, 0.0],
              [107.915873524223088, 16.325983373708116, 0.0],
              [107.922768137593764, 16.326000574955124, 0.0],
              [107.923347767040283, 16.325961969060259, 0.0],
              [107.926956394224874, 16.326111943443376, 0.0],
              [107.92918984440044, 16.326111496514979, 0.0],
              [107.930875683001787, 16.326241565447067, 0.0],
              [107.938056500587948, 16.326278405661711, 0.0],
              [107.938780671236088, 16.326230002145778, 0.0],
              [107.939080140978689, 16.326251334764624, 0.0],
              [107.942545574022688, 16.326518480780173, 0.0],
              [107.943053169827138, 16.326555013157765, 0.0],
              [107.94722039204936, 16.326833624268879, 0.0],
              [107.953899874965529, 16.326833048524293, 0.0],
              [107.956398616988196, 16.326665555555554, 0.0],
              [107.958888611111107, 16.326665555555554, 0.0],
              [107.965935915996326, 16.326166419122313, 0.0],
              [107.967969914354839, 16.325876844243499, 0.0],
              [107.970266299406205, 16.325723864204402, 0.0],
              [107.973567837056507, 16.325393586785221, 0.0],
              [107.977736170389832, 16.324836364562994, 0.0],
              [107.977728414622646, 16.324778347094178, 0.0],
              [107.981084290812944, 16.324506410549027, 0.0],
              [107.981091304991381, 16.324612010554635, 0.0],
              [107.983606496259142, 16.324444946166327, 0.0],
              [107.986121107112481, 16.324444443445245, 0.0],
              [107.993710256724171, 16.323863600507163, 0.0],
              [107.995312195636743, 16.323617271592838, 0.0],
              [107.997173463610466, 16.323484323880429, 0.0],
              [108.000991597460299, 16.323054688796397, 0.0],
              [108.001417819831147, 16.323054435419195, 0.0],
              [108.008442022433414, 16.32255431951841, 0.0],
              [108.012332577988985, 16.321999875073967, 0.0],
              [108.012615526299768, 16.321958726220693, 0.0],
              [108.020114692966416, 16.320846226220691, 0.0],
              [108.020353791904299, 16.320810164851064, 0.0],
              [108.023965180793198, 16.320256553739952, 0.0],
              [108.027624747523859, 16.319555090441547, 0.0],
              [108.031235858634972, 16.31872231266377, 0.0],
              [108.037103267752087, 16.316984919302872, 0.0],
              [108.040159378863194, 16.31587241930287, 0.0],
              [108.050806066398309, 16.310481158298778, 0.0],
              [108.053303288620526, 16.308815047187668, 0.0],
              [108.060896047741409, 16.302590459204179, 0.0],
              [108.062841881074746, 16.300646014759735, 0.0],
              [108.072219631682074, 16.287640524310266, 0.0],
              [108.073608520570971, 16.284863024310265, 0.0],
              [108.075874608628041, 16.279596281055415, 0.0],
              [108.076986553072487, 16.276540169944305, 0.0],
              [108.077533902112194, 16.274889877862734, 0.0],
              [108.079927835286313, 16.269996197828654, 0.0],
              [108.080860934453511, 16.267200628995052, 0.0],
              [108.084807223107262, 16.266559474783545, 0.0],
              [108.084819695431861, 16.266640588546586, 0.0],
              [108.086532067110582, 16.266377288526794, 0.0],
              [108.088395546633407, 16.266520316244069, 0.0],
              [108.088664653073167, 16.266540240687021, 0.0],
              [108.091497302517709, 16.266742283868165, 0.0],
              [108.100781397998333, 16.267760755750533, 0.0],
              [108.114159387663008, 16.26556453969145, 0.0],
              [108.11699476677488, 16.264691477661312, 0.0],
              [108.119267816902749, 16.264071498537422, 0.0],
              [108.127760327013419, 16.259917301557849, 0.0],
              [108.128600082038218, 16.259889463844015, 0.0],
              [108.132766470927095, 16.259611963844016, 0.0],
              [108.136501319557851, 16.259221881324223, 0.0],
              [108.140391875113409, 16.258667159101996, 0.0],
              [108.144590281665586, 16.257884303465993, 0.0],
              [108.148200559443367, 16.257050136799329, 0.0],
              [108.152749905573927, 16.255769751325975, 0.0],
              [108.154272343030257, 16.255262483535443, 0.0],
              [108.155750935555247, 16.254892403932306, 0.0],
              [108.162850066978322, 16.252538929514703, 0.0],
              [108.166183678089425, 16.251149207292482, 0.0],
              [108.167243833677077, 16.250692814051661, 0.0],
              [108.169744944788192, 16.249581702940549, 0.0],
              [108.182366119711048, 16.241520694960528, 0.0],
              [108.184586675266601, 16.239578194960529, 0.0],
              [108.189305723702645, 16.234858186551659, 0.0],
              [108.191249612591548, 16.232635130996101, 0.0],
              [108.201842316900255, 16.212899612192697, 0.0],
              [108.202516261215763, 16.210432819005902, 0.0],
              [108.203173673055772, 16.208238594569575, 0.0],
              [108.205236855098818, 16.195897084894643, 0.0],
              [108.204171173623308, 16.183429771463434, 0.0],
              [108.203339506956652, 16.179541715907877, 0.0],
              [108.202947921699732, 16.177854476922501, 0.0],
              [108.202113199477509, 16.174521143589168, 0.0],
              [108.199135391379642, 16.165990517899022, 0.0],
              [108.197747613601862, 16.162934962343467, 0.0],
              [108.197604949919096, 16.162999757594296, 0.0],
              [108.192354291292574, 16.152167917133973, 0.0],
              [108.191160253895347, 16.150461491296642, 0.0],
              [108.190465276003493, 16.149348636385746, 0.0],
              [108.189668302802318, 16.148113261459468, 0.0],
              [108.188002747246756, 16.145612983681687, 0.0],
              [108.186374674557072, 16.143312262524798, 0.0],
              [108.184706619001517, 16.141090595858135, 0.0],
              [108.182353387997466, 16.138188822731372, 0.0],
              [108.180906212502649, 16.136534671572839, 0.0],
              [108.192338785660013, 16.122816763126391, 0.0],
              [108.192860943574345, 16.122294456045392, 0.0],
              [108.194116262722886, 16.120763190104146, 0.0],
              [108.212622267347086, 16.121720954023786, 0.0],
              [108.216514767347093, 16.121165120690453, 0.0],
              [108.23116201139527, 16.116705470448785, 0.0],
              [108.243772962066046, 16.108022489298044, 0.0],
              [108.253165064090112, 16.095930398574996, 0.0],
              [108.254552841867891, 16.09342984301944, 0.0],
              [108.259078500427208, 16.082301013332252, 0.0],
              [108.25991044487165, 16.079245179998921, 0.0],
              [108.260228242870582, 16.076059406193139, 0.0],
              [108.266460250113482, 16.06526492565856, 0.0],
              [108.269677327015089, 16.04962519139746, 0.0],
              [108.268418953876036, 16.038996655049068, 0.0],
              [108.268729597726875, 16.038955282804437, 0.0],
              [108.268174597726883, 16.034788060582212, 0.0],
              [108.267115400853299, 16.029246333034283, 0.0],
              [108.266662702225176, 16.027438038084789, 0.0],
              [108.266348336968164, 16.026182243303669, 0.0],
              [108.266269839953608, 16.025869786567846, 0.0],
              [108.261685232706739, 16.014136713431562, 0.0],
              [108.260019954928978, 16.01107976898712, 0.0],
              [108.259811607282415, 16.010701209082072, 0.0],
              [108.258951244939553, 16.009153829437643, 0.0],
              [108.257772248643903, 16.006797212571303, 0.0],
              [108.25103539059829, 15.99664796541359, 0.0],
              [108.250800923476419, 15.996374140333435, 0.0],
              [108.25069143306456, 15.996220809960676, 0.0],
              [108.24505545711277, 15.990451922975536, 0.0],
              [108.245137163062495, 15.990379242999806, 0.0],
              [108.242913829729147, 15.987879798555364, 0.0],
              [108.24214244879623, 15.98715772808819, 0.0],
              [108.242372989523943, 15.982259816562795, 0.0],
              [108.242349090315813, 15.98192625224122, 0.0],
              [108.24237279223081, 15.981592038531533, 0.0],
              [108.241013256991067, 15.965960570304047, 0.0],
              [108.240182423657743, 15.962627792526266, 0.0],
              [108.239746140108849, 15.960995691165504, 0.0],
              [108.238635862331066, 15.957106802276618, 0.0],
              [108.238438100487073, 15.95643212171691, 0.0],
              [108.237943211531658, 15.954786714654697, 0.0],
              [108.237399671177528, 15.952611465432257, 0.0],
              [108.238165847129565, 15.949288132516863, 0.0],
              [108.239443887326374, 15.938068055555345, 0.0],
              [108.239444274997595, 15.936517370696249, 0.0],
              [108.239595489523936, 15.934406850103683, 0.0],
              [108.239613487077634, 15.934146096487517, 0.0],
              [108.239890153744312, 15.929979152043073, 0.0],
              [108.239746906272899, 15.929969641045037, 0.0],
              [108.240189620276297, 15.924167445934545, 0.0],
              [108.240330817953947, 15.923178497117744, 0.0],
              [108.240395313813792, 15.921471633223957, 0.0],
              [108.240444888814324, 15.92082190490393, 0.0],
              [108.240428883021977, 15.920583234038043, 0.0],
              [108.240722989886706, 15.912799782673449, 0.0],
              [108.240666091028487, 15.911942586521363, 0.0],
              [108.240705622306066, 15.905045825685848, 0.0],
              [108.240668180322203, 15.904521825121728, 0.0],
              [108.240983647027349, 15.897809602240562, 0.0],
              [108.240949221090034, 15.897329968435225, 0.0],
              [108.241297909857963, 15.894106788250182, 0.0],
              [108.241538925917141, 15.894124030724214, 0.0],
              [108.241795492538458, 15.890537731225006, 0.0],
              [108.242110760617223, 15.889676568910689, 0.0],
              [108.242508899667612, 15.879364607611555, 0.0],
              [108.242931473965228, 15.876827892833937, 0.0],
              [108.243438856753698, 15.872758722009937, 0.0],
              [108.243716356753694, 15.869424277565493, 0.0],
              [108.243727314792267, 15.868093933212611, 0.0],
              [108.250495705292138, 15.864668064517117, 0.0],
              [108.252994594181033, 15.863003620072673, 0.0],
              [108.255499531244936, 15.861334959525632, 0.0],
              [108.261021600505444, 15.857071650732191, 0.0],
              [108.263519933838765, 15.85484803962108, 0.0],
              [108.265617956970843, 15.852869381316916, 0.0],
              [108.26683658189279, 15.851651800781427, 0.0],
              [108.267917672619959, 15.850703628800836, 0.0],
              [108.269869269243699, 15.849185189839833, 0.0],
              [108.274082428856374, 15.845208717269529, 0.0],
              [108.27554321716589, 15.844174460015935, 0.0],
              [108.277767383832568, 15.842507237793715, 0.0],
              [108.278469342824479, 15.841971305750745, 0.0],
              [108.279523832734213, 15.841151381263156, 0.0],
              [108.280499982876123, 15.840501048346391, 0.0],
              [108.283496653318537, 15.838340610711514, 0.0],
              [108.285996653318534, 15.836393944044845, 0.0],
              [108.285908601309032, 15.836280863553197, 0.0],
              [108.292573696590907, 15.831192536530732, 0.0],
              [108.293620936224698, 15.83014555870685, 0.0],
              [108.294402912893176, 15.829461316905078, 0.0],
              [108.296154146147316, 15.827959937945094, 0.0],
              [108.301234728511787, 15.82293111293558, 0.0],
              [108.301970879802724, 15.822090037481786, 0.0],
              [108.302292492830659, 15.821804218772861, 0.0],
              [108.304672777239674, 15.820217891276014, 0.0],
              [108.312290672412516, 15.813975281277523, 0.0],
              [108.313337026061603, 15.812929450282599, 0.0],
              [108.314305403812114, 15.812082603939778, 0.0],
              [108.317789554705783, 15.80859703382346, 0.0],
              [108.325416135097939, 15.801527400983206, 0.0],
              [108.326257042906363, 15.800565916972941, 0.0],
              [108.326303918054691, 15.800519055207946, 0.0],
              [108.326327708872185, 15.800503209635703, 0.0],
              [108.333948491569174, 15.794261622156348, 0.0],
              [108.335894047124725, 15.792318011045239, 0.0],
              [108.338000878607318, 15.790065198084701, 0.0],
              [108.33818574523842, 15.789901164098271, 0.0],
              [108.340376086122816, 15.787836524902275, 0.0],
              [108.342319975011705, 15.785890413791165, 0.0],
              [108.344917994445311, 15.783082335750047, 0.0],
              [108.346414111452106, 15.781335701485947, 0.0],
              [108.348187343528281, 15.779308680159604, 0.0],
              [108.348497257736156, 15.778951008556866, 0.0],
              [108.349882014161494, 15.777337496365671, 0.0],
              [108.35181551464683, 15.775162338526858, 0.0],
              [108.352075568855227, 15.774867454817063, 0.0],
              [108.353768704428163, 15.772932270014117, 0.0],
              [108.354281909677027, 15.772483183362057, 0.0],
              [108.354991754477652, 15.771951043740239, 0.0],
              [108.362634052470725, 15.764864345871013, 0.0],
              [108.363478316933097, 15.763899196442743, 0.0],
              [108.364241146018813, 15.763136476363762, 0.0],
              [108.366512506289538, 15.760709168491163, 0.0],
              [108.367370431900923, 15.759728962137107, 0.0],
              [108.368143176295177, 15.758955555485121, 0.0],
              [108.37035864929986, 15.756739528265815, 0.0],
              [108.374469332420816, 15.752081999444639, 0.0],
              [108.375893717653014, 15.750250298224023, 0.0],
              [108.376739054492404, 15.749236130853175, 0.0],
              [108.383464398682861, 15.738431294885102, 0.0],
              [108.384949995193622, 15.737441227453909, 0.0],
              [108.387210994943814, 15.735842237793621, 0.0],
              [108.389435161610479, 15.734175015571401, 0.0],
              [108.394820533192345, 15.729502911789515, 0.0],
              [108.397318866525666, 15.727001800678405, 0.0],
              [108.399560188169062, 15.724605662238332, 0.0],
              [108.401504910391296, 15.722384828904998, 0.0],
              [108.401850675816206, 15.721985739411343, 0.0],
              [108.403517898038416, 15.720040739411342, 0.0],
              [108.405583411547099, 15.717072319420645, 0.0],
              [108.406484127205317, 15.716170708737373, 0.0],
              [108.410573289889513, 15.711537069072701, 0.0],
              [108.411636331078455, 15.71017080073702, 0.0],
              [108.412635243733448, 15.7090287377187, 0.0],
              [108.41298311425966, 15.708626722236112, 0.0],
              [108.414625631031626, 15.70670803250232, 0.0],
              [108.416271166154885, 15.704791255325768, 0.0],
              [108.419294629883552, 15.700896164070574, 0.0],
              [108.421239352105772, 15.698118108515017, 0.0],
              [108.422683906321225, 15.695935059055703, 0.0],
              [108.423674888310572, 15.69434873427427, 0.0],
              [108.424926164946925, 15.692473278656044, 0.0],
              [108.428873704032668, 15.685301824688317, 0.0],
              [108.429097658088082, 15.684966042858163, 0.0],
              [108.430778976551593, 15.682442256499266, 0.0],
              [108.432184835678541, 15.680135722443962, 0.0],
              [108.432510433588334, 15.679709417613498, 0.0],
              [108.434175989143895, 15.677487195391279, 0.0],
              [108.435773880503959, 15.675227543012351, 0.0],
              [108.43637567498115, 15.674324500191259, 0.0],
              [108.441231332637471, 15.667425253251535, 0.0],
              [108.441939227923029, 15.666549016177868, 0.0],
              [108.444238333918335, 15.664250676551218, 0.0],
              [108.445908504505979, 15.662580784478372, 0.0],
              [108.454269931735368, 15.651493921186821, 0.0],
              [108.454669557494853, 15.650774178876217, 0.0],
              [108.455207503096091, 15.649967663731926, 0.0],
              [108.455182422761538, 15.649950935148784, 0.0],
              [108.460278589366382, 15.64235816444674, 0.0],
              [108.461388867144152, 15.640137331113408, 0.0],
              [108.464280305951874, 15.629695752251763, 0.0],
              [108.46508897808485, 15.628978040020053, 0.0],
              [108.465277437094002, 15.628864972153673, 0.0],
              [108.467042099993165, 15.627885691965458, 0.0],
              [108.470543312701238, 15.625750392011112, 0.0],
              [108.473040534923456, 15.624083169788891, 0.0],
              [108.4806154281153, 15.617872185602312, 0.0],
              [108.481495169712673, 15.616993323636592, 0.0],
              [108.481998470703275, 15.616561583732819, 0.0],
              [108.482359071678914, 15.616249255832093, 0.0],
              [108.483177500149765, 15.615533527296838, 0.0],
              [108.483909180049793, 15.614984218886139, 0.0],
              [108.483855992620093, 15.614913373123562, 0.0],
              [108.488991717829663, 15.611040444792563, 0.0],
              [108.489051868747993, 15.611117697021522, 0.0],
              [108.491550202081328, 15.609172419243743, 0.0],
              [108.492977895623838, 15.60791203747227, 0.0],
              [108.493307398845488, 15.607703510174598, 0.0],
              [108.49580656551214, 15.606036010174599, 0.0],
              [108.498746211617686, 15.60391673474216, 0.0],
              [108.498968400078013, 15.603743979080463, 0.0],
              [108.503557635636412, 15.601331688494252, 0.0],
              [108.506059302303086, 15.599664744049811, 0.0],
              [108.509547970502112, 15.596805575221854, 0.0],
              [108.510783332795171, 15.596052335720486, 0.0],
              [108.511739585490119, 15.595415046353647, 0.0],
              [108.512736200484355, 15.595034667877599, 0.0],
              [108.515513978262135, 15.593923556766487, 0.0],
              [108.520815299966159, 15.591135420579416, 0.0],
              [108.524588827391398, 15.589440340894331, 0.0],
              [108.526535360168197, 15.588466782321486, 0.0],
              [108.528748195699009, 15.5874608017526, 0.0],
              [108.533791063864243, 15.584811823251272, 0.0],
              [108.533804602654257, 15.584803695372235, 0.0],
              [108.536180662617923, 15.583912353119356, 0.0],
              [108.538296958657696, 15.583271009829009, 0.0],
              [108.539814481686363, 15.582765632313922, 0.0],
              [108.541290755705077, 15.582396686791085, 0.0],
              [108.544635066556083, 15.581559983433648, 0.0],
              [108.548306368450156, 15.580490745330124, 0.0],
              [108.549046500812864, 15.58024411675208, 0.0],
              [108.557732011836592, 15.577814453934366, 0.0],
              [108.560506734058819, 15.57670500948992, 0.0],
              [108.561166737854549, 15.576435640892125, 0.0],
              [108.564502293410101, 15.575046474225458, 0.0],
              [108.569571210777113, 15.572591808144082, 0.0],
              [108.572070377443779, 15.571202641477417, 0.0],
              [108.573502490712997, 15.570375302292128, 0.0],
              [108.576280824046322, 15.568708357847683, 0.0],
              [108.583104721133992, 15.563788888267904, 0.0],
              [108.58440007894167, 15.56267807915046, 0.0],
              [108.586510704839242, 15.560989789494993, 0.0],
              [108.593238101420283, 15.554487585146958, 0.0],
              [108.594745576472718, 15.552729199135277, 0.0],
              [108.59652706323331, 15.550692013631641, 0.0],
              [108.598882010407308, 15.547786576699668, 0.0],
              [108.600549232629533, 15.545564632255225, 0.0],
              [108.603297704359747, 15.541328667739872, 0.0],
              [108.603366261725526, 15.541240467973632, 0.0],
              [108.605486269199318, 15.538298820635751, 0.0],
              [108.606386556466887, 15.536948989725913, 0.0],
              [108.607223655631643, 15.53583281099297, 0.0],
              [108.610934354201916, 15.530109573927181, 0.0],
              [108.611919003180859, 15.528336614975711, 0.0],
              [108.613156308739889, 15.526273682408382, 0.0],
              [108.615967135327153, 15.520864876237182, 0.0],
              [108.616214079771609, 15.520309320681626, 0.0],
              [108.616214527614915, 15.52030721058895, 0.0],
              [108.61650349870105, 15.519657721625586, 0.0],
              [108.617118882332136, 15.518940235363059, 0.0],
              [108.619074824367118, 15.516359836758166, 0.0],
              [108.620353646018799, 15.515081198586001, 0.0],
              [108.621585258965169, 15.513848818561515, 0.0],
              [108.625322900872078, 15.51038312527956, 0.0],
              [108.625854388957507, 15.509984060267346, 0.0],
              [108.6321987183766, 15.504098674861156, 0.0],
              [108.632928392489532, 15.503460130273998, 0.0],
              [108.632909871474482, 15.503438966042872, 0.0],
              [108.633425093339554, 15.502961014939551, 0.0],
              [108.638886489026845, 15.49972346645071, 0.0],
              [108.639993724716248, 15.498893143474033, 0.0],
              [108.641333593987241, 15.498000492790823, 0.0],
              [108.64323556896376, 15.496732722334462, 0.0],
              [108.644836893941061, 15.495731719013024, 0.0],
              [108.646068620922406, 15.494936403605754, 0.0],
              [108.648487468521679, 15.493323838539565, 0.0],
              [108.653836795904013, 15.490219470535939, 0.0],
              [108.656336795904025, 15.488553637202605, 0.0],
              [108.65785923010634, 15.487538179991034, 0.0],
              [108.65960926224335, 15.486488405737825, 0.0],
              [108.661623898700029, 15.485213625828075, 0.0],
              [108.664123898700041, 15.48354695916141, 0.0],
              [108.667547163033305, 15.480953830078748, 0.0],
              [108.668215922241771, 15.480528570929193, 0.0],
              [108.668716537892848, 15.480292443786084, 0.0],
              [108.670687426200374, 15.479308772368157, 0.0],
              [108.67292092694764, 15.478293120283208, 0.0],
              [108.679341182739634, 15.47448576516156, 0.0],
              [108.681443438109952, 15.473339097784967, 0.0],
              [108.681402217491978, 15.473263525507184, 0.0],
              [108.682234011968632, 15.47277025279914, 0.0],
              [108.684451860062083, 15.471105965390267, 0.0],
              [108.692922832597048, 15.465995037670476, 0.0],
              [108.694252679132219, 15.464814035801407, 0.0],
              [108.695133489881783, 15.464286570479461, 0.0],
              [108.701985293001457, 15.459352447355803, 0.0],
              [108.70393001522369, 15.457685502911357, 0.0],
              [108.708249214791152, 15.45280882555638, 0.0],
              [108.713185805938025, 15.448481509324512, 0.0],
              [108.714044507162257, 15.447500101472814, 0.0],
              [108.714818892770381, 15.446724829332791, 0.0],
              [108.717073624410645, 15.44431328815053, 0.0],
              [108.717922837339529, 15.443342672459327, 0.0],
              [108.718690087113927, 15.44257531304649, 0.0],
              [108.719994086213703, 15.44118174483893, 0.0],
              [108.723161160905605, 15.438384495389663, 0.0],
              [108.72508024518487, 15.436462393250899, 0.0],
              [108.727001796906009, 15.434543036334711, 0.0],
              [108.729038735906769, 15.43238388813467, 0.0],
              [108.729526192455012, 15.431835446208996, 0.0],
              [108.730986445099333, 15.43067943778288, 0.0],
              [108.733208945099321, 15.428734160005099, 0.0],
              [108.735638447904122, 15.426460562825485, 0.0],
              [108.73758150345968, 15.424516951714375, 0.0],
              [108.741693206564122, 15.419857930579187, 0.0],
              [108.743637928786356, 15.417356819468077, 0.0],
              [108.74414421302086, 15.416694361018985, 0.0],
              [108.745811713020856, 15.414474361018986, 0.0],
              [108.745730934804982, 15.41441368639062, 0.0],
              [108.746265406220616, 15.413705134513332, 0.0],
              [108.74683134462903, 15.413202015268256, 0.0],
              [108.751245492943369, 15.408752183316421, 0.0],
              [108.753190215165603, 15.406528849983086, 0.0],
              [108.753503451232632, 15.406167261877687, 0.0],
              [108.753924591506276, 15.405676387565725, 0.0],
              [108.754514702757348, 15.405086529291752, 0.0],
              [108.756801604054445, 15.402642183316448, 0.0],
              [108.758746326276679, 15.400418849983117, 0.0],
              [108.762727276285844, 15.395215635181641, 0.0],
              [108.762860925759128, 15.395014955672988, 0.0],
              [108.76632900380892, 15.390783608439595, 0.0],
              [108.767995114920026, 15.388283608439595, 0.0],
              [108.770086571391161, 15.384854464822093, 0.0],
              [108.771077124522336, 15.383073132317378, 0.0],
              [108.772320982226091, 15.380999690570823, 0.0],
              [108.773155057981995, 15.379555251937552, 0.0],
              [108.774543113537561, 15.377056085270885, 0.0],
              [108.774734441473925, 15.376708358895986, 0.0],
              [108.776400830362789, 15.373651136673763, 0.0],
              [108.781522824097465, 15.359552931929226, 0.0],
              [108.782079768541919, 15.356775709707005, 0.0],
              [108.783055833333322, 15.346944444444444, 0.0],
              [108.783055833333322, 15.344968515535948, 0.0],
              [108.783186506807766, 15.343262282066906, 0.0],
              [108.782800829562873, 15.333107543052492, 0.0],
              [108.783658096085944, 15.332058170778645, 0.0],
              [108.785600040530397, 15.32955761522309, 0.0],
              [108.787458558380024, 15.327001661004056, 0.0],
              [108.788720560872733, 15.325145457896237, 0.0],
              [108.788732662903413, 15.325156051899844, 0.0],
              [108.79067821845895, 15.322933551899844, 0.0],
              [108.792529946710346, 15.320689740347417, 0.0],
              [108.793744387024915, 15.319127721832743, 0.0],
              [108.794638508360251, 15.318083959253753, 0.0],
              [108.803095386549217, 15.30411148135545, 0.0],
              [108.804205664326986, 15.301333425799895, 0.0],
              [108.804760570436656, 15.299879742083547, 0.0],
              [108.805602668236673, 15.297566286589024, 0.0],
              [108.806420353051536, 15.295523096657885, 0.0],
              [108.808241048430673, 15.290089924907077, 0.0],
              [108.809073826208461, 15.287033536018191, 0.0],
              [108.810151085147652, 15.282115779519751, 0.0],
              [108.810707196258747, 15.278781890630862, 0.0],
              [108.811240454335945, 15.274401539220467, 0.0],
              [108.811519065447058, 15.270790428109356, 0.0],
              [108.811797739604572, 15.267164068199149, 0.0],
              [108.811834861368112, 15.260020350316122, 0.0],
              [108.811667700284502, 15.25750286411731, 0.0],
              [108.811667221074586, 15.255266231689395, 0.0],
              [108.811540102947376, 15.251713832297128, 0.0],
              [108.811262325169594, 15.247825776741573, 0.0],
              [108.810807502131695, 15.243782603697101, 0.0],
              [108.810580113587022, 15.242305259640858, 0.0],
              [108.810556311155679, 15.241946980473482, 0.0],
              [108.810556244215775, 15.241634594267998, 0.0],
              [108.810686485701368, 15.239938977889981, 0.0],
              [108.810644745207398, 15.236261763168228, 0.0],
              [108.81138860977974, 15.229710405983241, 0.0],
              [108.811388221829873, 15.22802928985571, 0.0],
              [108.811518225657494, 15.226342743193658, 0.0],
              [108.811666111111094, 15.2225, 0.0],
              [108.811666111111094, 15.221434574495968, 0.0],
              [108.812222221221546, 15.215266941110393, 0.0],
              [108.812221773714555, 15.213030151947592, 0.0],
              [108.812351723827405, 15.21134365367667, 0.0],
              [108.81243223242177, 15.210300413196924, 0.0],
              [108.812527607514312, 15.209775683198085, 0.0],
              [108.813185838855134, 15.204675441059035, 0.0],
              [108.813200807046087, 15.204481183219571, 0.0],
              [108.814889665056015, 15.199647990749678, 0.0],
              [108.815724109500465, 15.196316324083014, 0.0],
              [108.816973047166329, 15.189154131884347, 0.0],
              [108.817088318801964, 15.188003828991922, 0.0],
              [108.817374750252142, 15.18628767252596, 0.0],
              [108.817852957434724, 15.182347363157016, 0.0],
              [108.818588397846312, 15.178696278036988, 0.0],
              [108.819142564512973, 15.175086000259212, 0.0],
              [108.81937820090225, 15.173348163871577, 0.0],
              [108.819861424354499, 15.169245109193971, 0.0],
              [108.819918414400505, 15.168846918263688, 0.0],
              [108.82030421343282, 15.166723383119932, 0.0],
              [108.820568884997726, 15.16526954036304, 0.0],
              [108.821009501595512, 15.163505604270076, 0.0],
              [108.821408814935609, 15.161522982011704, 0.0],
              [108.821700694132673, 15.160793356988828, 0.0],
              [108.823784387278479, 15.15434995434954, 0.0],
              [108.824617998389598, 15.151015787682875, 0.0],
              [108.825430977770324, 15.147106982049724, 0.0],
              [108.825790285218176, 15.144950861608633, 0.0],
              [108.825836395852136, 15.144675253270016, 0.0],
              [108.827628925870954, 15.138938999818626, 0.0],
              [108.82782322163051, 15.138405462886459, 0.0],
              [108.828642686001885, 15.136358234588052, 0.0],
              [108.830493016225716, 15.129743549752847, 0.0],
              [108.831322380783277, 15.127479518386956, 0.0],
              [108.832433769672164, 15.124145629498067, 0.0],
              [108.832888808504492, 15.122708799710896, 0.0],
              [108.833312013875627, 15.121299008276301, 0.0],
              [108.833935390946294, 15.119584409643425, 0.0],
              [108.834385604190672, 15.118291222816982, 0.0],
              [108.83549504863511, 15.114958167261427, 0.0],
              [108.836240024157107, 15.112153119467274, 0.0],
              [108.838374443177344, 15.108209581458107, 0.0],
              [108.839219617785446, 15.105887093152054, 0.0],
              [108.839265092809654, 15.105773308884569, 0.0],
              [108.839719570266155, 15.104864535762564, 0.0],
              [108.840685553866919, 15.102818500334712, 0.0],
              [108.841338750349252, 15.101349787065336, 0.0],
              [108.841739170221189, 15.100548947321473, 0.0],
              [108.842602937226928, 15.098993233282719, 0.0],
              [108.843546044817217, 15.096924798282815, 0.0],
              [108.844977472654179, 15.094867207865837, 0.0],
              [108.848537872382494, 15.090525580161618, 0.0],
              [108.850206205715821, 15.088024746828284, 0.0],
              [108.85189198593001, 15.085493571156475, 0.0],
              [108.851865257538705, 15.085475770053804, 0.0],
              [108.85344683162694, 15.083120736680167, 0.0],
              [108.854758500088877, 15.081514849128881, 0.0],
              [108.85670155564442, 15.079014571351106, 0.0],
              [108.857123830559388, 15.07846139815161, 0.0],
              [108.860307703253625, 15.074856234979299, 0.0],
              [108.861359681098946, 15.073503026688398, 0.0],
              [108.862346924906035, 15.072375110505611, 0.0],
              [108.862686546325961, 15.071983010869602, 0.0],
              [108.864352935214853, 15.070038844202932, 0.0],
              [108.86687599437623, 15.066412295326842, 0.0],
              [108.869453360850045, 15.063493437176218, 0.0],
              [108.871398083072265, 15.06099565939844, 0.0],
              [108.872669376579751, 15.059289111663906, 0.0],
              [108.873440846014574, 15.058206149663377, 0.0],
              [108.874008379239697, 15.057477008534596, 0.0],
              [108.874906546325931, 15.056429121980747, 0.0],
              [108.876407169523944, 15.054591883217816, 0.0],
              [108.878353836190627, 15.052089660995593, 0.0],
              [108.880304682507287, 15.04958075533235, 0.0],
              [108.883799321076964, 15.043744831648331, 0.0],
              [108.885208213643864, 15.041632431746697, 0.0],
              [108.887315359038681, 15.038178042705871, 0.0],
              [108.887545582629045, 15.037763796701373, 0.0],
              [108.890094773831507, 15.033728930620809, 0.0],
              [108.89148366272039, 15.031229208398587, 0.0],
              [108.893505516266615, 15.026977858836887, 0.0],
              [108.896070482094359, 15.022363675533162, 0.0],
              [108.896827982094365, 15.02069784219983, 0.0],
              [108.896828438637641, 15.020695735285502, 0.0],
              [108.897075975269985, 15.020151873454498, 0.0],
              [108.897598630121863, 15.019106041095869, 0.0],
              [108.901713582774107, 15.01096958943643, 0.0],
              [108.902548863898772, 15.00867162618229, 0.0],
              [108.902592670439518, 15.008562224736426, 0.0],
              [108.903057097421467, 15.007633092116324, 0.0],
              [108.90475689009979, 15.003847311595543, 0.0],
              [108.904765016642259, 15.00382699523937, 0.0],
              [108.905009755211864, 15.003378110678383, 0.0],
              [108.907539191509372, 14.998001136901705, 0.0],
              [108.908649469287141, 14.995223359123926, 0.0],
              [108.910101581572135, 14.991068400746517, 0.0],
              [108.910301648843529, 14.990403285258596, 0.0],
              [108.91059497945804, 14.989669445393742, 0.0],
              [108.912017963095238, 14.985267523742795, 0.0],
              [108.912222755193937, 14.984857888347392, 0.0],
              [108.913577254060556, 14.981707847469035, 0.0],
              [108.91389764859521, 14.981159798051575, 0.0],
              [108.915564037484089, 14.97810396471824, 0.0],
              [108.916384671443751, 14.976533499174005, 0.0],
              [108.917013064088522, 14.975277185061161, 0.0],
              [108.917428456999218, 14.974689843424304, 0.0],
              [108.918082839298449, 14.973708815112337, 0.0],
              [108.918906984868897, 14.972649619741224, 0.0],
              [108.918919332532965, 14.972631940943263, 0.0],
              [108.920959503281097, 14.970707005595173, 0.0],
              [108.922903392169985, 14.968485894484063, 0.0],
              [108.923265756303962, 14.96806719714294, 0.0],
              [108.924931034081737, 14.966121363809606, 0.0],
              [108.930643865103804, 14.957906172865375, 0.0],
              [108.931629765425058, 14.956132813482812, 0.0],
              [108.932869526963913, 14.954067576869695, 0.0],
              [108.935695947787721, 14.948629419871072, 0.0],
              [108.936806225565505, 14.946129697648852, 0.0],
              [108.93753658811886, 14.944398343605638, 0.0],
              [108.938647699229975, 14.941619732494527, 0.0],
              [108.940360480359473, 14.935492537775012, 0.0],
              [108.940689812361256, 14.93475156136971, 0.0],
              [108.943508471169665, 14.926563338510123, 0.0],
              [108.943516056538925, 14.926532976791909, 0.0],
              [108.944477468368007, 14.924130170759835, 0.0],
              [108.945043854657456, 14.922646759215517, 0.0],
              [108.945306492622834, 14.921924685329188, 0.0],
              [108.946665803994392, 14.919582624219533, 0.0],
              [108.948054692883289, 14.916804846441753, 0.0],
              [108.949757808123621, 14.913012099789299, 0.0],
              [108.950444271936419, 14.91129576864134, 0.0],
              [108.951018187323385, 14.910376930106802, 0.0],
              [108.955606611539636, 14.900959238351732, 0.0],
              [108.956437501395115, 14.898671744739069, 0.0],
              [108.957246147525979, 14.896653862866746, 0.0],
              [108.95836988049399, 14.893843862886985, 0.0],
              [108.958939724792785, 14.892350053369078, 0.0],
              [108.959102714082775, 14.891901374070175, 0.0],
              [108.961720456763075, 14.887066158350944, 0.0],
              [108.962553894892565, 14.884770969070491, 0.0],
              [108.963365397993755, 14.882743123574301, 0.0],
              [108.964476157510916, 14.879964428132103, 0.0],
              [108.964762957589372, 14.879248430733426, 0.0],
              [108.967823004507807, 14.873198819820844, 0.0],
              [108.968663106563838, 14.870888539166724, 0.0],
              [108.969479987941256, 14.868846233638537, 0.0],
              [108.970489207488512, 14.866091260345161, 0.0],
              [108.970707208643205, 14.865437365881645, 0.0],
              [108.972269472999457, 14.861804294593419, 0.0],
              [108.973110284897913, 14.859491325794178, 0.0],
              [108.973149139788376, 14.859394115660422, 0.0],
              [108.973600964117367, 14.858491459824586, 0.0],
              [108.974580021875425, 14.856418034413842, 0.0],
              [108.975558369175303, 14.854216752989114, 0.0],
              [108.975641332446642, 14.854078632741746, 0.0],
              [108.978419606755907, 14.84873275068761, 0.0],
              [108.978569261664816, 14.848537222045124, 0.0],
              [108.980234539442606, 14.846034999822903, 0.0],
              [108.98135126648765, 14.843911353355589, 0.0],
              [108.981569415345973, 14.843656931161608, 0.0],
              [108.985238623201283, 14.838809840606798, 0.0],
              [108.986903067645713, 14.836308451717908, 0.0],
              [108.988281924665941, 14.834046745128207, 0.0],
              [108.989833619943724, 14.83238864082373, 0.0],
              [108.990694034617391, 14.83140630951608, 0.0],
              [108.991471503459564, 14.830628618381173, 0.0],
              [108.995574943526947, 14.825980221403203, 0.0],
              [108.995613914331585, 14.825930128806297, 0.0],
              [108.997011341425079, 14.824533500470785, 0.0],
              [108.99930746853488, 14.822078968810809, 0.0],
              [109.001251635201541, 14.819855357699698, 0.0],
              [109.005207102532523, 14.81468798730258, 0.0],
              [109.006511695467566, 14.812731967338841, 0.0],
              [109.007461530386664, 14.81243818883244, 0.0],
              [109.010795974831126, 14.811327911054665, 0.0],
              [109.016445400209051, 14.808989579557407, 0.0],
              [109.02347469205084, 14.806386297811727, 0.0],
              [109.02523378015637, 14.805506665742946, 0.0],
              [109.026694978858217, 14.804857244097684, 0.0],
              [109.028743370966822, 14.803890707996386, 0.0],
              [109.031522537633492, 14.802501541329718, 0.0],
              [109.034891379286606, 14.800652524703512, 0.0],
              [109.036954253813605, 14.799414841257178, 0.0],
              [109.038726313225595, 14.798430363806073, 0.0],
              [109.042185575880197, 14.796320747737695, 0.0],
              [109.043683012784385, 14.795322123704482, 0.0],
              [109.045427737867769, 14.794276370167706, 0.0],
              [109.052252431165854, 14.789361088716875, 0.0],
              [109.053874931165851, 14.787971088716874, 0.0],
              [109.053984209186339, 14.787877196618677, 0.0],
              [109.054305598075231, 14.787600252174231, 0.0],
              [109.059310940436248, 14.782630315222653, 0.0],
              [109.060146496109539, 14.781674473899727, 0.0],
              [109.060897979550859, 14.780923527385706, 0.0],
              [109.067149255581796, 14.77330336646809, 0.0],
              [109.06881647780402, 14.770804199801423, 0.0],
              [109.072264422542588, 14.762087303672116, 0.0],
              [109.077745969189607, 14.759464859915125, 0.0],
              [109.088652518854843, 14.749431636752732, 0.0],
              [109.096139096047608, 14.736642205390734, 0.0],
              [109.097251318269826, 14.733864427612955, 0.0],
              [109.09782555468216, 14.732360555844197, 0.0],
              [109.098936665793289, 14.729303889177531, 0.0],
              [109.101799836690105, 14.716029486148294, 0.0],
              [109.101877814341805, 14.715008395105816, 0.0],
              [109.101968578208513, 14.714509783214709, 0.0],
              [109.102625127693685, 14.709448685892708, 0.0],
              [109.102711238804801, 14.708346185892704, 0.0],
              [109.10271649335175, 14.708278315635411, 0.0],
              [109.102908794532453, 14.705772295486872, 0.0],
              [109.103016294514973, 14.704373289207757, 0.0],
              [109.103207751814267, 14.703225501742176, 0.0],
              [109.103741190561379, 14.698842807930555, 0.0],
              [109.104019523894735, 14.695233085708333, 0.0],
              [109.10402590177182, 14.695149455586376, 0.0],
              [109.105136179549575, 14.680428066697488, 0.0],
              [109.105150314806011, 14.673099858164671, 0.0],
              [109.104999827292929, 14.670996337098442, 0.0],
              [109.105000276629326, 14.668899883248701, 0.0],
              [109.10482202004394, 14.666571386892514, 0.0],
              [109.105454380148799, 14.664615253992945, 0.0],
              [109.106287157926573, 14.661280531770721, 0.0],
              [109.106961727617843, 14.65803854370165, 0.0],
              [109.109194846069641, 14.651716425125905, 0.0],
              [109.109362629555463, 14.650792986451034, 0.0],
              [109.109625636681443, 14.649829123614817, 0.0],
              [109.110710527691197, 14.644876898566578, 0.0],
              [109.110936013493813, 14.643522290914563, 0.0],
              [109.111282522978684, 14.64213740762181, 0.0],
              [109.112296138028256, 14.633910359765618, 0.0],
              [109.113462444154294, 14.627179839967882, 0.0],
              [109.113571768127869, 14.625762661199714, 0.0],
              [109.113765306064366, 14.624600174324897, 0.0],
              [109.114444165335712, 14.616377352202363, 0.0],
              [109.114443332002367, 14.612765685535699, 0.0],
              [109.109170059875339, 14.590427279653291, 0.0],
              [109.108189668670505, 14.588465319832238, 0.0],
              [109.107177351667445, 14.58624016490864, 0.0],
              [109.106394345724667, 14.584598909409335, 0.0],
              [109.106111388888877, 14.584032542735022, 0.0],
              [109.106111388888877, 14.575000833333331, 0.0],
              [109.105983182698736, 14.571422540138684, 0.0],
              [109.105832222222219, 14.569318556661425, 0.0],
              [109.105832222222219, 14.566949723576215, 0.0],
              [109.105833054555021, 14.56278916933382, 0.0],
              [109.105831103872617, 14.559138651108622, 0.0],
              [109.105253996250482, 14.551590700804505, 0.0],
              [109.104700662917139, 14.547980423026727, 0.0],
              [109.104142417020242, 14.544348441736167, 0.0],
              [109.103441516330207, 14.540697911029266, 0.0],
              [109.103024428356917, 14.538891132071319, 0.0],
              [109.102750232998559, 14.537111053613524, 0.0],
              [109.101578925838524, 14.531595374852625, 0.0],
              [109.100746981394082, 14.528537874852624, 0.0],
              [109.099928548356033, 14.52583399857658, 0.0],
              [109.099572114846509, 14.524766211755132, 0.0],
              [109.099540841734324, 14.524630698409338, 0.0],
              [109.099197466950116, 14.522738696467073, 0.0],
              [109.096480490825883, 14.514588851538734, 0.0],
              [109.096439376663355, 14.514301708587174, 0.0],
              [109.095975085349082, 14.511592233558265, 0.0],
              [109.095637334810121, 14.509901790420354, 0.0],
              [109.095251267088486, 14.507395821368076, 0.0],
              [109.09469719717994, 14.503791733813868, 0.0],
              [109.093591299474184, 14.498585313391146, 0.0],
              [109.093499983554764, 14.497219671525365, 0.0],
              [109.092936705259433, 14.492369398646186, 0.0],
              [109.092860316370562, 14.49190912086841, 0.0],
              [109.092850849708555, 14.491852282719883, 0.0],
              [109.092837132525929, 14.491770216127348, 0.0],
              [109.092427129534315, 14.489308474441309, 0.0],
              [109.092246207493361, 14.488133927105574, 0.0],
              [109.092112226930013, 14.48612247516451, 0.0],
              [109.091638283454316, 14.481822708401747, 0.0],
              [109.091081061232089, 14.478210486179528, 0.0],
              [109.09098602942548, 14.477618051399979, 0.0],
              [109.090836338370693, 14.476719380628076, 0.0],
              [109.090784451588249, 14.475939832362117, 0.0],
              [109.090527770538856, 14.467654095934503, 0.0],
              [109.089974593834881, 14.464067965860661, 0.0],
              [109.089425004095943, 14.460481561735961, 0.0],
              [109.08850216639658, 14.4559009176304, 0.0],
              [109.087666888618813, 14.452567862074845, 0.0],
              [109.086160950939501, 14.447647760424468, 0.0],
              [109.085050673161732, 14.444591927091134, 0.0],
              [109.082776853904292, 14.439303920134167, 0.0],
              [109.081387965015395, 14.436526420134168, 0.0],
              [109.079990187688168, 14.433733652115897, 0.0],
              [109.076805979017308, 14.428581610667893, 0.0],
              [109.07681852908506, 14.428506391755342, 0.0],
              [109.077316837861758, 14.42451864367967, 0.0],
              [109.078465284620449, 14.417441815695152, 0.0],
              [109.078574930598947, 14.416014771638723, 0.0],
              [109.078702238239117, 14.415246765417224, 0.0],
              [109.07888961540435, 14.414220714548829, 0.0],
              [109.079378726710672, 14.412753258382583, 0.0],
              [109.080599490788188, 14.407991228799236, 0.0],
              [109.081145694132687, 14.40662585698883, 0.0],
              [109.083231051631401, 14.400175795550291, 0.0],
              [109.083239836035347, 14.400140640353973, 0.0],
              [109.08420161232209, 14.397736200484205, 0.0],
              [109.087096251672321, 14.387393946454734, 0.0],
              [109.08765236278343, 14.384060335343625, 0.0],
              [109.086915638696539, 14.369531917540597, 0.0],
              [109.088246616933617, 14.366864663771349, 0.0],
              [109.088437112840268, 14.366546969346887, 0.0],
              [109.089265431768951, 14.365112190434411, 0.0],
              [109.090654320657848, 14.362611634878856, 0.0],
              [109.092387136747632, 14.359136672367272, 0.0],
              [109.093949422320662, 14.356298020310831, 0.0],
              [109.094097102532658, 14.356076598413512, 0.0],
              [109.094900192978059, 14.354833002555658, 0.0],
              [109.095899800866292, 14.353233629934483, 0.0],
              [109.097158781504021, 14.351345054045348, 0.0],
              [109.097957852735888, 14.350107246561956, 0.0],
              [109.098743288944576, 14.348850297238201, 0.0],
              [109.100146882554171, 14.347349632931861, 0.0],
              [109.102089938109714, 14.345126577376305, 0.0],
              [109.106022370501464, 14.339991860547334, 0.0],
              [109.107691537168137, 14.337492693880668, 0.0],
              [109.107674365527643, 14.33748122512578, 0.0],
              [109.111772498495853, 14.332045075955188, 0.0],
              [109.11217488504667, 14.331320200263164, 0.0],
              [109.112713070866761, 14.330512786964155, 0.0],
              [109.114378437507426, 14.328015153136738, 0.0],
              [109.116478356494468, 14.32457269917335, 0.0],
              [109.116895417813893, 14.323822539099217, 0.0],
              [109.11745109085642, 14.322987963251425, 0.0],
              [109.121287719877955, 14.314829500994225, 0.0],
              [109.121379972507683, 14.31487566883523, 0.0],
              [109.122769694729911, 14.312098724390784, 0.0],
              [109.124483745377688, 14.308282670978196, 0.0],
              [109.125594023155458, 14.305505448755975, 0.0],
              [109.127679254931934, 14.299049629483461, 0.0],
              [109.128226055478805, 14.296858228159937, 0.0],
              [109.128721030726709, 14.295209355266445, 0.0],
              [109.130149028413243, 14.289070881721937, 0.0],
              [109.130705972857683, 14.285736437277494, 0.0],
              [109.131216964707448, 14.281537725253081, 0.0],
              [109.131217030242794, 14.281537441717269, 0.0],
              [109.131217085338449, 14.281536734053569, 0.0],
              [109.131242116486462, 14.281331058401047, 0.0],
              [109.131519616486472, 14.277720780623268, 0.0],
              [109.131514211436468, 14.27772036517009, 0.0],
              [109.132372745506174, 14.266693118721548, 0.0],
              [109.132335983419537, 14.266181628734845, 0.0],
              [109.131917590047038, 14.255174008238628, 0.0],
              [109.131361478935915, 14.251560674905294, 0.0],
              [109.129381449600515, 14.243366859623116, 0.0],
              [109.128271171822746, 14.240033248512004, 0.0],
              [109.12082645485188, 14.225823978856063, 0.0],
              [109.120714353005695, 14.225674578211681, 0.0],
              [109.120381355527797, 14.225119267707752, 0.0],
              [109.115702427537201, 14.218691420386172, 0.0],
              [109.115499626895826, 14.218387050310826, 0.0],
              [109.113888800303798, 14.216109789360567, 0.0],
              [109.112221578081559, 14.21388701158279, 0.0],
              [109.110097795005572, 14.21126752571781, 0.0],
              [109.10859005716911, 14.209137597823753, 0.0],
              [109.106921723835782, 14.206916486712641, 0.0],
              [109.104923768160035, 14.204426259182897, 0.0],
              [109.104240204400512, 14.20362789410485, 0.0],
              [109.101946566682614, 14.200280978065749, 0.0],
              [109.101117353975852, 14.199175176823198, 0.0],
              [109.100225681684805, 14.197836552866658, 0.0],
              [109.100025899231355, 14.1975756058883, 0.0],
              [109.099975985540468, 14.197131088095825, 0.0],
              [109.099459494236584, 14.19376846059386, 0.0],
              [109.098937196890688, 14.190125644692777, 0.0],
              [109.098862401576653, 14.18962222774174, 0.0],
              [109.098617202595605, 14.188027759730451, 0.0],
              [109.098485316592615, 14.186174072826981, 0.0],
              [109.098186258349628, 14.183512605885397, 0.0],
              [109.098186925437318, 14.178689877556076, 0.0],
              [109.098055498834313, 14.176969684646531, 0.0],
              [109.098054439, 14.174698611113767, 0.0],
              [109.097928336253432, 14.171173012798814, 0.0],
              [109.097651669586753, 14.167284957243258, 0.0],
              [109.09737189076607, 14.163375534934477, 0.0],
              [109.096916886169069, 14.15933443619665, 0.0],
              [109.096362820560671, 14.155736607570658, 0.0],
              [109.095832902495829, 14.152283241775676, 0.0],
              [109.095833050110372, 14.151966945997616, 0.0],
              [109.095685666976934, 14.148107319351034, 0.0],
              [109.095407889199151, 14.144497597128812, 0.0],
              [109.095055154050641, 14.141279652646064, 0.0],
              [109.094729883616651, 14.138997216152092, 0.0],
              [109.094576673509309, 14.13700318430465, 0.0],
              [109.094139247776639, 14.13321161314868, 0.0],
              [109.093893985294343, 14.131621504915609, 0.0],
              [109.09376186003874, 14.129771487086503, 0.0],
              [109.092444234713923, 14.122045564854572, 0.0],
              [109.094889741621785, 14.113045915371503, 0.0],
              [109.09516724162178, 14.108879526482616, 0.0],
              [109.093070144658853, 14.090863482263572, 0.0],
              [109.093029375243347, 14.090730872013143, 0.0],
              [109.093026898295733, 14.090714803355965, 0.0],
              [109.092932916557686, 14.09012827773347, 0.0],
              [109.092378749891026, 14.086796611066802, 0.0],
              [109.091772220252693, 14.083741435939277, 0.0],
              [109.091357768817161, 14.081948192157325, 0.0],
              [109.091168732255923, 14.080718319154569, 0.0],
              [109.091323844182909, 14.080252905817661, 0.0],
              [109.092918488431124, 14.07424686643289, 0.0],
              [109.0932398265073, 14.072639693803744, 0.0],
              [109.093783951534419, 14.070463918953557, 0.0],
              [109.095130795160131, 14.062164345976733, 0.0],
              [109.095210058691322, 14.06113288861394, 0.0],
              [109.095302735663864, 14.060623859647837, 0.0],
              [109.096098784618079, 14.051797520858784, 0.0],
              [109.096412333357122, 14.050077303337835, 0.0],
              [109.097074937618814, 14.04495354442766, 0.0],
              [109.097353270952141, 14.041342155538771, 0.0],
              [109.097372445768769, 14.041092596256425, 0.0],
              [109.098342137212796, 14.035009463748301, 0.0],
              [109.099065374378043, 14.032112662497186, 0.0],
              [109.100347915837574, 14.024540957652805, 0.0],
              [109.100399802735325, 14.023971857191924, 0.0],
              [109.101544360321398, 14.019042234344814, 0.0],
              [109.101681993218932, 14.018215265908921, 0.0],
              [109.101846033917809, 14.017614421069853, 0.0],
              [109.10293208420984, 14.012659507896359, 0.0],
              [109.103232376190704, 14.010856404021304, 0.0],
              [109.10371983756248, 14.008744086446184, 0.0],
              [109.104318974151383, 14.005727057136237, 0.0],
              [109.104875085262492, 14.00239289046957, 0.0],
              [109.105268906542037, 13.999150103880952, 0.0],
              [109.105743728379451, 13.997580458990868, 0.0],
              [109.106575672823894, 13.99452518121309, 0.0],
              [109.107648358892988, 13.989629889159465, 0.0],
              [109.107836047397825, 13.988506753657692, 0.0],
              [109.110022352659044, 13.980907760044083, 0.0],
              [109.110289820977911, 13.979439819205757, 0.0],
              [109.110447247968139, 13.978809638648846, 0.0],
              [109.11094396801488, 13.977155118959608, 0.0],
              [109.111559112324514, 13.974919100846574, 0.0],
              [109.112393556768978, 13.971585489735462, 0.0],
              [109.113215238653098, 13.967631069623057, 0.0],
              [109.113293787370893, 13.967157805711915, 0.0],
              [109.114602576468471, 13.961530687299694, 0.0],
              [109.114901727500097, 13.959730382895845, 0.0],
              [109.115385405219101, 13.957635144526281, 0.0],
              [109.115660252929686, 13.956301961980678, 0.0],
              [109.116569525570327, 13.953439679170373, 0.0],
              [109.117403136681446, 13.950384679170373, 0.0],
              [109.118487029187534, 13.945438450389933, 0.0],
              [109.118980087544401, 13.942478620333732, 0.0],
              [109.118990611517248, 13.942420856582526, 0.0],
              [109.119511709307972, 13.941671702661113, 0.0],
              [109.121835514069943, 13.93859246716927, 0.0],
              [109.12427563929046, 13.936436957282458, 0.0],
              [109.126217861512671, 13.934491401726902, 0.0],
              [109.128454354938654, 13.932099277159841, 0.0],
              [109.130399354938646, 13.929877332715396, 0.0],
              [109.131243580520206, 13.928912283385859, 0.0],
              [109.13199616999627, 13.928160875200348, 0.0],
              [109.132043843138831, 13.92811321266946, 0.0],
              [109.134248575919287, 13.925905996771116, 0.0],
              [109.136179407086445, 13.923976268148529, 0.0],
              [109.138472618788867, 13.921525069187197, 0.0],
              [109.140415674344425, 13.919303124742752, 0.0],
              [109.143883321131028, 13.914373168178434, 0.0],
              [109.144203619598173, 13.914108822484623, 0.0],
              [109.148637006850819, 13.910752085359483, 0.0],
              [109.150582840184157, 13.909085418692815, 0.0],
              [109.152377442967477, 13.907309032452828, 0.0],
              [109.152512511222838, 13.907213460609823, 0.0],
              [109.154735844556171, 13.905544849498712, 0.0],
              [109.161089242640458, 13.899651256379627, 0.0],
              [109.16182383047682, 13.899008147598654, 0.0],
              [109.166510771230179, 13.894320912522026, 0.0],
              [109.16812143948556, 13.89248090152436, 0.0],
              [109.168324396759957, 13.89224912090595, 0.0],
              [109.170421718672031, 13.889890288840439, 0.0],
              [109.174140193702968, 13.884122803510349, 0.0],
              [109.174179176712386, 13.884152017624141, 0.0],
              [109.175844732267933, 13.88192951762414, 0.0],
              [109.176452866179361, 13.880535767300636, 0.0],
              [109.178739918790711, 13.876988468401128, 0.0],
              [109.179851863235157, 13.874488746178907, 0.0],
              [109.179214972627662, 13.874205439911346, 0.0],
              [109.182256793548987, 13.86723404954248, 0.0],
              [109.182813085901302, 13.86745654423394, 0.0],
              [109.183924197012416, 13.864678488678384, 0.0],
              [109.185037356488735, 13.861894059867279, 0.0],
              [109.187112127613091, 13.855480086685695, 0.0],
              [109.187124101375844, 13.855432275311532, 0.0],
              [109.188098268418941, 13.852993713371575, 0.0],
              [109.189100276013647, 13.850256388300812, 0.0],
              [109.190211664902534, 13.846922221634143, 0.0],
              [109.191662530151177, 13.841459741883348, 0.0],
              [109.191877701166916, 13.840814390174041, 0.0],
              [109.194239679359711, 13.829522965603138, 0.0],
              [109.194517179359721, 13.826468243380916, 0.0],
              [109.194575352105531, 13.825774270607663, 0.0],
              [109.194852852105527, 13.822161770607662, 0.0],
              [109.194322304589647, 13.810129608699221, 0.0],
              [109.193768137922987, 13.806797386476999, 0.0],
              [109.190409753269535, 13.795320250801652, 0.0],
              [109.184422154164849, 13.784968823472415, 0.0],
              [109.182752987498176, 13.78274687902797, 0.0],
              [109.1758661135365, 13.775322306458635, 0.0],
              [109.171821167431602, 13.770710910043528, 0.0],
              [109.169599500764932, 13.768766187821306, 0.0],
              [109.166650937242878, 13.766376610712946, 0.0],
              [109.166401862586085, 13.766189960392008, 0.0],
              [109.163087208216453, 13.763209506874997, 0.0],
              [109.162547851822552, 13.762670487536715, 0.0],
              [109.162141636339655, 13.76219621961836, 0.0],
              [109.157752997048121, 13.757761855636664, 0.0],
              [109.154076081769247, 13.750165908778285, 0.0],
              [109.15415947933451, 13.750124176629955, 0.0],
              [109.152769757112296, 13.747346954407732, 0.0],
              [109.15259271180507, 13.747101492395354, 0.0],
              [109.152353412683169, 13.746607136862165, 0.0],
              [109.150408412683163, 13.743828247973278, 0.0],
              [109.150291053441251, 13.743910390057627, 0.0],
              [109.143398268160269, 13.734353983438176, 0.0],
              [109.141452712604718, 13.73240981677151, 0.0],
              [109.137335226799664, 13.728726718748476, 0.0],
              [109.135946337910767, 13.72761616319292, 0.0],
              [109.133754247156091, 13.726402566183314, 0.0],
              [109.132350307736459, 13.725243984963074, 0.0],
              [109.129850307736461, 13.723300929407516, 0.0],
              [109.129841949709984, 13.723311683122793, 0.0],
              [109.12524773805211, 13.719239678361898, 0.0],
              [109.123888339110991, 13.718332706508011, 0.0],
              [109.123122204261051, 13.717758679684527, 0.0],
              [109.120980550094643, 13.716092472743071, 0.0],
              [109.119704422409541, 13.715200995128924, 0.0],
              [109.118773268669059, 13.714329558190933, 0.0],
              [109.116551879780189, 13.712384280413156, 0.0],
              [109.116155253238205, 13.71204061416381, 0.0],
              [109.114400565810797, 13.710536274171421, 0.0],
              [109.112367010601957, 13.708757167558094, 0.0],
              [109.109432441894683, 13.706379334234075, 0.0],
              [109.107572875881232, 13.704985531286606, 0.0],
              [109.106357715319731, 13.704039821133039, 0.0],
              [109.105303117961924, 13.703136525751626, 0.0],
              [109.101451986130428, 13.700150584502227, 0.0],
              [109.098871614536463, 13.698344143742368, 0.0],
              [109.097124349952395, 13.697095705087452, 0.0],
              [109.09546170076068, 13.695983837657291, 0.0],
              [109.095251399043505, 13.694618346885708, 0.0],
              [109.094985468165746, 13.692888665408706, 0.0],
              [109.094853340176002, 13.691169017638179, 0.0],
              [109.094417631428399, 13.687388586531663, 0.0],
              [109.09386152031729, 13.68377775319833, 0.0],
              [109.088150884942522, 13.667104402712333, 0.0],
              [109.086761996053625, 13.664604680490111, 0.0],
              [109.075991160164719, 13.651269377310546, 0.0],
              [109.075020237343921, 13.650419334380935, 0.0],
              [109.074252918180633, 13.649651686131516, 0.0],
              [109.071805908064107, 13.647362454709411, 0.0],
              [109.069582574730774, 13.645418010264967, 0.0],
              [109.060937677727253, 13.639340951662007, 0.0],
              [109.060214227042891, 13.638939275765363, 0.0],
              [109.059404876425205, 13.638399618759063, 0.0],
              [109.054027346441657, 13.635278640450004, 0.0],
              [109.051249568663877, 13.633889751561114, 0.0],
              [109.04984349277504, 13.633258519976568, 0.0],
              [109.046627929848981, 13.630622950670974, 0.0],
              [109.045139015031964, 13.629630175468206, 0.0],
              [109.045089390620731, 13.629564023366529, 0.0],
              [109.044826127874472, 13.629064899900277, 0.0],
              [109.043720623704004, 13.627073610513197, 0.0],
              [109.04344955930496, 13.62658482370531, 0.0],
              [109.041529784419922, 13.623624823511729, 0.0],
              [109.041529970943884, 13.623556780719372, 0.0],
              [109.042262685933238, 13.620162195074577, 0.0],
              [109.042672205655848, 13.618525344333944, 0.0],
              [109.04274694291297, 13.617918687277321, 0.0],
              [109.04290734700875, 13.617175553250021, 0.0],
              [109.043022491981986, 13.615682001137126, 0.0],
              [109.043360140240978, 13.612941243623862, 0.0],
              [109.045524415280312, 13.609288129768077, 0.0],
              [109.046912470835849, 13.606232018656966, 0.0],
              [109.047076119740453, 13.605867854941568, 0.0],
              [109.047282001673068, 13.605404775004653, 0.0],
              [109.047589800016596, 13.604851156090312, 0.0],
              [109.048620027831163, 13.602897778702081, 0.0],
              [109.050006972275611, 13.600121112035414, 0.0],
              [109.050960544147998, 13.598100324827024, 0.0],
              [109.051614494180782, 13.596630243846718, 0.0],
              [109.0524991373278, 13.594860957552681, 0.0],
              [109.056005738149992, 13.585693603299973, 0.0],
              [109.056841849261104, 13.582637214411085, 0.0],
              [109.056863607114934, 13.582557419729426, 0.0],
              [109.056935837846851, 13.582291655115409, 0.0],
              [109.056974181753674, 13.582195881535954, 0.0],
              [109.057999751466639, 13.579394877942812, 0.0],
              [109.059109195911091, 13.576059877942813, 0.0],
              [109.059550801802729, 13.574664549938296, 0.0],
              [109.060385246247179, 13.571887327716073, 0.0],
              [109.061222815551815, 13.569096925137584, 0.0],
              [109.062607724394709, 13.563138015087926, 0.0],
              [109.06419399640329, 13.557274572086529, 0.0],
              [109.06436224020419, 13.556348936607597, 0.0],
              [109.06462627035458, 13.555381060671451, 0.0],
              [109.065709362370129, 13.550437506489077, 0.0],
              [109.065935760346335, 13.549078325842487, 0.0],
              [109.066283713581811, 13.547687092629417, 0.0],
              [109.06685128124218, 13.545056830660148, 0.0],
              [109.066883937523997, 13.544958722816983, 0.0],
              [109.069294060781147, 13.533024607464972, 0.0],
              [109.069428734721612, 13.531284020413517, 0.0],
              [109.069698279692858, 13.529527316796344, 0.0],
              [109.070276664299428, 13.521959552464741, 0.0],
              [109.070277112953022, 13.52050154043884, 0.0],
              [109.070573410960861, 13.518428402032146, 0.0],
              [109.070588485189262, 13.518322116145741, 0.0],
              [109.070622651855928, 13.518079338367961, 0.0],
              [109.070937843467789, 13.506959114896132, 0.0],
              [109.070833371989565, 13.505705457157402, 0.0],
              [109.070833886848064, 13.503903452380271, 0.0],
              [109.070454057609552, 13.498932197922832, 0.0],
              [109.071513168599267, 13.497682092399648, 0.0],
              [109.072573572381032, 13.49619820535664, 0.0],
              [109.073899454490046, 13.494428962068749, 0.0],
              [109.073817063955957, 13.494367218081448, 0.0],
              [109.075197618902905, 13.492537585252302, 0.0],
              [109.07681692381675, 13.490715614144568, 0.0],
              [109.07761873110303, 13.489328914439035, 0.0],
              [109.079546103919313, 13.486774590479328, 0.0],
              [109.080934715030438, 13.484274034923773, 0.0],
              [109.080637091359037, 13.48410875823711, 0.0],
              [109.081566277799823, 13.482501760413724, 0.0],
              [109.081891668041322, 13.482718494460388, 0.0],
              [109.083542301341765, 13.48024034219713, 0.0],
              [109.084193612467047, 13.479264784804247, 0.0],
              [109.085029429693677, 13.478189770277298, 0.0],
              [109.087560029859162, 13.473282608104551, 0.0],
              [109.089023436556843, 13.471349763633075, 0.0],
              [109.090978121713064, 13.469853110219683, 0.0],
              [109.092116688751929, 13.468857006381555, 0.0],
              [109.093122317825404, 13.468074626962395, 0.0],
              [109.093883524683633, 13.467504268867769, 0.0],
              [109.095241686991329, 13.46659852551546, 0.0],
              [109.095162304418565, 13.466479491334365, 0.0],
              [109.099889803281343, 13.463459658774358, 0.0],
              [109.099951384082601, 13.463552060787185, 0.0],
              [109.101474080017681, 13.462537268653502, 0.0],
              [109.103246488943881, 13.461472618300714, 0.0],
              [109.107501878105808, 13.458609633037284, 0.0],
              [109.108612522226665, 13.457776580514025, 0.0],
              [109.109957787589067, 13.45687973693909, 0.0],
              [109.115440196258064, 13.452648375663145, 0.0],
              [109.117606396702485, 13.450722944413391, 0.0],
              [109.119212932186159, 13.449345422272481, 0.0],
              [109.118918936106581, 13.44900254928346, 0.0],
              [109.126809227788186, 13.443187194397483, 0.0],
              [109.128738399209126, 13.440980458235755, 0.0],
              [109.130668943893482, 13.438776208401249, 0.0],
              [109.132632941359631, 13.436531012537664, 0.0],
              [109.135965658024745, 13.432277630692191, 0.0],
              [109.13790982469142, 13.429499297358859, 0.0],
              [109.141658261451809, 13.423206870941744, 0.0],
              [109.142770205896241, 13.420984648719521, 0.0],
              [109.145044852618483, 13.415698737481426, 0.0],
              [109.14615624150737, 13.412642626370314, 0.0],
              [109.146008367164157, 13.412588850216233, 0.0],
              [109.147571328243075, 13.407784676401926, 0.0],
              [109.148371800933177, 13.405782393200612, 0.0],
              [109.14994356057953, 13.40092066910173, 0.0],
              [109.15014946652488, 13.400828214565474, 0.0],
              [109.15292724430266, 13.399438492343251, 0.0],
              [109.154844166299881, 13.398426926339971, 0.0],
              [109.157343332966548, 13.397038037451081, 0.0],
              [109.163062201242113, 13.393328209166542, 0.0],
              [109.164168342801716, 13.392498291777819, 0.0],
              [109.165509032660324, 13.391604647454651, 0.0],
              [109.170965645803847, 13.386821227739894, 0.0],
              [109.172932909247137, 13.385290041026536, 0.0],
              [109.174748395739684, 13.383807363137279, 0.0],
              [109.176694229073021, 13.382140696470612, 0.0],
              [109.183641335599248, 13.374856129236306, 0.0],
              [109.185584391154805, 13.372356962569638, 0.0],
              [109.186522842499514, 13.371013179021059, 0.0],
              [109.187076179712278, 13.37042167716298, 0.0],
              [109.187920210503435, 13.369456915474144, 0.0],
              [109.188683621269135, 13.368693722794657, 0.0],
              [109.189736898091624, 13.367640185124387, 0.0],
              [109.190503185815359, 13.366969575620368, 0.0],
              [109.192243470670761, 13.365479358835888, 0.0],
              [109.192370711517484, 13.365353472725598, 0.0],
              [109.200271899818048, 13.360836977301764, 0.0],
              [109.200427040797948, 13.360720655499687, 0.0],
              [109.200988411134873, 13.360384080325185, 0.0],
              [109.205291093100627, 13.357490912675893, 0.0],
              [109.20749880105717, 13.355833959010214, 0.0],
              [109.207826208530349, 13.355588607932733, 0.0],
              [109.216264566402558, 13.355153416241979, 0.0],
              [109.219287681342024, 13.354650235331526, 0.0],
              [109.222332934337487, 13.354182798251744, 0.0],
              [109.225967539434876, 13.353662938324259, 0.0],
              [109.233554539616776, 13.35196723408256, 0.0],
              [109.235060095172344, 13.351505289638116, 0.0],
              [109.235140836651112, 13.351480441357282, 0.0],
              [109.237049706670291, 13.350891218689176, 0.0],
              [109.239628911262471, 13.350118411712661, 0.0],
              [109.247643824169472, 13.346940898061337, 0.0],
              [109.250418640931073, 13.345553073416401, 0.0],
              [109.25319262421948, 13.344166081772194, 0.0],
              [109.258558425290815, 13.341052921653047, 0.0],
              [109.261060369735262, 13.339385699430826, 0.0],
              [109.26625545445593, 13.335409541143351, 0.0],
              [109.267064008640745, 13.334702195254017, 0.0],
              [109.267784975420369, 13.334161267422738, 0.0],
              [109.277231454676652, 13.324881604061341, 0.0],
              [109.27917728800999, 13.322382159616897, 0.0],
              [109.282127396507335, 13.318160975902472, 0.0],
              [109.283132015379863, 13.316553063200114, 0.0],
              [109.284395928457897, 13.314654874863262, 0.0],
              [109.286481057711725, 13.31123372902821, 0.0],
              [109.286889422030129, 13.310498999946534, 0.0],
              [109.286987220399894, 13.310352294240669, 0.0],
              [109.287905197056745, 13.309067420732372, 0.0],
              [109.290094043752148, 13.305729680504673, 0.0],
              [109.291761543752145, 13.302951069393563, 0.0],
              [109.2953130012109, 13.295792033817747, 0.0],
              [109.296424112322015, 13.293014256039967, 0.0],
              [109.296984958983487, 13.291545591556778, 0.0],
              [109.297833022995803, 13.28921553356491, 0.0],
              [109.298650902240965, 13.287167559020361, 0.0],
              [109.299756890099857, 13.284402589373117, 0.0],
              [109.300321728699586, 13.282922953043892, 0.0],
              [109.301159487131471, 13.280619536235438, 0.0],
              [109.30197445953138, 13.278583937091724, 0.0],
              [109.303092454589688, 13.275787844975424, 0.0],
              [109.304201291896746, 13.273015890416424, 0.0],
              [109.305211942680231, 13.270256943856555, 0.0],
              [109.306323331569132, 13.266922777189889, 0.0],
              [109.307371918485998, 13.260461093457423, 0.0],
              [109.30739462639761, 13.260466773747725, 0.0],
              [109.308228237508715, 13.257134273747724, 0.0],
              [109.308920631428521, 13.253921102172255, 0.0],
              [109.30903476922883, 13.253291599306655, 0.0],
              [109.311009541966087, 13.247951832428987, 0.0],
              [109.311374182517, 13.246492175573886, 0.0],
              [109.311875093516505, 13.244990818704498, 0.0],
              [109.313476008215076, 13.238963708562332, 0.0],
              [109.314031008215082, 13.236186208562334, 0.0],
              [109.314320418296987, 13.234606171843998, 0.0],
              [109.314415147301872, 13.234037608261886, 0.0],
              [109.316349197007483, 13.227124186250316, 0.0],
              [109.316598897806074, 13.22637552050344, 0.0],
              [109.317061449818922, 13.224914439489226, 0.0],
              [109.31789422759671, 13.222136661711447, 0.0],
              [109.319320862192342, 13.215992673806246, 0.0],
              [109.319458494046742, 13.215166331877031, 0.0],
              [109.319623127154401, 13.214563590559445, 0.0],
              [109.32011441775127, 13.212611070016765, 0.0],
              [109.320255367276147, 13.21199908082764, 0.0],
              [109.320314561595254, 13.211836595597815, 0.0],
              [109.321233034333943, 13.209066641638552, 0.0],
              [109.322064701000599, 13.206289697194107, 0.0],
              [109.323423826618011, 13.200433021923496, 0.0],
              [109.32550980051775, 13.192976381721751, 0.0],
              [109.325643670392282, 13.192630317829439, 0.0],
              [109.325874553215883, 13.19272259246657, 0.0],
              [109.326984830993652, 13.189944536911016, 0.0],
              [109.327541235716225, 13.188486735564904, 0.0],
              [109.328064812070266, 13.187047946697913, 0.0],
              [109.328475756355616, 13.186122344597001, 0.0],
              [109.329198494126032, 13.184409272470578, 0.0],
              [109.330309605237147, 13.181632605803911, 0.0],
              [109.33086989578922, 13.180166102344181, 0.0],
              [109.33198295134477, 13.177109713455291, 0.0],
              [109.333608015097596, 13.171106264341502, 0.0],
              [109.333662606895672, 13.170955942267524, 0.0],
              [109.333717589134622, 13.170701466588568, 0.0],
              [109.334198387972464, 13.168925258515534, 0.0],
              [109.334706428532371, 13.166124796341485, 0.0],
              [109.336516815739941, 13.157745735709963, 0.0],
              [109.336796260184371, 13.154134346821074, 0.0],
              [109.336945276777357, 13.150266942444441, 0.0],
              [109.336944445598519, 13.146111879351386, 0.0],
              [109.3369452764464, 13.142511538461006, 0.0],
              [109.335364090953846, 13.13072337615362, 0.0],
              [109.336432119077145, 13.128481531534526, 0.0],
              [109.336563777936973, 13.12811960132885, 0.0],
              [109.336672059729253, 13.127902886149787, 0.0],
              [109.33836891923464, 13.124122655345051, 0.0],
              [109.339480030345754, 13.121344599789495, 0.0],
              [109.340047347538658, 13.119857986469782, 0.0],
              [109.34019874308801, 13.119441487730557, 0.0],
              [109.340794253007758, 13.118193713591991, 0.0],
              [109.341800064129998, 13.115981532609712, 0.0],
              [109.342497178366543, 13.114587652693759, 0.0],
              [109.343467795471184, 13.11253130760759, 0.0],
              [109.344053023133583, 13.111214691674109, 0.0],
              [109.346242000406164, 13.106888253942934, 0.0],
              [109.34631957514793, 13.106748529403031, 0.0],
              [109.349160901576454, 13.101953219902034, 0.0],
              [109.349368606608493, 13.10164197349666, 0.0],
              [109.350813574807319, 13.099153355883015, 0.0],
              [109.352440236721051, 13.096896342730945, 0.0],
              [109.35410662560993, 13.094396064953166, 0.0],
              [109.354891277323375, 13.093217703996494, 0.0],
              [109.354925016870823, 13.093167115921885, 0.0],
              [109.355473272223065, 13.092527057972307, 0.0],
              [109.361202546537527, 13.084291215425855, 0.0],
              [109.36160850780054, 13.083560842184124, 0.0],
              [109.362152068110333, 13.082745954535417, 0.0],
              [109.364273920327591, 13.079265514894802, 0.0],
              [109.364476832028103, 13.078899940792263, 0.0],
              [109.365026041961485, 13.078193690407801, 0.0],
              [109.366245255996915, 13.076558060556469, 0.0],
              [109.367633867108026, 13.074613616112025, 0.0],
              [109.369813415852789, 13.071289799091932, 0.0],
              [109.371480915852786, 13.068512021314154, 0.0],
              [109.371939437259798, 13.067718066758296, 0.0],
              [109.37309732575396, 13.066227461198627, 0.0],
              [109.374301828151019, 13.064610581196717, 0.0],
              [109.375089179983021, 13.063507941989121, 0.0],
              [109.376400053578834, 13.061823923218428, 0.0],
              [109.376947122238164, 13.061107910823139, 0.0],
              [109.377480898813843, 13.060396090085442, 0.0],
              [109.378182337129033, 13.059594560800839, 0.0],
              [109.380021081866701, 13.057366734389706, 0.0],
              [109.38196497075559, 13.054867845500818, 0.0],
              [109.384225586325513, 13.051631852001556, 0.0],
              [109.387307637154805, 13.048958872673477, 0.0],
              [109.389180610393979, 13.047085096502077, 0.0],
              [109.39373353440088, 13.043210611876081, 0.0],
              [109.394587286302936, 13.042235278679023, 0.0],
              [109.39536038946116, 13.041461954602619, 0.0],
              [109.397628543398966, 13.03903723001298, 0.0],
              [109.399573265621171, 13.036814730012981, 0.0],
              [109.401948921746012, 13.033883566484953, 0.0],
              [109.403615310634919, 13.031661066484954, 0.0],
              [109.409575002737725, 13.021347130750025, 0.0],
              [109.412925872596887, 13.009916169657815, 0.0],
              [109.413164761485774, 13.00848811410226, 0.0],
              [109.413202860210873, 13.008257039199291, 0.0],
              [109.413222582433093, 13.008135650310402, 0.0],
              [109.41323302189565, 13.008070903618275, 0.0],
              [109.413485418111421, 13.006557283512299, 0.0],
              [109.414018503435273, 13.00217607652699, 0.0],
              [109.4142968367686, 12.998565243193658, 0.0],
              [109.413862340035337, 12.987113357494115, 0.0],
              [109.413348115512292, 12.983773723503784, 0.0],
              [109.413189115329601, 12.982659687689235, 0.0],
              [109.413223009495567, 12.975829784217744, 0.0],
              [109.413175038618832, 12.975112468954183, 0.0],
              [109.41343832510546, 12.971607413578289, 0.0],
              [109.413464060930949, 12.97160939173399, 0.0],
              [109.41374156093093, 12.967999113956211, 0.0],
              [109.413761871297865, 12.960609425383941, 0.0],
              [109.413611111111109, 12.958496066369458, 0.0],
              [109.413611111111109, 12.958301208809377, 0.0],
              [109.41374162798455, 12.956597937402758, 0.0],
              [109.413760456633781, 12.952971133839037, 0.0],
              [109.415220023958724, 12.950780687993657, 0.0],
              [109.417322409757475, 12.947331240593861, 0.0],
              [109.417725470906745, 12.946605488688499, 0.0],
              [109.418265346216359, 12.945795900709609, 0.0],
              [109.420371504581581, 12.942342648059343, 0.0],
              [109.420778668426806, 12.941609948459391, 0.0],
              [109.421322880529601, 12.940793766380901, 0.0],
              [109.423438609606961, 12.937322853732967, 0.0],
              [109.424826387384741, 12.934822853732967, 0.0],
              [109.426170913579938, 12.931993743357875, 0.0],
              [109.426722097528582, 12.931166151355281, 0.0],
              [109.432698680962602, 12.924422969589394, 0.0],
              [109.434366180962613, 12.921924636256062, 0.0],
              [109.436495864772155, 12.918432459339042, 0.0],
              [109.437250627205273, 12.91707264815798, 0.0],
              [109.441799808539756, 12.909475944811133, 0.0],
              [109.442911197428643, 12.906975667033354, 0.0],
              [109.443640697689972, 12.90524792700756, 0.0],
              [109.444752642134418, 12.902470149229783, 0.0],
              [109.44587060539682, 12.899673993953169, 0.0],
              [109.449295777487592, 12.884957339968077, 0.0],
              [109.449574388598705, 12.881345673301411, 0.0],
              [109.449140117813101, 12.869890857493925, 0.0],
              [109.448584006701978, 12.866279190827257, 0.0],
              [109.448027719502406, 12.86266693619665, 0.0],
              [109.443341476811227, 12.847936232247983, 0.0],
              [109.441954532366793, 12.84515928780354, 0.0],
              [109.440556698314253, 12.842363331176299, 0.0],
              [109.436814723199106, 12.836311123702105, 0.0],
              [109.436483072453953, 12.835714285021131, 0.0],
              [109.436354494438518, 12.835566757462631, 0.0],
              [109.43582244484621, 12.834706229420595, 0.0],
              [109.434154389290654, 12.832484007198376, 0.0],
              [109.433860186090115, 12.832704843475778, 0.0],
              [109.42561429606026, 12.823243692441398, 0.0],
              [109.425896292470938, 12.822961454181318, 0.0],
              [109.424994382380277, 12.822060316935628, 0.0],
              [109.423752021180931, 12.820663281766965, 0.0],
              [109.410685875427021, 12.810190106146498, 0.0],
              [109.408185875427023, 12.808800106146498, 0.0],
              [109.406395772685542, 12.807806452492381, 0.0],
              [109.404342831397969, 12.806574236208197, 0.0],
              [109.402892020213272, 12.805736170963085, 0.0],
              [109.400397799971088, 12.804350585460096, 0.0],
              [109.400015862132747, 12.804138298784205, 0.0],
              [109.399314518247763, 12.803592627205356, 0.0],
              [109.395099140415638, 12.800647916346504, 0.0],
              [109.395057651607814, 12.800622002054256, 0.0],
              [109.394585338321946, 12.800254653104801, 0.0],
              [109.393635515041353, 12.799590934784055, 0.0],
              [109.392848708068513, 12.798804420082169, 0.0],
              [109.391260083118652, 12.797318232406118, 0.0],
              [109.389190502466505, 12.795085626154062, 0.0],
              [109.389075469858554, 12.794901445119047, 0.0],
              [109.384660166540613, 12.789351884590985, 0.0],
              [109.384380014716996, 12.788931656855567, 0.0],
              [109.383795254011318, 12.788264782734757, 0.0],
              [109.382007085101066, 12.786017247087203, 0.0],
              [109.380533113099375, 12.784544564649831, 0.0],
              [109.3757100563205, 12.779044243376861, 0.0],
              [109.374912622361563, 12.778346214476322, 0.0],
              [109.374641636339803, 12.778029830729631, 0.0],
              [109.372024493005341, 12.775202426135902, 0.0],
              [109.371152022274586, 12.774329846346305, 0.0],
              [109.370727417066206, 12.773834862630119, 0.0],
              [109.365712109941271, 12.768768784279802, 0.0],
              [109.364741199066586, 12.767918797155426, 0.0],
              [109.363971220631115, 12.767148598788955, 0.0],
              [109.361530734759924, 12.764865391973746, 0.0],
              [109.359308512537709, 12.762921503084858, 0.0],
              [109.354121488298617, 12.758951063612894, 0.0],
              [109.352784136437563, 12.758059594724616, 0.0],
              [109.351682988385775, 12.757233079142756, 0.0],
              [109.346289621448364, 12.753736021565194, 0.0],
              [109.34541729256064, 12.752920019648458, 0.0],
              [109.343204785053359, 12.750984870600099, 0.0],
              [109.342454143737115, 12.750327625321075, 0.0],
              [109.341065129895924, 12.748146165092118, 0.0],
              [109.336858117823439, 12.742468685009545, 0.0],
              [109.336244940211145, 12.741753038695951, 0.0],
              [109.335550753218484, 12.740827764618063, 0.0],
              [109.331250707677171, 12.736191044202831, 0.0],
              [109.32786820030914, 12.732064920219212, 0.0],
              [109.327778655631519, 12.731945522340181, 0.0],
              [109.327626467171527, 12.731770044025835, 0.0],
              [109.327032219899635, 12.731045156345198, 0.0],
              [109.326771728064088, 12.73078450164118, 0.0],
              [109.324576354571107, 12.728253163588828, 0.0],
              [109.324111601058348, 12.727555568411216, 0.0],
              [109.322486148931659, 12.725258578548612, 0.0],
              [109.320818648931663, 12.723037467437502, 0.0],
              [109.314946883648574, 12.716707550740802, 0.0],
              [109.314289677152672, 12.715956725620458, 0.0],
              [109.314268001794446, 12.715975698329075, 0.0],
              [109.31402908361143, 12.715718138272965, 0.0],
              [109.307931668723796, 12.708766730507071, 0.0],
              [109.305710279834912, 12.706822286062627, 0.0],
              [109.305321642127083, 12.70648561416381, 0.0],
              [109.304833811305429, 12.706067383883545, 0.0],
              [109.30424703155839, 12.705480520286876, 0.0],
              [109.302294455324173, 12.703528500149071, 0.0],
              [109.299860074730773, 12.701251899153855, 0.0],
              [109.29763674139744, 12.699307454709411, 0.0],
              [109.292470783636517, 12.695351893931516, 0.0],
              [109.289972728080954, 12.693685227264851, 0.0],
              [109.28648760618259, 12.691560297263864, 0.0],
              [109.285229892850907, 12.690862219565494, 0.0],
              [109.280716664143156, 12.687120813779087, 0.0],
              [109.277939164143163, 12.685454980445753, 0.0],
              [109.276413144332281, 12.684752672919704, 0.0],
              [109.276061666128641, 12.684504053168487, 0.0],
              [109.273560832795312, 12.68283738650182, 0.0],
              [109.265528365760787, 12.678773641883184, 0.0],
              [109.264574764315881, 12.678243439479818, 0.0],
              [109.262599430857676, 12.677202203934472, 0.0],
              [109.261076120371271, 12.676442209276829, 0.0],
              [109.260811011181858, 12.676309861107523, 0.0],
              [109.260353332281923, 12.675662812907206, 0.0],
              [109.257212301564763, 12.670820018010458, 0.0],
              [109.256045575050763, 12.669265483649362, 0.0],
              [109.255583593935199, 12.668605104925327, 0.0],
              [109.254816165013565, 12.667326355067743, 0.0],
              [109.25195016526672, 12.663063555355311, 0.0],
              [109.250766778522006, 12.661485048815697, 0.0],
              [109.249283784418154, 12.659368149919937, 0.0],
              [109.248338776377949, 12.658064388688791, 0.0],
              [109.24750377954966, 12.656950595619938, 0.0],
              [109.247012460898816, 12.656213412893456, 0.0],
              [109.246012197452174, 12.6546128713232, 0.0],
              [109.243600591913292, 12.651096998315811, 0.0],
              [109.241932258579951, 12.648874220538033, 0.0],
              [109.241413264183706, 12.648194920703309, 0.0],
              [109.239863765237729, 12.646202359826656, 0.0],
              [109.239537251987741, 12.645658352412475, 0.0],
              [109.239069280808565, 12.644894260790668, 0.0],
              [109.238939853126396, 12.644687124728126, 0.0],
              [109.238614660626055, 12.644036479365154, 0.0],
              [109.237781145678554, 12.64244124331044, 0.0],
              [109.237087898149923, 12.64117071301806, 0.0],
              [109.236802316368909, 12.640528100477555, 0.0],
              [109.236778128453807, 12.640538849766495, 0.0],
              [109.233152902589296, 12.63233258388787, 0.0],
              [109.232674900230677, 12.631535860196507, 0.0],
              [109.230885851968495, 12.626701059138236, 0.0],
              [109.230837946457484, 12.626477292288515, 0.0],
              [109.229375649072011, 12.621120014628644, 0.0],
              [109.228503495971012, 12.618505951350675, 0.0],
              [109.228071596043478, 12.617067484247793, 0.0],
              [109.227405894376574, 12.614625616887194, 0.0],
              [109.226821183904988, 12.612879823523816, 0.0],
              [109.226363308291056, 12.609901456036084, 0.0],
              [109.226263807298309, 12.60928027294166, 0.0],
              [109.225761326870355, 12.606264887642189, 0.0],
              [109.225255882568959, 12.602971265628073, 0.0],
              [109.223646434398376, 12.596686063310193, 0.0],
              [109.22358413829852, 12.596281434419707, 0.0],
              [109.223487416767213, 12.595677766972443, 0.0],
              [109.222932138989435, 12.592342766972443, 0.0],
              [109.2221194251117, 12.588432697935053, 0.0],
              [109.221845216247686, 12.587335405159338, 0.0],
              [109.221639752001039, 12.586001119110055, 0.0],
              [109.219213389540968, 12.576527795136871, 0.0],
              [109.219162535434521, 12.576387908203561, 0.0],
              [109.219046136958298, 12.575687883683402, 0.0],
              [109.217481100309357, 12.569386422325376, 0.0],
              [109.217474813737454, 12.56934554545613, 0.0],
              [109.215947411104253, 12.562579317450496, 0.0],
              [109.215113799993134, 12.559800428561607, 0.0],
              [109.215012761474171, 12.559467816646981, 0.0],
              [109.21390165036307, 12.55585531664698, 0.0],
              [109.211623339044422, 12.549850891402855, 0.0],
              [109.211435586715325, 12.549438159019202, 0.0],
              [109.209411325898884, 12.544042015519452, 0.0],
              [109.208022714787774, 12.540985348852784, 0.0],
              [109.207218675302187, 12.539299785868099, 0.0],
              [109.205829786413304, 12.536522841423654, 0.0],
              [109.203994456870134, 12.533178605799979, 0.0],
              [109.202328901314573, 12.530400550244424, 0.0],
              [109.19886481458623, 12.525645795211014, 0.0],
              [109.198718547559878, 12.525401813515675, 0.0],
              [109.196510905657064, 12.522034631669133, 0.0],
              [109.196285993434898, 12.521719988326559, 0.0],
              [109.195649498347024, 12.520659410623471, 0.0],
              [109.191745537517747, 12.515243474737087, 0.0],
              [109.190453903054234, 12.512939934048168, 0.0],
              [109.189299818206123, 12.511093813512602, 0.0],
              [109.187861494316437, 12.508699322958488, 0.0],
              [109.186040885052137, 12.506201188859201, 0.0],
              [109.185277132218545, 12.504583087873687, 0.0],
              [109.183887409996316, 12.501803921207021, 0.0],
              [109.182492319279774, 12.499015688511324, 0.0],
              [109.181484856899687, 12.497106329903026, 0.0],
              [109.180623506969837, 12.495555934490197, 0.0],
              [109.17972018723772, 12.493749475689908, 0.0],
              [109.177885334989583, 12.490405442979496, 0.0],
              [109.177672630081346, 12.490050591879248, 0.0],
              [109.177550897215326, 12.489783100563587, 0.0],
              [109.17653771524634, 12.487499509155283, 0.0],
              [109.175549263724022, 12.485404021844293, 0.0],
              [109.175092123360116, 12.484490380729227, 0.0],
              [109.175050669581267, 12.484386777372436, 0.0],
              [109.174917804043872, 12.484021433184074, 0.0],
              [109.174625992576793, 12.482951717106332, 0.0],
              [109.172024237394893, 12.476145069989835, 0.0],
              [109.171914878750826, 12.475435847820798, 0.0],
              [109.170402310920082, 12.468728582473302, 0.0],
              [109.169571199808985, 12.465949693584411, 0.0],
              [109.169096800316652, 12.464449859629031, 0.0],
              [109.167984855872206, 12.46111763740681, 0.0],
              [109.167538015045693, 12.459836709306597, 0.0],
              [109.16748371095548, 12.459687576495394, 0.0],
              [109.167473878284909, 12.459623632164556, 0.0],
              [109.16693463187751, 12.456945406566987, 0.0],
              [109.183338615267758, 12.443494973187962, 0.0],
              [109.183554017726536, 12.443218339105041, 0.0],
              [109.184368839007504, 12.441742675210044, 0.0],
              [109.192082901997082, 12.438888026216718, 0.0],
              [109.194860679774877, 12.43749913732783, 0.0],
              [109.197649742157296, 12.436103771194349, 0.0],
              [109.203003737145693, 12.432996694892275, 0.0],
              [109.205502903812373, 12.431331417114498, 0.0],
              [109.213137890182921, 12.425072787213999, 0.0],
              [109.215077045125184, 12.4231330780691, 0.0],
              [109.217295643244753, 12.420915034321895, 0.0],
              [109.219903339681494, 12.418099760575654, 0.0],
              [109.221569728570373, 12.416156149464543, 0.0],
              [109.230042304009984, 12.402162794017505, 0.0],
              [109.231152581787768, 12.399383905128616, 0.0],
              [109.231702069459601, 12.397944634869059, 0.0],
              [109.23254783307145, 12.395622587070577, 0.0],
              [109.233369837092837, 12.393567166015114, 0.0],
              [109.235455410016399, 12.387113354529824, 0.0],
              [109.236155002943647, 12.384311482522635, 0.0],
              [109.236844843665494, 12.381786275221337, 0.0],
              [109.23793713022782, 12.376798617113836, 0.0],
              [109.238159146998001, 12.375461278145314, 0.0],
              [109.238502125945331, 12.374091760011742, 0.0],
              [109.239853894975582, 12.365764575338098, 0.0],
              [109.240130561642246, 12.362153464226985, 0.0],
              [109.240150648183842, 12.354786218156798, 0.0],
              [109.240130939423949, 12.354509147819471, 0.0],
              [109.240150615809654, 12.347273513192357, 0.0],
              [109.24013690046749, 12.347081361111321, 0.0],
              [109.240408024608058, 12.343556476159778, 0.0],
              [109.24044384282891, 12.336385617551077, 0.0],
              [109.240277051910226, 12.333891569496821, 0.0],
              [109.240277090150144, 12.333725799435475, 0.0],
              [109.240428058475658, 12.331604209423228, 0.0],
              [109.240428112312046, 12.324507102787605, 0.0],
              [109.2401594591812, 12.320730853960459, 0.0],
              [109.239999643612066, 12.318331380765716, 0.0],
              [109.239999165518867, 12.316100119813143, 0.0],
              [109.238717715593225, 12.304863478511422, 0.0],
              [109.237885052470816, 12.301256751444425, 0.0],
              [109.23731677577949, 12.298793334539653, 0.0],
              [109.236971210232369, 12.29689246472666, 0.0],
              [109.236288424866544, 12.293723983874241, 0.0],
              [109.23545564708877, 12.290388428318685, 0.0],
              [109.232453690288423, 12.281789282350699, 0.0],
              [109.232188190518258, 12.28120588293565, 0.0],
              [109.232119783015591, 12.280932184471835, 0.0],
              [109.230600992373795, 12.275967244130182, 0.0],
              [109.229489047929363, 12.272909744130182, 0.0],
              [109.228036881820614, 12.269534748448867, 0.0],
              [109.227683395691216, 12.268238121709398, 0.0],
              [109.22710865044813, 12.266733401036999, 0.0],
              [109.227806455990716, 12.26365631659022, 0.0],
              [109.227977560610597, 12.262714133707531, 0.0],
              [109.228360609295123, 12.260606395145826, 0.0],
              [109.228579131382276, 12.244025372973907, 0.0],
              [109.228384879316451, 12.242769142602553, 0.0],
              [109.228363250978234, 12.242624131126819, 0.0],
              [109.228325757773959, 12.242376986373715, 0.0],
              [109.228025757773949, 12.240432264151492, 0.0],
              [109.223252893366322, 12.225537798491398, 0.0],
              [109.214111742917069, 12.212846671259449, 0.0],
              [109.20149676924801, 12.203600710991196, 0.0],
              [109.186642349258136, 12.198704636163566, 0.0],
              [109.171001989975267, 12.198637528368131, 0.0],
              [109.167391712197499, 12.199193361701465, 0.0],
              [109.16029648228151, 12.200821922305462, 0.0],
              [109.160201225046094, 12.200851230533615, 0.0],
              [109.160082273024287, 12.200868257556165, 0.0],
              [109.159856481170578, 12.200814137330807, 0.0],
              [109.159123765655423, 12.200521080445093, 0.0],
              [109.157655330124513, 12.199960374812177, 0.0],
              [109.155341084942933, 12.199118142699193, 0.0],
              [109.154367209355357, 12.198728475622458, 0.0],
              [109.15325758008359, 12.198223915204231, 0.0],
              [109.153237647955464, 12.198209053623151, 0.0],
              [109.151292925733259, 12.196819331400928, 0.0],
              [109.147953314254138, 12.194628859123316, 0.0],
              [109.145175536476359, 12.192961636901096, 0.0],
              [109.143715455505031, 12.192118451662008, 0.0],
              [109.141215455505034, 12.190730396106451, 0.0],
              [109.13967788116372, 12.189919834905099, 0.0],
              [109.137733195796031, 12.188658389049975, 0.0],
              [109.137651416947293, 12.188594752980176, 0.0],
              [109.133443796771715, 12.185654470107076, 0.0],
              [109.132636846939349, 12.185150164254546, 0.0],
              [109.133861886169086, 12.180665286025567, 0.0],
              [109.134068415571534, 12.179324186009696, 0.0],
              [109.134343863984355, 12.178220644355777, 0.0],
              [109.135022496278665, 12.175073916228175, 0.0],
              [109.135194631148607, 12.174129106131522, 0.0],
              [109.135462967610948, 12.173144370388153, 0.0],
              [109.136412860451458, 12.16895733643239, 0.0],
              [109.136968971562567, 12.165903725321279, 0.0],
              [109.137096640703163, 12.165171890631065, 0.0],
              [109.137239179111759, 12.164317372159525, 0.0],
              [109.137410698234959, 12.163687208380251, 0.0],
              [109.138191993125034, 12.160122589582997, 0.0],
              [109.139338277800547, 12.156578556431452, 0.0],
              [109.139738591644729, 12.154978367847084, 0.0],
              [109.140883450939427, 12.152631128464611, 0.0],
              [109.14162995546134, 12.150576513441946, 0.0],
              [109.1444897389879, 12.144308494347637, 0.0],
              [109.145601127876787, 12.14125182768097, 0.0],
              [109.146934300072985, 12.136324300081938, 0.0],
              [109.147809947726316, 12.134136608589827, 0.0],
              [109.148837471254083, 12.131328915435365, 0.0],
              [109.149945804587418, 12.127994748768698, 0.0],
              [109.150106478643721, 12.127486929965244, 0.0],
              [109.151707125187841, 12.123766163457793, 0.0],
              [109.152555255075953, 12.121435712651326, 0.0],
              [109.153378323640567, 12.119374537943473, 0.0],
              [109.155780389511264, 12.111289448680679, 0.0],
              [109.155865716348345, 12.111076216914826, 0.0],
              [109.15676001292573, 12.107878007128598, 0.0],
              [109.157820221579968, 12.105898523706704, 0.0],
              [109.159209110468865, 12.102565468151148, 0.0],
              [109.160951100435327, 12.097687544883573, 0.0],
              [109.161141460106123, 12.09705237748015, 0.0],
              [109.161421955827251, 12.096351313443364, 0.0],
              [109.162894856465186, 12.092132432627283, 0.0],
              [109.16372763424296, 12.08935382151617, 0.0],
              [109.164337721610337, 12.087133558968397, 0.0],
              [109.164360742157285, 12.087041538148284, 0.0],
              [109.164777446926578, 12.085949287792584, 0.0],
              [109.16560747669196, 12.083662653463977, 0.0],
              [109.16641522682319, 12.081645900701263, 0.0],
              [109.167531338697685, 12.078857436720368, 0.0],
              [109.167876684128416, 12.077993821229702, 0.0],
              [109.168335832580283, 12.077075064809902, 0.0],
              [109.16929722931981, 12.075037788213507, 0.0],
              [109.170409451542028, 12.072536399324619, 0.0],
              [109.171713016448336, 12.069306008890539, 0.0],
              [109.172823294226106, 12.06625212000165, 0.0],
              [109.174389601113191, 12.059109325301867, 0.0],
              [109.174654089759201, 12.058316057730323, 0.0],
              [109.177072954335941, 12.0463473725538, 0.0],
              [109.177351565447054, 12.042736261442689, 0.0],
              [109.177630283299564, 12.03911905217034, 0.0],
              [109.177666812390839, 12.031944319898985, 0.0],
              [109.177388479057498, 12.027778764343429, 0.0],
              [109.17735289706981, 12.027283259227527, 0.0],
              [109.177075397069814, 12.023670203671973, 0.0],
              [109.175727920017692, 12.015366677994756, 0.0],
              [109.175455831045966, 12.014278866104464, 0.0],
              [109.175252313737488, 12.01295554545632, 0.0],
              [109.174339744986526, 12.008426199021809, 0.0],
              [109.173507323111224, 12.005097343665152, 0.0],
              [109.173232889392253, 12.003998968016719, 0.0],
              [109.17313576634038, 12.003369000291208, 0.0],
              [109.173070854196027, 11.999474277580045, 0.0],
              [109.173075217030345, 11.999474212182632, 0.0],
              [109.173051050363682, 11.997861989960409, 0.0],
              [109.173042241202609, 11.997757500598226, 0.0],
              [109.17302971140731, 11.997005714028584, 0.0],
              [109.172815533637205, 11.995068421726232, 0.0],
              [109.172470849648306, 11.990979972227713, 0.0],
              [109.171916379885729, 11.987389725288969, 0.0],
              [109.171365224887325, 11.983800314555333, 0.0],
              [109.17080313666554, 11.980156057593121, 0.0],
              [109.169895814000554, 11.975656031268199, 0.0],
              [109.169547532990961, 11.974262326374232, 0.0],
              [109.169320750766119, 11.972900270969788, 0.0],
              [109.166990016765681, 11.964026783430141, 0.0],
              [109.166818214805033, 11.96355427436368, 0.0],
              [109.167255375346102, 11.962461099580635, 0.0],
              [109.167593391330797, 11.961616524042535, 0.0],
              [109.168053798348751, 11.960695802088042, 0.0],
              [109.169764205000817, 11.956885264666711, 0.0],
              [109.170319482778581, 11.955495542444488, 0.0],
              [109.170059243587033, 11.955391561204456, 0.0],
              [109.173839604603273, 11.943586923010558, 0.0],
              [109.173862281882862, 11.928225617322033, 0.0],
              [109.173306448549525, 11.924615061766476, 0.0],
              [109.168685613387339, 11.910102724581451, 0.0],
              [109.167056107097366, 11.895350712204639, 0.0],
              [109.166222495986261, 11.892572934426859, 0.0],
              [109.163051175302186, 11.884578674756977, 0.0],
              [109.161667207838661, 11.88181157021039, 0.0],
              [109.16028434715507, 11.879043634494641, 0.0],
              [109.158916395348484, 11.876307452991879, 0.0],
              [109.157519928097685, 11.872652363527223, 0.0],
              [109.157373084802188, 11.871772330630478, 0.0],
              [109.156870617067824, 11.86876003405315, 0.0],
              [109.156691302794883, 11.867591749882886, 0.0],
              [109.156556422977275, 11.865566527396259, 0.0],
              [109.156448926562277, 11.865573686657498, 0.0],
              [109.156224679336262, 11.862791026647095, 0.0],
              [109.157787009421313, 11.856604422875471, 0.0],
              [109.15785108557661, 11.855896625826693, 0.0],
              [109.157906565447036, 11.855234872553993, 0.0],
              [109.158185176558163, 11.851623761442882, 0.0],
              [109.158463894975583, 11.847985964226984, 0.0],
              [109.158499434457553, 11.840843087893694, 0.0],
              [109.158451539322556, 11.840124085551853, 0.0],
              [109.158473341957517, 11.839819436158665, 0.0],
              [109.158741242274573, 11.83634768309688, 0.0],
              [109.158305787184602, 11.824883414466889, 0.0],
              [109.157748842740148, 11.821270358911333, 0.0],
              [109.155350010438568, 11.811877377660274, 0.0],
              [109.155251121549682, 11.811604044326941, 0.0],
              [109.155217388457999, 11.811511091959707, 0.0],
              [109.154914774799138, 11.810679796879837, 0.0],
              [109.154627840135717, 11.809627288376268, 0.0],
              [109.151114163230872, 11.800426596488601, 0.0],
              [109.149725552119762, 11.797647985377491, 0.0],
              [109.147880796758002, 11.794285651236553, 0.0],
              [109.146634546147183, 11.792207389674532, 0.0],
              [109.145641849169053, 11.790422201844763, 0.0],
              [109.137294530476751, 11.779361908466079, 0.0],
              [109.136433686786006, 11.778501279959364, 0.0],
              [109.13602023213015, 11.778018835786835, 0.0],
              [109.130984282566445, 11.772930232189296, 0.0],
              [109.130191017309386, 11.772235963896918, 0.0],
              [109.129909954352257, 11.771908002453358, 0.0],
              [109.127256804590147, 11.769377861294757, 0.0],
              [109.126690674161253, 11.768244920536556, 0.0],
              [109.12513619530452, 11.764177773262359, 0.0],
              [109.12510234049752, 11.764007443534714, 0.0],
              [109.124266784941966, 11.760396054645826, 0.0],
              [109.120886109801503, 11.750997956980092, 0.0],
              [109.120732041966079, 11.750381223126574, 0.0],
              [109.117949725951362, 11.742861103035766, 0.0],
              [109.115794253007664, 11.735970730852276, 0.0],
              [109.115782369380256, 11.735944594002142, 0.0],
              [109.115479473091824, 11.734988741679382, 0.0],
              [109.115205629893765, 11.734169125161419, 0.0],
              [109.114376223524701, 11.731682011192635, 0.0],
              [109.113368001210901, 11.728930188404455, 0.0],
              [109.112548588014093, 11.726881655412454, 0.0],
              [109.111705014881181, 11.724564146805532, 0.0],
              [109.109501568890934, 11.719441431880451, 0.0],
              [109.107758136796832, 11.714877402165376, 0.0],
              [109.1076726024707, 11.714535407370581, 0.0],
              [109.103888026216595, 11.704306264669343, 0.0],
              [109.102499137327698, 11.701528486891565, 0.0],
              [109.099376025515554, 11.69614775745328, 0.0],
              [109.097712004085736, 11.693652557042013, 0.0],
              [109.096048814832258, 11.691157357295149, 0.0],
              [109.090857757107315, 11.685238696510989, 0.0],
              [109.086191752698397, 11.679369408093399, 0.0],
              [109.084247030476178, 11.677424408093398, 0.0],
              [109.081809401836281, 11.675144017251395, 0.0],
              [109.079586901836294, 11.673199850584728, 0.0],
              [109.072973920535688, 11.668550589220708, 0.0],
              [109.071945734673676, 11.667779578283206, 0.0],
              [109.07007831081998, 11.666378426677054, 0.0],
              [109.068858135495347, 11.66542922059757, 0.0],
              [109.068000085697605, 11.664693924354566, 0.0],
              [109.065964017318223, 11.662913859573425, 0.0],
              [109.060795853657879, 11.658958141151119, 0.0],
              [109.060753133700885, 11.658929651686471, 0.0],
              [109.056079755356947, 11.655351022195955, 0.0],
              [109.053624397754419, 11.653713025493676, 0.0],
              [109.052085622555921, 11.652367030083733, 0.0],
              [109.049879805860115, 11.650546250599991, 0.0],
              [109.047379805860118, 11.648600139488881, 0.0],
              [109.043145374901613, 11.645641991385446, 0.0],
              [109.040922041568265, 11.644253935829889, 0.0],
              [109.038717778974089, 11.642954957496315, 0.0],
              [109.038349447016074, 11.642750410482295, 0.0],
              [109.037640919564666, 11.642199333575649, 0.0],
              [109.033454794624589, 11.63927388042363, 0.0],
              [109.031233405735705, 11.637884713756964, 0.0],
              [109.029019486538132, 11.636578161702053, 0.0],
              [109.028279075468987, 11.636166493147607, 0.0],
              [109.027454309371649, 11.635616740723393, 0.0],
              [109.024389914294545, 11.63393126282782, 0.0],
              [109.023767111023204, 11.633467047780236, 0.0],
              [109.021820444356536, 11.63207788111357, 0.0],
              [109.01705757576903, 11.629068948740981, 0.0],
              [109.016328094384761, 11.628663708332111, 0.0],
              [109.015731243336219, 11.628265807633086, 0.0],
              [109.015015636469329, 11.627639181655072, 0.0],
              [109.014238899768472, 11.626862666815594, 0.0],
              [109.006623620922397, 11.620620540838686, 0.0],
              [109.005745749529794, 11.620035293243619, 0.0],
              [109.005352813768184, 11.619642413607663, 0.0],
              [109.004773072075494, 11.619100106965545, 0.0],
              [109.003902577337982, 11.617981716411609, 0.0],
              [109.002509317679525, 11.616122798207515, 0.0],
              [109.001664584328097, 11.614997540756708, 0.0],
              [109.001242615332146, 11.614364059361609, 0.0],
              [109.001108182450537, 11.614025188605789, 0.0],
              [109.00006040485242, 11.61193005226928, 0.0],
              [109.001773410394435, 11.603580436498767, 0.0],
              [109.002050077061114, 11.600246825387657, 0.0],
              [109.002076158864455, 11.592303251459221, 0.0],
              [109.001800325531121, 11.588692140348108, 0.0],
              [108.995505480665329, 11.56892918117275, 0.0],
              [108.995839176181917, 11.568762458519002, 0.0],
              [108.995283898404139, 11.567651069630113, 0.0],
              [108.994872516517276, 11.566941960695635, 0.0],
              [108.994818690411265, 11.566772971124273, 0.0],
              [108.993984245966814, 11.565382415568717, 0.0],
              [108.993972019618781, 11.565389752354474, 0.0],
              [108.992254908692857, 11.562429926611181, 0.0],
              [108.992209443050328, 11.562339113465914, 0.0],
              [108.991146811526434, 11.560620239770106, 0.0],
              [108.991241651003989, 11.559385997480085, 0.0],
              [108.991278104329851, 11.558877696531681, 0.0],
              [108.991555604329861, 11.554710752087237, 0.0],
              [108.991083640889926, 11.543778619110057, 0.0],
              [108.990527529778817, 11.540167230221167, 0.0],
              [108.989382554632854, 11.534747728458164, 0.0],
              [108.989068110188398, 11.533582728458166, 0.0],
              [108.988699000143498, 11.533682354726848, 0.0],
              [108.985275403599559, 11.522080186459828, 0.0],
              [108.984968359862279, 11.521466221802747, 0.0],
              [108.984447741054012, 11.520112133836154, 0.0],
              [108.980780806736334, 11.513484665181565, 0.0],
              [108.980826824602886, 11.513461642440168, 0.0],
              [108.979437380158458, 11.510684420217945, 0.0],
              [108.974732782127319, 11.503071030330473, 0.0],
              [108.973551716007009, 11.501495028614675, 0.0],
              [108.972071659456816, 11.499380782952617, 0.0],
              [108.972004914366678, 11.499427507186052, 0.0],
              [108.971382041501897, 11.498182632955597, 0.0],
              [108.966660343740642, 11.49054703441144, 0.0],
              [108.966354092355047, 11.490138886321901, 0.0],
              [108.964345253007735, 11.486557037989883, 0.0],
              [108.962956641896625, 11.484335093545438, 0.0],
              [108.961642438552218, 11.482418627459916, 0.0],
              [108.961356196728232, 11.481897145501657, 0.0],
              [108.961042883839454, 11.480840569787349, 0.0],
              [108.958544726651638, 11.474190939149787, 0.0],
              [108.957449448873859, 11.471805661372008, 0.0],
              [108.950198529576724, 11.461094007775243, 0.0],
              [108.949448666696014, 11.459593382178346, 0.0],
              [108.948414745410815, 11.457709511269144, 0.0],
              [108.947748425769774, 11.455245062760071, 0.0],
              [108.947907134796779, 11.453026937795872, 0.0],
              [108.948160563958609, 11.44998629471219, 0.0],
              [108.948186350715687, 11.449664345976734, 0.0],
              [108.948463445140277, 11.446058512623745, 0.0],
              [108.948741371781537, 11.442451845840836, 0.0],
              [108.948761522184967, 11.435039821916943, 0.0],
              [108.94848318885164, 11.431152044139166, 0.0],
              [108.948464728308906, 11.4309029246619, 0.0],
              [108.948188061642242, 11.42729181355079, 0.0],
              [108.946837009704851, 11.418967492594327, 0.0],
              [108.946002287482642, 11.415633603705437, 0.0],
              [108.945743704173708, 11.414643901743041, 0.0],
              [108.944912037507038, 11.411588901743041, 0.0],
              [108.943651959325564, 11.407620257916443, 0.0],
              [108.942539737103331, 11.404564702360888, 0.0],
              [108.941359632366542, 11.401822175944634, 0.0],
              [108.939760218526274, 11.39671892952035, 0.0],
              [108.939002978737363, 11.3948245986098, 0.0],
              [108.938514525570341, 11.392670876385182, 0.0],
              [108.937717536469549, 11.389750087937859, 0.0],
              [108.937164365074551, 11.387677491217643, 0.0],
              [108.936972005460035, 11.386618646853048, 0.0],
              [108.936668926549629, 11.385086771868233, 0.0],
              [108.935836148771855, 11.381197605201566, 0.0],
              [108.935789282709933, 11.381207640517159, 0.0],
              [108.934732361510299, 11.374180405080153, 0.0],
              [108.933674018615264, 11.370741650359973, 0.0],
              [108.932893042194365, 11.36813744046011, 0.0],
              [108.931993565494935, 11.365422795617201, 0.0],
              [108.931765995393405, 11.364796565057599, 0.0],
              [108.931559112324635, 11.363970065820476, 0.0],
              [108.929720615637549, 11.358156385617676, 0.0],
              [108.928330893415321, 11.35454444117323, 0.0],
              [108.92637488651593, 11.350113891070512, 0.0],
              [108.926206705428498, 11.349777990931603, 0.0],
              [108.925879478988534, 11.348958490706307, 0.0],
              [108.924161331858798, 11.345130378188909, 0.0],
              [108.922771609636584, 11.342352322633353, 0.0],
              [108.91806655498408, 11.334737727945814, 0.0],
              [108.91730655498408, 11.333723561279148, 0.0],
              [108.916396892745894, 11.332510026425689, 0.0],
              [108.911735667996453, 11.327135547641966, 0.0],
              [108.909512334663134, 11.324913325419745, 0.0],
              [108.907090397547648, 11.322648082368342, 0.0],
              [108.906123332781704, 11.321801930926474, 0.0],
              [108.905357308253826, 11.321035796982155, 0.0],
              [108.902916012094508, 11.318752198235574, 0.0],
              [108.900694345427851, 11.31680914268002, 0.0],
              [108.900312882111123, 11.316478899315928, 0.0],
              [108.898367326555572, 11.314811677093706, 0.0],
              [108.890124266332606, 11.309075969633648, 0.0],
              [108.887625099665925, 11.30768680296698, 0.0],
              [108.885699101947253, 11.30667049082755, 0.0],
              [108.882921601947245, 11.305281324160884, 0.0],
              [108.880866717927915, 11.304311306835469, 0.0],
              [108.878366717927918, 11.30319991794658, 0.0],
              [108.876621087111531, 11.302463175862281, 0.0],
              [108.873843309333751, 11.301352342528947, 0.0],
              [108.871061775333786, 11.300240229376996, 0.0],
              [108.860726727899134, 11.297348471161545, 0.0],
              [108.85937038478059, 11.297122206669655, 0.0],
              [108.857978850073991, 11.296773743380083, 0.0],
              [108.857039621467479, 11.296548163478754, 0.0],
              [108.853428232578594, 11.295717607923198, 0.0],
              [108.847584917294512, 11.294805706333372, 0.0],
              [108.843756560760923, 11.294010251930555, 0.0],
              [108.842408223953427, 11.293786053569915, 0.0],
              [108.841026130743728, 11.293440213564189, 0.0],
              [108.837112170332077, 11.292625581492622, 0.0],
              [108.834142079156351, 11.292130360057524, 0.0],
              [108.831449388353562, 11.291640490587898, 0.0],
              [108.826456040029427, 11.291010190045119, 0.0],
              [108.824207489885623, 11.29052524837288, 0.0],
              [108.821151378774516, 11.289970526150658, 0.0],
              [108.811602634557289, 11.289452854451895, 0.0],
              [108.805258918151921, 11.288227340043386, 0.0],
              [108.801925307040818, 11.287949840043385, 0.0],
              [108.801609391734232, 11.287924550180183, 0.0],
              [108.79799911395645, 11.287647050180183, 0.0],
              [108.796748906406236, 11.287551006052702, 0.0],
              [108.794853265388213, 11.287113584081006, 0.0],
              [108.789571365596885, 11.28628810427811, 0.0],
              [108.789516183755353, 11.286267998915932, 0.0],
              [108.786972624484733, 11.28498575059816, 0.0],
              [108.784895984178434, 11.283719878924977, 0.0],
              [108.78463331603281, 11.283391716097384, 0.0],
              [108.781531140426637, 11.27903514934853, 0.0],
              [108.780355532621286, 11.277690469141159, 0.0],
              [108.778608430946989, 11.274995963752053, 0.0],
              [108.776943153169213, 11.272775963752053, 0.0],
              [108.776565414292307, 11.272310018636283, 0.0],
              [108.776353074019539, 11.271812692279264, 0.0],
              [108.775737902027913, 11.270459067828895, 0.0],
              [108.7757317115273, 11.270436405733262, 0.0],
              [108.772228294419989, 11.261267363874797, 0.0],
              [108.770840238864437, 11.258488752763684, 0.0],
              [108.759026741397435, 11.243196343598299, 0.0],
              [108.756803408064101, 11.241251899153855, 0.0],
              [108.754593639169514, 11.239428364091287, 0.0],
              [108.752094472502847, 11.237483641869064, 0.0],
              [108.74171693433685, 11.231263229928903, 0.0],
              [108.740235648910328, 11.23060403897183, 0.0],
              [108.738452668455281, 11.229713529089453, 0.0],
              [108.736795267273905, 11.228923423186275, 0.0],
              [108.733739156162798, 11.227534812075165, 0.0],
              [108.731638695326396, 11.226637721261209, 0.0],
              [108.728861195326388, 11.225525776816765, 0.0],
              [108.726103671970961, 11.224514746840232, 0.0],
              [108.724981738123816, 11.224140394913235, 0.0],
              [108.723552171024537, 11.223569168311633, 0.0],
              [108.714882036282916, 11.221145485200687, 0.0],
              [108.71413768335178, 11.220897470896269, 0.0],
              [108.708171061106967, 11.219368579551547, 0.0],
              [108.702841345356831, 11.21758515971193, 0.0],
              [108.702582823341885, 11.217514858834878, 0.0],
              [108.702495471928614, 11.217479836151028, 0.0],
              [108.700976858551684, 11.216899438891744, 0.0],
              [108.697925181049058, 11.215789637090632, 0.0],
              [108.695614823711693, 11.214949029889986, 0.0],
              [108.693570579210913, 11.214131250311718, 0.0],
              [108.692076648827239, 11.213561156727286, 0.0],
              [108.689033377978461, 11.212455242227549, 0.0],
              [108.689017559930761, 11.212449484849396, 0.0],
              [108.684958700484387, 11.210520609900188, 0.0],
              [108.682180922706607, 11.209409498789075, 0.0],
              [108.680708486709406, 11.208847279592721, 0.0],
              [108.678629749662306, 11.208090877047542, 0.0],
              [108.672350868591693, 11.205226884296069, 0.0],
              [108.669294757480571, 11.204116606518291, 0.0],
              [108.669293273118839, 11.20412069231957, 0.0],
              [108.660347068022105, 11.200145470386403, 0.0],
              [108.657462885760822, 11.199918146262123, 0.0],
              [108.657128961558882, 11.199826406220254, 0.0],
              [108.656313204717648, 11.19962243301441, 0.0],
              [108.655694623089204, 11.199397540229731, 0.0],
              [108.652964767105971, 11.1984930662314, 0.0],
              [108.652943914692059, 11.19848681676295, 0.0],
              [108.652079538772441, 11.19805473689517, 0.0],
              [108.646814943105184, 11.195790282986399, 0.0],
              [108.643757998660746, 11.194678338541953, 0.0],
              [108.638328038384898, 11.193158586817688, 0.0],
              [108.637937226149248, 11.193016318230406, 0.0],
              [108.629798736754054, 11.190810300649364, 0.0],
              [108.628322224843274, 11.19054119726048, 0.0],
              [108.626545940415326, 11.190098088147225, 0.0],
              [108.61113228267358, 11.18872117677995, 0.0],
              [108.610531556947365, 11.188761051676538, 0.0],
              [108.610486007390861, 11.188757561074224, 0.0],
              [108.595430517513961, 11.189889998102048, 0.0],
              [108.593313517044834, 11.190378173427519, 0.0],
              [108.59180777577599, 11.19062938138808, 0.0],
              [108.588511363085715, 11.191136385232644, 0.0],
              [108.584998873992816, 11.191985225425009, 0.0],
              [108.581560387741817, 11.192248287483119, 0.0],
              [108.577948998852932, 11.192804120816453, 0.0],
              [108.572392820829748, 11.193985752207407, 0.0],
              [108.572346502177098, 11.193998391075985, 0.0],
              [108.57154415875894, 11.194112929710055, 0.0],
              [108.571001989975272, 11.194193361701466, 0.0],
              [108.567661835384087, 11.19470760724559, 0.0],
              [108.564043508174464, 11.195224252680733, 0.0],
              [108.556823146217553, 11.196929244293351, 0.0],
              [108.556592367471296, 11.196964614860599, 0.0],
              [108.551009496984079, 11.198149814871488, 0.0],
              [108.548463641141524, 11.198844244373714, 0.0],
              [108.545641170859255, 11.199550332042596, 0.0],
              [108.541947561284942, 11.200626929206383, 0.0],
              [108.541873768289989, 11.200651555580604, 0.0],
              [108.540384014771902, 11.200833055555554, 0.0],
              [108.53999972222222, 11.200833055555554, 0.0],
              [108.532393149538677, 11.201415042119056, 0.0],
              [108.532277905348579, 11.201432780859392, 0.0],
              [108.530195019563223, 11.200963195652314, 0.0],
              [108.528816964007675, 11.200732640096758, 0.0],
              [108.528653689575805, 11.200705601174679, 0.0],
              [108.528502856242469, 11.200680878952458, 0.0],
              [108.528365210321283, 11.200658537800123, 0.0],
              [108.527639897654325, 11.20053739013124, 0.0],
              [108.526797027831236, 11.200368630716715, 0.0],
              [108.524597815494616, 11.199820155769959, 0.0],
              [108.520817845600035, 11.19905873513752, 0.0],
              [108.519928661906604, 11.198777344176523, 0.0],
              [108.517151161906611, 11.197943733065413, 0.0],
              [108.511029194477544, 11.196518845538264, 0.0],
              [108.508417879323559, 11.196081928821332, 0.0],
              [108.507629385276303, 11.195924434958849, 0.0],
              [108.505454128883628, 11.195380892813056, 0.0],
              [108.502019849911036, 11.194666623706215, 0.0],
              [108.498209951477207, 11.193654340332781, 0.0],
              [108.496626690322131, 11.193020972533972, 0.0],
              [108.490162361867277, 11.190932052293753, 0.0],
              [108.487363538298823, 11.190233570784919, 0.0],
              [108.484873635608736, 11.189553539174678, 0.0],
              [108.484507181598701, 11.189400862726869, 0.0],
              [108.481093909257922, 11.188122694198526, 0.0],
              [108.478593909257924, 11.187289083087416, 0.0],
              [108.470975071694014, 11.185398199914514, 0.0],
              [108.470604613876134, 11.185336631824988, 0.0],
              [108.46772156295188, 11.184529093189237, 0.0],
              [108.467354982160543, 11.18439587894949, 0.0],
              [108.463438843192861, 11.183152392757751, 0.0],
              [108.462371612335559, 11.182861206304187, 0.0],
              [108.46125244796265, 11.182454274435116, 0.0],
              [108.452381284917351, 11.180123860029866, 0.0],
              [108.451533965131503, 11.179982734196512, 0.0],
              [108.450796035665363, 11.179687488617111, 0.0],
              [108.444319807009293, 11.177595238167221, 0.0],
              [108.441003549755237, 11.176768314354559, 0.0],
              [108.440929367324941, 11.176749754831983, 0.0],
              [108.439866302996265, 11.176343883336237, 0.0],
              [108.437547101108876, 11.175500460520563, 0.0],
              [108.435494986889282, 11.174680517221551, 0.0],
              [108.429064126979995, 11.172602836781826, 0.0],
              [108.427500307898498, 11.172212077586623, 0.0],
              [108.419048895378182, 11.169846193185453, 0.0],
              [108.415727279545735, 11.169292913454674, 0.0],
              [108.41434902809047, 11.169062649795995, 0.0],
              [108.412928040807131, 11.168708409675604, 0.0],
              [108.39727556148523, 11.167350368958029, 0.0],
              [108.395167600165053, 11.167500754829547, 0.0],
              [108.392787500666529, 11.16750027877791, 0.0],
              [108.38945530173352, 11.167610769876031, 0.0],
              [108.385288079511284, 11.16788826987603, 0.0],
              [108.384865632965045, 11.167918516423097, 0.0],
              [108.384660295046544, 11.167903903921895, 0.0],
              [108.3735008250855, 11.168360336053135, 0.0],
              [108.370398774606883, 11.168838051826844, 0.0],
              [108.36674184217847, 11.169324326584871, 0.0],
              [108.365722213974436, 11.169470613830905, 0.0],
              [108.362111102863309, 11.170026724942016, 0.0],
              [108.358119449694286, 11.170831502133314, 0.0],
              [108.355949091003296, 11.169625747304993, 0.0],
              [108.348751354087767, 11.166342942387001, 0.0],
              [108.345695242976646, 11.165231831275889, 0.0],
              [108.340743322005125, 11.163716802204499, 0.0],
              [108.337410544227353, 11.162883191093389, 0.0],
              [108.333493339822653, 11.162068415407679, 0.0],
              [108.330505592076591, 11.161570747901271, 0.0],
              [108.329004091003384, 11.160736580638371, 0.0],
              [108.323297081293205, 11.158022851504848, 0.0],
              [108.323281514783858, 11.158016622721579, 0.0],
              [108.322836809433895, 11.157773979000817, 0.0],
              [108.317435446911318, 11.155232759194313, 0.0],
              [108.314657946911311, 11.154123314749867, 0.0],
              [108.313191811658484, 11.153564195003604, 0.0],
              [108.311126153845237, 11.152813354023751, 0.0],
              [108.31080268263878, 11.152486265915126, 0.0],
              [108.307865716919068, 11.149099486131016, 0.0],
              [108.305921828030179, 11.147154486131015, 0.0],
              [108.303472296952989, 11.144862732487189, 0.0],
              [108.303330917821, 11.14473908756916, 0.0],
              [108.299565755746031, 11.140680912841852, 0.0],
              [108.298801843654971, 11.140013455743176, 0.0],
              [108.298520787685604, 11.139685502453373, 0.0],
              [108.295905563547805, 11.136861552817985, 0.0],
              [108.295011861580775, 11.135968106267354, 0.0],
              [108.293895187264781, 11.134710625382606, 0.0],
              [108.292066261441335, 11.132621394199273, 0.0],
              [108.287367899505384, 11.127924403642847, 0.0],
              [108.28514656492483, 11.125980978812979, 0.0],
              [108.282925508171246, 11.12403755415359, 0.0],
              [108.279176684430993, 11.121070463847284, 0.0],
              [108.278753012947291, 11.120699850584638, 0.0],
              [108.278350896112215, 11.120351849940324, 0.0],
              [108.27640617389001, 11.118686849940325, 0.0],
              [108.273905651242401, 11.116681258369713, 0.0],
              [108.272030074029146, 11.115273285677993, 0.0],
              [108.271008001309795, 11.114477999538702, 0.0],
              [108.269869397060035, 11.113481720820166, 0.0],
              [108.269480161424269, 11.113144662373209, 0.0],
              [108.267731480328763, 11.111646078402512, 0.0],
              [108.265703008171116, 11.109871165264583, 0.0],
              [108.257657901174781, 11.104471005921978, 0.0],
              [108.256245633193402, 11.103306087056964, 0.0],
              [108.253743688748955, 11.101360809279187, 0.0],
              [108.248482168788811, 11.098043668338141, 0.0],
              [108.246730319463666, 11.096817251168826, 0.0],
              [108.244552365461118, 11.095375797860811, 0.0],
              [108.243432954839463, 11.094676271193265, 0.0],
              [108.243457695175536, 11.09469358151636, 0.0],
              [108.234748053954405, 11.08913872964064, 0.0],
              [108.234332755075783, 11.088774979735332, 0.0],
              [108.225652473657888, 11.08266932924507, 0.0],
              [108.225203377019866, 11.082420080610969, 0.0],
              [108.225144789543762, 11.082368834868811, 0.0],
              [108.222925450548985, 11.080426774609018, 0.0],
              [108.219688058715704, 11.07786537254635, 0.0],
              [108.219241425240057, 11.077418802857256, 0.0],
              [108.214571974403, 11.073298429407407, 0.0],
              [108.214544637162916, 11.073277182296923, 0.0],
              [108.212864581599234, 11.071596405104284, 0.0],
              [108.205199348882132, 11.065316791060098, 0.0],
              [108.203882761152613, 11.064440770700664, 0.0],
              [108.203729711127366, 11.064325844428115, 0.0],
              [108.203966450170398, 11.064089105385086, 0.0],
              [108.201743950170396, 11.061866605385088, 0.0],
              [108.201157526645801, 11.061280513978607, 0.0],
              [108.200750281387727, 11.060805100291196, 0.0],
              [108.195702064214188, 11.055703637923793, 0.0],
              [108.193483504832528, 11.053762467812168, 0.0],
              [108.189313175325523, 11.049592249035111, 0.0],
              [108.189023810776845, 11.049339064099925, 0.0],
              [108.185440772025288, 11.045720187367799, 0.0],
              [108.184464301079416, 11.044865011849657, 0.0],
              [108.183688672392719, 11.044089383162959, 0.0],
              [108.181269547095027, 11.04182550076505, 0.0],
              [108.179047047095025, 11.039879667431716, 0.0],
              [108.175174392878731, 11.036813393850112, 0.0],
              [108.173230503989842, 11.035424782739002, 0.0],
              [108.171879540836855, 11.034492829499552, 0.0],
              [108.170921899857646, 11.033855147011952, 0.0],
              [108.169884840664778, 11.03304770012454, 0.0],
              [108.165647248070712, 11.030087015953873, 0.0],
              [108.164058537075434, 11.029095138063855, 0.0],
              [108.162661681987586, 11.028163746080748, 0.0],
              [108.160522417984666, 11.026665041776269, 0.0],
              [108.159599383971539, 11.026007124741639, 0.0],
              [108.157930815205432, 11.024708545381824, 0.0],
              [108.154965490147404, 11.022570121587066, 0.0],
              [108.15246660125851, 11.020903454920399, 0.0],
              [108.152397113661337, 11.021007639991099, 0.0],
              [108.147449075277081, 11.017853748195524, 0.0],
              [108.147456954255716, 11.017841929727565, 0.0],
              [108.144956954255719, 11.016175263060898, 0.0],
              [108.142963123099278, 11.014912970284222, 0.0],
              [108.141574511988168, 11.014079081395334, 0.0],
              [108.138661135276763, 11.012479259918026, 0.0],
              [108.134550307425997, 11.009619696165805, 0.0],
              [108.133827058909262, 11.009218105658736, 0.0],
              [108.133019466902482, 11.008679531462818, 0.0],
              [108.126199806205804, 11.005228765040844, 0.0],
              [108.12150037969576, 11.002122019006995, 0.0],
              [108.120764620360816, 11.001713345571954, 0.0],
              [108.120624887410756, 11.001620252396149, 0.0],
              [108.119344912269341, 11.000705749374104, 0.0],
              [108.118004533559628, 10.999780687564035, 0.0],
              [108.115511957452952, 10.998119708372563, 0.0],
              [108.115141110326491, 10.997872367025437, 0.0],
              [108.11133814467064, 10.994503187563964, 0.0],
              [108.10883703355951, 10.992836520897297, 0.0],
              [108.106311415270568, 10.991296660252063, 0.0],
              [108.102618160263788, 10.988716156124845, 0.0],
              [108.101016942112025, 10.987715094701624, 0.0],
              [108.100643019233772, 10.987465771221949, 0.0],
              [108.099578410971176, 10.986638031501409, 0.0],
              [108.095402300866184, 10.983719857930451, 0.0],
              [108.095350277581957, 10.983687318973596, 0.0],
              [108.094868249167476, 10.983312318749773, 0.0],
              [108.0914876391235, 10.981077791333725, 0.0],
              [108.090443152845779, 10.980163000551032, 0.0],
              [108.088169670847364, 10.978287297626329, 0.0],
              [108.085668559736249, 10.976344797626329, 0.0],
              [108.084070423660762, 10.975153893599034, 0.0],
              [108.082948431710761, 10.97435208140384, 0.0],
              [108.081245100506692, 10.973027709702352, 0.0],
              [108.079902889379724, 10.972090019177648, 0.0],
              [108.079502441738612, 10.971715393516972, 0.0],
              [108.079449659487182, 10.971655991208248, 0.0],
              [108.077633204970965, 10.969579487052748, 0.0],
              [108.072933220130665, 10.964877880004893, 0.0],
              [108.07170344638979, 10.963801366816483, 0.0],
              [108.06981275983479, 10.961324864464524, 0.0],
              [108.068936350263229, 10.960447797421422, 0.0],
              [108.068508152606398, 10.959948542639262, 0.0],
              [108.063485170558053, 10.954874967585429, 0.0],
              [108.062505868169595, 10.95401786371956, 0.0],
              [108.061728241246598, 10.953240902953262, 0.0],
              [108.059320611876061, 10.950988965599084, 0.0],
              [108.058352004669629, 10.950141101251472, 0.0],
              [108.057585414932589, 10.949374182882076, 0.0],
              [108.053341464665678, 10.945694635711915, 0.0],
              [108.051194008902442, 10.943261665099218, 0.0],
              [108.049527620013549, 10.941594720654773, 0.0],
              [108.04714449159907, 10.939364844618707, 0.0],
              [108.043203562580658, 10.934873178215804, 0.0],
              [108.041257905190946, 10.933170575938298, 0.0],
              [108.039359415889265, 10.930803765690429, 0.0],
              [108.037694138111505, 10.928859876801541, 0.0],
              [108.035086676788936, 10.92604266754665, 0.0],
              [108.032865010122265, 10.923819889768872, 0.0],
              [108.032690196349336, 10.92365636503739, 0.0],
              [108.031572026620864, 10.92218014219471, 0.0],
              [108.029905637731972, 10.920236253305822, 0.0],
              [108.027300061281508, 10.917422716496196, 0.0],
              [108.025354227948171, 10.915476883162862, 0.0],
              [108.020149288879423, 10.911414715248579, 0.0],
              [108.018204728744919, 10.909594858360359, 0.0],
              [108.015983062078249, 10.907650691693693, 0.0],
              [108.01560834650212, 10.907326046771201, 0.0],
              [108.0136636242799, 10.905657991215646, 0.0],
              [108.001791282030553, 10.898086864988276, 0.0],
              [108.000814582647536, 10.897643168976971, 0.0],
              [107.998464634609903, 10.896385896360895, 0.0],
              [107.995686856832123, 10.894997563027562, 0.0],
              [107.986492171782444, 10.891485118534273, 0.0],
              [107.986193098890226, 10.891403533428415, 0.0],
              [107.986067622527429, 10.891353345392071, 0.0],
              [107.975722171998811, 10.888458359548304, 0.0],
              [107.974357208213632, 10.888230770755444, 0.0],
              [107.972960155809787, 10.887881565894119, 0.0],
              [107.969065883180832, 10.887071247664551, 0.0],
              [107.968136915138203, 10.886916213357635, 0.0],
              [107.957990288657669, 10.884867441130124, 0.0],
              [107.956265259126653, 10.88473517515747, 0.0],
              [107.954524450453945, 10.884468182426652, 0.0],
              [107.951112867350261, 10.884064338243453, 0.0],
              [107.947779256239173, 10.883785449354564, 0.0],
              [107.947445658277545, 10.883758664613808, 0.0],
              [107.947259821883478, 10.883744369506571, 0.0],
              [107.940505534538715, 10.882646668002669, 0.0],
              [107.939083634285751, 10.882537206943436, 0.0],
              [107.937916568452295, 10.882343311819964, 0.0],
              [107.933555889835915, 10.881814430297043, 0.0],
              [107.932876980216136, 10.881762218529005, 0.0],
              [107.928249388449885, 10.880686145623613, 0.0],
              [107.927375057500257, 10.880539877205182, 0.0],
              [107.919281985408574, 10.87890734379336, 0.0],
              [107.918510239994816, 10.878714503924179, 0.0],
              [107.914622447000127, 10.87790558304377, 0.0],
              [107.911652316558829, 10.877409736129792, 0.0],
              [107.90895708991377, 10.876918937929274, 0.0],
              [107.903550406811334, 10.876236252734842, 0.0],
              [107.899792078998814, 10.875968663444754, 0.0],
              [107.896644179172768, 10.875727859040639, 0.0],
              [107.893162732246921, 10.8750266950348, 0.0],
              [107.892168241657586, 10.874873584650151, 0.0],
              [107.891914404471251, 10.874785174874297, 0.0],
              [107.888579682249016, 10.873674341540962, 0.0],
              [107.880368518314484, 10.87195661665967, 0.0],
              [107.878501395817864, 10.87149041975451, 0.0],
              [107.874636157966719, 10.870685975982454, 0.0],
              [107.873255419277342, 10.870455066679099, 0.0],
              [107.873006197072627, 10.870392792285889, 0.0],
              [107.871452084192271, 10.868600573937423, 0.0],
              [107.871125028130848, 10.8681803267413, 0.0],
              [107.864878396070765, 10.861512926306636, 0.0],
              [107.862377562737436, 10.859290704084414, 0.0],
              [107.857376364713801, 10.855744289051309, 0.0],
              [107.857295046693039, 10.855674468317543, 0.0],
              [107.856391626057984, 10.855045997970624, 0.0],
              [107.853450176852675, 10.852960177806827, 0.0],
              [107.853167500870001, 10.852803114648285, 0.0],
              [107.84896341571627, 10.849878515903759, 0.0],
              [107.84826628156307, 10.849492096439764, 0.0],
              [107.847483104134071, 10.848969281763914, 0.0],
              [107.847465946992529, 10.848994983196226, 0.0],
              [107.841996208621381, 10.845324223989113, 0.0],
              [107.838285976038335, 10.842283685167851, 0.0],
              [107.835785976038338, 10.840617296278962, 0.0],
              [107.828738387044424, 10.836700927019917, 0.0],
              [107.827525544979366, 10.836149825705041, 0.0],
              [107.826793277330893, 10.835742766255565, 0.0],
              [107.825170968423208, 10.834933164721484, 0.0],
              [107.822289998668097, 10.832929343175632, 0.0],
              [107.819788887556982, 10.831543509842298, 0.0],
              [107.819509061012141, 10.831389627484612, 0.0],
              [107.816453227678821, 10.829721849706834, 0.0],
              [107.811077537099024, 10.827190200901894, 0.0],
              [107.81021729751825, 10.826845933021671, 0.0],
              [107.809286678332512, 10.826381088645352, 0.0],
              [107.791096850267891, 10.821284158263614, 0.0],
              [107.78776407249012, 10.821006380485835, 0.0],
              [107.786941256950385, 10.820944633083, 0.0],
              [107.782775701394826, 10.820666577527446, 0.0],
              [107.7755966593366, 10.820703915683874, 0.0],
              [107.771984437114384, 10.820982804572761, 0.0],
              [107.771998276474662, 10.82116205461358, 0.0],
              [107.762002875332115, 10.821390741295286, 0.0],
              [107.758115097554324, 10.822225463517508, 0.0],
              [107.75280920663981, 10.823674063763198, 0.0],
              [107.74947448441759, 10.824784897096531, 0.0],
              [107.74723145846302, 10.82560634662701, 0.0],
              [107.744295069397708, 10.826285104253257, 0.0],
              [107.741197227177608, 10.827106605736553, 0.0],
              [107.739355464655645, 10.827658766140637, 0.0],
              [107.733010419218374, 10.825066672510967, 0.0],
              [107.716076330227168, 10.824268011973093, 0.0],
              [107.699848744066628, 10.829173791831471, 0.0],
              [107.69707124406662, 10.830563514053694, 0.0],
              [107.684094155786937, 10.839918222371278, 0.0],
              [107.682149155786945, 10.841862666815722, 0.0],
              [107.672774508187373, 10.854869530625431, 0.0],
              [107.671789365043722, 10.8568406051849, 0.0],
              [107.670555312924378, 10.859101765527594, 0.0],
              [107.670178981984549, 10.859901032054912, 0.0],
              [107.663246236054064, 10.865822900594907, 0.0],
              [107.659912484072279, 10.870431976006246, 0.0],
              [107.659333140525746, 10.870946719272821, 0.0],
              [107.659056429037221, 10.871184166041697, 0.0],
              [107.657796014497436, 10.872025516565426, 0.0],
              [107.655568353762959, 10.873602071209447, 0.0],
              [107.654203203675365, 10.874625251541218, 0.0],
              [107.647623670065173, 10.87904365618042, 0.0],
              [107.646831191351339, 10.879737322580855, 0.0],
              [107.646131372934377, 10.880261617648928, 0.0],
              [107.645398953644531, 10.88082094885462, 0.0],
              [107.642899786977864, 10.882766226632398, 0.0],
              [107.634932046947284, 10.892069526038956, 0.0],
              [107.634605596737643, 10.891783678074143, 0.0],
              [107.63265976340432, 10.894005900296365, 0.0],
              [107.630269143300822, 10.896954848787741, 0.0],
              [107.62860358774526, 10.899176793232186, 0.0],
              [107.627959017048582, 10.900407584393562, 0.0],
              [107.627923929758978, 10.900382523476189, 0.0],
              [107.626535318647868, 10.902326690142857, 0.0],
              [107.625618131033576, 10.903655688496032, 0.0],
              [107.62395063103358, 10.9061573551627, 0.0],
              [107.623158041390198, 10.907384934048155, 0.0],
              [107.622158363201478, 10.908984059481764, 0.0],
              [107.621910788586462, 10.909355318231, 0.0],
              [107.621085069149601, 10.910417142925532, 0.0],
              [107.618929813511031, 10.913501224290696, 0.0],
              [107.617975902427375, 10.914664702358239, 0.0],
              [107.61597531182197, 10.916804595614783, 0.0],
              [107.61512569208098, 10.917775971120912, 0.0],
              [107.614357060858708, 10.918545041686555, 0.0],
              [107.613165185330558, 10.919818629000227, 0.0],
              [107.609842469105075, 10.921562612975142, 0.0],
              [107.607063857993964, 10.923228724086254, 0.0],
              [107.605032055290508, 10.924514443482598, 0.0],
              [107.602984872585665, 10.925879914574274, 0.0],
              [107.597793499198389, 10.928599950043647, 0.0],
              [107.595570165865055, 10.930266061154759, 0.0],
              [107.592175816671656, 10.933412763891447, 0.0],
              [107.591098322110611, 10.934175428278971, 0.0],
              [107.590367764918781, 10.934723711268884, 0.0],
              [107.588832150849299, 10.935232021276924, 0.0],
              [107.587089713672015, 10.935957685889209, 0.0],
              [107.585888819092602, 10.936265126962041, 0.0],
              [107.580984270512417, 10.936613707146156, 0.0],
              [107.57729860446716, 10.93714026847843, 0.0],
              [107.576354283322246, 10.937072542324456, 0.0],
              [107.56922578055169, 10.937070751088521, 0.0],
              [107.568769980170359, 10.937103210587106, 0.0],
              [107.568036965383129, 10.937054496032856, 0.0],
              [107.564732929125526, 10.936944445776215, 0.0],
              [107.563181642680362, 10.936944087731952, 0.0],
              [107.561900287413891, 10.936838064418927, 0.0],
              [107.561628179108723, 10.936816297046928, 0.0],
              [107.558889649071702, 10.93660474944693, 0.0],
              [107.55847294933254, 10.936444283679654, 0.0],
              [107.558355171554751, 10.936400672568544, 0.0],
              [107.558164765493871, 10.936330851920053, 0.0],
              [107.556565179768384, 10.935570485813852, 0.0],
              [107.554586166564732, 10.934362682095241, 0.0],
              [107.552086166564735, 10.932971848761907, 0.0],
              [107.551324087258976, 10.932548811943271, 0.0],
              [107.550517098647447, 10.932010729870186, 0.0],
              [107.54515566561561, 10.928897803658824, 0.0],
              [107.542378165615602, 10.927507803658825, 0.0],
              [107.540251332703093, 10.926505251986281, 0.0],
              [107.537748554925301, 10.925396640875171, 0.0],
              [107.534596400486379, 10.924126697905342, 0.0],
              [107.532288203038021, 10.923286761753374, 0.0],
              [107.530246567921452, 10.922469536220357, 0.0],
              [107.523791663537281, 10.92038152612956, 0.0],
              [107.520458052426164, 10.919548192796228, 0.0],
              [107.5128532009049, 10.918612068473232, 0.0],
              [107.511779951014503, 10.917957706662053, 0.0],
              [107.511054502288232, 10.917554733310933, 0.0],
              [107.510244889153824, 10.917014721260301, 0.0],
              [107.506779951014479, 10.914901595550926, 0.0],
              [107.504279117681151, 10.91351242888426, 0.0],
              [107.503548774205541, 10.913106844440765, 0.0],
              [107.502737654202889, 10.912566007647891, 0.0],
              [107.499280353546681, 10.910457837629798, 0.0],
              [107.496781186880014, 10.909069504296465, 0.0],
              [107.490594215102675, 10.906247830724126, 0.0],
              [107.485540115589274, 10.903588129106067, 0.0],
              [107.484679830586032, 10.90324344708946, 0.0],
              [107.483747780292248, 10.902777468531111, 0.0],
              [107.477202648641025, 10.900066347869334, 0.0],
              [107.473869037529909, 10.898954958980445, 0.0],
              [107.466990493513876, 10.897193192112384, 0.0],
              [107.463936326847218, 10.896638469890162, 0.0],
              [107.458838574489278, 10.895981089862721, 0.0],
              [107.455226352267061, 10.895703034307164, 0.0],
              [107.451612602721994, 10.895425053502697, 0.0],
              [107.447787778444308, 10.89527777877791, 0.0],
              [107.443621389555418, 10.895276945444575, 0.0],
              [107.436005387741787, 10.895858843038678, 0.0],
              [107.432393998852902, 10.896414676372013, 0.0],
              [107.426830033565238, 10.897598433332067, 0.0],
              [107.423773922454131, 10.898432877776512, 0.0],
              [107.421125384218115, 10.899235430036173, 0.0],
              [107.419624575839293, 10.899735949693055, 0.0],
              [107.418164033580538, 10.900100659337239, 0.0],
              [107.404566588865009, 10.905728141897107, 0.0],
              [107.401789088865016, 10.907393419674886, 0.0],
              [107.399087026686203, 10.909210785175594, 0.0],
              [107.393497790679689, 10.912045144616659, 0.0],
              [107.391275290679687, 10.913434311283325, 0.0],
              [107.390048058226981, 10.91422655174668, 0.0],
              [107.387548058226983, 10.915892662857791, 0.0],
              [107.385032888623854, 10.917570276815932, 0.0],
              [107.383914328266641, 10.918362154317718, 0.0],
              [107.382372234994776, 10.917898974022531, 0.0],
              [107.379041786933954, 10.917344916643534, 0.0],
              [107.378851283663025, 10.917313192561579, 0.0],
              [107.378482880395666, 10.917179154698559, 0.0],
              [107.377198888300782, 10.916731668430787, 0.0],
              [107.375258273203329, 10.916084796731637, 0.0],
              [107.37384309495971, 10.915518923638427, 0.0],
              [107.371058025324047, 10.914405618964336, 0.0],
              [107.369583983303571, 10.91384319135515, 0.0],
              [107.368168863946309, 10.913328672694702, 0.0],
              [107.367261833668337, 10.912925279466553, 0.0],
              [107.365523553034279, 10.912191163384794, 0.0],
              [107.363804378388082, 10.911503046362043, 0.0],
              [107.36178622035699, 10.910586535827873, 0.0],
              [107.361781121253699, 10.910597764063541, 0.0],
              [107.360100553752432, 10.909688364553991, 0.0],
              [107.360130319871445, 10.909634828368707, 0.0],
              [107.357630319871447, 10.908244828368709, 0.0],
              [107.355119190674756, 10.906849475723684, 0.0],
              [107.351839377600982, 10.905290836860402, 0.0],
              [107.349830278974125, 10.904065513051886, 0.0],
              [107.349101517885856, 10.903660807727531, 0.0],
              [107.348286532660339, 10.903117574767597, 0.0],
              [107.344829445640727, 10.901010235274079, 0.0],
              [107.342329445640729, 10.899621901940748, 0.0],
              [107.339208115458035, 10.89804819935844, 0.0],
              [107.336775001196315, 10.896564401940759, 0.0],
              [107.336041188548464, 10.896156891316984, 0.0],
              [107.335221653810947, 10.895610898941596, 0.0],
              [107.329844461759791, 10.892492757092374, 0.0],
              [107.32861379181962, 10.89187796074237, 0.0],
              [107.327080514314588, 10.891025156017225, 0.0],
              [107.319859294593627, 10.887729693667273, 0.0],
              [107.317548352141856, 10.886889618387929, 0.0],
              [107.31550569554696, 10.886072964281295, 0.0],
              [107.293617995376934, 10.882610756825228, 0.0],
              [107.291112848109663, 10.882777777777775, 0.0],
              [107.290666668036266, 10.882777777777775, 0.0],
              [107.288553007168943, 10.882627211910048, 0.0],
              [107.28144931541091, 10.882627086068172, 0.0],
              [107.281224697789767, 10.882643078624644, 0.0],
              [107.277489441777277, 10.882500001000533, 0.0],
              [107.273323886221718, 10.882500834333866, 0.0],
              [107.270018312394669, 10.882610884921743, 0.0],
              [107.265851090172447, 10.882887829366187, 0.0],
              [107.265343571191039, 10.88292415262389, 0.0],
              [107.26173218230214, 10.883201097068335, 0.0],
              [107.253775955954865, 10.884919570166826, 0.0],
              [107.25299308905204, 10.885039673171374, 0.0],
              [107.251361077572611, 10.88517705703487, 0.0],
              [107.244655150608409, 10.886556091150643, 0.0],
              [107.242940251544738, 10.88683446901411, 0.0],
              [107.240465266449576, 10.886215413315611, 0.0],
              [107.23701377998772, 10.885497579672137, 0.0],
              [107.232377581523593, 10.884266274677138, 0.0],
              [107.231340629359721, 10.883851659740527, 0.0],
              [107.224907134311422, 10.881771643902342, 0.0],
              [107.224088279946855, 10.881566879137065, 0.0],
              [107.223468414808238, 10.881341570948617, 0.0],
              [107.216183208199524, 10.879302503201412, 0.0],
              [107.213406541532862, 10.878747780979189, 0.0],
              [107.207776445037979, 10.877952691027948, 0.0],
              [107.204443667260207, 10.877674079916837, 0.0],
              [107.204116970511052, 10.87764784689805, 0.0],
              [107.200505859399939, 10.877369791342495, 0.0],
              [107.184537587910839, 10.878715810568997, 0.0],
              [107.181203976799722, 10.879549421680107, 0.0],
              [107.174108849560767, 10.881899484438161, 0.0],
              [107.172454878438572, 10.882588386424484, 0.0],
              [107.17084871755138, 10.883124041147303, 0.0],
              [107.16811529088838, 10.884124961666037, 0.0],
              [107.167611707423376, 10.884326173608182, 0.0],
              [107.167449817452479, 10.88431370694709, 0.0],
              [107.166033235150465, 10.884204763962188, 0.0],
              [107.164878225546431, 10.884012470991847, 0.0],
              [107.160821966593886, 10.883506552288242, 0.0],
              [107.157487522149452, 10.883228496732686, 0.0],
              [107.157167911536334, 10.883202876406415, 0.0],
              [107.153557355980766, 10.882925098628636, 0.0],
              [107.150295397988302, 10.882674236654706, 0.0],
              [107.14737822988036, 10.882067471713386, 0.0],
              [107.1455711515991, 10.881766618250678, 0.0],
              [107.143467656569555, 10.881281071863196, 0.0],
              [107.136056769388688, 10.880147275724921, 0.0],
              [107.132613537937715, 10.879882411767154, 0.0],
              [107.131475682785066, 10.879787171535952, 0.0],
              [107.130145964182248, 10.879566031625073, 0.0],
              [107.125779038232793, 10.879035954532705, 0.0],
              [107.122168760455011, 10.878758176754928, 0.0],
              [107.118323056888897, 10.878610834333065, 0.0],
              [107.116083881408969, 10.878611282108459, 0.0],
              [107.114396788109005, 10.878481315939975, 0.0],
              [107.102963239451825, 10.87891353339338, 0.0],
              [107.099351017229594, 10.879468533393378, 0.0],
              [107.097856856537703, 10.879698517338323, 0.0],
              [107.095840324246538, 10.879832934902058, 0.0],
              [107.085992524077469, 10.88148879062909, 0.0],
              [107.083906384785564, 10.88205854810094, 0.0],
              [107.083071753046241, 10.88225083441319, 0.0],
              [107.081284593132722, 10.882525845556303, 0.0],
              [107.080663884697756, 10.882625359538634, 0.0],
              [107.077648701674079, 10.883128225118762, 0.0],
              [107.074354730023259, 10.883634074194946, 0.0],
              [107.070714459054699, 10.884195356176802, 0.0],
              [107.066229930936657, 10.885098563760982, 0.0],
              [107.062895486492224, 10.885930508205426, 0.0],
              [107.059522764666738, 10.886774936168068, 0.0],
              [107.058508941428428, 10.887040092649286, 0.0],
              [107.055452830317321, 10.887873703760398, 0.0],
              [107.05435544067781, 10.888192229128588, 0.0],
              [107.054219525853682, 10.888202688942666, 0.0],
              [107.052647965681359, 10.888367840555699, 0.0],
              [107.050504732549612, 10.888202824298112, 0.0],
              [107.046890102721989, 10.887924775724919, 0.0],
              [107.039729768690975, 10.887888212679837, 0.0],
              [107.035562546468753, 10.888165990457614, 0.0],
              [107.031269198310099, 10.888639156781956, 0.0],
              [107.02765864275456, 10.889195823448624, 0.0],
              [107.022111978475181, 10.890376386574971, 0.0],
              [107.020027699875641, 10.890945274258206, 0.0],
              [107.017394389901767, 10.891551419415567, 0.0],
              [107.011518323899693, 10.893289297043198, 0.0],
              [107.010393730994906, 10.893698370012199, 0.0],
              [107.009322231107134, 10.8939911199588, 0.0],
              [107.006686240247845, 10.894789958980445, 0.0],
              [107.003352629136728, 10.895901347869334, 0.0],
              [107.001952841803046, 10.896480871726745, 0.0],
              [106.993683208199499, 10.894023892090296, 0.0],
              [106.992076556404797, 10.893702915336192, 0.0],
              [106.989898534749827, 10.893158591303335, 0.0],
              [106.982555646152818, 10.891967100244567, 0.0],
              [106.978449639989066, 10.891139725383431, 0.0],
              [106.974838251100167, 10.890583058716764, 0.0],
              [106.960399707542905, 10.890466945483057, 0.0],
              [106.946530028175758, 10.894481545910322, 0.0],
              [106.9434758615091, 10.895869879243655, 0.0],
              [106.938437746161583, 10.898515778107583, 0.0],
              [106.937298409441169, 10.899199539551322, 0.0],
              [106.936803574213002, 10.899447204768723, 0.0],
              [106.934040174411493, 10.900827937769623, 0.0],
              [106.931384804638924, 10.902285667499912, 0.0],
              [106.926889334099329, 10.904161915356875, 0.0],
              [106.92383488965487, 10.905828026467987, 0.0],
              [106.921288113992048, 10.907316333043262, 0.0],
              [106.921077933067551, 10.907447627164073, 0.0],
              [106.92042274336346, 10.907775123727838, 0.0],
              [106.917041293510223, 10.909631707219878, 0.0],
              [106.914262960176885, 10.911299762775434, 0.0],
              [106.912289250787424, 10.912548359036617, 0.0],
              [106.910166794186011, 10.913961522888854, 0.0],
              [106.903813102678342, 10.912645310518966, 0.0],
              [106.900202824900575, 10.912369199407857, 0.0],
              [106.892578049867311, 10.912369132514041, 0.0],
              [106.888966938756184, 10.91264524362515, 0.0],
              [106.886172001183269, 10.912938154098871, 0.0],
              [106.885293397905969, 10.913055277777776, 0.0],
              [106.885000277777763, 10.913055277777776, 0.0],
              [106.877394276630696, 10.913637176372008, 0.0],
              [106.877028629969544, 10.913693453502148, 0.0],
              [106.873430363806108, 10.904328686774477, 0.0],
              [106.872041474917225, 10.901828686774477, 0.0],
              [106.862898116463299, 10.889981967176775, 0.0],
              [106.852840118856491, 10.882906324863329, 0.0],
              [106.852967621485874, 10.882694061239063, 0.0],
              [106.851579843708095, 10.881860450127952, 0.0],
              [106.851165475713174, 10.881728239885787, 0.0],
              [106.850658528116284, 10.881371610265512, 0.0],
              [106.849546305894052, 10.880816610265512, 0.0],
              [106.849376268088065, 10.881157366709534, 0.0],
              [106.829669289960506, 10.874869563639512, 0.0],
              [106.827189012182743, 10.874678730306179, 0.0],
              [106.826050600606095, 10.874591288700554, 0.0],
              [106.825561430977942, 10.874572529813488, 0.0],
              [106.822763041495691, 10.874339350121605, 0.0],
              [106.818611111111096, 10.874166666666664, 0.0],
              [106.81444472222222, 10.874166666666664, 0.0],
              [106.81031692887872, 10.874674821248639, 0.0],
              [106.79018546764479, 10.864271643902349, 0.0],
              [106.786855658625996, 10.863438983551925, 0.0],
              [106.78352473836965, 10.862605490469875, 0.0],
              [106.767802863937234, 10.861238661695342, 0.0],
              [106.76749348398657, 10.861260899208229, 0.0],
              [106.767182223496761, 10.861238604394885, 0.0],
              [106.763598458875435, 10.861110834665309, 0.0],
              [106.759988181097654, 10.861111667998642, 0.0],
              [106.752402577611917, 10.861692202952758, 0.0],
              [106.750913523944106, 10.861921111872377, 0.0],
              [106.750557326206348, 10.861944920104481, 0.0],
              [106.750252068179847, 10.861944854692046, 0.0],
              [106.748544498951446, 10.861813897267377, 0.0],
              [106.741404213869302, 10.861777639379957, 0.0],
              [106.74041290749436, 10.861843545785385, 0.0],
              [106.740427724099433, 10.856430534934661, 0.0],
              [106.740277558039026, 10.854332256479744, 0.0],
              [106.740276941663581, 10.852484157403513, 0.0],
              [106.740167829266497, 10.84919937734051, 0.0],
              [106.739891995933164, 10.845031044007177, 0.0],
              [106.738714536700286, 10.837062976169429, 0.0],
              [106.738148890492425, 10.834617924819369, 0.0],
              [106.737808029930918, 10.832739434750906, 0.0],
              [106.736851199118064, 10.828516456985918, 0.0],
              [106.73676469941789, 10.828199137538807, 0.0],
              [106.736640615216189, 10.827393117322027, 0.0],
              [106.735728476049019, 10.822868346563574, 0.0],
              [106.734894587160127, 10.819534457674683, 0.0],
              [106.734494439947838, 10.818226700085285, 0.0],
              [106.734498883062471, 10.817937128701759, 0.0],
              [106.734221383062462, 10.815992406479538, 0.0],
              [106.731573953082588, 10.807397976388147, 0.0],
              [106.731229466803768, 10.805951338647244, 0.0],
              [106.731025248693612, 10.805616701133394, 0.0],
              [106.729616115783003, 10.801042191370417, 0.0],
              [106.720616375789319, 10.788246797723865, 0.0],
              [106.708103120336858, 10.778858727820754, 0.0],
              [106.695542327822992, 10.774563334467496, 0.0],
              [106.602025752822072, 10.729378301815485, 0.0],
              [106.577021320415511, 10.693657684091846, 0.0],
              [106.538882381497586, 10.630092785895284, 0.0],
              [106.521557155783398, 10.556460576609993, 0.0],
              [106.492878374319659, 10.43218585693382, 0.0],
              [106.490975273413383, 10.425872660189354, 0.0],
              [106.476623819458638, 10.387602116310005, 0.0],
              [106.468931394479981, 10.374024545096846, 0.0],
              [106.457427915479826, 10.363479697397921, 0.0],
              [106.44323393101962, 10.356994741943632, 0.0],
              [106.427732070551556, 10.35520137524121, 0.0],
              [106.412432363123997, 10.358274288310522, 0.0],
              [106.398825146151239, 10.36591415011274, 0.0],
              [106.217040062724323, 10.509428689660302, 0.0],
              [106.215213341407036, 10.510942551828798, 0.0],
              [106.105185527753903, 10.606618911527171, 0.0],
              [106.104480150601702, 10.607244055497791, 0.0],
              [105.957412372586035, 10.74007946789904, 0.0],
              [105.68733183398686, 10.953300945740498, 0.0],
              [105.382527688648139, 11.162853795660871, 0.0],
              [105.381893773183037, 11.163296871457526, 0.0],
              [105.202749929890416, 11.290583286428593, 0.0],
              [105.053074159648517, 11.370098539369604, 0.0],
              [104.91967928749547, 11.436795975446127, 0.0],
              [104.906082549258755, 11.446774507104141, 0.0],
              [104.896576936513213, 11.460705971889269, 0.0],
              [104.866973737279466, 11.525375025538789, 0.0],
              [104.864443888888886, 11.525277777777776, 0.0],
              [104.858588986351833, 11.525277777777776, 0.0],
              [104.85689562910845, 11.525147359173435, 0.0],
              [104.853271629844869, 11.524869167332588, 0.0],
              [104.853014163152579, 11.524850071831276, 0.0],
              [104.849253780617005, 11.524580935881229, 0.0],
              [104.847873754704949, 11.524475014510839, 0.0],
              [104.845772493828164, 11.524313678106795, 0.0],
              [104.841944722222209, 11.524166944444444, 0.0],
              [104.841924392039559, 11.524166944444444, 0.0],
              [104.840251367264656, 11.523397309830392, 0.0],
              [104.836917756153539, 11.52228647649706, 0.0],
              [104.824949454771826, 11.519869768742558, 0.0],
              [104.821338065882955, 11.519591713187003, 0.0],
              [104.814170902359066, 11.519555100145848, 0.0],
              [104.811666241630022, 11.519722222222221, 0.0],
              [104.809166944444428, 11.519722222222221, 0.0],
              [104.804441830721231, 11.520083566878695, 0.0],
              [104.798621584628435, 11.519832758378207, 0.0],
              [104.797896209887909, 11.519881071556805, 0.0],
              [104.797450433245075, 11.519849269024048, 0.0],
              [104.793565872393472, 11.519571503082735, 0.0],
              [104.78999972222222, 11.519444166666666, 0.0],
              [104.786110833333325, 11.519444166666666, 0.0],
              [104.778528038317859, 11.520022499153789, 0.0],
              [104.776985538317859, 11.520259165820455, 0.0],
              [104.776900850016276, 11.520272196416851, 0.0],
              [104.775040305390945, 11.520405367765846, 0.0],
              [104.765453016430712, 11.522039890351426, 0.0],
              [104.762397738652922, 11.52287322368476, 0.0],
              [104.749819213913554, 11.528242898970937, 0.0],
              [104.747042547246892, 11.52990984341538, 0.0],
              [104.742081024879766, 11.53331044468676, 0.0],
              [104.739581024879769, 11.535254889131206, 0.0],
              [104.739729845609034, 11.535446230068832, 0.0],
              [104.730151842792594, 11.54318288441856, 0.0],
              [104.729308986911576, 11.544145993516537, 0.0],
              [104.728548154139986, 11.544906174238898, 0.0],
              [104.721008392610727, 11.554560705015838, 0.0],
              [104.719342003721849, 11.557339316126949, 0.0],
              [104.716530529731187, 11.56275023846481, 0.0],
              [104.715419418620058, 11.565250516242587, 0.0],
              [104.714683797614555, 11.566994026675424, 0.0],
              [104.713573242059013, 11.569771804453202, 0.0],
              [104.71256571763503, 11.572523130802574, 0.0],
              [104.711454606523915, 11.575856741913686, 0.0],
              [104.710999566398783, 11.577293838093272, 0.0],
              [104.710382642601189, 11.579349359936694, 0.0],
              [104.709509884301625, 11.581967853024979, 0.0],
              [104.709054844176563, 11.583404949204382, 0.0],
              [104.708861626100258, 11.584048730458957, 0.0],
              [104.708577851504842, 11.584757918706783, 0.0],
              [104.707462930634719, 11.587547580332181, 0.0],
              [104.706358128230306, 11.590309310142636, 0.0],
              [104.703572087955607, 11.595606217910701, 0.0],
              [104.702461810177837, 11.598383440132924, 0.0],
              [104.700998775071042, 11.602573697195631, 0.0],
              [104.700805339314613, 11.603218332650492, 0.0],
              [104.700521292561618, 11.603928343042078, 0.0],
              [104.699510001764153, 11.606688889476889, 0.0],
              [104.69916217490757, 11.607732370046635, 0.0],
              [104.699131205124274, 11.60780205205905, 0.0],
              [104.698141481409223, 11.609629700837731, 0.0],
              [104.693858105746742, 11.617253396612965, 0.0],
              [104.692746161302296, 11.62003145216852, 0.0],
              [104.692173044073996, 11.621532812905246, 0.0],
              [104.692014165370864, 11.621969977773176, 0.0],
              [104.691597544187104, 11.622739788285346, 0.0],
              [104.69061204214124, 11.623942046753257, 0.0],
              [104.689962227620754, 11.624917310226635, 0.0],
              [104.689143305704533, 11.625970243263376, 0.0],
              [104.684683416063521, 11.633745764043541, 0.0],
              [104.684629414678895, 11.633713352412487, 0.0],
              [104.683572267587081, 11.635474677123936, 0.0],
              [104.682563440718198, 11.636988001510179, 0.0],
              [104.68127813619229, 11.639095420663843, 0.0],
              [104.679514564134124, 11.641423123808517, 0.0],
              [104.677847341911885, 11.643922846030739, 0.0],
              [104.677051397855976, 11.645155011094346, 0.0],
              [104.676042450179224, 11.646768359368215, 0.0],
              [104.674781040074635, 11.648662157527236, 0.0],
              [104.673120696596825, 11.651152534358916, 0.0],
              [104.67232585973548, 11.652383424934046, 0.0],
              [104.672059557823872, 11.652809390866629, 0.0],
              [104.671664266650708, 11.653336533621305, 0.0],
              [104.670060596612402, 11.655603657268877, 0.0],
              [104.668394207723509, 11.658103935046654, 0.0],
              [104.667771056856878, 11.65906896122784, 0.0],
              [104.663621111111084, 11.664602222222243, 0.0],
              [104.658248462924419, 11.673594537996502, 0.0],
              [104.655411796257752, 11.679721204663169, 0.0],
              [104.655423920869652, 11.679726818398056, 0.0],
              [104.65516425448341, 11.680227345435112, 0.0],
              [104.654909966961696, 11.680650861450792, 0.0],
              [104.652521827574859, 11.685244787429015, 0.0],
              [104.650560890363394, 11.688741489300019, 0.0],
              [104.649654997099901, 11.690552370476961, 0.0],
              [104.648791302860545, 11.692107020107811, 0.0],
              [104.646072450158726, 11.697826839380152, 0.0],
              [104.64563412810277, 11.698923138002455, 0.0],
              [104.644903525082768, 11.700162020107811, 0.0],
              [104.643514636193885, 11.702662020107811, 0.0],
              [104.640921251282194, 11.708116793048136, 0.0],
              [104.640006507656807, 11.709850533475029, 0.0],
              [104.638616785434579, 11.712628311252805, 0.0],
              [104.638374115835248, 11.713113649891154, 0.0],
              [104.633853665455746, 11.721707966182244, 0.0],
              [104.632746075969933, 11.724476939896782, 0.0],
              [104.631637378713137, 11.727245637167181, 0.0],
              [104.631054399831783, 11.728773413268268, 0.0],
              [104.630933597047331, 11.72910623356171, 0.0],
              [104.630841376758738, 11.729290520489643, 0.0],
              [104.630207979408922, 11.730557308973813, 0.0],
              [104.629346497574261, 11.732108114140898, 0.0],
              [104.6283321298027, 11.734031508543939, 0.0],
              [104.626943240913803, 11.736809841877271, 0.0],
              [104.626148065015713, 11.738476797229465, 0.0],
              [104.62582192926341, 11.739194295884548, 0.0],
              [104.625193813470304, 11.740263911520881, 0.0],
              [104.624230974374498, 11.741708089914635, 0.0],
              [104.623248051564829, 11.743577340957865, 0.0],
              [104.622924510970947, 11.744128296819829, 0.0],
              [104.622739167710762, 11.744545099225075, 0.0],
              [104.621460300803378, 11.746977155208775, 0.0],
              [104.621452885162526, 11.74698827928812, 0.0],
              [104.619359472607854, 11.750419881110371, 0.0],
              [104.618410012228111, 11.752127051082008, 0.0],
              [104.617842207505177, 11.752820545744497, 0.0],
              [104.616731096394076, 11.754487212411165, 0.0],
              [104.614624602066669, 11.75794213720685, 0.0],
              [104.613643163176107, 11.75970892349763, 0.0],
              [104.612407772399493, 11.761767016195973, 0.0],
              [104.609586922569008, 11.767193076697268, 0.0],
              [104.609411522071028, 11.76758772781773, 0.0],
              [104.608119441026503, 11.770043162183455, 0.0],
              [104.608109752753236, 11.770057705903882, 0.0],
              [104.607112308891274, 11.771957087680756, 0.0],
              [104.606083853639873, 11.77391153502645, 0.0],
              [104.606077125975688, 11.773928334024092, 0.0],
              [104.605359481676061, 11.775294907679957, 0.0],
              [104.605340074056755, 11.775324023961637, 0.0],
              [104.600522168666757, 11.784483097363896, 0.0],
              [104.600011371070167, 11.785759835956595, 0.0],
              [104.598344313660292, 11.788730762397828, 0.0],
              [104.596953758104746, 11.791508817953384, 0.0],
              [104.595231842528577, 11.795343652627995, 0.0],
              [104.594122398084124, 11.798121430405772, 0.0],
              [104.593970005934025, 11.798537721424839, 0.0],
              [104.592336885425667, 11.801559220232299, 0.0],
              [104.591582959872994, 11.802914388990846, 0.0],
              [104.589573463571554, 11.806943382232248, 0.0],
              [104.588464296904888, 11.80944310445447, 0.0],
              [104.587744988617104, 11.81114868655685, 0.0],
              [104.586635452320436, 11.813921834011667, 0.0],
              [104.583850464281397, 11.819215971119458, 0.0],
              [104.582739908725827, 11.821993748897237, 0.0],
              [104.580928955730201, 11.827398665569255, 0.0],
              [104.58084788934174, 11.827695890984886, 0.0],
              [104.580799028089544, 11.827818031900048, 0.0],
              [104.580233050002818, 11.829300641448395, 0.0],
              [104.579605072778875, 11.831027421819943, 0.0],
              [104.576910779777876, 11.836150041808342, 0.0],
              [104.57634495372109, 11.837564324037279, 0.0],
              [104.576188227489737, 11.837799165358446, 0.0],
              [104.571345390500241, 11.847004916069258, 0.0],
              [104.57024182757894, 11.849767274595045, 0.0],
              [104.569136610150039, 11.852527971340409, 0.0],
              [104.568018688698729, 11.855323603239931, 0.0],
              [104.567013442293643, 11.858067459938624, 0.0],
              [104.566745071760565, 11.858872035199042, 0.0],
              [104.566119194158972, 11.860122664498091, 0.0],
              [104.564402585242945, 11.863945118381407, 0.0],
              [104.563296146059898, 11.866713846104437, 0.0],
              [104.562188599728287, 11.869482019889979, 0.0],
              [104.562352602799919, 11.86954763751894, 0.0],
              [104.559135439673923, 11.87786896353866, 0.0],
              [104.558951680011134, 11.877807746045798, 0.0],
              [104.557843297320289, 11.881134834758353, 0.0],
              [104.557597342144177, 11.881872454413493, 0.0],
              [104.555475428083184, 11.886486678689501, 0.0],
              [104.553476367013346, 11.890248910030818, 0.0],
              [104.552365255902245, 11.892748910030818, 0.0],
              [104.551635522222043, 11.894477493355511, 0.0],
              [104.550524133333141, 11.897254437799957, 0.0],
              [104.549198574689342, 11.901989041396796, 0.0],
              [104.548571086268396, 11.903386918653849, 0.0],
              [104.547667194487914, 11.905648344174207, 0.0],
              [104.545418581570516, 11.909974344362402, 0.0],
              [104.544307470459415, 11.912474899917955, 0.0],
              [104.543572686503524, 11.914216526675228, 0.0],
              [104.542462130947968, 11.916994304453008, 0.0],
              [104.54197726015633, 11.918493948791628, 0.0],
              [104.541669595684738, 11.919024076779765, 0.0],
              [104.54028015124031, 11.921802410113099, 0.0],
              [104.538573326407302, 11.925603537306671, 0.0],
              [104.537465811082058, 11.928373433689105, 0.0],
              [104.537126041701427, 11.929222390307922, 0.0],
              [104.536663334980943, 11.930148266733392, 0.0],
              [104.534969494635646, 11.933920063279622, 0.0],
              [104.5338575501912, 11.936698118835176, 0.0],
              [104.533284432962887, 11.938199479571912, 0.0],
              [104.532446881707713, 11.940504055179749, 0.0],
              [104.531918901551407, 11.941823939589453, 0.0],
              [104.53056116933422, 11.944297042470717, 0.0],
              [104.529727558223101, 11.945963431359607, 0.0],
              [104.529353873532472, 11.946865968562101, 0.0],
              [104.527189233149301, 11.950980964850274, 0.0],
              [104.526305970078468, 11.95248519383769, 0.0],
              [104.525338374390074, 11.953936990602372, 0.0],
              [104.524346070728967, 11.955822973386415, 0.0],
              [104.524033880259424, 11.956354645058648, 0.0],
              [104.52385696162203, 11.956752579303789, 0.0],
              [104.523336025984946, 11.957742675059416, 0.0],
              [104.522474996009507, 11.958929253838111, 0.0],
              [104.52241749600951, 11.959014253838111, 0.0],
              [104.522236515649752, 11.95928367003671, 0.0],
              [104.520625960094193, 11.961698114481154, 0.0],
              [104.51646587127621, 11.969606504888537, 0.0],
              [104.515062018501183, 11.971712635072763, 0.0],
              [104.513020202553278, 11.975230553434958, 0.0],
              [104.512971213721471, 11.975202572817535, 0.0],
              [104.511860935943687, 11.977146461706424, 0.0],
              [104.510513048951836, 11.979937399494048, 0.0],
              [104.507125191749424, 11.985162575663367, 0.0],
              [104.506718789729717, 11.985894099298839, 0.0],
              [104.506174551829304, 11.986710501510178, 0.0],
              [104.504504885079953, 11.989215836004847, 0.0],
              [104.501396569609213, 11.994571244066696, 0.0],
              [104.500489858078041, 11.996383398494077, 0.0],
              [104.49962519174953, 11.997939797885397, 0.0],
              [104.498859938435814, 11.999390767317133, 0.0],
              [104.498608988872803, 11.999725422510357, 0.0],
              [104.493825371829203, 12.008236390984329, 0.0],
              [104.493791727205732, 12.008217700772111, 0.0],
              [104.493384785770232, 12.008950244159697, 0.0],
              [104.492840940718182, 12.009766057065747, 0.0],
              [104.489721912796838, 12.015141108954067, 0.0],
              [104.488818882497554, 12.016947350158679, 0.0],
              [104.48795788646315, 12.018497280807551, 0.0],
              [104.485249878713219, 12.024190637166988, 0.0],
              [104.48524907753918, 12.02419263790107, 0.0],
              [104.482458140798599, 12.029501229492302, 0.0],
              [104.481361402547236, 12.032245681829069, 0.0],
              [104.480613859428104, 12.033666825955439, 0.0],
              [104.477508969035071, 12.039012558791024, 0.0],
              [104.476794125821627, 12.040440995179814, 0.0],
              [104.475551909876984, 12.042717632199318, 0.0],
              [104.473595221300954, 12.04687532885314, 0.0],
              [104.471778680901494, 12.050370643247932, 0.0],
              [104.471259471257255, 12.050964046896773, 0.0],
              [104.468891888489054, 12.053884612060727, 0.0],
              [104.467224666266816, 12.056107112060728, 0.0],
              [104.46579139679271, 12.058198110066117, 0.0],
              [104.462003773257635, 12.063105281516474, 0.0],
              [104.460893217702079, 12.064771670405364, 0.0],
              [104.459303136209883, 12.067706787830318, 0.0],
              [104.454588169751446, 12.072080376351236, 0.0],
              [104.453743643257098, 12.073045825330206, 0.0],
              [104.452424125071474, 12.074365196918993, 0.0],
              [104.44981390402117, 12.077183824852478, 0.0],
              [104.448147792910049, 12.079127713741366, 0.0],
              [104.446648028298739, 12.080963894349649, 0.0],
              [104.446075348725685, 12.081699986345859, 0.0],
              [104.442755833441481, 12.084579255249551, 0.0],
              [104.44154176133317, 12.086140106023468, 0.0],
              [104.440816415402125, 12.08698624218373, 0.0],
              [104.43903988509328, 12.089016272532355, 0.0],
              [104.436671188824647, 12.091937767818708, 0.0],
              [104.435003966602437, 12.09415999004093, 0.0],
              [104.433383855936441, 12.096450582697706, 0.0],
              [104.432587327796071, 12.097646570497519, 0.0],
              [104.431427265631228, 12.098021612470813, 0.0],
              [104.428648654520103, 12.099133279137479, 0.0],
              [104.424857130188272, 12.100836263425155, 0.0],
              [104.42208046352161, 12.102224874536265, 0.0],
              [104.422127521774783, 12.102318972215553, 0.0],
              [104.413938613782577, 12.10617127396889, 0.0],
              [104.412454007461676, 12.107160681603643, 0.0],
              [104.407573134454793, 12.109727442160416, 0.0],
              [104.405755230704457, 12.110473107089584, 0.0],
              [104.403654104884936, 12.111673343141165, 0.0],
              [104.401354291365976, 12.11274666100454, 0.0],
              [104.397681090113011, 12.114649800010241, 0.0],
              [104.395592973045595, 12.115843755519144, 0.0],
              [104.39330645595858, 12.116910410633345, 0.0],
              [104.389638499436984, 12.118809770388891, 0.0],
              [104.387544446540687, 12.120006307935682, 0.0],
              [104.38525001245165, 12.121076676807848, 0.0],
              [104.381575375785488, 12.122979889202609, 0.0],
              [104.379481257708207, 12.124176912765318, 0.0],
              [104.37718790247709, 12.125247216560096, 0.0],
              [104.374807280433885, 12.126436395043925, 0.0],
              [104.371219630242706, 12.128349457663369, 0.0],
              [104.367917375780536, 12.130000584894455, 0.0],
              [104.366748796427188, 12.130604215979913, 0.0],
              [104.363161893834118, 12.132517214756549, 0.0],
              [104.359861264669419, 12.1341675293389, 0.0],
              [104.358689021576197, 12.134773114598078, 0.0],
              [104.355106019465254, 12.136684415344103, 0.0],
              [104.351808542507456, 12.138332918288933, 0.0],
              [104.348438516191067, 12.140182927071805, 0.0],
              [104.344733476925441, 12.142406345861723, 0.0],
              [104.34310276322401, 12.143337816236242, 0.0],
              [104.340805012451639, 12.144409732363403, 0.0],
              [104.339572430365195, 12.145005420174018, 0.0],
              [104.335684652587418, 12.146950420174019, 0.0],
              [104.334526296427072, 12.147548938202188, 0.0],
              [104.330359074204864, 12.149771438202187, 0.0],
              [104.32908606200246, 12.150474338130442, 0.0],
              [104.32698418526671, 12.151675110282762, 0.0],
              [104.324682664069684, 12.15274953200565, 0.0],
              [104.32230929302608, 12.153935173813585, 0.0],
              [104.318717991990255, 12.155849943757147, 0.0],
              [104.315411987428362, 12.157503418324456, 0.0],
              [104.314244854909461, 12.158106447931445, 0.0],
              [104.310663743320092, 12.160016740206038, 0.0],
              [104.307367374972841, 12.161664335868565, 0.0],
              [104.306181875541242, 12.162276779057551, 0.0],
              [104.302606672657561, 12.164184634506649, 0.0],
              [104.299914250961436, 12.165529979871634, 0.0],
              [104.296352366511599, 12.167192540911261, 0.0],
              [104.290462398212213, 12.170441076231107, 0.0],
              [104.288289332782583, 12.17183804686443, 0.0],
              [104.287088849366967, 12.172478048685369, 0.0],
              [104.284122754190662, 12.173863083591966, 0.0],
              [104.280487199190574, 12.175745715876715, 0.0],
              [104.27837616948905, 12.17695096304845, 0.0],
              [104.276064668995701, 12.178030505748362, 0.0],
              [104.272415553082183, 12.179921176227095, 0.0],
              [104.270320430798066, 12.181118388960874, 0.0],
              [104.268024588593605, 12.18218957798276, 0.0],
              [104.26564179302602, 12.183379618258062, 0.0],
              [104.262049860993756, 12.185294724629296, 0.0],
              [104.25874404188599, 12.18694822463454, 0.0],
              [104.257580478042229, 12.187549393213997, 0.0],
              [104.253995716452991, 12.18946139352828, 0.0],
              [104.250695597731763, 12.191111335052764, 0.0],
              [104.249528030517368, 12.191714383810893, 0.0],
              [104.245936215921063, 12.193629762878372, 0.0],
              [104.242631652501359, 12.195282752911343, 0.0],
              [104.24147165692078, 12.195882060769986, 0.0],
              [104.237305268031889, 12.198104005214431, 0.0],
              [104.233799983403443, 12.20016056541982, 0.0],
              [104.232747862155847, 12.200836778775951, 0.0],
              [104.231635699704697, 12.201355689093878, 0.0],
              [104.229242369032846, 12.20255134797444, 0.0],
              [104.225661822514681, 12.204461482153249, 0.0],
              [104.224036769621691, 12.205273805569647, 0.0],
              [104.223707804989218, 12.205438151159104, 0.0],
              [104.222339976839038, 12.206122902489721, 0.0],
              [104.221189217705998, 12.206717769360507, 0.0],
              [104.217610245160117, 12.208627015946606, 0.0],
              [104.214316930867454, 12.210272614754416, 0.0],
              [104.213130898633636, 12.210885169366724, 0.0],
              [104.209545873680057, 12.212797788186545, 0.0],
              [104.206246598049333, 12.214447779520981, 0.0],
              [104.205087652390901, 12.215046400722175, 0.0],
              [104.20149698145886, 12.216960802960754, 0.0],
              [104.198797333785265, 12.21831072322043, 0.0],
              [104.195243180254948, 12.219969438782273, 0.0],
              [104.19286752180318, 12.221155970861281, 0.0],
              [104.190345021803182, 12.222500693083504, 0.0],
              [104.1892681061735, 12.223075358586856, 0.0],
              [104.185972653558295, 12.224723084894464, 0.0],
              [104.184804990254108, 12.225326227436653, 0.0],
              [104.180638601365217, 12.227548171881098, 0.0],
              [104.177133163991954, 12.229604830258154, 0.0],
              [104.176079817230374, 12.230281836674941, 0.0],
              [104.174968041573948, 12.230800596146675, 0.0],
              [104.171294370278858, 12.232703638980977, 0.0],
              [104.169203273226287, 12.233899106482205, 0.0],
              [104.166912605299345, 12.234968003396707, 0.0],
              [104.163249610548149, 12.236865048166637, 0.0],
              [104.16115912866664, 12.238059545242866, 0.0],
              [104.158868565582921, 12.239127650244114, 0.0],
              [104.156457364280314, 12.240332167313012, 0.0],
              [104.152290975391423, 12.242555778424125, 0.0],
              [104.145839456707478, 12.246661866602906, 0.0],
              [104.144728345596377, 12.247494922158461, 0.0],
              [104.142178505835659, 12.249540209534146, 0.0],
              [104.141281489320434, 12.250309239477559, 0.0],
              [104.138290584065999, 12.252873269314026, 0.0],
              [104.138085281909852, 12.253050237502471, 0.0],
              [104.133918893020962, 12.25666134861358, 0.0],
              [104.132642806695088, 12.257806259472877, 0.0],
              [104.12938484134132, 12.260831729120637, 0.0],
              [104.125867768453446, 12.263879249452735, 0.0],
              [104.124586695584, 12.265028481695092, 0.0],
              [104.120698084472892, 12.268639592806203, 0.0],
              [104.120607421271714, 12.268723995470557, 0.0],
              [104.116487663758676, 12.272568809502639, 0.0],
              [104.113270339220279, 12.275556095336555, 0.0],
              [104.109748189371984, 12.278609533197567, 0.0],
              [104.108479128241896, 12.279748187091096, 0.0],
              [104.104590239353001, 12.283359020424431, 0.0],
              [104.104497907335684, 12.283444967838616, 0.0],
              [104.100378749621228, 12.287289002500838, 0.0],
              [104.097162926554574, 12.290274254521357, 0.0],
              [104.093641720447991, 12.293325935178697, 0.0],
              [104.092364095304902, 12.294472185929402, 0.0],
              [104.089102784815267, 12.297500778620519, 0.0],
              [104.088725217163685, 12.297828050907887, 0.0],
              [104.085660492225927, 12.299462679849951, 0.0],
              [104.082359264828213, 12.30111352935077, 0.0],
              [104.08119782035314, 12.301713440582054, 0.0],
              [104.07760739892754, 12.303627837394702, 0.0],
              [104.074303153717125, 12.30528019601743, 0.0],
              [104.073135755820076, 12.305883282102862, 0.0],
              [104.069554775971, 12.307793265354585, 0.0],
              [104.066258541699611, 12.30944055860825, 0.0],
              [104.065075065300249, 12.310051836033418, 0.0],
              [104.061493822525335, 12.311962437052481, 0.0],
              [104.058198431782429, 12.313609779321135, 0.0],
              [104.057024950274155, 12.314215896903027, 0.0],
              [104.05403417212132, 12.315811058322675, 0.0],
              [104.051077399658908, 12.317190951199759, 0.0],
              [104.047417890767676, 12.319086229379183, 0.0],
              [104.04531982818888, 12.320284972419739, 0.0],
              [104.043020508627691, 12.3213580188603, 0.0],
              [104.039355324722393, 12.323256505269173, 0.0],
              [104.037261082277297, 12.324453407621155, 0.0],
              [104.036236864211403, 12.324931380603379, 0.0],
              [104.03337358718872, 12.326076805974084, 0.0],
              [104.027140112989997, 12.329086507156914, 0.0],
              [104.025043399255466, 12.330284479525661, 0.0],
              [104.022746652685115, 12.331356151702202, 0.0],
              [104.021527931336053, 12.331945029338916, 0.0],
              [104.017639042447172, 12.333889473783362, 0.0],
              [104.016464509744765, 12.334496280477829, 0.0],
              [104.013477056338473, 12.336090093542509, 0.0],
              [104.010521513588202, 12.337469438782318, 0.0],
              [104.006860999436967, 12.339365325944454, 0.0],
              [104.003521807403018, 12.341273333450678, 0.0],
              [104.000466773207904, 12.342917845859606, 0.0],
              [103.987366123318893, 12.353095354375526, 0.0],
              [103.978316544254611, 12.366999088617273, 0.0],
              [103.974314245196709, 12.383098477095007, 0.0],
              [103.974180483415353, 12.38483231250831, 0.0],
              [103.973911982689245, 12.386581806713107, 0.0],
              [103.973652392445857, 12.393446404591183, 0.0],
              [103.972589175180644, 12.394687120121294, 0.0],
              [103.96895417206045, 12.399485932287616, 0.0],
              [103.967258512306074, 12.402029252353202, 0.0],
              [103.965539963286048, 12.404216255155371, 0.0],
              [103.962341179283158, 12.408216001660941, 0.0],
              [103.961069570673104, 12.409876026291167, 0.0],
              [103.959685229748544, 12.411763713575882, 0.0],
              [103.959683704503291, 12.411765491119143, 0.0],
              [103.959138768891577, 12.41250836216976, 0.0],
              [103.957850279916698, 12.414011386474447, 0.0],
              [103.957035319010672, 12.414962266692486, 0.0],
              [103.954677250682352, 12.41793484671244, 0.0],
              [103.952113559279113, 12.42143134046097, 0.0],
              [103.94957188544187, 12.424666492176689, 0.0],
              [103.948571480577684, 12.425984154509983, 0.0],
              [103.946131338884683, 12.42931101557115, 0.0],
              [103.943449244662119, 12.43266536596837, 0.0],
              [103.943192729387206, 12.432988905608894, 0.0],
              [103.9401366182761, 12.436876405608894, 0.0],
              [103.939126758355471, 12.438206098954426, 0.0],
              [103.936070647244364, 12.442372765621093, 0.0],
              [103.935706765595341, 12.442875387934476, 0.0],
              [103.935301946310275, 12.44344192449068, 0.0],
              [103.933578348893505, 12.444809312860356, 0.0],
              [103.930325416494185, 12.447596611686409, 0.0],
              [103.926816040892149, 12.450404814277199, 0.0],
              [103.925522240908407, 12.45147625462625, 0.0],
              [103.923067475439197, 12.453579637952584, 0.0],
              [103.920423822103928, 12.455519151340232, 0.0],
              [103.914648726587558, 12.460474206810673, 0.0],
              [103.913457672090715, 12.461665006136231, 0.0],
              [103.9123685179853, 12.462464040865568, 0.0],
              [103.909412245813243, 12.464809465055133, 0.0],
              [103.906161394174475, 12.467594814798762, 0.0],
              [103.9026521920119, 12.470402504119869, 0.0],
              [103.901348258094345, 12.471482485074725, 0.0],
              [103.8981044766671, 12.474263067768277, 0.0],
              [103.894599929561821, 12.477066425163471, 0.0],
              [103.89181022280944, 12.479471714307547, 0.0],
              [103.890331111666796, 12.480845174654284, 0.0],
              [103.888916721344017, 12.481740779497452, 0.0],
              [103.88643268151678, 12.483398094642297, 0.0],
              [103.884280037651962, 12.484832087056668, 0.0],
              [103.883931934633026, 12.485064151949876, 0.0],
              [103.883120629647635, 12.485637992046394, 0.0],
              [103.87950361484107, 12.487541028774052, 0.0],
              [103.879024908681941, 12.487780429733808, 0.0],
              [103.873660558227016, 12.490893218413335, 0.0],
              [103.873644926496922, 12.490903636093009, 0.0],
              [103.868970208418688, 12.493363295057014, 0.0],
              [103.868480366821771, 12.493608117867558, 0.0],
              [103.863417669485841, 12.496545833944513, 0.0],
              [103.863193025840658, 12.496620289058471, 0.0],
              [103.860137748062897, 12.497731122391805, 0.0],
              [103.854847509963264, 12.50000746510994, 0.0],
              [103.852085613757978, 12.501389518192052, 0.0],
              [103.850580667243548, 12.502141304007964, 0.0],
              [103.849316994786378, 12.502772721795276, 0.0],
              [103.846527931336112, 12.504167251561114, 0.0],
              [103.844871105756468, 12.505041109867786, 0.0],
              [103.841241487511653, 12.5066714468136, 0.0],
              [103.838463987511645, 12.508060891258044, 0.0],
              [103.835765404505153, 12.509627115568914, 0.0],
              [103.830716885458727, 12.511847920878013, 0.0],
              [103.828217441014289, 12.513236531989124, 0.0],
              [103.826883298095481, 12.514007027790408, 0.0],
              [103.822668348393961, 12.516011151842388, 0.0],
              [103.822492394917376, 12.516108873365491, 0.0],
              [103.814633835540747, 12.519808874765953, 0.0],
              [103.812410779985171, 12.521196652543731, 0.0],
              [103.811146924119768, 12.522012307817858, 0.0],
              [103.809634183526981, 12.523021137710964, 0.0],
              [103.807874620855998, 12.524077544148021, 0.0],
              [103.805882780449238, 12.525338218413335, 0.0],
              [103.80338278044924, 12.527004329524445, 0.0],
              [103.800434848391703, 12.529129406122275, 0.0],
              [103.796109233805154, 12.531667310807208, 0.0],
              [103.79388645602738, 12.53333453302943, 0.0],
              [103.79215229755691, 12.534751883590992, 0.0],
              [103.788881650303281, 12.536672582518381, 0.0],
              [103.78777805620183, 12.537500554269171, 0.0],
              [103.786439447115995, 12.538392662857705, 0.0],
              [103.784922499233261, 12.539404016655105, 0.0],
              [103.783165287064776, 12.540458308818982, 0.0],
              [103.781153368047939, 12.541731529693015, 0.0],
              [103.778634646303871, 12.543410770798015, 0.0],
              [103.777395655606199, 12.544064007217491, 0.0],
              [103.774895655606187, 12.545452062773046, 0.0],
              [103.771415651375179, 12.547574271162722, 0.0],
              [103.77061088721959, 12.548111227989239, 0.0],
              [103.769889609761933, 12.548511839780193, 0.0],
              [103.764177621363899, 12.5522144249777, 0.0],
              [103.76304555581892, 12.553063014407199, 0.0],
              [103.761727378853791, 12.553940990848925, 0.0],
              [103.760201594205625, 12.554958565310008, 0.0],
              [103.758452317903206, 12.556007536575326, 0.0],
              [103.756856651758156, 12.557017245473885, 0.0],
              [103.753445309429111, 12.558790128885043, 0.0],
              [103.750667531651345, 12.560456517773932, 0.0],
              [103.747469001388538, 12.56260721972995, 0.0],
              [103.747179131685414, 12.562765234678542, 0.0],
              [103.74457487526864, 12.56428855016536, 0.0],
              [103.742354597490859, 12.565678827943138, 0.0],
              [103.741165932087412, 12.566446766731969, 0.0],
              [103.741145694254556, 12.566460251129211, 0.0],
              [103.736837116356909, 12.568726879408636, 0.0],
              [103.735513416617223, 12.569315631637304, 0.0],
              [103.728101246183854, 12.573395907390086, 0.0],
              [103.728090366707789, 12.573403159165302, 0.0],
              [103.722823746183863, 12.576173129612295, 0.0],
              [103.720323746183865, 12.577839518501184, 0.0],
              [103.717823746183896, 12.579505907390057, 0.0],
              [103.715545159896081, 12.5811183544113, 0.0],
              [103.714440465401822, 12.581947324008045, 0.0],
              [103.713103101713386, 12.582838652167908, 0.0],
              [103.71263741417124, 12.583149161901172, 0.0],
              [103.709765635200483, 12.584130931270787, 0.0],
              [103.70696188698868, 12.58525224357663, 0.0],
              [103.704186321290152, 12.586177617180525, 0.0],
              [103.700301817451844, 12.587654770434932, 0.0],
              [103.698327221435989, 12.588501166912868, 0.0],
              [103.696135623931909, 12.589231553336946, 0.0],
              [103.693373565578, 12.590243259045018, 0.0],
              [103.691581073492912, 12.590960303682026, 0.0],
              [103.690150287178824, 12.591369172765855, 0.0],
              [103.685317476077685, 12.593021528196278, 0.0],
              [103.682520182507702, 12.594140557545858, 0.0],
              [103.679750528954187, 12.595063344676891, 0.0],
              [103.67586050133329, 12.59654196138902, 0.0],
              [103.675293548200585, 12.596784923948569, 0.0],
              [103.674619318946498, 12.596964673467708, 0.0],
              [103.668920304326519, 12.598857231351063, 0.0],
              [103.665631093344459, 12.600173705365089, 0.0],
              [103.662631163144226, 12.601244894727301, 0.0],
              [103.660884003133432, 12.601905807141298, 0.0],
              [103.658070518359338, 12.603030600960869, 0.0],
              [103.655287390708907, 12.603959114245937, 0.0],
              [103.651416731063279, 12.605431235963339, 0.0],
              [103.650847271146446, 12.60567526696849, 0.0],
              [103.650169693925008, 12.605855999399353, 0.0],
              [103.64336501842125, 12.608207486134988, 0.0],
              [103.641384658767336, 12.609055949037707, 0.0],
              [103.639188333921368, 12.609788057319696, 0.0],
              [103.636428053749569, 12.610799241596862, 0.0],
              [103.632261942638465, 12.612465908263529, 0.0],
              [103.631141362666767, 12.612930044786731, 0.0],
              [103.630315862945693, 12.613283751367382, 0.0],
              [103.62920397460131, 12.613759958526835, 0.0],
              [103.616138047125403, 12.621941230266666, 0.0],
              [103.611971380458726, 12.62555317471111, 0.0],
              [103.610704368285681, 12.626689849625278, 0.0],
              [103.607797423841234, 12.62938846073639, 0.0],
              [103.606798213722868, 12.630316957279831, 0.0],
              [103.605507376017769, 12.631560302680551, 0.0],
              [103.605336820462227, 12.631730580458328, 0.0],
              [103.603580833034286, 12.63348626685274, 0.0],
              [103.601962466959819, 12.635104830572079, 0.0],
              [103.598751391343896, 12.638087395805508, 0.0],
              [103.597429719672704, 12.639360992079288, 0.0],
              [103.593913330015852, 12.642876209996842, 0.0],
              [103.590699667253887, 12.645860325418656, 0.0],
              [103.589368061733111, 12.647143482409744, 0.0],
              [103.585853296825434, 12.650658012999759, 0.0],
              [103.585299562966966, 12.651172313097016, 0.0],
              [103.58352800907069, 12.651526647498565, 0.0],
              [103.582855366868174, 12.651665997026656, 0.0],
              [103.579302042678279, 12.65242762304579, 0.0],
              [103.575472453515118, 12.653193591943015, 0.0],
              [103.572403897354604, 12.653908582822933, 0.0],
              [103.571151793212309, 12.654242251280676, 0.0],
              [103.569910898925357, 12.654425653093652, 0.0],
              [103.56433063820586, 12.655578618504657, 0.0],
              [103.561697460877383, 12.656281243899281, 0.0],
              [103.559087688022501, 12.656802989632739, 0.0],
              [103.554912016422108, 12.657638512896005, 0.0],
              [103.554246483203102, 12.657776392664534, 0.0],
              [103.550690240943894, 12.658538390148831, 0.0],
              [103.54685743930564, 12.65930520599659, 0.0],
              [103.542689719328692, 12.660139194599955, 0.0],
              [103.538786727464512, 12.661084679453673, 0.0],
              [103.53839009575789, 12.661197804482569, 0.0],
              [103.537823517259255, 12.661273509463983, 0.0],
              [103.531561821759738, 12.662521468917578, 0.0],
              [103.528598345064424, 12.663311768874786, 0.0],
              [103.526251383574731, 12.663813922729735, 0.0],
              [103.522409115423869, 12.664583093535487, 0.0],
              [103.518249509322402, 12.6654156246687, 0.0],
              [103.514090904695109, 12.666246680084315, 0.0],
              [103.513410804619454, 12.66638751033099, 0.0],
              [103.50985339804545, 12.66714995691923, 0.0],
              [103.506021204238266, 12.667917008913442, 0.0],
              [103.50185520328651, 12.668750708990581, 0.0],
              [103.497935146593477, 12.669701117868637, 0.0],
              [103.495989201338844, 12.670256903632893, 0.0],
              [103.493806500781531, 12.670693560147292, 0.0],
              [103.490198544713607, 12.671414818344394, 0.0],
              [103.489638637687619, 12.671526799548769, 0.0],
              [103.488983490010938, 12.671662393769928, 0.0],
              [103.485093767788726, 12.67249461599215, 0.0],
              [103.467443218988691, 12.680039012205668, 0.0],
              [103.453935853588021, 12.693677592304129, 0.0],
              [103.453663567662829, 12.694086543682857, 0.0],
              [103.4512933960293, 12.696884379614433, 0.0],
              [103.450768751696245, 12.697408630710013, 0.0],
              [103.448808247301713, 12.699369408093251, 0.0],
              [103.446862464568198, 12.701317131775786, 0.0],
              [103.444652041758218, 12.703526725987935, 0.0],
              [103.443401964191935, 12.704776267883217, 0.0],
              [103.437885993211793, 12.709943293677867, 0.0],
              [103.43667066941984, 12.711359855492361, 0.0],
              [103.434612284008097, 12.713287066539715, 0.0],
              [103.433250056331119, 12.714651749664148, 0.0],
              [103.432717863280914, 12.715183411848459, 0.0],
              [103.430435173168746, 12.71762150116977, 0.0],
              [103.429580770761746, 12.718597455468986, 0.0],
              [103.428529685139054, 12.719648803961652, 0.0],
              [103.42275902626551, 12.726901322347869, 0.0],
              [103.421306277205503, 12.728259989841824, 0.0],
              [103.421244346596424, 12.728321938147886, 0.0],
              [103.419596744871868, 12.728557242592982, 0.0],
              [103.41905268702213, 12.72863799884408, 0.0],
              [103.415442964799908, 12.729194109955191, 0.0],
              [103.410938840174325, 12.730101609515602, 0.0],
              [103.407604951285435, 12.730934387293379, 0.0],
              [103.407834821427798, 12.731854634607776, 0.0],
              [103.39569870901262, 12.734721168483757, 0.0],
              [103.391809542345939, 12.736665335150423, 0.0],
              [103.388437817604228, 12.738516235160496, 0.0],
              [103.385357604463906, 12.740364732744212, 0.0],
              [103.382307307050766, 12.74199123273122, 0.0],
              [103.378789558333253, 12.744055521445443, 0.0],
              [103.377741858834796, 12.744729240345729, 0.0],
              [103.376635985034554, 12.745245241060923, 0.0],
              [103.370735647182968, 12.748499364894807, 0.0],
              [103.369685423724874, 12.74917465857836, 0.0],
              [103.368577789934392, 12.749691583890062, 0.0],
              [103.364006253979326, 12.752120840786496, 0.0],
              [103.359838753979332, 12.75462028523094, 0.0],
              [103.358511450216355, 12.755444801387648, 0.0],
              [103.357463505984995, 12.756118699081901, 0.0],
              [103.356357281006737, 12.756634932487877, 0.0],
              [103.350470340630665, 12.759880852127012, 0.0],
              [103.348288635877225, 12.761282875888591, 0.0],
              [103.345913686400394, 12.762549589491957, 0.0],
              [103.343719799322727, 12.763791768127374, 0.0],
              [103.34001014983788, 12.766017508346399, 0.0],
              [103.338527054112902, 12.766864961359197, 0.0],
              [103.332095724178828, 12.77123634512067, 0.0],
              [103.328100084799516, 12.774433336132821, 0.0],
              [103.3243828561246, 12.777354603693002, 0.0],
              [103.324045565517082, 12.777622027569729, 0.0],
              [103.31987973218375, 12.78095424979195, 0.0],
              [103.318570366398632, 12.782038614515935, 0.0],
              [103.315325922598532, 12.78481986426115, 0.0],
              [103.311825048260715, 12.78762033033979, 0.0],
              [103.307826475380764, 12.790818122712951, 0.0],
              [103.304106937554764, 12.793740920441618, 0.0],
              [103.3037693741379, 12.794008536450725, 0.0],
              [103.299602151915678, 12.79734159200628, 0.0],
              [103.298286063358844, 12.798431629307133, 0.0],
              [103.295843953569531, 12.800525663863919, 0.0],
              [103.29321336868297, 12.802454408702751, 0.0],
              [103.290236923790246, 12.80481573195336, 0.0],
              [103.286988188666214, 12.807600594112165, 0.0],
              [103.283479813898836, 12.810408463384338, 0.0],
              [103.282189633128013, 12.811476982062604, 0.0],
              [103.278942995997113, 12.814258819878583, 0.0],
              [103.276252697563933, 12.816410664153214, 0.0],
              [103.272930534920349, 12.818847079186172, 0.0],
              [103.269953731131608, 12.821209302821236, 0.0],
              [103.266713972310939, 12.823987231070481, 0.0],
              [103.263383166892524, 12.826651520166655, 0.0],
              [103.259664448162113, 12.829573332662422, 0.0],
              [103.259319255659577, 12.829847019798533, 0.0],
              [103.255152866770686, 12.833180353131867, 0.0],
              [103.251333645010732, 12.836237093935571, 0.0],
              [103.251130223398235, 12.836398616768177, 0.0],
              [103.249684216807481, 12.837591663335408, 0.0],
              [103.247236976983061, 12.83968912266779, 0.0],
              [103.24460123560128, 12.84162169512684, 0.0],
              [103.241626373665142, 12.843981719310905, 0.0],
              [103.238375921664385, 12.846767887352113, 0.0],
              [103.234867985625201, 12.849575593128174, 0.0],
              [103.232199582866343, 12.851869977372388, 0.0],
              [103.228588749533017, 12.855202755150165, 0.0],
              [103.217446328496735, 12.870263425935823, 0.0],
              [103.212629190762343, 12.888367915299289, 0.0],
              [103.212600392139692, 12.888769489718703, 0.0],
              [103.212499490484674, 12.889240084013139, 0.0],
              [103.211498854800453, 12.896399860729932, 0.0],
              [103.211461506315104, 12.896960648798318, 0.0],
              [103.211385477286882, 12.897315950007961, 0.0],
              [103.210390075686533, 12.904441563459452, 0.0],
              [103.210352505993299, 12.905003273449161, 0.0],
              [103.210275955176144, 12.905360655240111, 0.0],
              [103.209294715506005, 12.912260832058573, 0.0],
              [103.209240841854253, 12.913012968394984, 0.0],
              [103.20902481534786, 12.914094398816522, 0.0],
              [103.208183936727721, 12.920315903824106, 0.0],
              [103.20813038260107, 12.921063419051537, 0.0],
              [103.207914782175209, 12.922141780634696, 0.0],
              [103.20707075108848, 12.928392724996447, 0.0],
              [103.207018284373021, 12.929129469245609, 0.0],
              [103.206874386779759, 12.929849197121229, 0.0],
              [103.206113928095562, 12.933390414906137, 0.0],
              [103.205109481411128, 12.940572976861599, 0.0],
              [103.204957471001336, 12.94286045146344, 0.0],
              [103.204669701677815, 12.944877862845146, 0.0],
              [103.204253363457099, 12.947791398822492, 0.0],
              [103.204113896679772, 12.948768501876744, 0.0],
              [103.204052126662731, 12.949215686350652, 0.0],
              [103.203525415982426, 12.953160099832688, 0.0],
              [103.203002364132558, 12.956826177320218, 0.0],
              [103.202940841956377, 12.957271708717215, 0.0],
              [103.20241411310738, 12.961217047170322, 0.0],
              [103.201892665195629, 12.964872665980828, 0.0],
              [103.201337627521369, 12.968751005577957, 0.0],
              [103.20127211149051, 12.969224959634996, 0.0],
              [103.200747585432339, 12.973158118282116, 0.0],
              [103.200224964852438, 12.97681463408351, 0.0],
              [103.200159251781415, 12.9772907201835, 0.0],
              [103.199637067128151, 12.981212988485495, 0.0],
              [103.199310918606457, 12.983490820176913, 0.0],
              [103.19874818843769, 12.98630447102072, 0.0],
              [103.197903727388464, 12.99255577175466, 0.0],
              [103.197850830544255, 12.993297970661924, 0.0],
              [103.197636581317582, 12.994370289113739, 0.0],
              [103.197057431716317, 12.997934401838403, 0.0],
              [103.196778265049645, 13.000156624060626, 0.0],
              [103.197485335026556, 13.007318896534626, 0.0],
              [103.197313160816606, 13.007641825432279, 0.0],
              [103.195897911947654, 13.009764627980351, 0.0],
              [103.195444200235684, 13.010457539266596, 0.0],
              [103.193165620426342, 13.014001096668116, 0.0],
              [103.191065815016017, 13.017151854896362, 0.0],
              [103.188759260256944, 13.020380616462194, 0.0],
              [103.186569268127329, 13.023720632656124, 0.0],
              [103.185097544760978, 13.026173559453772, 0.0],
              [103.183481137838612, 13.028436432150972, 0.0],
              [103.181288289781776, 13.031781523835951, 0.0],
              [103.179819084328102, 13.034231124750152, 0.0],
              [103.178205994752716, 13.036488966228818, 0.0],
              [103.17728772007014, 13.037819221356898, 0.0],
              [103.174982598879467, 13.041276764697184, 0.0],
              [103.174523872476726, 13.041964034170663, 0.0],
              [103.174048087819955, 13.042690442976557, 0.0],
              [103.171775801808096, 13.046226288721371, 0.0],
              [103.169230798623929, 13.050044047997932, 0.0],
              [103.168577343017262, 13.051101270924708, 0.0],
              [103.164267243721767, 13.0572225, 0.0],
              [103.164166388888887, 13.0572225, 0.0],
              [103.157555171552531, 13.057661509237795, 0.0],
              [103.153395101723845, 13.058216444184591, 0.0],
              [103.152514029529655, 13.058333806969705, 0.0],
              [103.151937023809595, 13.058333889399092, 0.0],
              [103.148621306850657, 13.058444425044874, 0.0],
              [103.144454917961767, 13.058721925044875, 0.0],
              [103.14116179914879, 13.059051033494876, 0.0],
              [103.137003973075821, 13.059606075689855, 0.0],
              [103.132844202903897, 13.060160009361109, 0.0],
              [103.128974390198294, 13.060830948779953, 0.0],
              [103.1250855013094, 13.061663726557729, 0.0],
              [103.115252594069204, 13.064862816318255, 0.0],
              [103.112752594069207, 13.065973649651591, 0.0],
              [103.105317068019218, 13.070065729870187, 0.0],
              [103.10281706801922, 13.071732674314632, 0.0],
              [103.095187313165638, 13.077990346559289, 0.0],
              [103.093250013695851, 13.07992903040771, 0.0],
              [103.09103887765103, 13.082140166452529, 0.0],
              [103.089098651354277, 13.08407928452351, 0.0],
              [103.087135666195934, 13.086043380797072, 0.0],
              [103.076080159002828, 13.102811872824725, 0.0],
              [103.075395602884143, 13.104522493188281, 0.0],
              [103.074481528963332, 13.10653356545909, 0.0],
              [103.073579325669499, 13.108646039491402, 0.0],
              [103.072467936780598, 13.111423261713627, 0.0],
              [103.070998365711276, 13.115629969040537, 0.0],
              [103.070805005886882, 13.116274372881945, 0.0],
              [103.070520652227358, 13.116985221495456, 0.0],
              [103.068703446619025, 13.122408961727308, 0.0],
              [103.067870668841238, 13.125464795060642, 0.0],
              [103.066258101158368, 13.134783895915946, 0.0],
              [103.065989760793045, 13.13827904261823, 0.0],
              [103.064896103058501, 13.14528814743181, 0.0],
              [103.064848603058508, 13.145857591876252, 0.0],
              [103.064762627952177, 13.146888360881521, 0.0],
              [103.064471271075774, 13.148780579716147, 0.0],
              [103.064150289868834, 13.156651636353866, 0.0],
              [103.063756946517998, 13.160072556509357, 0.0],
              [103.063481960438196, 13.163665063093795, 0.0],
              [103.06334957652308, 13.165378018747646, 0.0],
              [103.063081421277587, 13.167122101538025, 0.0],
              [103.062574354384495, 13.170419177814267, 0.0],
              [103.062070247922193, 13.173442053978114, 0.0],
              [103.061389166794243, 13.181663094727897, 0.0],
              [103.06138888901647, 13.185551428061231, 0.0],
              [103.061447831424431, 13.187322033512492, 0.0],
              [103.061136019595907, 13.188788323233714, 0.0],
              [103.06107777041052, 13.189167074064944, 0.0],
              [103.060815011414306, 13.190107098691747, 0.0],
              [103.059052880638333, 13.194801863581626, 0.0],
              [103.058219825082773, 13.197579085803847, 0.0],
              [103.057607872733982, 13.199804624440986, 0.0],
              [103.057236300122469, 13.20128918261382, 0.0],
              [103.056727922278668, 13.20281596961331, 0.0],
              [103.05605276880361, 13.205451643196968, 0.0],
              [103.055228436167312, 13.207369167012279, 0.0],
              [103.054118158389514, 13.210424722567835, 0.0],
              [103.05287770270931, 13.214330212954165, 0.0],
              [103.052794529918302, 13.214634819799171, 0.0],
              [103.052742191876376, 13.214765677988487, 0.0],
              [103.050659303907338, 13.221207780907143, 0.0],
              [103.050426159489675, 13.222140436292598, 0.0],
              [103.048711573867962, 13.226776211165152, 0.0],
              [103.04820728817127, 13.228796046167833, 0.0],
              [103.047661302874801, 13.230568283085226, 0.0],
              [103.047577156529883, 13.230820834352524, 0.0],
              [103.04722962641786, 13.231515408228951, 0.0],
              [103.044511347869403, 13.238074851358775, 0.0],
              [103.043864954458286, 13.240013708476186, 0.0],
              [103.043299710839321, 13.241426464334628, 0.0],
              [103.042727660171664, 13.242925538202037, 0.0],
              [103.041617382393881, 13.245981371535368, 0.0],
              [103.040726817049247, 13.248666907830758, 0.0],
              [103.039892372604811, 13.251443852275203, 0.0],
              [103.039267245979801, 13.253717407170141, 0.0],
              [103.039159778049424, 13.254147709050132, 0.0],
              [103.037686589936655, 13.258701643378838, 0.0],
              [103.03506290824879, 13.265029060690813, 0.0],
              [103.033952352693234, 13.268362394024146, 0.0],
              [103.033543734012667, 13.269653904704972, 0.0],
              [103.032014393593528, 13.273344884657119, 0.0],
              [103.030902449149067, 13.276678217990451, 0.0],
              [103.03092917780603, 13.276687134224938, 0.0],
              [103.030593914535118, 13.277664337314498, 0.0],
              [103.028296828933492, 13.282545057808273, 0.0],
              [103.028159680683714, 13.282887997041144, 0.0],
              [103.025796509195573, 13.287546135110745, 0.0],
              [103.024685675862244, 13.290323912888525, 0.0],
              [103.023769157119077, 13.292827067301497, 0.0],
              [103.023586872444497, 13.293210460816086, 0.0],
              [103.019832374698368, 13.297931394886632, 0.0],
              [103.018823727302532, 13.299543980497283, 0.0],
              [103.017571500621301, 13.301423678229458, 0.0],
              [103.015917841411181, 13.303900175358526, 0.0],
              [103.01499568398124, 13.30528413514209, 0.0],
              [103.014163667766226, 13.306393721172553, 0.0],
              [103.013939907132922, 13.306738896097125, 0.0],
              [103.012974684586297, 13.307704360070105, 0.0],
              [103.008318855464694, 13.313076074342646, 0.0],
              [103.006652744353573, 13.315299963231537, 0.0],
              [103.005092074812922, 13.317504812894791, 0.0],
              [103.00445874147961, 13.318452868450345, 0.0],
              [103.003410376265776, 13.320023857474089, 0.0],
              [103.001730662940304, 13.322543557065913, 0.0],
              [103.001756157020552, 13.322560552175084, 0.0],
              [102.996665015605046, 13.330144070473999, 0.0],
              [102.996078028665579, 13.331318337919795, 0.0],
              [102.995605428543954, 13.331894611876528, 0.0],
              [102.995336675051689, 13.33171551254304, 0.0],
              [102.993670286162796, 13.334216068098597, 0.0],
              [102.993534700042559, 13.334419594101883, 0.0],
              [102.990081190436825, 13.338630696795338, 0.0],
              [102.988412857103498, 13.341130141239782, 0.0],
              [102.984924939678081, 13.347757351689641, 0.0],
              [102.984347197707876, 13.348720287064742, 0.0],
              [102.981529970459391, 13.354141288806867, 0.0],
              [102.980418859348291, 13.356641844362423, 0.0],
              [102.980312028981515, 13.356894889182817, 0.0],
              [102.980057441419376, 13.357277004014708, 0.0],
              [102.975252591954828, 13.366409136741733, 0.0],
              [102.97490606878398, 13.367274276613228, 0.0],
              [102.974438709830793, 13.368209742742865, 0.0],
              [102.971737407571325, 13.374731678034944, 0.0],
              [102.970625463126879, 13.378064455812721, 0.0],
              [102.97016528179158, 13.379517101093294, 0.0],
              [102.969970961716697, 13.380164618836977, 0.0],
              [102.969686038242088, 13.380877034396528, 0.0],
              [102.967869810166818, 13.3862986851674, 0.0],
              [102.96703703238903, 13.389354796278512, 0.0],
              [102.96595702701164, 13.394288326525343, 0.0],
              [102.965465666693731, 13.397239439545883, 0.0],
              [102.964977722517659, 13.399913529228288, 0.0],
              [102.964311076958481, 13.405076938756235, 0.0],
              [102.964036423375987, 13.408668987621988, 0.0],
              [102.963759006590195, 13.412261037637018, 0.0],
              [102.963610555555547, 13.41611111111111, 0.0],
              [102.963610555555547, 13.4202775, 0.0],
              [102.964152334493576, 13.427352645957576, 0.0],
              [102.964173438750009, 13.43138500085883, 0.0],
              [102.964167222333288, 13.431385000444457, 0.0],
              [102.964166944555515, 13.435552222666679, 0.0],
              [102.964166944444443, 13.439445555555555, 0.0],
              [102.964658106228072, 13.44586724285397, 0.0],
              [102.964592108470498, 13.446730392600935, 0.0],
              [102.964546845948419, 13.447318172345604, 0.0],
              [102.964305357992018, 13.448525290250974, 0.0],
              [102.96419200193148, 13.449282123560289, 0.0],
              [102.962657377102516, 13.453154578747787, 0.0],
              [102.961825432658074, 13.455932356525564, 0.0],
              [102.961218824675285, 13.458140535922965, 0.0],
              [102.960384658008621, 13.461474147034076, 0.0],
              [102.959062308670454, 13.469453959126945, 0.0],
              [102.958784253114899, 13.472786459126946, 0.0],
              [102.958505792440462, 13.47613856022198, 0.0],
              [102.958835355740504, 13.487339485566769, 0.0],
              [102.959070077962735, 13.488984763344547, 0.0],
              [102.959161630128023, 13.489625323235197, 0.0],
              [102.959313769146405, 13.491606179352255, 0.0],
              [102.96065649267058, 13.499890688641694, 0.0],
              [102.961488992670581, 13.503224577530583, 0.0],
              [102.963010147381453, 13.508199293036798, 0.0],
              [102.96323390852028, 13.508814594223855, 0.0],
              [102.963437279467385, 13.509628010221956, 0.0],
              [102.963707583672431, 13.510662042896548, 0.0],
              [102.964389805894655, 13.513162320674327, 0.0],
              [102.964389943042832, 13.513162283252273, 0.0],
              [102.964405866436721, 13.513221327197423, 0.0],
              [102.964710563876011, 13.514441540774422, 0.0],
              [102.964979145120225, 13.515914453170989, 0.0],
              [102.965648565764596, 13.519018356051834, 0.0],
              [102.966445404024725, 13.523618346196162, 0.0],
              [102.966501071289798, 13.524450028443285, 0.0],
              [102.96697811044595, 13.527288928632514, 0.0],
              [102.96469792143759, 13.529037644337098, 0.0],
              [102.964645493934853, 13.528985216835368, 0.0],
              [102.964328788764576, 13.529320738457809, 0.0],
              [102.964025766066811, 13.529553131714893, 0.0],
              [102.962784595299098, 13.530948921436462, 0.0],
              [102.961856784523334, 13.53187726246556, 0.0],
              [102.960546187480659, 13.533388707551586, 0.0],
              [102.957227363039323, 13.533166597183696, 0.0],
              [102.953888611111097, 13.533055, 0.0],
              [102.952354916666835, 13.533055, 0.0],
              [102.951090731778493, 13.532949782912317, 0.0],
              [102.946940275999083, 13.53277750011123, 0.0],
              [102.942775831554627, 13.532777777889006, 0.0],
              [102.939464030188418, 13.532887800125639, 0.0],
              [102.939409092809242, 13.532891450656633, 0.0],
              [102.938440590442198, 13.532697853469486, 0.0],
              [102.937053758089263, 13.532319339902479, 0.0],
              [102.932107894047292, 13.531235192741507, 0.0],
              [102.931268610484736, 13.531095323803493, 0.0],
              [102.930654104943386, 13.530927766949198, 0.0],
              [102.921330381718846, 13.529313536783349, 0.0],
              [102.917722866566592, 13.529036419702447, 0.0],
              [102.9141175735529, 13.528758748062323, 0.0],
              [102.910271388888944, 13.528611111555554, 0.0],
              [102.906108055555876, 13.528611666666665, 0.0],
              [102.902223333333325, 13.528611666666665, 0.0],
              [102.895167607469446, 13.529112002702817, 0.0],
              [102.894782678467237, 13.529166870823106, 0.0],
              [102.894433730924234, 13.529166945592239, 0.0],
              [102.883969182714807, 13.530276568175738, 0.0],
              [102.880081127159244, 13.531109623731295, 0.0],
              [102.878857672087705, 13.531393487903292, 0.0],
              [102.875679629302681, 13.531789819792424, 0.0],
              [102.874099073747118, 13.532052875347981, 0.0],
              [102.872320943532287, 13.53234978703499, 0.0],
              [102.870752818031931, 13.532637407991363, 0.0],
              [102.867379017273166, 13.533311988255047, 0.0],
              [102.864845496051956, 13.533733748998523, 0.0],
              [102.85636431624728, 13.536105720588488, 0.0],
              [102.854819565777859, 13.536491843830513, 0.0],
              [102.851485003129369, 13.537325415018449, 0.0],
              [102.849221907830625, 13.53794792816041, 0.0],
              [102.847572490320999, 13.538443561870414, 0.0],
              [102.845819329385165, 13.538881560008251, 0.0],
              [102.84265030226878, 13.539612611354427, 0.0],
              [102.838074498714619, 13.54090007661091, 0.0],
              [102.835298262368042, 13.541825720079464, 0.0],
              [102.832248179323642, 13.542763665776837, 0.0],
              [102.825982068594257, 13.545161529622929, 0.0],
              [102.823527756042694, 13.54629492840222, 0.0],
              [102.81740361216157, 13.548755019414159, 0.0],
              [102.817356713086781, 13.548651892080368, 0.0],
              [102.814301435309005, 13.550041336524812, 0.0],
              [102.812639320225031, 13.550834473783322, 0.0],
              [102.81041765355836, 13.551945307116656, 0.0],
              [102.808496599024352, 13.552958573835376, 0.0],
              [102.807942764265107, 13.553266252976787, 0.0],
              [102.8074787564465, 13.55347239271792, 0.0],
              [102.805414355272291, 13.554446539771746, 0.0],
              [102.805210998077371, 13.554548238696793, 0.0],
              [102.804862372073089, 13.554674971445031, 0.0],
              [102.80039132846251, 13.556598368540095, 0.0],
              [102.798695468031127, 13.557106855386101, 0.0],
              [102.792362256831666, 13.559483512827157, 0.0],
              [102.790362562494764, 13.560392646588873, 0.0],
              [102.788660935729951, 13.561072923049183, 0.0],
              [102.785874387761709, 13.562187596831977, 0.0],
              [102.783952838132777, 13.563050380937934, 0.0],
              [102.782811307033015, 13.5633960494118, 0.0],
              [102.779478529255243, 13.564506049411801, 0.0],
              [102.77460889682844, 13.566522860357187, 0.0],
              [102.772638696867062, 13.567175929057552, 0.0],
              [102.769584530200405, 13.56828620683533, 0.0],
              [102.76506340764621, 13.570230952678267, 0.0],
              [102.762932449101783, 13.570722308909323, 0.0],
              [102.760996324065204, 13.571209647153786, 0.0],
              [102.758905063983534, 13.571780664977506, 0.0],
              [102.756267712840341, 13.572388722626256, 0.0],
              [102.755370247712946, 13.572604381798941, 0.0],
              [102.752044521589951, 13.573436090473541, 0.0],
              [102.750285732297343, 13.573875348245883, 0.0],
              [102.748820241942568, 13.57414220071685, 0.0],
              [102.745659278682098, 13.574824069145032, 0.0],
              [102.742325667570981, 13.57565684692281, 0.0],
              [102.73897985005064, 13.576494618250509, 0.0],
              [102.737885597330276, 13.576767976275313, 0.0],
              [102.736541823649958, 13.576975314941778, 0.0],
              [102.733708541479459, 13.577496451334685, 0.0],
              [102.729820208146123, 13.578328118001352, 0.0],
              [102.728336183483293, 13.57868890353344, 0.0],
              [102.721223827518742, 13.579822170105894, 0.0],
              [102.717889105296521, 13.580654670105895, 0.0],
              [102.713736269948711, 13.581925539087132, 0.0],
              [102.710235756603495, 13.582794416321509, 0.0],
              [102.705699287874907, 13.583503294085411, 0.0],
              [102.70390028766532, 13.583918554421459, 0.0],
              [102.702127361076549, 13.584191018641471, 0.0],
              [102.697598294631518, 13.585102994999973, 0.0],
              [102.694265239075946, 13.585936050555528, 0.0],
              [102.691367320804972, 13.586661192232571, 0.0],
              [102.688208886478364, 13.587389669043164, 0.0],
              [102.687320280590299, 13.587603192875436, 0.0],
              [102.685968877044033, 13.587941015619485, 0.0],
              [102.681944272205001, 13.588767279413785, 0.0],
              [102.673705205741754, 13.590104461617283, 0.0],
              [102.672779167404784, 13.59033600978003, 0.0],
              [102.671406323697113, 13.59045037526235, 0.0],
              [102.667961501366875, 13.590858095214168, 0.0],
              [102.664602439039044, 13.591374377360356, 0.0],
              [102.660969319281421, 13.591894655479143, 0.0],
              [102.657224095918522, 13.592592797135476, 0.0],
              [102.656942058716069, 13.592611653508897, 0.0],
              [102.648863887121166, 13.594074073309377, 0.0],
              [102.646277753198277, 13.594472368571601, 0.0],
              [102.641777049570692, 13.595378794823825, 0.0],
              [102.638443716237347, 13.596211017046047, 0.0],
              [102.63509721805957, 13.597049023584049, 0.0],
              [102.631782191868851, 13.597876261504034, 0.0],
              [102.628429050140824, 13.598715650718516, 0.0],
              [102.627429621320516, 13.598965174780652, 0.0],
              [102.626709170180746, 13.599016738497941, 0.0],
              [102.61903372015918, 13.600170048987057, 0.0],
              [102.61723474449127, 13.600585271720435, 0.0],
              [102.615463236711321, 13.600857465383324, 0.0],
              [102.609888927872092, 13.602042547371868, 0.0],
              [102.607796475316562, 13.602613769425378, 0.0],
              [102.605159605205472, 13.603221513317433, 0.0],
              [102.60201562279579, 13.604054697713751, 0.0],
              [102.600794512832138, 13.604421201624058, 0.0],
              [102.598768810435701, 13.604888191804093, 0.0],
              [102.597866443568392, 13.605105055532823, 0.0],
              [102.594536914424026, 13.605937992740438, 0.0],
              [102.59120627430373, 13.606770652770512, 0.0],
              [102.587867115141123, 13.60760592915795, 0.0],
              [102.581442226872397, 13.609683073859278, 0.0],
              [102.580789472032592, 13.609943993060394, 0.0],
              [102.57321769167045, 13.612251930612189, 0.0],
              [102.570161302781557, 13.613639708389966, 0.0],
              [102.568474164509709, 13.614444135019028, 0.0],
              [102.565696108954157, 13.615833023907916, 0.0],
              [102.563757597971005, 13.616855892717556, 0.0],
              [102.561258153526566, 13.618245614939779, 0.0],
              [102.55983076778422, 13.619070353714353, 0.0],
              [102.559043738972107, 13.619542571001622, 0.0],
              [102.552541701025589, 13.623120696596812, 0.0],
              [102.55004225658115, 13.6247870854857, 0.0],
              [102.548618554905673, 13.625794360568998, 0.0],
              [102.548557393465913, 13.625827721354318, 0.0],
              [102.541206788003151, 13.630954746348959, 0.0],
              [102.54058390610713, 13.631370059856023, 0.0],
              [102.540042767966227, 13.63173081861663, 0.0],
              [102.539749497257517, 13.631971202219859, 0.0],
              [102.539578100811809, 13.632090750720401, 0.0],
              [102.539198626220653, 13.632422731679929, 0.0],
              [102.536314721308329, 13.634786566299656, 0.0],
              [102.536246806652969, 13.634699250228676, 0.0],
              [102.533746528875199, 13.636643972450898, 0.0],
              [102.530767403543067, 13.639274878887266, 0.0],
              [102.52754348422225, 13.641763962005706, 0.0],
              [102.525305059654727, 13.643129109509958, 0.0],
              [102.52281493513901, 13.644790483839584, 0.0],
              [102.520324813580686, 13.646450195930578, 0.0],
              [102.518428246116443, 13.64771478400163, 0.0],
              [102.516829177164126, 13.648714452013825, 0.0],
              [102.515599946310388, 13.64950816270326, 0.0],
              [102.513101057421508, 13.651173996036594, 0.0],
              [102.510596790241422, 13.652843785425757, 0.0],
              [102.508100758590345, 13.654508360837823, 0.0],
              [102.506598060283082, 13.655509658809898, 0.0],
              [102.504838127568036, 13.656565161130807, 0.0],
              [102.502822913917925, 13.657840073345277, 0.0],
              [102.501999963813191, 13.658388615279035, 0.0],
              [102.501260353264826, 13.658799793057511, 0.0],
              [102.499043416380644, 13.660108089181687, 0.0],
              [102.49808943840992, 13.660704698294083, 0.0],
              [102.496345232630688, 13.661655593246259, 0.0],
              [102.495867213285351, 13.661944387636687, 0.0],
              [102.495140491539658, 13.662175125013288, 0.0],
              [102.492084658206323, 13.663285958346624, 0.0],
              [102.491506570862342, 13.663534588309533, 0.0],
              [102.48875533608296, 13.663836571287236, 0.0],
              [102.486485716944628, 13.664161126824018, 0.0],
              [102.484506103173857, 13.664313123634544, 0.0],
              [102.476200450693781, 13.665660928602795, 0.0],
              [102.475601100372543, 13.665810853581078, 0.0],
              [102.474228516632849, 13.665993785436244, 0.0],
              [102.473231600946875, 13.666136882788605, 0.0],
              [102.46962021205799, 13.66669243834416, 0.0],
              [102.469002550634727, 13.666791414919501, 0.0],
              [102.468049217301385, 13.666950303808392, 0.0],
              [102.46784958096066, 13.666983636328307, 0.0],
              [102.466457938960716, 13.667090249314381, 0.0],
              [102.459686878821742, 13.668188639278567, 0.0],
              [102.459498492893175, 13.668203131618636, 0.0],
              [102.451209684471948, 13.669547994762143, 0.0],
              [102.447877740027508, 13.67038077253992, 0.0],
              [102.442079802857933, 13.672524452757642, 0.0],
              [102.441756124341367, 13.672605412839856, 0.0],
              [102.438431430051551, 13.67343700206837, 0.0],
              [102.435106460565152, 13.674267482404291, 0.0],
              [102.43176222503466, 13.675103470653234, 0.0],
              [102.428418743146054, 13.675940175877233, 0.0],
              [102.427411830096489, 13.676203321232197, 0.0],
              [102.424860009347711, 13.676898661085511, 0.0],
              [102.422038458405581, 13.677604342757096, 0.0],
              [102.418712179429292, 13.678435773929307, 0.0],
              [102.415383405009649, 13.6792672046265, 0.0],
              [102.409037903764883, 13.681895232789946, 0.0],
              [102.408512372043518, 13.682038550934202, 0.0],
              [102.404576918014314, 13.683288520259429, 0.0],
              [102.403464056546625, 13.683693289103717, 0.0],
              [102.402403767100338, 13.683982362562753, 0.0],
              [102.397121809438403, 13.686001123668346, 0.0],
              [102.390877280030494, 13.688019606711268, 0.0],
              [102.388964380042282, 13.688784613628629, 0.0],
              [102.385952628510395, 13.689860900058761, 0.0],
              [102.385704194648781, 13.689951848255197, 0.0],
              [102.385099245562728, 13.690103035114287, 0.0],
              [102.38013129633984, 13.691622812009276, 0.0],
              [102.377075740784278, 13.692734200898165, 0.0],
              [102.375593930697178, 13.693299946444554, 0.0],
              [102.374724008452816, 13.693647984950001, 0.0],
              [102.373076643768158, 13.694154778655205, 0.0],
              [102.371970384490723, 13.694509225765504, 0.0],
              [102.369469828935166, 13.695342559098837, 0.0],
              [102.369485773824422, 13.695390404396528, 0.0],
              [102.359599867095085, 13.698605315082407, 0.0],
              [102.35938377754519, 13.69871326262678, 0.0],
              [102.359020396702647, 13.698845437162579, 0.0],
              [102.355466581312655, 13.700373893877604, 0.0],
              [102.355143466584892, 13.70044848366976, 0.0],
              [102.34573162741394, 13.703832537713796, 0.0],
              [102.345123027032088, 13.703984320143833, 0.0],
              [102.338300989853053, 13.706364781949208, 0.0],
              [102.336267699984703, 13.706833533467321, 0.0],
              [102.333122500164293, 13.707667274123931, 0.0],
              [102.330345000164286, 13.708501163012819, 0.0],
              [102.327637748062926, 13.709398900169566, 0.0],
              [102.325932348227752, 13.710018946895712, 0.0],
              [102.324529563010742, 13.710439516011558, 0.0],
              [102.320325481751382, 13.711906937518295, 0.0],
              [102.317547981751375, 13.713017493073849, 0.0],
              [102.315415975505744, 13.713927832795724, 0.0],
              [102.313410649976404, 13.714839609591094, 0.0],
              [102.311703164975029, 13.715522808448869, 0.0],
              [102.308896935550024, 13.716782760533322, 0.0],
              [102.307951802578131, 13.717040625688226, 0.0],
              [102.298746455754056, 13.720558823087678, 0.0],
              [102.297837535248263, 13.721013419637764, 0.0],
              [102.296999870498894, 13.721348184098776, 0.0],
              [102.294690273941583, 13.722384915025833, 0.0],
              [102.289301735734497, 13.723843662158925, 0.0],
              [102.286246180178949, 13.724954773270037, 0.0],
              [102.285626705455698, 13.725180113288193, 0.0],
              [102.284813462926238, 13.72538350864038, 0.0],
              [102.277064697900997, 13.728249338445975, 0.0],
              [102.272897706823485, 13.729575001198187, 0.0],
              [102.266985449340183, 13.731976070251196, 0.0],
              [102.265733018599263, 13.73231764227145, 0.0],
              [102.265164632752004, 13.732476266015301, 0.0],
              [102.264012258890517, 13.732805209783365, 0.0],
              [102.261476050261962, 13.733439737360767, 0.0],
              [102.257806261559594, 13.734508470788272, 0.0],
              [102.257711812165681, 13.734539940068659, 0.0],
              [102.25510332562078, 13.735102362797178, 0.0],
              [102.251768881176318, 13.735935418352733, 0.0],
              [102.246794729579335, 13.737457018391602, 0.0],
              [102.245785860716609, 13.737824029862258, 0.0],
              [102.244540141902007, 13.738090842512236, 0.0],
              [102.242339605165625, 13.738457415256903, 0.0],
              [102.23739263613119, 13.739541509760571, 0.0],
              [102.235672287922725, 13.740010965748372, 0.0],
              [102.233137280279522, 13.740554039390917, 0.0],
              [102.231474817772607, 13.740939976227608, 0.0],
              [102.228142039994822, 13.741773865116496, 0.0],
              [102.222475971919465, 13.743605869858007, 0.0],
              [102.22204749482313, 13.74371291771924, 0.0],
              [102.214935351331604, 13.746068325837847, 0.0],
              [102.214231561270168, 13.74636158147001, 0.0],
              [102.212603723126492, 13.746768235811711, 0.0],
              [102.206146807595672, 13.748855907060403, 0.0],
              [102.203369307595665, 13.749967295949292, 0.0],
              [102.201252738277347, 13.750871273662531, 0.0],
              [102.198197460499571, 13.752260162551419, 0.0],
              [102.196948318929003, 13.752856080956382, 0.0],
              [102.196522373629691, 13.753010980714839, 0.0],
              [102.192914171268228, 13.754484789453127, 0.0],
              [102.191642239695597, 13.755063150481062, 0.0],
              [102.190427403223438, 13.755504507562863, 0.0],
              [102.185945228852816, 13.757431551761895, 0.0],
              [102.18424711456683, 13.757940833263241, 0.0],
              [102.181522030337121, 13.75884416111399, 0.0],
              [102.178466752559345, 13.759955272225101, 0.0],
              [102.173187439149061, 13.762226665037593, 0.0],
              [102.171960635884119, 13.762840312178026, 0.0],
              [102.17054284913398, 13.763430643342767, 0.0],
              [102.170165645733888, 13.763581637863828, 0.0],
              [102.169535676462843, 13.763770433296061, 0.0],
              [102.166798862458791, 13.764677409148311, 0.0],
              [102.163742473569897, 13.765789075814977, 0.0],
              [102.159884388100608, 13.767449368189569, 0.0],
              [102.158201271878852, 13.768007240957241, 0.0],
              [102.155144605212186, 13.769118074290573, 0.0],
              [102.153667370498951, 13.769681517432085, 0.0],
              [102.150888481610053, 13.770792072987643, 0.0],
              [102.15018689139454, 13.771078641779281, 0.0],
              [102.147211972797436, 13.772320154960177, 0.0],
              [102.14479153225173, 13.773286637716806, 0.0],
              [102.142634801111029, 13.774207028769057, 0.0],
              [102.139580078888812, 13.775596195435723, 0.0],
              [102.137926596935671, 13.776385003212365, 0.0],
              [102.13651904388702, 13.777088427936379, 0.0],
              [102.135356392921636, 13.777617424611302, 0.0],
              [102.133662571345198, 13.778294546765345, 0.0],
              [102.128280173001144, 13.78082729110392, 0.0],
              [102.128259063307212, 13.780838805307997, 0.0],
              [102.128070900081482, 13.780901554253083, 0.0],
              [102.12292329841722, 13.78294136878219, 0.0],
              [102.119313576194983, 13.784608591004412, 0.0],
              [102.116020240475635, 13.786279923265464, 0.0],
              [102.114454198754856, 13.787148845148513, 0.0],
              [102.113465731569008, 13.787643227026349, 0.0],
              [102.111256581168263, 13.788647203758188, 0.0],
              [102.109576218013459, 13.789448942185675, 0.0],
              [102.107355940235664, 13.790559497741233, 0.0],
              [102.10578463913474, 13.79138058757934, 0.0],
              [102.102727416912529, 13.793047809801561, 0.0],
              [102.098578180139782, 13.795714365839855, 0.0],
              [102.094203310875159, 13.798123698129556, 0.0],
              [102.093550400927143, 13.798559116567709, 0.0],
              [102.092442643114438, 13.799163494568974, 0.0],
              [102.086408922987417, 13.803041439957424, 0.0],
              [102.085820299061623, 13.803482466654447, 0.0],
              [102.081427667198042, 13.805900608333802, 0.0],
              [102.079267500781796, 13.807341039373744, 0.0],
              [102.075940692712535, 13.809070176541443, 0.0],
              [102.0731634704903, 13.810736565430332, 0.0],
              [102.067555024133426, 13.814779268338393, 0.0],
              [102.066690005446446, 13.815356556315196, 0.0],
              [102.063967261804336, 13.817587992204702, 0.0],
              [102.06171722062814, 13.818948221256072, 0.0],
              [102.059215553961494, 13.820615443478292, 0.0],
              [102.055853223613468, 13.823161510035391, 0.0],
              [102.055720460587651, 13.823235255804978, 0.0],
              [102.052277512855738, 13.82533367671936, 0.0],
              [102.05075524763997, 13.826347843859672, 0.0],
              [102.050640144959743, 13.826416944618376, 0.0],
              [102.049587898864203, 13.826942962420487, 0.0],
              [102.047653370320603, 13.827963517051728, 0.0],
              [102.046107999452033, 13.828822495280928, 0.0],
              [102.044306264669459, 13.829723362672215, 0.0],
              [102.043341998490178, 13.830227136134189, 0.0],
              [102.04254582546244, 13.830518688698632, 0.0],
              [102.041124095613611, 13.831087209996452, 0.0],
              [102.03990528810337, 13.831493851548904, 0.0],
              [102.037864377843761, 13.832105655264366, 0.0],
              [102.029858004622682, 13.835280131708794, 0.0],
              [102.029567947368648, 13.835425184515312, 0.0],
              [102.025417601513823, 13.8369829520616, 0.0],
              [102.023414003322088, 13.837893827594561, 0.0],
              [102.021707443717403, 13.838576485560804, 0.0],
              [102.019747713622891, 13.839456695388302, 0.0],
              [102.015607540631407, 13.840795059251519, 0.0],
              [102.013564821783731, 13.841611615630567, 0.0],
              [102.011252418525004, 13.842452126504199, 0.0],
              [102.009107476015757, 13.843288158483993, 0.0],
              [102.008151477221475, 13.8436863651657, 0.0],
              [102.007842849161321, 13.843779058496306, 0.0],
              [102.005070248460214, 13.844611338074388, 0.0],
              [102.003644835807506, 13.845062558023937, 0.0],
              [102.001619917663547, 13.845737024762041, 0.0],
              [101.999898197575646, 13.846206684444017, 0.0],
              [101.990690621348108, 13.849725490290817, 0.0],
              [101.989777624094188, 13.850182125853667, 0.0],
              [101.988935267505511, 13.850518967436665, 0.0],
              [101.986801745555482, 13.851430084324612, 0.0],
              [101.985529438860738, 13.852008679012291, 0.0],
              [101.984313395802786, 13.852450534883026, 0.0],
              [101.982919999842878, 13.852957021104741, 0.0],
              [101.982920360004073, 13.852958011944683, 0.0],
              [101.982912218349057, 13.852959446263448, 0.0],
              [101.981244718349046, 13.853565835152336, 0.0],
              [101.977704960370218, 13.855089097251984, 0.0],
              [101.973927543408905, 13.856354945804178, 0.0],
              [101.971148932297794, 13.857466612470844, 0.0],
              [101.967364565530829, 13.859166017976055, 0.0],
              [101.967160801503326, 13.85926787960933, 0.0],
              [101.966809282182098, 13.859395640904443, 0.0],
              [101.963724517099109, 13.860519096706009, 0.0],
              [101.956573047845936, 13.86378120096143, 0.0],
              [101.954070825623702, 13.865169812072541, 0.0],
              [101.952593491252429, 13.866022945190347, 0.0],
              [101.949815991252436, 13.867690722968126, 0.0],
              [101.947836275088846, 13.86894348498188, 0.0],
              [101.945336275088849, 13.870608762759657, 0.0],
              [101.945343697287356, 13.870619905342902, 0.0],
              [101.940363834604511, 13.873794950491316, 0.0],
              [101.940294959947792, 13.873691776072132, 0.0],
              [101.937822151831725, 13.875342512867837, 0.0],
              [101.935349367430277, 13.876988563017735, 0.0],
              [101.934372268301061, 13.877655802658737, 0.0],
              [101.931594768301053, 13.879601080436514, 0.0],
              [101.92683574340289, 13.883592790375705, 0.0],
              [101.925393395187967, 13.884715863377362, 0.0],
              [101.924649438267281, 13.88547321260369, 0.0],
              [101.923273740763946, 13.886847534409519, 0.0],
              [101.923286687876299, 13.886860494481949, 0.0],
              [101.91611886652224, 13.894157347036144, 0.0],
              [101.915573537379856, 13.894884089188238, 0.0],
              [101.914860650257395, 13.895699370416475, 0.0],
              [101.913672108427065, 13.897165660582322, 0.0],
              [101.909598612400188, 13.901482730333123, 0.0],
              [101.908175275726038, 13.902728327840078, 0.0],
              [101.904590949024822, 13.905666959185165, 0.0],
              [101.904266958306778, 13.905873151168148, 0.0],
              [101.90086446480673, 13.908393607728867, 0.0],
              [101.900668237756605, 13.908511316484409, 0.0],
              [101.896383011293182, 13.911392811587083, 0.0],
              [101.896262687845848, 13.911483080496625, 0.0],
              [101.893155349529223, 13.912963327955094, 0.0],
              [101.892941697705339, 13.913091574604458, 0.0],
              [101.891247687890683, 13.913890984573742, 0.0],
              [101.888469354557344, 13.915280429018187, 0.0],
              [101.887425384013653, 13.915802588260229, 0.0],
              [101.887207518321091, 13.915879923265914, 0.0],
              [101.886020351834247, 13.916203421277872, 0.0],
              [101.880583491218601, 13.918025735268815, 0.0],
              [101.877806546774153, 13.919137401935483, 0.0],
              [101.875704668511133, 13.920035093686575, 0.0],
              [101.87369667801353, 13.920947501192357, 0.0],
              [101.871990301752007, 13.921630119924725, 0.0],
              [101.869217849123061, 13.9227384356542, 0.0],
              [101.867525147960194, 13.923498481937653, 0.0],
              [101.864577324733958, 13.924400771300366, 0.0],
              [101.861522324733954, 13.925511882411476, 0.0],
              [101.859065046251999, 13.92651518467958, 0.0],
              [101.856410278365814, 13.927288057319695, 0.0],
              [101.854397402495295, 13.927959015943204, 0.0],
              [101.852681914349219, 13.928426706277465, 0.0],
              [101.850129535909389, 13.929122872431368, 0.0],
              [101.849311188744608, 13.929327646807351, 0.0],
              [101.840299648279668, 13.931177063661176, 0.0],
              [101.838791763958596, 13.931679733646897, 0.0],
              [101.837325828156466, 13.932045973274796, 0.0],
              [101.833983774303761, 13.932881486103838, 0.0],
              [101.832222952051936, 13.93332238525516, 0.0],
              [101.830779246453844, 13.933584829464959, 0.0],
              [101.827603725980694, 13.934269346209804, 0.0],
              [101.824271225980695, 13.935101846209806, 0.0],
              [101.824330724747497, 13.935340019952003, 0.0],
              [101.821136053325958, 13.93582017442051, 0.0],
              [101.8175241088815, 13.936931007753842, 0.0],
              [101.814341314801567, 13.938055381477305, 0.0],
              [101.810307651206003, 13.939012694121244, 0.0],
              [101.80370901022232, 13.939826288274951, 0.0],
              [101.800376232444549, 13.940659343830506, 0.0],
              [101.797480771262627, 13.941383148798987, 0.0],
              [101.794310398985985, 13.942114960752084, 0.0],
              [101.793434085238331, 13.942325575284519, 0.0],
              [101.790100474127215, 13.943158630840074, 0.0],
              [101.78676484355563, 13.943992399386069, 0.0],
              [101.783436185943145, 13.944824979168086, 0.0],
              [101.780115415910515, 13.945653718960413, 0.0],
              [101.776753825187185, 13.946494738074442, 0.0],
              [101.775734409475419, 13.946761227601852, 0.0],
              [101.77318640658865, 13.94745607431218, 0.0],
              [101.773010320463513, 13.947500132534191, 0.0],
              [101.770836877165394, 13.947500277430409, 0.0],
              [101.769883925869792, 13.947500078816134, 0.0],
              [101.763890443940696, 13.946563140595471, 0.0],
              [101.762269992340109, 13.94642760798909, 0.0],
              [101.760399567733586, 13.946139159888292, 0.0],
              [101.756332889871686, 13.945681469174378, 0.0],
              [101.752575425416993, 13.945413711264646, 0.0],
              [101.752526413502352, 13.945409956197954, 0.0],
              [101.746904771252332, 13.944496682376856, 0.0],
              [101.745478479947053, 13.944165690333429, 0.0],
              [101.741588757724841, 13.943332079222317, 0.0],
              [101.734949454771851, 13.942369490964779, 0.0],
              [101.733229993590541, 13.942237102637534, 0.0],
              [101.731495716839234, 13.941970188170233, 0.0],
              [101.728035748599453, 13.941560502068565, 0.0],
              [101.724700470821674, 13.941283002068564, 0.0],
              [101.724115301693587, 13.941237771728614, 0.0],
              [101.72226367340528, 13.941105578727827, 0.0],
              [101.720657171778342, 13.94085851028478, 0.0],
              [101.709445, 13.940859035628206, 0.0],
              [101.709445, 13.940833333333332, 0.0],
              [101.7052775, 13.940833333333332, 0.0],
              [101.695999216705999, 13.941976373323536, 0.0],
              [101.694509916185311, 13.942090608792002, 0.0],
              [101.686214717045345, 13.94343513994146, 0.0],
              [101.685373170354254, 13.943645386356451, 0.0],
              [101.684026740393946, 13.943838118187912, 0.0],
              [101.674919773940189, 13.946499413432113, 0.0],
              [101.674914433645341, 13.946479809186558, 0.0],
              [101.67185832253422, 13.947312309186557, 0.0],
              [101.666412581611567, 13.949137656490947, 0.0],
              [101.665003848609842, 13.949701769596151, 0.0],
              [101.663794989256303, 13.950104957730812, 0.0],
              [101.661750909613872, 13.950717834095247, 0.0],
              [101.655418190695613, 13.953094199381319, 0.0],
              [101.653411070673798, 13.954006659438535, 0.0],
              [101.653075193844955, 13.954141084048201, 0.0],
              [101.652963945031686, 13.95417813299043, 0.0],
              [101.65148746034707, 13.954547161904356, 0.0],
              [101.649239601093441, 13.955165004013754, 0.0],
              [101.647573382422721, 13.955665036236837, 0.0],
              [101.64536826522, 13.95621668305705, 0.0],
              [101.642038142515133, 13.957049421917983, 0.0],
              [101.639822780397395, 13.957657805710507, 0.0],
              [101.638139989574952, 13.958161785334257, 0.0],
              [101.635918310213242, 13.958717714436853, 0.0],
              [101.625694875780454, 13.962500862672272, 0.0],
              [101.625491165756401, 13.962602717684296, 0.0],
              [101.625138906248111, 13.962730777125646, 0.0],
              [101.623626803396959, 13.963308360986314, 0.0],
              [101.620849303396966, 13.964421138764092, 0.0],
              [101.617104638461541, 13.966102931864057, 0.0],
              [101.613770749572652, 13.967767931864056, 0.0],
              [101.611406392816349, 13.969190628444037, 0.0],
              [101.603648101052102, 13.972758053191617, 0.0],
              [101.600938284618749, 13.973434942848941, 0.0],
              [101.598680693260718, 13.974055371223043, 0.0],
              [101.595902637705166, 13.974889260111931, 0.0],
              [101.594467297469279, 13.975343773190563, 0.0],
              [101.592450617644644, 13.976015943784557, 0.0],
              [101.590734874280884, 13.976483802881479, 0.0],
              [101.582900626639528, 13.979476100346869, 0.0],
              [101.581970854957476, 13.979785920941531, 0.0],
              [101.577955457998286, 13.98145004690581, 0.0],
              [101.573105411563276, 13.983017132547511, 0.0],
              [101.571051195216043, 13.983838408448449, 0.0],
              [101.568730952463213, 13.984683015642998, 0.0],
              [101.563494674505037, 13.986934858636685, 0.0],
              [101.562562168441076, 13.987400552388738, 0.0],
              [101.561701039491638, 13.987745159002731, 0.0],
              [101.558673731170046, 13.989338757789284, 0.0],
              [101.55586634778652, 13.990246591392921, 0.0],
              [101.555753758047999, 13.990291649817543, 0.0],
              [101.555465907389788, 13.990370087944548, 0.0],
              [101.54624534357022, 13.993892434735308, 0.0],
              [101.546149321359792, 13.993940460242413, 0.0],
              [101.545438951203238, 13.994143285409621, 0.0],
              [101.539240187482463, 13.996554720184955, 0.0],
              [101.536539946631009, 13.997449441873828, 0.0],
              [101.533483557742116, 13.998559719651606, 0.0],
              [101.530243897923853, 13.999953107695958, 0.0],
              [101.530157118538114, 13.999977895607643, 0.0],
              [101.528078611699229, 14.000620835097454, 0.0],
              [101.525576945032554, 14.001454723986342, 0.0],
              [101.524295690687723, 14.001901214256179, 0.0],
              [101.523684670181808, 14.002123484356547, 0.0],
              [101.522872663192672, 14.002326486103831, 0.0],
              [101.513951917428201, 14.005808990655652, 0.0],
              [101.513502171743042, 14.005931737751219, 0.0],
              [101.508757691426467, 14.007521853579233, 0.0],
              [101.508431744294811, 14.007603313208937, 0.0],
              [101.501323133496626, 14.009957884199757, 0.0],
              [101.500620963082383, 14.010250469837901, 0.0],
              [101.499813668610301, 14.010451940411691, 0.0],
              [101.496741275263702, 14.011110623968854, 0.0],
              [101.488660971119671, 14.013572686503528, 0.0],
              [101.488099356477008, 14.013797220037667, 0.0],
              [101.487967165900116, 14.013830240128408, 0.0],
              [101.483532722281623, 14.014169145416453, 0.0],
              [101.48028090856323, 14.014277673882431, 0.0],
              [101.476115075229899, 14.014555729437987, 0.0],
              [101.47589328055173, 14.014571028866296, 0.0],
              [101.47377634140831, 14.014721785175295, 0.0],
              [101.471385000888645, 14.014721944555495, 0.0],
              [101.471047540590007, 14.014721968659231, 0.0],
              [101.470674693513146, 14.014668758054976, 0.0],
              [101.463620557555743, 14.014167223222621, 0.0],
              [101.461369956347326, 14.014166773012338, 0.0],
              [101.459668436055324, 14.01403588683603, 0.0],
              [101.455800299992589, 14.013888622207418, 0.0],
              [101.454983066661825, 14.013889166666665, 0.0],
              [101.446673887106897, 14.013889166666665, 0.0],
              [101.442512774222678, 14.013888057332386, 0.0],
              [101.438930003514088, 14.014015627386829, 0.0],
              [101.435158865578614, 14.01428553311621, 0.0],
              [101.43277674835754, 14.014444722222221, 0.0],
              [101.430280555101831, 14.014444722222221, 0.0],
              [101.42611444355579, 14.014444444555496, 0.0],
              [101.421937500444457, 14.014445000444384, 0.0],
              [101.415334681857303, 14.014883778157161, 0.0],
              [101.414462582241143, 14.015000081366624, 0.0],
              [101.413896587301508, 14.015000000510204, 0.0],
              [101.409727496890284, 14.014999444888472, 0.0],
              [101.405552498666125, 14.014999722333419, 0.0],
              [101.398938342010567, 14.015439568786286, 0.0],
              [101.398068843928428, 14.015555668023573, 0.0],
              [101.39722861066663, 14.01555555599994, 0.0],
              [101.388889166666658, 14.015555555555554, 0.0],
              [101.385316181601922, 14.015683381172165, 0.0],
              [101.381557848673708, 14.015952638881235, 0.0],
              [101.379176431956381, 14.016110722795556, 0.0],
              [101.376670000666778, 14.01611055566671, 0.0],
              [101.372499722222216, 14.016110555555555, 0.0],
              [101.36916670688845, 14.016221769152349, 0.0],
              [101.366666912810516, 14.016388777664556, 0.0],
              [101.36417027777776, 14.01638861122222, 0.0],
              [101.360607044739638, 14.016515500980583, 0.0],
              [101.358479266123098, 14.01666737998811, 0.0],
              [101.356114444444444, 14.01666722233333, 0.0],
              [101.352781407380903, 14.016778214684797, 0.0],
              [101.350281627636463, 14.016945055565195, 0.0],
              [101.347784721777757, 14.016944722666606, 0.0],
              [101.343607777999964, 14.016945000111097, 0.0],
              [101.339442776443903, 14.016945277888977, 0.0],
              [101.332854365751828, 14.017381693432833, 0.0],
              [101.331966902790342, 14.017499722222221, 0.0],
              [101.3272225, 14.017499722222221, 0.0],
              [101.326676703103587, 14.01749999900658, 0.0],
              [101.323060213565711, 14.017499722368504, 0.0],
              [101.317766657586034, 14.017850670736903, 0.0],
              [101.314782535283143, 14.01587806621729, 0.0],
              [101.314716102047456, 14.015828257890536, 0.0],
              [101.314656677559299, 14.015794870057862, 0.0],
              [101.313733191253291, 14.015184414762757, 0.0],
              [101.311234580142184, 14.013795803651647, 0.0],
              [101.311202244907292, 14.01385398637575, 0.0],
              [101.306602433563157, 14.011269568128819, 0.0],
              [101.300420509135378, 14.006985503191453, 0.0],
              [101.299193518736274, 14.006427506466634, 0.0],
              [101.298449781207935, 14.006014309766902, 0.0],
              [101.29594331827272, 14.004622262953511, 0.0],
              [101.290231676938973, 14.001907578547799, 0.0],
              [101.290222397830405, 14.001903868017529, 0.0],
              [101.289785445786649, 14.00166540773688, 0.0],
              [101.286138372646093, 13.999863585286656, 0.0],
              [101.28467145522518, 13.99921169442079, 0.0],
              [101.282905775902137, 13.998329384569029, 0.0],
              [101.279142973944076, 13.996639323157655, 0.0],
              [101.276365473944097, 13.995527100935433, 0.0],
              [101.269894654033351, 13.993434149942008, 0.0],
              [101.269080315070582, 13.993230751774018, 0.0],
              [101.268466093271627, 13.993007545616148, 0.0],
              [101.263535642241422, 13.991498705720284, 0.0],
              [101.260202586685864, 13.990663983498061, 0.0],
              [101.257537057918668, 13.989997983772529, 0.0],
              [101.256732027298867, 13.989354012945402, 0.0],
              [101.254526374534308, 13.987147918991454, 0.0],
              [101.251913835107572, 13.984715101845371, 0.0],
              [101.247747446218682, 13.981104268512038, 0.0],
              [101.244272626597137, 13.97809399195719, 0.0],
              [101.240783412641235, 13.974837144159672, 0.0],
              [101.239420119270036, 13.97361064200841, 0.0],
              [101.235942853189073, 13.970595805470287, 0.0],
              [101.232440095361596, 13.967328105428514, 0.0],
              [101.23235533274611, 13.967249214307545, 0.0],
              [101.228466443857215, 13.963638103196434, 0.0],
              [101.227265929133836, 13.962558900883586, 0.0],
              [101.227107595800504, 13.962421123105809, 0.0],
              [101.227035771478157, 13.962358743310695, 0.0],
              [101.22372142603939, 13.959485743885226, 0.0],
              [101.220224592664223, 13.95622246783855, 0.0],
              [101.21885102077465, 13.954987311918662, 0.0],
              [101.214688795974155, 13.951381326585262, 0.0],
              [101.211224525631707, 13.948378327603923, 0.0],
              [101.207732528185232, 13.945118245170903, 0.0],
              [101.206350522149592, 13.943875287533309, 0.0],
              [101.202883631449964, 13.940871881188457, 0.0],
              [101.199396225895711, 13.937616566241248, 0.0],
              [101.198027459180594, 13.936385261418108, 0.0],
              [101.193860792513931, 13.93277359475144, 0.0],
              [101.191036348711151, 13.930326419683373, 0.0],
              [101.188134295446645, 13.927424172922844, 0.0],
              [101.184018877443805, 13.923739971538085, 0.0],
              [101.180617267843914, 13.921017776762278, 0.0],
              [101.179192785473802, 13.919783218017747, 0.0],
              [101.17710660528887, 13.917548322988203, 0.0],
              [101.171785149573068, 13.912618655747528, 0.0],
              [101.169782166955287, 13.911016750305048, 0.0],
              [101.16757548164388, 13.908810359237959, 0.0],
              [101.164971040270956, 13.906385346413392, 0.0],
              [101.160805842169381, 13.902775119384605, 0.0],
              [101.157332329764742, 13.899763676543703, 0.0],
              [101.156922875022815, 13.89938162431883, 0.0],
              [101.156252340722702, 13.896028505795435, 0.0],
              [101.154306192700219, 13.889005156203096, 0.0],
              [101.154030500344803, 13.888233790704192, 0.0],
              [101.153890580504509, 13.88758069152961, 0.0],
              [101.153305911988539, 13.885150006123355, 0.0],
              [101.153075399070531, 13.88428715125989, 0.0],
              [101.152520124955501, 13.882203200816134, 0.0],
              [101.152017680860126, 13.879859912725875, 0.0],
              [101.151253444910324, 13.876035419078503, 0.0],
              [101.149309112270828, 13.869014104815149, 0.0],
              [101.149029830785878, 13.868232228369898, 0.0],
              [101.148887541982589, 13.867568924687799, 0.0],
              [101.148313125584195, 13.865179191619903, 0.0],
              [101.147520730935469, 13.862206176038637, 0.0],
              [101.146946669398872, 13.859526328918809, 0.0],
              [101.146367740713217, 13.857116913430822, 0.0],
              [101.145256907379888, 13.852951080097489, 0.0],
              [101.145019382835031, 13.852091205389007, 0.0],
              [101.144370512734952, 13.849821294993971, 0.0],
              [101.143975684685643, 13.847978861011256, 0.0],
              [101.143903820524301, 13.847641378783623, 0.0],
              [101.142432861146119, 13.842238867887353, 0.0],
              [101.141920050924838, 13.840700949931177, 0.0],
              [101.141665129597442, 13.839515318539455, 0.0],
              [101.140838314608217, 13.835650593202679, 0.0],
              [101.1402550253149, 13.833222287445912, 0.0],
              [101.139462876535831, 13.830253065941369, 0.0],
              [101.138888594177246, 13.827574293167457, 0.0],
              [101.137436138865382, 13.822251480056542, 0.0],
              [101.136921027951942, 13.820705322643946, 0.0],
              [101.136668695189712, 13.819528554265785, 0.0],
              [101.135839250996241, 13.815651352693644, 0.0],
              [101.134373709067134, 13.81028170005189, 0.0],
              [101.134227193270505, 13.809842708754728, 0.0],
              [101.1324325067974, 13.802238083377205, 0.0],
              [101.131920714148151, 13.800703421509521, 0.0],
              [101.131669453614407, 13.79953034155931, 0.0],
              [101.130836982105151, 13.795642605201396, 0.0],
              [101.129377229019667, 13.790293638932912, 0.0],
              [101.128864275256134, 13.788755495346967, 0.0],
              [101.128611502973357, 13.78757620020159, 0.0],
              [101.12803470691064, 13.785175953925771, 0.0],
              [101.127242849688955, 13.782205548778864, 0.0],
              [101.126669731392184, 13.779529786003753, 0.0],
              [101.125837259882928, 13.775642049645839, 0.0],
              [101.124381301517829, 13.770304466780292, 0.0],
              [101.123865579250776, 13.768756784050479, 0.0],
              [101.123610188644918, 13.767566463187439, 0.0],
              [101.122804670199784, 13.764339447466238, 0.0],
              [101.122527170199788, 13.763366669688459, 0.0],
              [101.12180691659961, 13.760847429794689, 0.0],
              [101.121579173996352, 13.759993935650821, 0.0],
              [101.121446273676597, 13.759060834107945, 0.0],
              [101.11937525315976, 13.750285494695738, 0.0],
              [101.118863627898961, 13.748752152255776, 0.0],
              [101.118612036235362, 13.747578225553404, 0.0],
              [101.116814717523141, 13.741254418150765, 0.0],
              [101.11665001586934, 13.740792785392934, 0.0],
              [101.116546234479372, 13.740273807915468, 0.0],
              [101.116442578956367, 13.739769003209387, 0.0],
              [101.116426190067486, 13.739691225431608, 0.0],
              [101.116390982824512, 13.739525531858279, 0.0],
              [101.115557649491166, 13.735636087413834, 0.0],
              [101.11474134563089, 13.732367797882988, 0.0],
              [101.114187495989341, 13.730430431283247, 0.0],
              [101.113752287893675, 13.728253520098493, 0.0],
              [101.111808530190402, 13.721235752913767, 0.0],
              [101.111647438791522, 13.720784787190045, 0.0],
              [101.111530065671445, 13.720197686765156, 0.0],
              [101.111390807343469, 13.719525175989302, 0.0],
              [101.110557751787908, 13.71563684265597, 0.0],
              [101.109741345630852, 13.712368075660617, 0.0],
              [101.109185995849771, 13.710425461571312, 0.0],
              [101.108749317040292, 13.708243667612832, 0.0],
              [101.10681309752043, 13.701251712749633, 0.0],
              [101.106648337684447, 13.700790009330946, 0.0],
              [101.106520437228738, 13.700153246265833, 0.0],
              [101.10639372327401, 13.699542225806246, 0.0],
              [101.105561778829568, 13.695652781361801, 0.0],
              [101.10473917770598, 13.69235827471487, 0.0],
              [101.103751117433916, 13.68890462783626, 0.0],
              [101.102756554950915, 13.685174272603135, 0.0],
              [101.102521141719023, 13.684321665742944, 0.0],
              [101.101410586163453, 13.680433887965165, 0.0],
              [101.100770935447485, 13.678365315381464, 0.0],
              [101.100215379891935, 13.676697537603687, 0.0],
              [101.094188852158396, 13.66617814406621, 0.0],
              [101.094535744347098, 13.665985319058596, 0.0],
              [101.093146855458215, 13.663486707947484, 0.0],
              [101.091067795815164, 13.660730293931131, 0.0],
              [101.090402810192273, 13.659569551664076, 0.0],
              [101.088879533797041, 13.657829099577063, 0.0],
              [101.084810157037381, 13.652433926246852, 0.0],
              [101.082865434815162, 13.65048809291352, 0.0],
              [101.071783795677149, 13.64212638574476, 0.0],
              [101.069283517899365, 13.640737219078092, 0.0],
              [101.053217671620089, 13.635124137188836, 0.0],
              [101.04988517162009, 13.634568859411058, 0.0],
              [101.038338181436202, 13.633999837109513, 0.0],
              [101.034171236991767, 13.634277892665068, 0.0],
              [101.024357766054862, 13.635925112124216, 0.0],
              [101.021804149507972, 13.63662079331602, 0.0],
              [101.018977790301165, 13.637327912927621, 0.0],
              [101.015649252674351, 13.63816025548935, 0.0],
              [101.013409737511594, 13.638775879570435, 0.0],
              [101.010631404178255, 13.639609490681547, 0.0],
              [101.007917517359189, 13.640509110458996, 0.0],
              [101.004861128470296, 13.641620221570106, 0.0],
              [101.002715856029482, 13.642456518397896, 0.0],
              [100.999712185274888, 13.643707860102614, 0.0],
              [100.997264321917029, 13.64468695650317, 0.0],
              [100.990102592172093, 13.648239870703662, 0.0],
              [100.98994532065619, 13.648334261930568, 0.0],
              [100.98985695851151, 13.64837397756385, 0.0],
              [100.986801125178175, 13.649763699786073, 0.0],
              [100.982352631876523, 13.652151558412246, 0.0],
              [100.981620338223593, 13.652444622313844, 0.0],
              [100.979290418541908, 13.653292501267099, 0.0],
              [100.974029998200891, 13.655555801506793, 0.0],
              [100.973113349969438, 13.656014079785521, 0.0],
              [100.972266722873812, 13.65635266290715, 0.0],
              [100.970141972620269, 13.657259879243627, 0.0],
              [100.968368370162537, 13.658066106172571, 0.0],
              [100.967842481814401, 13.658224030443517, 0.0],
              [100.965148933265155, 13.659116981264015, 0.0],
              [100.962092266598475, 13.660227536819571, 0.0],
              [100.956793186006593, 13.662506848640133, 0.0],
              [100.954016241562158, 13.663896293084578, 0.0],
              [100.95210729788549, 13.664903525082815, 0.0],
              [100.951105658312258, 13.665459991512387, 0.0],
              [100.950977598039046, 13.665506531369884, 0.0],
              [100.942331675953682, 13.669624419930082, 0.0],
              [100.939553342620357, 13.671291364374525, 0.0],
              [100.937532891823722, 13.672570274681611, 0.0],
              [100.935039290572632, 13.674233506716089, 0.0],
              [100.935036671176633, 13.674235252689048, 0.0],
              [100.934816313851272, 13.674351147038104, 0.0],
              [100.931520135886515, 13.674721998555784, 0.0],
              [100.931117497778459, 13.674721944888592, 0.0],
              [100.926944443777344, 13.674722499555585, 0.0],
              [100.922783888000069, 13.67472194488877, 0.0],
              [100.91833840453657, 13.674721666764432, 0.0],
              [100.914992502776954, 13.674722222916202, 0.0],
              [100.908393945627765, 13.675160654098864, 0.0],
              [100.905608271823411, 13.675532003002996, 0.0],
              [100.905302112192729, 13.675555555555553, 0.0],
              [100.904975812894591, 13.675555555555553, 0.0],
              [100.903280133758528, 13.675425098628637, 0.0],
              [100.896119654457905, 13.675388461041999, 0.0],
              [100.891951876680125, 13.675666238819776, 0.0],
              [100.887663225821129, 13.676138642573001, 0.0],
              [100.886073699083298, 13.676383542721466, 0.0],
              [100.884232037257789, 13.676514452836829, 0.0],
              [100.880695760408585, 13.676892622399071, 0.0],
              [100.878391945439262, 13.677222232497899, 0.0],
              [100.876381945777553, 13.677222500444266, 0.0],
              [100.868791466500795, 13.677803036286097, 0.0],
              [100.867305478432002, 13.678031473937976, 0.0],
              [100.865282177450325, 13.678166459560652, 0.0],
              [100.861538002510713, 13.678558293071372, 0.0],
              [100.859267852578938, 13.678882669713765, 0.0],
              [100.857268541935881, 13.679036995522928, 0.0],
              [100.85366455724818, 13.679314310441956, 0.0],
              [100.850445323496132, 13.679667210095785, 0.0],
              [100.850065203346517, 13.679721388888888, 0.0],
              [100.849999444444435, 13.679721388888888, 0.0],
              [100.837847926434108, 13.681220454773712, 0.0],
              [100.837023838957549, 13.681426923246869, 0.0],
              [100.83561313881539, 13.681535338466658, 0.0],
              [100.832368921309353, 13.68189149532963, 0.0],
              [100.828480587976017, 13.682447328662962, 0.0],
              [100.826614790590781, 13.682750134636825, 0.0],
              [100.822200594339407, 13.683552442191107, 0.0],
              [100.81976229928901, 13.683823740101669, 0.0],
              [100.818918148667549, 13.683888614820559, 0.0],
              [100.816951309523731, 13.683888333843537, 0.0],
              [100.803779019688506, 13.685652673235811, 0.0],
              [100.803732652487994, 13.685665328416819, 0.0],
              [100.802931962997519, 13.685779671772405, 0.0],
              [100.796838749635924, 13.687040928138662, 0.0],
              [100.794300122609869, 13.687733616589147, 0.0],
              [100.793423907558804, 13.687952615583907, 0.0],
              [100.792632120265296, 13.6880845581424, 0.0],
              [100.789319922495579, 13.688557661632334, 0.0],
              [100.785447692781602, 13.689358891994301, 0.0],
              [100.778191339385359, 13.690448270346122, 0.0],
              [100.776390764501485, 13.690864171151928, 0.0],
              [100.77461763263365, 13.691137044631127, 0.0],
              [100.77123913640466, 13.691818017239399, 0.0],
              [100.76374196266309, 13.692672465433223, 0.0],
              [100.763320371515206, 13.69276989045955, 0.0],
              [100.7559316289164, 13.693992439206587, 0.0],
              [100.75259968447196, 13.694825216984365, 0.0],
              [100.751563291065153, 13.695096078284086, 0.0],
              [100.749023010599984, 13.695789133815738, 0.0],
              [100.748812371281929, 13.695841776080263, 0.0],
              [100.747002467137207, 13.695980860252616, 0.0],
              [100.745309010942123, 13.696110985838255, 0.0],
              [100.743058663705838, 13.696110833447976, 0.0],
              [100.739692776706974, 13.696334152443642, 0.0],
              [100.738829446570307, 13.696237175936055, 0.0],
              [100.734941113236957, 13.695960231491613, 0.0],
              [100.731398890889096, 13.69583388988929, 0.0],
              [100.727233057555765, 13.695833056555955, 0.0],
              [100.723333531131388, 13.69583388781775, 0.0],
              [100.719176386889103, 13.695833056555154, 0.0],
              [100.712538292030217, 13.696274319372797, 0.0],
              [100.711677006321636, 13.696389509660911, 0.0],
              [100.711400148684831, 13.696389445775601, 0.0],
              [100.707223611873687, 13.696389444444444, 0.0],
              [100.703060557111826, 13.696389166777882, 0.0],
              [100.699444722222211, 13.696389166666666, 0.0],
              [100.696122744413827, 13.696499644084859, 0.0],
              [100.69361261266107, 13.696666785431324, 0.0],
              [100.69138448438207, 13.696666944571977, 0.0],
              [100.688280601320969, 13.696763600586742, 0.0],
              [100.683837545765414, 13.697040267253408, 0.0],
              [100.682760085942959, 13.697119053969724, 0.0],
              [100.679426474831843, 13.697399053969724, 0.0],
              [100.676236894769275, 13.697777275451896, 0.0],
              [100.675841112889287, 13.697777222666902, 0.0],
              [100.671992288905557, 13.697925062381195, 0.0],
              [100.670297469370681, 13.698055683808313, 0.0],
              [100.668052777999989, 13.698055833444428, 0.0],
              [100.664437030506264, 13.698056389480515, 0.0],
              [100.658471307243914, 13.69845205428267, 0.0],
              [100.652499722222217, 13.698055833333331, 0.0],
              [100.648334722556214, 13.698055833333331, 0.0],
              [100.644170556222335, 13.698055555666709, 0.0],
              [100.639991386888653, 13.69805638988929, 0.0],
              [100.639476791875339, 13.698073602909611, 0.0],
              [100.635096761555445, 13.695292506458737, 0.0],
              [100.629164150947375, 13.691167656864623, 0.0],
              [100.627071836775556, 13.689789361166442, 0.0],
              [100.619707947886681, 13.685198805610886, 0.0],
              [100.607361400749156, 13.679659952597225, 0.0],
              [100.59881806741582, 13.677148008152781, 0.0],
              [100.596620260956755, 13.676555804146357, 0.0],
              [100.577126742277173, 13.671776377023168, 0.0],
              [100.570523061691347, 13.669430888888831, 0.0],
              [100.568844216609349, 13.668867872616984, 0.0],
              [100.558667272164925, 13.665654261505873, 0.0],
              [100.543744087746418, 13.663333787201289, 0.0],
              [100.528808796625455, 13.665575017514959, 0.0],
              [100.515224011330503, 13.672173475113308, 0.0],
              [100.51475526237148, 13.672496762521311, 0.0],
              [100.513297430388846, 13.67285237963687, 0.0],
              [100.512574616290252, 13.673028372757409, 0.0],
              [100.506887947867071, 13.674354459630802, 0.0],
              [100.502978335368809, 13.674864385463561, 0.0],
              [100.490856105427198, 13.678028358886081, 0.0],
              [100.488697272360852, 13.678892936753599, 0.0],
              [100.488088352592243, 13.679136112853666, 0.0],
              [100.48447164570041, 13.68034121301128, 0.0],
              [100.472545462716951, 13.686172725973231, 0.0],
              [100.470751018272509, 13.687368837084342, 0.0],
              [100.468591264288904, 13.688809598976764, 0.0],
              [100.46420854919414, 13.691731501508134, 0.0],
              [100.460207195498654, 13.694697298384854, 0.0],
              [100.452429417720879, 13.701086187273743, 0.0],
              [100.44881317142567, 13.704365039471854, 0.0],
              [100.441869004759013, 13.711308372805187, 0.0],
              [100.436717378704728, 13.717351030730846, 0.0],
              [100.434329002956474, 13.720651096818822, 0.0]
            ],
            [
              [104.288655460339257, 22.311983192138484, 0.0],
              [104.288445326825382, 22.311773088643687, 0.0],
              [104.288469468523886, 22.311750795365178, 0.0],
              [104.288655460339257, 22.311983192138484, 0.0]
            ]
          ]
        ]
      }
    }
  ]
}
